  -- 5pc -> javadb
   CREATE SEQUENCE  "JAVA"."BOARD_SEQ"  MINVALUE 1 MAXVALUE 9999999999999999999999999999 INCREMENT BY 1 START WITH 801 CACHE 20 NOORDER  NOCYCLE ;
--------------------------------------------------------
--  DDL for Sequence REPLY_SEQ
--------------------------------------------------------

   CREATE SEQUENCE  "JAVA"."REPLY_SEQ"  MINVALUE 1 MAXVALUE 9999999999999999999999999999 INCREMENT BY 1 START WITH 1181 CACHE 20 NOORDER  NOCYCLE ;
--------------------------------------------------------
--  DDL for Sequence SEQ_BNO
--------------------------------------------------------

   CREATE SEQUENCE  "JAVA"."SEQ_BNO"  MINVALUE 1 MAXVALUE 9999999999999999999999999999 INCREMENT BY 1 START WITH 10 NOCACHE  NOORDER  NOCYCLE ;
--------------------------------------------------------
--  DDL for Sequence SEQ_BUY
--------------------------------------------------------

   CREATE SEQUENCE  "JAVA"."SEQ_BUY"  MINVALUE 1 MAXVALUE 9999999999999999999999999999 INCREMENT BY 1 START WITH 1 NOCACHE  NOORDER  NOCYCLE ;
--------------------------------------------------------
--  DDL for Table BOARD
--------------------------------------------------------

  CREATE TABLE "JAVA"."BOARD" 
   (	"BOARD_NO" NUMBER, 
	"BOARD_CATEGORY" VARCHAR2(40 BYTE), 
	"BOOK_NO" VARCHAR2(40 BYTE), 
	"SECRET_FLAG" NUMBER DEFAULT 0, 
	"TITLE" VARCHAR2(200 BYTE), 
	"CONTENT" VARCHAR2(1000 BYTE), 
	"NOTICE_FLAG" NUMBER DEFAULT 0, 
	"BOARD_FILE" VARCHAR2(40 BYTE), 
	"WRITER" VARCHAR2(40 BYTE), 
	"VIEW_CNT" NUMBER DEFAULT 0, 
	"WRITE_DATE" DATE DEFAULT sysdate, 
	"REPLY_NO" NUMBER, 
	"BOARD_PW" NUMBER
   ) SEGMENT CREATION IMMEDIATE 
  PCTFREE 10 PCTUSED 40 INITRANS 1 MAXTRANS 255 NOCOMPRESS LOGGING
  STORAGE(INITIAL 65536 NEXT 1048576 MINEXTENTS 1 MAXEXTENTS 2147483645
  PCTINCREASE 0 FREELISTS 1 FREELIST GROUPS 1 BUFFER_POOL DEFAULT FLASH_CACHE DEFAULT CELL_FLASH_CACHE DEFAULT)
  TABLESPACE "SYSTEM" ;
--------------------------------------------------------
--  DDL for Table BOARDS
--------------------------------------------------------

  CREATE TABLE "JAVA"."BOARDS" 
   (	"BNO" NUMBER, 
	"BTITLE" VARCHAR2(100 BYTE), 
	"CONTENT" VARCHAR2(1000 BYTE), 
	"BWRITER" VARCHAR2(50 BYTE), 
	"BDATE" DATE DEFAULT sysdate
   ) SEGMENT CREATION IMMEDIATE 
  PCTFREE 10 PCTUSED 40 INITRANS 1 MAXTRANS 255 NOCOMPRESS LOGGING
  STORAGE(INITIAL 65536 NEXT 1048576 MINEXTENTS 1 MAXEXTENTS 2147483645
  PCTINCREASE 0 FREELISTS 1 FREELIST GROUPS 1 BUFFER_POOL DEFAULT FLASH_CACHE DEFAULT CELL_FLASH_CACHE DEFAULT)
  TABLESPACE "SYSTEM" ;
--------------------------------------------------------
--  DDL for Table BOOK
--------------------------------------------------------

  CREATE TABLE "JAVA"."BOOK" 
   (	"TITLE" VARCHAR2(50 BYTE), 
	"WRITER" VARCHAR2(50 BYTE), 
	"PRICE" NUMBER, 
	"BNUM" VARCHAR2(50 BYTE)
   ) SEGMENT CREATION IMMEDIATE 
  PCTFREE 10 PCTUSED 40 INITRANS 1 MAXTRANS 255 NOCOMPRESS LOGGING
  STORAGE(INITIAL 65536 NEXT 1048576 MINEXTENTS 1 MAXEXTENTS 2147483645
  PCTINCREASE 0 FREELISTS 1 FREELIST GROUPS 1 BUFFER_POOL DEFAULT FLASH_CACHE DEFAULT CELL_FLASH_CACHE DEFAULT)
  TABLESPACE "SYSTEM" ;
--------------------------------------------------------
--  DDL for Table EMPLOYEE
--------------------------------------------------------

  CREATE TABLE "JAVA"."EMPLOYEE" 
   (	"EMPLOYEE_ID" VARCHAR2(50 BYTE), 
	"EMPLOYEE_NAME" VARCHAR2(50 BYTE), 
	"PHONE" VARCHAR2(50 BYTE), 
	"HIRE_DATE" DATE DEFAULT sysdate, 
	"SALARY" VARCHAR2(50 BYTE)
   ) SEGMENT CREATION IMMEDIATE 
  PCTFREE 10 PCTUSED 40 INITRANS 1 MAXTRANS 255 NOCOMPRESS LOGGING
  STORAGE(INITIAL 65536 NEXT 1048576 MINEXTENTS 1 MAXEXTENTS 2147483645
  PCTINCREASE 0 FREELISTS 1 FREELIST GROUPS 1 BUFFER_POOL DEFAULT FLASH_CACHE DEFAULT CELL_FLASH_CACHE DEFAULT)
  TABLESPACE "SYSTEM" ;
--------------------------------------------------------
--  DDL for Table MEMBER
--------------------------------------------------------

  CREATE TABLE "JAVA"."MEMBER" 
   (	"MEMBER_ID" VARCHAR2(40 BYTE), 
	"PASSWORD" VARCHAR2(40 BYTE), 
	"MEMBER_NAME" VARCHAR2(40 BYTE), 
	"ADDRESS" VARCHAR2(200 BYTE), 
	"EMAIL" VARCHAR2(40 BYTE), 
	"TEL" VARCHAR2(40 BYTE), 
	"JOINED_DATE" DATE DEFAULT sysdate, 
	"PERMISSION" VARCHAR2(40 BYTE) DEFAULT 'user'
   ) SEGMENT CREATION IMMEDIATE 
  PCTFREE 10 PCTUSED 40 INITRANS 1 MAXTRANS 255 NOCOMPRESS LOGGING
  STORAGE(INITIAL 65536 NEXT 1048576 MINEXTENTS 1 MAXEXTENTS 2147483645
  PCTINCREASE 0 FREELISTS 1 FREELIST GROUPS 1 BUFFER_POOL DEFAULT FLASH_CACHE DEFAULT CELL_FLASH_CACHE DEFAULT)
  TABLESPACE "SYSTEM" ;
--------------------------------------------------------
--  DDL for Table PRODUCT_TBL
--------------------------------------------------------

  CREATE TABLE "JAVA"."PRODUCT_TBL" 
   (	"PRD_CODE" CHAR(4 BYTE), 
	"PRD_NAME" VARCHAR2(100 BYTE), 
	"PRD_DESC" VARCHAR2(1000 BYTE), 
	"ORIGIN_PRICE" NUMBER, 
	"SALE_PRICE" NUMBER, 
	"STAR_POINT" NUMBER, 
	"PROD_IMAGE" VARCHAR2(100 BYTE), 
	"CREATION_DATE" DATE DEFAULT sysdate --생성일자.

   ) SEGMENT CREATION IMMEDIATE 
  PCTFREE 10 PCTUSED 40 INITRANS 1 MAXTRANS 255 NOCOMPRESS LOGGING
  STORAGE(INITIAL 65536 NEXT 1048576 MINEXTENTS 1 MAXEXTENTS 2147483645
  PCTINCREASE 0 FREELISTS 1 FREELIST GROUPS 1 BUFFER_POOL DEFAULT FLASH_CACHE DEFAULT CELL_FLASH_CACHE DEFAULT)
  TABLESPACE "SYSTEM" ;
--------------------------------------------------------
--  DDL for Table SITE
--------------------------------------------------------

  CREATE TABLE "JAVA"."SITE" 
   (	"SITE_NO" NUMBER, 
	"SITE_NAME" VARCHAR2(40 BYTE), 
	"CATEGORY" VARCHAR2(20 BYTE), 
	"SITE_MAX" NUMBER DEFAULT 2, 
	"SITE_PRICE" NUMBER DEFAULT 0, 
	"USE_FLAG" VARCHAR2(10 BYTE) DEFAULT 'y'
   ) SEGMENT CREATION IMMEDIATE 
  PCTFREE 10 PCTUSED 40 INITRANS 1 MAXTRANS 255 NOCOMPRESS LOGGING
  STORAGE(INITIAL 65536 NEXT 1048576 MINEXTENTS 1 MAXEXTENTS 2147483645
  PCTINCREASE 0 FREELISTS 1 FREELIST GROUPS 1 BUFFER_POOL DEFAULT FLASH_CACHE DEFAULT CELL_FLASH_CACHE DEFAULT)
  TABLESPACE "SYSTEM" ;
--------------------------------------------------------
--  DDL for Table SITE_BOOK
--------------------------------------------------------

  CREATE TABLE "JAVA"."SITE_BOOK" 
   (	"BOOK_NO" NUMBER, 
	"MEMBER_ID" VARCHAR2(40 BYTE), 
	"SITE_NO" NUMBER, 
	"MEM_CNT" NUMBER DEFAULT 2, 
	"START_DATE" VARCHAR2(40 BYTE), 
	"END_DATE" VARCHAR2(40 BYTE), 
	"CAR_NUM" VARCHAR2(40 BYTE), 
	"TOTAL_PRICE" NUMBER DEFAULT 0, 
	"REVIEW_FLAG" NUMBER DEFAULT 0, 
	"CANCEL_FLAG" NUMBER DEFAULT 0, 
	"CREATE_DATE" DATE DEFAULT sysdate
   ) SEGMENT CREATION IMMEDIATE 
  PCTFREE 10 PCTUSED 40 INITRANS 1 MAXTRANS 255 NOCOMPRESS LOGGING
  STORAGE(INITIAL 65536 NEXT 1048576 MINEXTENTS 1 MAXEXTENTS 2147483645
  PCTINCREASE 0 FREELISTS 1 FREELIST GROUPS 1 BUFFER_POOL DEFAULT FLASH_CACHE DEFAULT CELL_FLASH_CACHE DEFAULT)
  TABLESPACE "SYSTEM" ;
--------------------------------------------------------
--  DDL for Table SITE_BOOK_OPTION
--------------------------------------------------------

  CREATE TABLE "JAVA"."SITE_BOOK_OPTION" 
   (	"OPTION_NO" NUMBER, 
	"BOOK_NO" NUMBER, 
	"MEMBER_ID" VARCHAR2(40 BYTE), 
	"SITE_NO" NUMBER
   ) SEGMENT CREATION IMMEDIATE 
  PCTFREE 10 PCTUSED 40 INITRANS 1 MAXTRANS 255 NOCOMPRESS LOGGING
  STORAGE(INITIAL 65536 NEXT 1048576 MINEXTENTS 1 MAXEXTENTS 2147483645
  PCTINCREASE 0 FREELISTS 1 FREELIST GROUPS 1 BUFFER_POOL DEFAULT FLASH_CACHE DEFAULT CELL_FLASH_CACHE DEFAULT)
  TABLESPACE "SYSTEM" ;
--------------------------------------------------------
--  DDL for Table SITE_OPTION
--------------------------------------------------------

  CREATE TABLE "JAVA"."SITE_OPTION" 
   (	"OPTION_NO" NUMBER, 
	"OPTION_NAME" VARCHAR2(200 BYTE), 
	"OPTION_PRICE" NUMBER DEFAULT 0
   ) SEGMENT CREATION IMMEDIATE 
  PCTFREE 10 PCTUSED 40 INITRANS 1 MAXTRANS 255 NOCOMPRESS LOGGING
  STORAGE(INITIAL 65536 NEXT 1048576 MINEXTENTS 1 MAXEXTENTS 2147483645
  PCTINCREASE 0 FREELISTS 1 FREELIST GROUPS 1 BUFFER_POOL DEFAULT FLASH_CACHE DEFAULT CELL_FLASH_CACHE DEFAULT)
  TABLESPACE "SYSTEM" ;
--------------------------------------------------------
--  DDL for Table TBL_BOARD
--------------------------------------------------------

  CREATE TABLE "JAVA"."TBL_BOARD" 
   (	"BOARD_NO" NUMBER, 
	"TITLE" VARCHAR2(100 BYTE), 
	"CONTENT" VARCHAR2(1000 BYTE), 
	"WRITER" VARCHAR2(50 BYTE), 
	"VIEW_CNT" NUMBER DEFAULT 0, 
	"WRITE_DATE" DATE DEFAULT sysdate, 
	"UPDATE_DATE" DATE DEFAULT sysdate -- 최종수정일
, 
	"IMG" VARCHAR2(100 BYTE)
   ) SEGMENT CREATION IMMEDIATE 
  PCTFREE 10 PCTUSED 40 INITRANS 1 MAXTRANS 255 NOCOMPRESS LOGGING
  STORAGE(INITIAL 65536 NEXT 1048576 MINEXTENTS 1 MAXEXTENTS 2147483645
  PCTINCREASE 0 FREELISTS 1 FREELIST GROUPS 1 BUFFER_POOL DEFAULT FLASH_CACHE DEFAULT CELL_FLASH_CACHE DEFAULT)
  TABLESPACE "SYSTEM" ;
--------------------------------------------------------
--  DDL for Table TBL_BUY
--------------------------------------------------------

  CREATE TABLE "JAVA"."TBL_BUY" 
   (	"BUY_DATE" DATE DEFAULT sysdate, 
	"BUY_TYPE" VARCHAR2(50 BYTE), 
	"BUY_NAME" VARCHAR2(50 BYTE), 
	"BUY_QUAN" NUMBER(10,0), 
	"BUY_CAUTION" VARCHAR2(50 BYTE), 
	"BUY_NO" NUMBER(5,0)
   ) SEGMENT CREATION IMMEDIATE 
  PCTFREE 10 PCTUSED 40 INITRANS 1 MAXTRANS 255 NOCOMPRESS LOGGING
  STORAGE(INITIAL 65536 NEXT 1048576 MINEXTENTS 1 MAXEXTENTS 2147483645
  PCTINCREASE 0 FREELISTS 1 FREELIST GROUPS 1 BUFFER_POOL DEFAULT FLASH_CACHE DEFAULT CELL_FLASH_CACHE DEFAULT)
  TABLESPACE "SYSTEM" ;
--------------------------------------------------------
--  DDL for Table TBL_BUY_LIST
--------------------------------------------------------

  CREATE TABLE "JAVA"."TBL_BUY_LIST" 
   (	"LIST_NAME" VARCHAR2(50 BYTE), 
	"BUY_DATE" DATE DEFAULT sysdate, 
	"COP_NAME" VARCHAR2(50 BYTE), 
	"STO_TYPE" VARCHAR2(50 BYTE), 
	"BUY_QUAN" NUMBER(5,0), 
	"CONTENT" VARCHAR2(50 BYTE)
   ) SEGMENT CREATION IMMEDIATE 
  PCTFREE 10 PCTUSED 40 INITRANS 1 MAXTRANS 255 NOCOMPRESS LOGGING
  STORAGE(INITIAL 65536 NEXT 1048576 MINEXTENTS 1 MAXEXTENTS 2147483645
  PCTINCREASE 0 FREELISTS 1 FREELIST GROUPS 1 BUFFER_POOL DEFAULT FLASH_CACHE DEFAULT CELL_FLASH_CACHE DEFAULT)
  TABLESPACE "SYSTEM" ;
--------------------------------------------------------
--  DDL for Table TBL_CARE_LIST
--------------------------------------------------------

  CREATE TABLE "JAVA"."TBL_CARE_LIST" 
   (	"CARE_NO" VARCHAR2(50 BYTE), 
	"CARE_DATE" DATE DEFAULT sysdate, 
	"P_ID" VARCHAR2(50 BYTE), 
	"STO_TYPE" VARCHAR2(50 BYTE), 
	"SELL_QUAN" NUMBER(5,0), 
	"CONS_ID" VARCHAR2(50 BYTE), 
	"CONTENT" VARCHAR2(50 BYTE)
   ) SEGMENT CREATION IMMEDIATE 
  PCTFREE 10 PCTUSED 40 INITRANS 1 MAXTRANS 255 NOCOMPRESS LOGGING
  STORAGE(INITIAL 65536 NEXT 1048576 MINEXTENTS 1 MAXEXTENTS 2147483645
  PCTINCREASE 0 FREELISTS 1 FREELIST GROUPS 1 BUFFER_POOL DEFAULT FLASH_CACHE DEFAULT CELL_FLASH_CACHE DEFAULT)
  TABLESPACE "SYSTEM" ;
--------------------------------------------------------
--  DDL for Table TBL_CONSULT
--------------------------------------------------------

  CREATE TABLE "JAVA"."TBL_CONSULT" 
   (	"CONS_DATE" DATE DEFAULT sysdate, 
	"CONS_ID" VARCHAR2(50 BYTE), 
	"P_ID" VARCHAR2(50 BYTE), 
	"ANI_NAME" VARCHAR2(50 BYTE), 
	"ANI_TYPE" VARCHAR2(50 BYTE), 
	"CONS_CONTENT" VARCHAR2(50 BYTE), 
	"CONS_PRESCRIPTION" VARCHAR2(50 BYTE)
   ) SEGMENT CREATION IMMEDIATE 
  PCTFREE 10 PCTUSED 40 INITRANS 1 MAXTRANS 255 NOCOMPRESS LOGGING
  STORAGE(INITIAL 65536 NEXT 1048576 MINEXTENTS 1 MAXEXTENTS 2147483645
  PCTINCREASE 0 FREELISTS 1 FREELIST GROUPS 1 BUFFER_POOL DEFAULT FLASH_CACHE DEFAULT CELL_FLASH_CACHE DEFAULT)
  TABLESPACE "SYSTEM" ;
--------------------------------------------------------
--  DDL for Table TBL_EVENT
--------------------------------------------------------

  CREATE TABLE "JAVA"."TBL_EVENT" 
   (	"TITLE" VARCHAR2(1000 BYTE), 
	"START_DATE" VARCHAR2(20 BYTE), 
	"END" VARCHAR2(20 BYTE)
   ) SEGMENT CREATION IMMEDIATE 
  PCTFREE 10 PCTUSED 40 INITRANS 1 MAXTRANS 255 NOCOMPRESS LOGGING
  STORAGE(INITIAL 65536 NEXT 1048576 MINEXTENTS 1 MAXEXTENTS 2147483645
  PCTINCREASE 0 FREELISTS 1 FREELIST GROUPS 1 BUFFER_POOL DEFAULT FLASH_CACHE DEFAULT CELL_FLASH_CACHE DEFAULT)
  TABLESPACE "SYSTEM" ;
--------------------------------------------------------
--  DDL for Table TBL_MEMBER
--------------------------------------------------------

  CREATE TABLE "JAVA"."TBL_MEMBER" 
   (	"MEMBER_ID" VARCHAR2(30 BYTE), 
	"PASSWORD" VARCHAR2(30 BYTE), 
	"MEMBER_NAME" VARCHAR2(30 BYTE), 
	"PHONE" VARCHAR2(20 BYTE), 
	"RESPONSIBILITY" VARCHAR2(10 BYTE) DEFAULT 'User', 
	"CREATION_DATE" DATE DEFAULT sysdate --데이터생성 시점저장.

   ) SEGMENT CREATION IMMEDIATE 
  PCTFREE 10 PCTUSED 40 INITRANS 1 MAXTRANS 255 NOCOMPRESS LOGGING
  STORAGE(INITIAL 65536 NEXT 1048576 MINEXTENTS 1 MAXEXTENTS 2147483645
  PCTINCREASE 0 FREELISTS 1 FREELIST GROUPS 1 BUFFER_POOL DEFAULT FLASH_CACHE DEFAULT CELL_FLASH_CACHE DEFAULT)
  TABLESPACE "SYSTEM" ;
--------------------------------------------------------
--  DDL for Table TBL_PERSON
--------------------------------------------------------

  CREATE TABLE "JAVA"."TBL_PERSON" 
   (	"P_ID" VARCHAR2(50 BYTE), 
	"P_NAME" VARCHAR2(50 BYTE), 
	"P_AGE" VARCHAR2(50 BYTE), 
	"P_PHONE" VARCHAR2(50 BYTE), 
	"P_HOME" VARCHAR2(50 BYTE), 
	"P_ANIMALS" VARCHAR2(50 BYTE), 
	"P_DATE" DATE DEFAULT sysdate, 
	"PW" VARCHAR2(50 BYTE)
   ) SEGMENT CREATION IMMEDIATE 
  PCTFREE 10 PCTUSED 40 INITRANS 1 MAXTRANS 255 NOCOMPRESS LOGGING
  STORAGE(INITIAL 65536 NEXT 1048576 MINEXTENTS 1 MAXEXTENTS 2147483645
  PCTINCREASE 0 FREELISTS 1 FREELIST GROUPS 1 BUFFER_POOL DEFAULT FLASH_CACHE DEFAULT CELL_FLASH_CACHE DEFAULT)
  TABLESPACE "SYSTEM" ;
--------------------------------------------------------
--  DDL for Table TBL_REPLY
--------------------------------------------------------

  CREATE TABLE "JAVA"."TBL_REPLY" 
   (	"REPLY_NO" NUMBER, 
	"REPLY" VARCHAR2(1000 BYTE), 
	"REPLYER" VARCHAR2(30 BYTE), 
	"BOARD_NO" NUMBER, 
	"REPLY_DATE" DATE DEFAULT sysdate
   ) SEGMENT CREATION IMMEDIATE 
  PCTFREE 10 PCTUSED 40 INITRANS 1 MAXTRANS 255 NOCOMPRESS LOGGING
  STORAGE(INITIAL 65536 NEXT 1048576 MINEXTENTS 1 MAXEXTENTS 2147483645
  PCTINCREASE 0 FREELISTS 1 FREELIST GROUPS 1 BUFFER_POOL DEFAULT FLASH_CACHE DEFAULT CELL_FLASH_CACHE DEFAULT)
  TABLESPACE "SYSTEM" ;
--------------------------------------------------------
--  DDL for Table TBL_STORAGE
--------------------------------------------------------

  CREATE TABLE "JAVA"."TBL_STORAGE" 
   (	"STO_TYPE" VARCHAR2(50 BYTE), 
	"STO_QUAN" NUMBER(10,0) DEFAULT 0, 
	"STO_SELL" NUMBER(10,0) DEFAULT 0, 
	"STO_NOW" NUMBER(10,0) DEFAULT 0, 
	"STO_LOSS" NUMBER(10,0) DEFAULT 0
   ) SEGMENT CREATION IMMEDIATE 
  PCTFREE 10 PCTUSED 40 INITRANS 1 MAXTRANS 255 NOCOMPRESS LOGGING
  STORAGE(INITIAL 65536 NEXT 1048576 MINEXTENTS 1 MAXEXTENTS 2147483645
  PCTINCREASE 0 FREELISTS 1 FREELIST GROUPS 1 BUFFER_POOL DEFAULT FLASH_CACHE DEFAULT CELL_FLASH_CACHE DEFAULT)
  TABLESPACE "SYSTEM" ;
REM INSERTING into JAVA.BOARD
SET DEFINE OFF;
Insert into JAVA.BOARD (BOARD_NO,BOARD_CATEGORY,BOOK_NO,SECRET_FLAG,TITLE,CONTENT,NOTICE_FLAG,BOARD_FILE,WRITER,VIEW_CNT,WRITE_DATE,REPLY_NO,BOARD_PW) values (3001,'notice',null,0,'필수공지사항 1/5','첫번째 공지사항입니다. 1002번 caraban, 1004번 auto, 109번 deck는 현재 사용불가합니다.',1,null,'admin101',0,to_date('24/10/30','RR/MM/DD'),null,3001);
Insert into JAVA.BOARD (BOARD_NO,BOARD_CATEGORY,BOOK_NO,SECRET_FLAG,TITLE,CONTENT,NOTICE_FLAG,BOARD_FILE,WRITER,VIEW_CNT,WRITE_DATE,REPLY_NO,BOARD_PW) values (3002,'notice',null,0,'필수공지사항 2/5','두번째 공지사항입니다. 1002번 caraban, 1004번 auto, 109번 deck는 현재 사용불가합니다.',1,null,'kim_sazang',888,to_date('24/10/30','RR/MM/DD'),null,3002);
Insert into JAVA.BOARD (BOARD_NO,BOARD_CATEGORY,BOOK_NO,SECRET_FLAG,TITLE,CONTENT,NOTICE_FLAG,BOARD_FILE,WRITER,VIEW_CNT,WRITE_DATE,REPLY_NO,BOARD_PW) values (3003,'notice',null,0,'필수공지사항 3/5','세번째 공지사항입니다. 필수 공지사항은 notice_flag 값이 1입니다.',1,null,'kim_sazang',888,to_date('24/10/30','RR/MM/DD'),null,3003);
Insert into JAVA.BOARD (BOARD_NO,BOARD_CATEGORY,BOOK_NO,SECRET_FLAG,TITLE,CONTENT,NOTICE_FLAG,BOARD_FILE,WRITER,VIEW_CNT,WRITE_DATE,REPLY_NO,BOARD_PW) values (3004,'notice',null,0,'필수공지사항 4/5','네번째 공지사항입니다. 필수 공지사항은 permission이 admin인 admin101 사용자만 작성할 수 있습니다.',1,null,'kim_sazang',666,to_date('24/10/30','RR/MM/DD'),null,3004);
Insert into JAVA.BOARD (BOARD_NO,BOARD_CATEGORY,BOOK_NO,SECRET_FLAG,TITLE,CONTENT,NOTICE_FLAG,BOARD_FILE,WRITER,VIEW_CNT,WRITE_DATE,REPLY_NO,BOARD_PW) values (3005,'notice',null,0,'필수공지사항 5/5','다섯번째 공지사항입니다. 필수 공지는 5가지입니다.',1,null,'kim_sazang',789,to_date('24/10/30','RR/MM/DD'),null,3005);
Insert into JAVA.BOARD (BOARD_NO,BOARD_CATEGORY,BOOK_NO,SECRET_FLAG,TITLE,CONTENT,NOTICE_FLAG,BOARD_FILE,WRITER,VIEW_CNT,WRITE_DATE,REPLY_NO,BOARD_PW) values (3006,'notice',null,0,'일반공지사항 1/2','첫번째 일반공지사항입니다. 예약번호 0번에 일반공지사항을 넣겠습니다.',0,null,'kim_sazang',123,to_date('24/10/30','RR/MM/DD'),null,3006);
Insert into JAVA.BOARD (BOARD_NO,BOARD_CATEGORY,BOOK_NO,SECRET_FLAG,TITLE,CONTENT,NOTICE_FLAG,BOARD_FILE,WRITER,VIEW_CNT,WRITE_DATE,REPLY_NO,BOARD_PW) values (3007,'notice',null,0,'일반공지사항 2/2','두번째 일반공지사항입니다. 일반 공지사항은 notice_flag 값이 0입니다.',0,null,'kim_sazang',456,to_date('24/10/30','RR/MM/DD'),null,3007);
Insert into JAVA.BOARD (BOARD_NO,BOARD_CATEGORY,BOOK_NO,SECRET_FLAG,TITLE,CONTENT,NOTICE_FLAG,BOARD_FILE,WRITER,VIEW_CNT,WRITE_DATE,REPLY_NO,BOARD_PW) values (3011,'qna','2001',0,'문의사항 1/3','예약번호 2001번의 문의사항입니다. 삼겹살도 파나요?',0,null,'kim_hama',777,to_date('24/10/30','RR/MM/DD'),null,3011);
Insert into JAVA.BOARD (BOARD_NO,BOARD_CATEGORY,BOOK_NO,SECRET_FLAG,TITLE,CONTENT,NOTICE_FLAG,BOARD_FILE,WRITER,VIEW_CNT,WRITE_DATE,REPLY_NO,BOARD_PW) values (3012,'reply','2001',0,'문의사항 1/3_답변','예약번호 2001번의 답변입니다. 오면서 사오셔야 됩니다.',0,null,'kim_sazang',777,to_date('24/10/30','RR/MM/DD'),3023,3012);
Insert into JAVA.BOARD (BOARD_NO,BOARD_CATEGORY,BOOK_NO,SECRET_FLAG,TITLE,CONTENT,NOTICE_FLAG,BOARD_FILE,WRITER,VIEW_CNT,WRITE_DATE,REPLY_NO,BOARD_PW) values (3013,'qna','2002',1,'문의사항 2/3','예약번호 2002번의 문의사항입니다. 바베큐 공짜로 해주면 리뷰써줌',0,null,'kim_girin',777,to_date('24/10/30','RR/MM/DD'),null,3013);
Insert into JAVA.BOARD (BOARD_NO,BOARD_CATEGORY,BOOK_NO,SECRET_FLAG,TITLE,CONTENT,NOTICE_FLAG,BOARD_FILE,WRITER,VIEW_CNT,WRITE_DATE,REPLY_NO,BOARD_PW) values (3014,'reply','2001',1,'문의사항 2/3_답변','예약번호 2002번의 답변입니다. 영업방해로 고소함.',0,null,'kim_sazang',777,to_date('24/10/30','RR/MM/DD'),3013,3014);
Insert into JAVA.BOARD (BOARD_NO,BOARD_CATEGORY,BOOK_NO,SECRET_FLAG,TITLE,CONTENT,NOTICE_FLAG,BOARD_FILE,WRITER,VIEW_CNT,WRITE_DATE,REPLY_NO,BOARD_PW) values (3015,'qna','2003',0,'문의사항 3/3','예약번호 2003번의 문의사항입니다. 입구에 레드카펫좀 깔아주세요.',0,null,'kim_tokki',777,to_date('24/10/30','RR/MM/DD'),null,3013);
Insert into JAVA.BOARD (BOARD_NO,BOARD_CATEGORY,BOOK_NO,SECRET_FLAG,TITLE,CONTENT,NOTICE_FLAG,BOARD_FILE,WRITER,VIEW_CNT,WRITE_DATE,REPLY_NO,BOARD_PW) values (3016,'reply','2001',0,'문의사항 3/3_답변','예약번호 2003번의 답변입니다. 추가비용 150000원 입니다.',0,null,'kim_sazang',777,to_date('24/10/30','RR/MM/DD'),3015,3016);
Insert into JAVA.BOARD (BOARD_NO,BOARD_CATEGORY,BOOK_NO,SECRET_FLAG,TITLE,CONTENT,NOTICE_FLAG,BOARD_FILE,WRITER,VIEW_CNT,WRITE_DATE,REPLY_NO,BOARD_PW) values (3021,'review','2001',0,'리뷰 1/3','예약번호 2001번의 후기입니다. 잘놀다 갑니다. 별점 4점',0,null,'kim_hama',777,to_date('24/10/30','RR/MM/DD'),null,3021);
Insert into JAVA.BOARD (BOARD_NO,BOARD_CATEGORY,BOOK_NO,SECRET_FLAG,TITLE,CONTENT,NOTICE_FLAG,BOARD_FILE,WRITER,VIEW_CNT,WRITE_DATE,REPLY_NO,BOARD_PW) values (3022,'review','2002',0,'리뷰 2/3','예약번호 2002번의 후기입니다. 간단한 요구도 안들어줍니다. 오지마세요. 별점 1점.',0,null,'kim_girin',777,to_date('24/10/30','RR/MM/DD'),null,3022);
Insert into JAVA.BOARD (BOARD_NO,BOARD_CATEGORY,BOOK_NO,SECRET_FLAG,TITLE,CONTENT,NOTICE_FLAG,BOARD_FILE,WRITER,VIEW_CNT,WRITE_DATE,REPLY_NO,BOARD_PW) values (3023,'review','2003',0,'리뷰 3/3','예약번호 2003번의 후기입니다. 사장이 돈에 미쳤어요. 별점 3점',0,null,'kim_tokki',779,to_date('24/10/30','RR/MM/DD'),null,3023);
REM INSERTING into JAVA.BOARDS
SET DEFINE OFF;
Insert into JAVA.BOARDS (BNO,BTITLE,CONTENT,BWRITER,BDATE) values (1,'추운날','날이춥다','글쓴이1',to_date('24/10/04','RR/MM/DD'));
Insert into JAVA.BOARDS (BNO,BTITLE,CONTENT,BWRITER,BDATE) values (3,'제목2','내용2','글쓴이2',to_date('24/10/04','RR/MM/DD'));
Insert into JAVA.BOARDS (BNO,BTITLE,CONTENT,BWRITER,BDATE) values (4,'행복','바람분다','글쓴이3',to_date('24/10/04','RR/MM/DD'));
Insert into JAVA.BOARDS (BNO,BTITLE,CONTENT,BWRITER,BDATE) values (5,'제목4','내용4','글쓴이4',to_date('24/10/04','RR/MM/DD'));
Insert into JAVA.BOARDS (BNO,BTITLE,CONTENT,BWRITER,BDATE) values (6,'제목5','내용5','글쓴이5',to_date('24/10/04','RR/MM/DD'));
Insert into JAVA.BOARDS (BNO,BTITLE,CONTENT,BWRITER,BDATE) values (7,'제목5','내용5','글쓴이5',to_date('24/10/04','RR/MM/DD'));
Insert into JAVA.BOARDS (BNO,BTITLE,CONTENT,BWRITER,BDATE) values (8,'눈오는밤','눈내림','snow',to_date('24/10/04','RR/MM/DD'));
Insert into JAVA.BOARDS (BNO,BTITLE,CONTENT,BWRITER,BDATE) values (9,'눈오는밤','눈내림','snow',to_date('24/10/04','RR/MM/DD'));
REM INSERTING into JAVA.BOOK
SET DEFINE OFF;
Insert into JAVA.BOOK (TITLE,WRITER,PRICE,BNUM) values ('2','2',2,'2');
Insert into JAVA.BOOK (TITLE,WRITER,PRICE,BNUM) values ('2','2',102,'2');
Insert into JAVA.BOOK (TITLE,WRITER,PRICE,BNUM) values ('1','1',200,'100');
Insert into JAVA.BOOK (TITLE,WRITER,PRICE,BNUM) values ('3','3',103,'3');
Insert into JAVA.BOOK (TITLE,WRITER,PRICE,BNUM) values ('1','1',100,'100');
Insert into JAVA.BOOK (TITLE,WRITER,PRICE,BNUM) values ('4','4',141,'41');
Insert into JAVA.BOOK (TITLE,WRITER,PRICE,BNUM) values ('3','3',3,'3');
Insert into JAVA.BOOK (TITLE,WRITER,PRICE,BNUM) values ('4','4',41,'41');
Insert into JAVA.BOOK (TITLE,WRITER,PRICE,BNUM) values ('2','2',102,'2');
Insert into JAVA.BOOK (TITLE,WRITER,PRICE,BNUM) values ('1','1',200,'100');
Insert into JAVA.BOOK (TITLE,WRITER,PRICE,BNUM) values ('3','3',103,'3');
Insert into JAVA.BOOK (TITLE,WRITER,PRICE,BNUM) values ('4','4',141,'41');
Insert into JAVA.BOOK (TITLE,WRITER,PRICE,BNUM) values ('2','2',102,'2');
Insert into JAVA.BOOK (TITLE,WRITER,PRICE,BNUM) values ('1','1',200,'100');
Insert into JAVA.BOOK (TITLE,WRITER,PRICE,BNUM) values ('3','3',103,'3');
Insert into JAVA.BOOK (TITLE,WRITER,PRICE,BNUM) values ('4','4',141,'41');
REM INSERTING into JAVA.EMPLOYEE
SET DEFINE OFF;
Insert into JAVA.EMPLOYEE (EMPLOYEE_ID,EMPLOYEE_NAME,PHONE,HIRE_DATE,SALARY) values ('3','3','3',to_date('15/08/07','RR/MM/DD'),'200');
Insert into JAVA.EMPLOYEE (EMPLOYEE_ID,EMPLOYEE_NAME,PHONE,HIRE_DATE,SALARY) values ('1','2','3',to_date('00/01/01','RR/MM/DD'),'500');
Insert into JAVA.EMPLOYEE (EMPLOYEE_ID,EMPLOYEE_NAME,PHONE,HIRE_DATE,SALARY) values ('2','2','2',to_date('24/10/01','RR/MM/DD'),'100');
REM INSERTING into JAVA.MEMBER
SET DEFINE OFF;
Insert into JAVA.MEMBER (MEMBER_ID,PASSWORD,MEMBER_NAME,ADDRESS,EMAIL,TEL,JOINED_DATE,PERMISSION) values ('admin101','101','kim_sazang','daegu','master@gmail.com','010-1234-1234',to_date('24/10/30','RR/MM/DD'),'admin');
Insert into JAVA.MEMBER (MEMBER_ID,PASSWORD,MEMBER_NAME,ADDRESS,EMAIL,TEL,JOINED_DATE,PERMISSION) values ('mid901','901','kim_hama','daegu','hippo@gmail.com','010-1122-3030',to_date('24/10/30','RR/MM/DD'),'user');
Insert into JAVA.MEMBER (MEMBER_ID,PASSWORD,MEMBER_NAME,ADDRESS,EMAIL,TEL,JOINED_DATE,PERMISSION) values ('mid902','902','kim_girin','daegu','giraffe@gmail.com','010-2255-5544',to_date('24/10/30','RR/MM/DD'),'user');
Insert into JAVA.MEMBER (MEMBER_ID,PASSWORD,MEMBER_NAME,ADDRESS,EMAIL,TEL,JOINED_DATE,PERMISSION) values ('mid903','903','kim_tokki','busan','rabbit@gmail.com','010-3375-4242',to_date('24/10/30','RR/MM/DD'),'user');
Insert into JAVA.MEMBER (MEMBER_ID,PASSWORD,MEMBER_NAME,ADDRESS,EMAIL,TEL,JOINED_DATE,PERMISSION) values ('mid904','904','kang_azi','daejeon','dog@gmail.com','010-4487-5784',to_date('24/10/30','RR/MM/DD'),'user');
Insert into JAVA.MEMBER (MEMBER_ID,PASSWORD,MEMBER_NAME,ADDRESS,EMAIL,TEL,JOINED_DATE,PERMISSION) values ('mid905','905','park_sasum','ulsan','deer@gmail.com','010-5578-3512',to_date('24/10/30','RR/MM/DD'),'user');
Insert into JAVA.MEMBER (MEMBER_ID,PASSWORD,MEMBER_NAME,ADDRESS,EMAIL,TEL,JOINED_DATE,PERMISSION) values ('mid906','906','kwon_goyang','seoul','cat@gmail.com','010-6688-5447',to_date('24/10/30','RR/MM/DD'),'user');
REM INSERTING into JAVA.PRODUCT_TBL
SET DEFINE OFF;
Insert into JAVA.PRODUCT_TBL (PRD_CODE,PRD_NAME,PRD_DESC,ORIGIN_PRICE,SALE_PRICE,STAR_POINT,PROD_IMAGE,CREATION_DATE) values ('P001','과테말라 안티구아','아주 맛있는 과테말라 안티구아 입니다',3000,2500,5,'과테말라 안티구아.jpg',to_date('24/10/30','RR/MM/DD'));
Insert into JAVA.PRODUCT_TBL (PRD_CODE,PRD_NAME,PRD_DESC,ORIGIN_PRICE,SALE_PRICE,STAR_POINT,PROD_IMAGE,CREATION_DATE) values ('P002','니카라구아 더치','아주 맛있는 니카라구아 더치 입니다',4000,3500,4,'니카라구아 더치.jpg',to_date('24/10/30','RR/MM/DD'));
Insert into JAVA.PRODUCT_TBL (PRD_CODE,PRD_NAME,PRD_DESC,ORIGIN_PRICE,SALE_PRICE,STAR_POINT,PROD_IMAGE,CREATION_DATE) values ('P003','브라질산토스','아주 맛있는 브라질산토스 입니다',6000,5500,3,'브라질산토스.jpg',to_date('24/10/30','RR/MM/DD'));
Insert into JAVA.PRODUCT_TBL (PRD_CODE,PRD_NAME,PRD_DESC,ORIGIN_PRICE,SALE_PRICE,STAR_POINT,PROD_IMAGE,CREATION_DATE) values ('P004','에티오피아 예가체프','아주 맛있는 에티오피아 예가체프 입니다',7000,6500,2,'에티오피아 예가체프.jpg',to_date('24/10/30','RR/MM/DD'));
Insert into JAVA.PRODUCT_TBL (PRD_CODE,PRD_NAME,PRD_DESC,ORIGIN_PRICE,SALE_PRICE,STAR_POINT,PROD_IMAGE,CREATION_DATE) values ('P005','케냐 오크라톡신','아주 맛있는 케냐 오크라톡신 입니다',3500,2800,1,'케냐 오크라톡신.jpg',to_date('24/10/30','RR/MM/DD'));
Insert into JAVA.PRODUCT_TBL (PRD_CODE,PRD_NAME,PRD_DESC,ORIGIN_PRICE,SALE_PRICE,STAR_POINT,PROD_IMAGE,CREATION_DATE) values ('P006','코스타리카 따라주','아주 맛있는 코스타리카 따라주 입니다',4500,3200,3,'코스타리카 따라주.jpg',to_date('24/10/30','RR/MM/DD'));
REM INSERTING into JAVA.SITE
SET DEFINE OFF;
Insert into JAVA.SITE (SITE_NO,SITE_NAME,CATEGORY,SITE_MAX,SITE_PRICE,USE_FLAG) values (1001,'카라반1','caravan',4,100000,'y');
Insert into JAVA.SITE (SITE_NO,SITE_NAME,CATEGORY,SITE_MAX,SITE_PRICE,USE_FLAG) values (1002,'카라반2','caravan',4,100000,'n');
Insert into JAVA.SITE (SITE_NO,SITE_NAME,CATEGORY,SITE_MAX,SITE_PRICE,USE_FLAG) values (1003,'오토1','auto',2,50000,'y');
Insert into JAVA.SITE (SITE_NO,SITE_NAME,CATEGORY,SITE_MAX,SITE_PRICE,USE_FLAG) values (1004,'오토2','auto',2,50000,'n');
Insert into JAVA.SITE (SITE_NO,SITE_NAME,CATEGORY,SITE_MAX,SITE_PRICE,USE_FLAG) values (1005,'데크1','deck',2,25000,'y');
Insert into JAVA.SITE (SITE_NO,SITE_NAME,CATEGORY,SITE_MAX,SITE_PRICE,USE_FLAG) values (1006,'데크2','deck',2,25000,'n');
REM INSERTING into JAVA.SITE_BOOK
SET DEFINE OFF;
Insert into JAVA.SITE_BOOK (BOOK_NO,MEMBER_ID,SITE_NO,MEM_CNT,START_DATE,END_DATE,CAR_NUM,TOTAL_PRICE,REVIEW_FLAG,CANCEL_FLAG,CREATE_DATE) values (2001,'mid901',1001,3,'2024/10/10 13:00:00','2024/10/11 10:00:00','대구31 가1010',150000,1,0,to_date('24/10/30','RR/MM/DD'));
Insert into JAVA.SITE_BOOK (BOOK_NO,MEMBER_ID,SITE_NO,MEM_CNT,START_DATE,END_DATE,CAR_NUM,TOTAL_PRICE,REVIEW_FLAG,CANCEL_FLAG,CREATE_DATE) values (2002,'mid902',1002,1,'2024/10/10 13:00:00','2024/10/11 10:00:00','대구57 나9875',150000,1,0,to_date('24/10/30','RR/MM/DD'));
Insert into JAVA.SITE_BOOK (BOOK_NO,MEMBER_ID,SITE_NO,MEM_CNT,START_DATE,END_DATE,CAR_NUM,TOTAL_PRICE,REVIEW_FLAG,CANCEL_FLAG,CREATE_DATE) values (2003,'mid903',1001,2,'2024/10/11 13:00:00','2024/10/12 10:00:00','부산31 가5050',58000,1,0,to_date('24/10/30','RR/MM/DD'));
Insert into JAVA.SITE_BOOK (BOOK_NO,MEMBER_ID,SITE_NO,MEM_CNT,START_DATE,END_DATE,CAR_NUM,TOTAL_PRICE,REVIEW_FLAG,CANCEL_FLAG,CREATE_DATE) values (2004,'mid904',1005,1,'2024/10/11 13:00:00','2024/10/13 10:00:00','대구31 가1010',70000,0,0,to_date('24/10/30','RR/MM/DD'));
Insert into JAVA.SITE_BOOK (BOOK_NO,MEMBER_ID,SITE_NO,MEM_CNT,START_DATE,END_DATE,CAR_NUM,TOTAL_PRICE,REVIEW_FLAG,CANCEL_FLAG,CREATE_DATE) values (2005,'mid905',1005,2,'2024/10/14 13:00:00','2024/10/15 10:00:00','대구31 가1010',30000,0,0,to_date('24/10/30','RR/MM/DD'));
Insert into JAVA.SITE_BOOK (BOOK_NO,MEMBER_ID,SITE_NO,MEM_CNT,START_DATE,END_DATE,CAR_NUM,TOTAL_PRICE,REVIEW_FLAG,CANCEL_FLAG,CREATE_DATE) values (2006,'mid906',1006,2,'2024/10/16 13:00:00','2024/10/17 10:00:00','대구31 가1010',35000,0,1,to_date('24/10/30','RR/MM/DD'));
REM INSERTING into JAVA.SITE_BOOK_OPTION
SET DEFINE OFF;
Insert into JAVA.SITE_BOOK_OPTION (OPTION_NO,BOOK_NO,MEMBER_ID,SITE_NO) values (101,2001,'mid901',50000);
Insert into JAVA.SITE_BOOK_OPTION (OPTION_NO,BOOK_NO,MEMBER_ID,SITE_NO) values (102,2002,'mid902',50000);
Insert into JAVA.SITE_BOOK_OPTION (OPTION_NO,BOOK_NO,MEMBER_ID,SITE_NO) values (103,2003,'mid903',8000);
Insert into JAVA.SITE_BOOK_OPTION (OPTION_NO,BOOK_NO,MEMBER_ID,SITE_NO) values (104,2004,'mid904',20000);
Insert into JAVA.SITE_BOOK_OPTION (OPTION_NO,BOOK_NO,MEMBER_ID,SITE_NO) values (105,2005,'mid905',5000);
Insert into JAVA.SITE_BOOK_OPTION (OPTION_NO,BOOK_NO,MEMBER_ID,SITE_NO) values (106,2006,'mid906',10000);
Insert into JAVA.SITE_BOOK_OPTION (OPTION_NO,BOOK_NO,MEMBER_ID,SITE_NO) values (101,2001,'mid901',50000);
Insert into JAVA.SITE_BOOK_OPTION (OPTION_NO,BOOK_NO,MEMBER_ID,SITE_NO) values (102,2002,'mid902',50000);
Insert into JAVA.SITE_BOOK_OPTION (OPTION_NO,BOOK_NO,MEMBER_ID,SITE_NO) values (103,2003,'mid903',8000);
Insert into JAVA.SITE_BOOK_OPTION (OPTION_NO,BOOK_NO,MEMBER_ID,SITE_NO) values (104,2004,'mid904',20000);
Insert into JAVA.SITE_BOOK_OPTION (OPTION_NO,BOOK_NO,MEMBER_ID,SITE_NO) values (105,2005,'mid905',5000);
Insert into JAVA.SITE_BOOK_OPTION (OPTION_NO,BOOK_NO,MEMBER_ID,SITE_NO) values (106,2006,'mid906',10000);
REM INSERTING into JAVA.SITE_OPTION
SET DEFINE OFF;
Insert into JAVA.SITE_OPTION (OPTION_NO,OPTION_NAME,OPTION_PRICE) values (101,'바베큐',50000);
Insert into JAVA.SITE_OPTION (OPTION_NO,OPTION_NAME,OPTION_PRICE) values (102,'캠프파이어',50000);
Insert into JAVA.SITE_OPTION (OPTION_NO,OPTION_NAME,OPTION_PRICE) values (103,'튜브',8000);
Insert into JAVA.SITE_OPTION (OPTION_NO,OPTION_NAME,OPTION_PRICE) values (104,'텐트',20000);
Insert into JAVA.SITE_OPTION (OPTION_NO,OPTION_NAME,OPTION_PRICE) values (105,'보드게임',5000);
Insert into JAVA.SITE_OPTION (OPTION_NO,OPTION_NAME,OPTION_PRICE) values (106,'유아침구',10000);
REM INSERTING into JAVA.TBL_BOARD
SET DEFINE OFF;
REM INSERTING into JAVA.TBL_BUY
SET DEFINE OFF;
REM INSERTING into JAVA.TBL_BUY_LIST
SET DEFINE OFF;
Insert into JAVA.TBL_BUY_LIST (LIST_NAME,BUY_DATE,COP_NAME,STO_TYPE,BUY_QUAN,CONTENT) values ('b01',to_date('24/02/02','RR/MM/DD'),'kim01','p01',100,'none');
REM INSERTING into JAVA.TBL_CARE_LIST
SET DEFINE OFF;
Insert into JAVA.TBL_CARE_LIST (CARE_NO,CARE_DATE,P_ID,STO_TYPE,SELL_QUAN,CONS_ID,CONTENT) values ('s01',to_date('22/02/02','RR/MM/DD'),'eee555','p01',50,'cat111','none');
REM INSERTING into JAVA.TBL_CONSULT
SET DEFINE OFF;
Insert into JAVA.TBL_CONSULT (CONS_DATE,CONS_ID,P_ID,ANI_NAME,ANI_TYPE,CONS_CONTENT,CONS_PRESCRIPTION) values (to_date('02/02/02','RR/MM/DD'),'cat222','bbb222','chewing','cat_black','left-arm','fucidin');
Insert into JAVA.TBL_CONSULT (CONS_DATE,CONS_ID,P_ID,ANI_NAME,ANI_TYPE,CONS_CONTENT,CONS_PRESCRIPTION) values (to_date('01/01/01','RR/MM/DD'),'cat111','aaa111','bbobbi','cat_white','eye_problem','water');
Insert into JAVA.TBL_CONSULT (CONS_DATE,CONS_ID,P_ID,ANI_NAME,ANI_TYPE,CONS_CONTENT,CONS_PRESCRIPTION) values (to_date('03/03/03','RR/MM/DD'),'dog333','ccc333','ddungee','dog_orange','eat_problem','medicin');
REM INSERTING into JAVA.TBL_EVENT
SET DEFINE OFF;
Insert into JAVA.TBL_EVENT (TITLE,START_DATE,END) values ('회의1','2024-10-15',null);
Insert into JAVA.TBL_EVENT (TITLE,START_DATE,END) values ('회식','2024-10-13T19:00:00','2024-10-13T21:00:00');
Insert into JAVA.TBL_EVENT (TITLE,START_DATE,END) values ('출장','2024-10-06','2024-10-11');
Insert into JAVA.TBL_EVENT (TITLE,START_DATE,END) values ('asd','2024-10-03','2024-10-04');
REM INSERTING into JAVA.TBL_MEMBER
SET DEFINE OFF;
REM INSERTING into JAVA.TBL_PERSON
SET DEFINE OFF;
REM INSERTING into JAVA.TBL_REPLY
SET DEFINE OFF;lues (871,'21112','user03',391,to_date('24/10/24','RR/MM/DD'));
Insert into JAVA.TBL_REPLY (REPLY_NO,REPLY,REPLYER,BOARD_NO,REPLY_DATE) values (872,'asdasd','user03',391,to_date('24/10/24','RR/MM/DD'));
Insert into JAVA.TBL_REPLY (REPLY_NO,REPLY,REPLYER,BOARD_NO,REPLY_DATE) values (873,'asdfsadf','user03',391,to_date('24/10/24','RR/MM/DD'));
Insert into JAVA.TBL_REPLY (REPLY_NO,REPLY,REPLYER,BOARD_NO,REPLY_DATE) values (874,'asdfsadf','user03',391,to_date('24/10/24','RR/MM/DD'));
Insert into JAVA.TBL_REPLY (REPLY_NO,REPLY,REPLYER,BOARD_NO,REPLY_DATE) values (875,'asasd','user03',391,to_date('24/10/24','RR/MM/DD'));
Insert into JAVA.TBL_REPLY (REPLY_NO,REPLY,REPLYER,BOARD_NO,REPLY_DATE) values (876,'asdfa','user03',391,to_date('24/10/24','RR/MM/DD'));
Insert into JAVA.TBL_REPLY (REPLY_NO,REPLY,REPLYER,BOARD_NO,REPLY_DATE) values (877,'asdfa','user03',391,to_date('24/10/24','RR/MM/DD'));
Insert into JAVA.TBL_REPLY (REPLY_NO,REPLY,REPLYER,BOARD_NO,REPLY_DATE) values (878,'asdfa','user03',391,to_date('24/10/24','RR/MM/DD'));
Insert into JAVA.TBL_REPLY (REPLY_NO,REPLY,REPLYER,BOARD_NO,REPLY_DATE) values (879,'asdfa','user03',391,to_date('24/10/24','RR/MM/DD'));
Insert into JAVA.TBL_REPLY (REPLY_NO,REPLY,REPLYER,BOARD_NO,REPLY_DATE) values (880,'asdfa','user03',391,to_date('24/10/24','RR/MM/DD'));
Insert into JAVA.TBL_REPLY (REPLY_NO,REPLY,REPLYER,BOARD_NO,REPLY_DATE) values (881,'asdfa','user03',391,to_date('24/10/24','RR/MM/DD'));
Insert into JAVA.TBL_REPLY (REPLY_NO,REPLY,REPLYER,BOARD_NO,REPLY_DATE) values (882,'hi','user03',391,to_date('24/10/24','RR/MM/DD'));
Insert into JAVA.TBL_REPLY (REPLY_NO,REPLY,REPLYER,BOARD_NO,REPLY_DATE) values (883,'bye','user03',391,to_date('24/10/24','RR/MM/DD'));
Insert into JAVA.TBL_REPLY (REPLY_NO,REPLY,REPLYER,BOARD_NO,REPLY_DATE) values (884,'afasfsadf','user03',391,to_date('24/10/24','RR/MM/DD'));
Insert into JAVA.TBL_REPLY (REPLY_NO,REPLY,REPLYER,BOARD_NO,REPLY_DATE) values (885,'afasfsadf','user03',391,to_date('24/10/24','RR/MM/DD'));
Insert into JAVA.TBL_REPLY (REPLY_NO,REPLY,REPLYER,BOARD_NO,REPLY_DATE) values (886,'safasdf','user03',391,to_date('24/10/24','RR/MM/DD'));
Insert into JAVA.TBL_REPLY (REPLY_NO,REPLY,REPLYER,BOARD_NO,REPLY_DATE) values (887,'fgfgdh','user03',391,to_date('24/10/24','RR/MM/DD'));
Insert into JAVA.TBL_REPLY (REPLY_NO,REPLY,REPLYER,BOARD_NO,REPLY_DATE) values (888,'sdfasfd','user03',391,to_date('24/10/24','RR/MM/DD'));
Insert into JAVA.TBL_REPLY (REPLY_NO,REPLY,REPLYER,BOARD_NO,REPLY_DATE) values (889,'afasfsadf','user03',391,to_date('24/10/24','RR/MM/DD'));
Insert into JAVA.TBL_REPLY (REPLY_NO,REPLY,REPLYER,BOARD_NO,REPLY_DATE) values (890,'afasfsadf','user03',391,to_date('24/10/24','RR/MM/DD'));
Insert into JAVA.TBL_REPLY (REPLY_NO,REPLY,REPLYER,BOARD_NO,REPLY_DATE) values (891,'afasfsadf','user03',391,to_date('24/10/24','RR/MM/DD'));
Insert into JAVA.TBL_REPLY (REPLY_NO,REPLY,REPLYER,BOARD_NO,REPLY_DATE) values (892,'afasfsadf','user03',391,to_date('24/10/24','RR/MM/DD'));
Insert into JAVA.TBL_REPLY (REPLY_NO,REPLY,REPLYER,BOARD_NO,REPLY_DATE) values (893,'afasfsadf','user03',391,to_date('24/10/24','RR/MM/DD'));
Insert into JAVA.TBL_REPLY (REPLY_NO,REPLY,REPLYER,BOARD_NO,REPLY_DATE) values (894,'safasdf','user03',391,to_date('24/10/24','RR/MM/DD'));
Insert into JAVA.TBL_REPLY (REPLY_NO,REPLY,REPLYER,BOARD_NO,REPLY_DATE) values (895,'safasdf','user03',391,to_date('24/10/24','RR/MM/DD'));
Insert into JAVA.TBL_REPLY (REPLY_NO,REPLY,REPLYER,BOARD_NO,REPLY_DATE) values (896,'safasdf','user03',391,to_date('24/10/24','RR/MM/DD'));
Insert into JAVA.TBL_REPLY (REPLY_NO,REPLY,REPLYER,BOARD_NO,REPLY_DATE) values (897,'safasdf','user03',391,to_date('24/10/24','RR/MM/DD'));
Insert into JAVA.TBL_REPLY (REPLY_NO,REPLY,REPLYER,BOARD_NO,REPLY_DATE) values (898,'safasdf','user03',391,to_date('24/10/24','RR/MM/DD'));
Insert into JAVA.TBL_REPLY (REPLY_NO,REPLY,REPLYER,BOARD_NO,REPLY_DATE) values (899,'safasdf','user03',391,to_date('24/10/24','RR/MM/DD'));
Insert into JAVA.TBL_REPLY (REPLY_NO,REPLY,REPLYER,BOARD_NO,REPLY_DATE) values (900,'safasdf','user03',391,to_date('24/10/24','RR/MM/DD'));
Insert into JAVA.TBL_REPLY (REPLY_NO,REPLY,REPLYER,BOARD_NO,REPLY_DATE) values (901,'safasdf','user03',391,to_date('24/10/24','RR/MM/DD'));
Insert into JAVA.TBL_REPLY (REPLY_NO,REPLY,REPLYER,BOARD_NO,REPLY_DATE) values (902,'safasdf','user03',391,to_date('24/10/24','RR/MM/DD'));
Insert into JAVA.TBL_REPLY (REPLY_NO,REPLY,REPLYER,BOARD_NO,REPLY_DATE) values (903,'safasdf','user03',391,to_date('24/10/24','RR/MM/DD'));
Insert into JAVA.TBL_REPLY (REPLY_NO,REPLY,REPLYER,BOARD_NO,REPLY_DATE) values (904,'safasdf','user03',391,to_date('24/10/24','RR/MM/DD'));
Insert into JAVA.TBL_REPLY (REPLY_NO,REPLY,REPLYER,BOARD_NO,REPLY_DATE) values (905,'aaa','user03',391,to_date('24/10/24','RR/MM/DD'));
Insert into JAVA.TBL_REPLY (REPLY_NO,REPLY,REPLYER,BOARD_NO,REPLY_DATE) values (906,'aaa','user03',391,to_date('24/10/24','RR/MM/DD'));
Insert into JAVA.TBL_REPLY (REPLY_NO,REPLY,REPLYER,BOARD_NO,REPLY_DATE) values (907,'aaa','user03',391,to_date('24/10/24','RR/MM/DD'));
Insert into JAVA.TBL_REPLY (REPLY_NO,REPLY,REPLYER,BOARD_NO,REPLY_DATE) values (908,'fsfas','user03',391,to_date('24/10/24','RR/MM/DD'));
Insert into JAVA.TBL_REPLY (REPLY_NO,REPLY,REPLYER,BOARD_NO,REPLY_DATE) values (909,'fsfas','user03',391,to_date('24/10/24','RR/MM/DD'));
Insert into JAVA.TBL_REPLY (REPLY_NO,REPLY,REPLYER,BOARD_NO,REPLY_DATE) values (910,'fsfas','user03',391,to_date('24/10/24','RR/MM/DD'));
Insert into JAVA.TBL_REPLY (REPLY_NO,REPLY,REPLYER,BOARD_NO,REPLY_DATE) values (911,'fsfas','user03',391,to_date('24/10/24','RR/MM/DD'));
Insert into JAVA.TBL_REPLY (REPLY_NO,REPLY,REPLYER,BOARD_NO,REPLY_DATE) values (912,'fsfas','user03',391,to_date('24/10/24','RR/MM/DD'));
Insert into JAVA.TBL_REPLY (REPLY_NO,REPLY,REPLYER,BOARD_NO,REPLY_DATE) values (913,'fsfas','user03',391,to_date('24/10/24','RR/MM/DD'));
Insert into JAVA.TBL_REPLY (REPLY_NO,REPLY,REPLYER,BOARD_NO,REPLY_DATE) values (914,'fsfas','user03',391,to_date('24/10/24','RR/MM/DD'));
Insert into JAVA.TBL_REPLY (REPLY_NO,REPLY,REPLYER,BOARD_NO,REPLY_DATE) values (915,'fsfas','user03',391,to_date('24/10/24','RR/MM/DD'));
Insert into JAVA.TBL_REPLY (REPLY_NO,REPLY,REPLYER,BOARD_NO,REPLY_DATE) values (916,'fsfas','user03',391,to_date('24/10/24','RR/MM/DD'));
Insert into JAVA.TBL_REPLY (REPLY_NO,REPLY,REPLYER,BOARD_NO,REPLY_DATE) values (917,'fsfas','user03',391,to_date('24/10/24','RR/MM/DD'));
Insert into JAVA.TBL_REPLY (REPLY_NO,REPLY,REPLYER,BOARD_NO,REPLY_DATE) values (918,'fsfassdfsadfsdfsdf','user03',391,to_date('24/10/24','RR/MM/DD'));
Insert into JAVA.TBL_REPLY (REPLY_NO,REPLY,REPLYER,BOARD_NO,REPLY_DATE) values (919,'fsfassdfsadfsdfsdf','user03',391,to_date('24/10/24','RR/MM/DD'));
Insert into JAVA.TBL_REPLY (REPLY_NO,REPLY,REPLYER,BOARD_NO,REPLY_DATE) values (920,'fsfassdfsadfsdfsdf','user03',391,to_date('24/10/24','RR/MM/DD'));
Insert into JAVA.TBL_REPLY (REPLY_NO,REPLY,REPLYER,BOARD_NO,REPLY_DATE) values (921,'fsfassdfsadfsdfsdf','user03',391,to_date('24/10/24','RR/MM/DD'));
Insert into JAVA.TBL_REPLY (REPLY_NO,REPLY,REPLYER,BOARD_NO,REPLY_DATE) values (922,'tgsdfgdsfg','user03',391,to_date('24/10/24','RR/MM/DD'));
Insert into JAVA.TBL_REPLY (REPLY_NO,REPLY,REPLYER,BOARD_NO,REPLY_DATE) values (923,'tgsdfgdsfg','user03',391,to_date('24/10/24','RR/MM/DD'));
Insert into JAVA.TBL_REPLY (REPLY_NO,REPLY,REPLYER,BOARD_NO,REPLY_DATE) values (924,'asdfsadfsadf','user03',391,to_date('24/10/24','RR/MM/DD'));
Insert into JAVA.TBL_REPLY (REPLY_NO,REPLY,REPLYER,BOARD_NO,REPLY_DATE) values (925,'asdfsadfsadf','user03',391,to_date('24/10/24','RR/MM/DD'));
Insert into JAVA.TBL_REPLY (REPLY_NO,REPLY,REPLYER,BOARD_NO,REPLY_DATE) values (926,'asdfsadfsadf','user03',391,to_date('24/10/24','RR/MM/DD'));
Insert into JAVA.TBL_REPLY (REPLY_NO,REPLY,REPLYER,BOARD_NO,REPLY_DATE) values (927,'asdfsadfsadf','user03',391,to_date('24/10/24','RR/MM/DD'));
Insert into JAVA.TBL_REPLY (REPLY_NO,REPLY,REPLYER,BOARD_NO,REPLY_DATE) values (928,'asdfsadfsadf','user03',391,to_date('24/10/24','RR/MM/DD'));
Insert into JAVA.TBL_REPLY (REPLY_NO,REPLY,REPLYER,BOARD_NO,REPLY_DATE) values (929,'asdfsadfsadf','user03',391,to_date('24/10/24','RR/MM/DD'));
Insert into JAVA.TBL_REPLY (REPLY_NO,REPLY,REPLYER,BOARD_NO,REPLY_DATE) values (930,'asdfsadfsadf','user03',391,to_date('24/10/24','RR/MM/DD'));
Insert into JAVA.TBL_REPLY (REPLY_NO,REPLY,REPLYER,BOARD_NO,REPLY_DATE) values (931,'asdfsadfsadf','user03',391,to_date('24/10/24','RR/MM/DD'));
Insert into JAVA.TBL_REPLY (REPLY_NO,REPLY,REPLYER,BOARD_NO,REPLY_DATE) values (932,'asdfsadfsadf','user03',391,to_date('24/10/24','RR/MM/DD'));
Insert into JAVA.TBL_REPLY (REPLY_NO,REPLY,REPLYER,BOARD_NO,REPLY_DATE) values (933,'asdfsadfsadf','user03',391,to_date('24/10/24','RR/MM/DD'));
Insert into JAVA.TBL_REPLY (REPLY_NO,REPLY,REPLYER,BOARD_NO,REPLY_DATE) values (934,'asdfsadfsadf','user03',391,to_date('24/10/24','RR/MM/DD'));
Insert into JAVA.TBL_REPLY (REPLY_NO,REPLY,REPLYER,BOARD_NO,REPLY_DATE) values (935,'hjj','user03',391,to_date('24/10/24','RR/MM/DD'));
Insert into JAVA.TBL_REPLY (REPLY_NO,REPLY,REPLYER,BOARD_NO,REPLY_DATE) values (936,'21112','user03',391,to_date('24/10/24','RR/MM/DD'));
Insert into JAVA.TBL_REPLY (REPLY_NO,REPLY,REPLYER,BOARD_NO,REPLY_DATE) values (937,'21112','user03',391,to_date('24/10/24','RR/MM/DD'));
Insert into JAVA.TBL_REPLY (REPLY_NO,REPLY,REPLYER,BOARD_NO,REPLY_DATE) values (938,'21112','user03',391,to_date('24/10/24','RR/MM/DD'));
Insert into JAVA.TBL_REPLY (REPLY_NO,REPLY,REPLYER,BOARD_NO,REPLY_DATE) values (939,'21112','user03',391,to_date('24/10/24','RR/MM/DD'));
Insert into JAVA.TBL_REPLY (REPLY_NO,REPLY,REPLYER,BOARD_NO,REPLY_DATE) values (940,'21112','user03',391,to_date('24/10/24','RR/MM/DD'));
Insert into JAVA.TBL_REPLY (REPLY_NO,REPLY,REPLYER,BOARD_NO,REPLY_DATE) values (941,'asdasd','user03',391,to_date('24/10/24','RR/MM/DD'));
Insert into JAVA.TBL_REPLY (REPLY_NO,REPLY,REPLYER,BOARD_NO,REPLY_DATE) values (942,'asdfsadf','user03',391,to_date('24/10/24','RR/MM/DD'));
Insert into JAVA.TBL_REPLY (REPLY_NO,REPLY,REPLYER,BOARD_NO,REPLY_DATE) values (943,'asdfsadf','user03',391,to_date('24/10/24','RR/MM/DD'));
Insert into JAVA.TBL_REPLY (REPLY_NO,REPLY,REPLYER,BOARD_NO,REPLY_DATE) values (944,'asasd','user03',391,to_date('24/10/24','RR/MM/DD'));
Insert into JAVA.TBL_REPLY (REPLY_NO,REPLY,REPLYER,BOARD_NO,REPLY_DATE) values (945,'asdfa','user03',391,to_date('24/10/24','RR/MM/DD'));
Insert into JAVA.TBL_REPLY (REPLY_NO,REPLY,REPLYER,BOARD_NO,REPLY_DATE) values (946,'asdfa','user03',391,to_date('24/10/24','RR/MM/DD'));
Insert into JAVA.TBL_REPLY (REPLY_NO,REPLY,REPLYER,BOARD_NO,REPLY_DATE) values (947,'asdfa','user03',391,to_date('24/10/24','RR/MM/DD'));
Insert into JAVA.TBL_REPLY (REPLY_NO,REPLY,REPLYER,BOARD_NO,REPLY_DATE) values (948,'asdfa','user03',391,to_date('24/10/24','RR/MM/DD'));
Insert into JAVA.TBL_REPLY (REPLY_NO,REPLY,REPLYER,BOARD_NO,REPLY_DATE) values (949,'asdfa','user03',391,to_date('24/10/24','RR/MM/DD'));
Insert into JAVA.TBL_REPLY (REPLY_NO,REPLY,REPLYER,BOARD_NO,REPLY_DATE) values (950,'21112','user03',391,to_date('24/10/24','RR/MM/DD'));
Insert into JAVA.TBL_REPLY (REPLY_NO,REPLY,REPLYER,BOARD_NO,REPLY_DATE) values (951,'asdfa','user03',391,to_date('24/10/24','RR/MM/DD'));
Insert into JAVA.TBL_REPLY (REPLY_NO,REPLY,REPLYER,BOARD_NO,REPLY_DATE) values (952,'hi','user03',391,to_date('24/10/24','RR/MM/DD'));
Insert into JAVA.TBL_REPLY (REPLY_NO,REPLY,REPLYER,BOARD_NO,REPLY_DATE) values (953,'bye','user03',391,to_date('24/10/24','RR/MM/DD'));
Insert into JAVA.TBL_REPLY (REPLY_NO,REPLY,REPLYER,BOARD_NO,REPLY_DATE) values (954,'afasfsadf','user03',391,to_date('24/10/24','RR/MM/DD'));
Insert into JAVA.TBL_REPLY (REPLY_NO,REPLY,REPLYER,BOARD_NO,REPLY_DATE) values (955,'afasfsadf','user03',391,to_date('24/10/24','RR/MM/DD'));
Insert into JAVA.TBL_REPLY (REPLY_NO,REPLY,REPLYER,BOARD_NO,REPLY_DATE) values (956,'safasdf','user03',391,to_date('24/10/24','RR/MM/DD'));
Insert into JAVA.TBL_REPLY (REPLY_NO,REPLY,REPLYER,BOARD_NO,REPLY_DATE) values (957,'fgfgdh','user03',391,to_date('24/10/24','RR/MM/DD'));
Insert into JAVA.TBL_REPLY (REPLY_NO,REPLY,REPLYER,BOARD_NO,REPLY_DATE) values (958,'sdfasfd','user03',391,to_date('24/10/24','RR/MM/DD'));
Insert into JAVA.TBL_REPLY (REPLY_NO,REPLY,REPLYER,BOARD_NO,REPLY_DATE) values (959,'afasfsadf','user03',391,to_date('24/10/24','RR/MM/DD'));
Insert into JAVA.TBL_REPLY (REPLY_NO,REPLY,REPLYER,BOARD_NO,REPLY_DATE) values (960,'afasfsadf','user03',391,to_date('24/10/24','RR/MM/DD'));
Insert into JAVA.TBL_REPLY (REPLY_NO,REPLY,REPLYER,BOARD_NO,REPLY_DATE) values (961,'afasfsadf','user03',391,to_date('24/10/24','RR/MM/DD'));
Insert into JAVA.TBL_REPLY (REPLY_NO,REPLY,REPLYER,BOARD_NO,REPLY_DATE) values (962,'afasfsadf','user03',391,to_date('24/10/24','RR/MM/DD'));
Insert into JAVA.TBL_REPLY (REPLY_NO,REPLY,REPLYER,BOARD_NO,REPLY_DATE) values (963,'afasfsadf','user03',391,to_date('24/10/24','RR/MM/DD'));
Insert into JAVA.TBL_REPLY (REPLY_NO,REPLY,REPLYER,BOARD_NO,REPLY_DATE) values (964,'safasdf','user03',391,to_date('24/10/24','RR/MM/DD'));
Insert into JAVA.TBL_REPLY (REPLY_NO,REPLY,REPLYER,BOARD_NO,REPLY_DATE) values (965,'safasdf','user03',391,to_date('24/10/24','RR/MM/DD'));
Insert into JAVA.TBL_REPLY (REPLY_NO,REPLY,REPLYER,BOARD_NO,REPLY_DATE) values (966,'safasdf','user03',391,to_date('24/10/24','RR/MM/DD'));
Insert into JAVA.TBL_REPLY (REPLY_NO,REPLY,REPLYER,BOARD_NO,REPLY_DATE) values (967,'safasdf','user03',391,to_date('24/10/24','RR/MM/DD'));
Insert into JAVA.TBL_REPLY (REPLY_NO,REPLY,REPLYER,BOARD_NO,REPLY_DATE) values (968,'safasdf','user03',391,to_date('24/10/24','RR/MM/DD'));
Insert into JAVA.TBL_REPLY (REPLY_NO,REPLY,REPLYER,BOARD_NO,REPLY_DATE) values (969,'safasdf','user03',391,to_date('24/10/24','RR/MM/DD'));
Insert into JAVA.TBL_REPLY (REPLY_NO,REPLY,REPLYER,BOARD_NO,REPLY_DATE) values (970,'safasdf','user03',391,to_date('24/10/24','RR/MM/DD'));
Insert into JAVA.TBL_REPLY (REPLY_NO,REPLY,REPLYER,BOARD_NO,REPLY_DATE) values (971,'safasdf','user03',391,to_date('24/10/24','RR/MM/DD'));
Insert into JAVA.TBL_REPLY (REPLY_NO,REPLY,REPLYER,BOARD_NO,REPLY_DATE) values (972,'safasdf','user03',391,to_date('24/10/24','RR/MM/DD'));
Insert into JAVA.TBL_REPLY (REPLY_NO,REPLY,REPLYER,BOARD_NO,REPLY_DATE) values (973,'safasdf','user03',391,to_date('24/10/24','RR/MM/DD'));
Insert into JAVA.TBL_REPLY (REPLY_NO,REPLY,REPLYER,BOARD_NO,REPLY_DATE) values (974,'safasdf','user03',391,to_date('24/10/24','RR/MM/DD'));
Insert into JAVA.TBL_REPLY (REPLY_NO,REPLY,REPLYER,BOARD_NO,REPLY_DATE) values (975,'aaa','user03',391,to_date('24/10/24','RR/MM/DD'));
Insert into JAVA.TBL_REPLY (REPLY_NO,REPLY,REPLYER,BOARD_NO,REPLY_DATE) values (976,'aaa','user03',391,to_date('24/10/24','RR/MM/DD'));
Insert into JAVA.TBL_REPLY (REPLY_NO,REPLY,REPLYER,BOARD_NO,REPLY_DATE) values (977,'aaa','user03',391,to_date('24/10/24','RR/MM/DD'));
Insert into JAVA.TBL_REPLY (REPLY_NO,REPLY,REPLYER,BOARD_NO,REPLY_DATE) values (978,'fsfas','user03',391,to_date('24/10/24','RR/MM/DD'));
Insert into JAVA.TBL_REPLY (REPLY_NO,REPLY,REPLYER,BOARD_NO,REPLY_DATE) values (979,'fsfas','user03',391,to_date('24/10/24','RR/MM/DD'));
Insert into JAVA.TBL_REPLY (REPLY_NO,REPLY,REPLYER,BOARD_NO,REPLY_DATE) values (980,'fsfas','user03',391,to_date('24/10/24','RR/MM/DD'));
Insert into JAVA.TBL_REPLY (REPLY_NO,REPLY,REPLYER,BOARD_NO,REPLY_DATE) values (981,'fsfas','user03',391,to_date('24/10/24','RR/MM/DD'));
Insert into JAVA.TBL_REPLY (REPLY_NO,REPLY,REPLYER,BOARD_NO,REPLY_DATE) values (982,'fsfas','user03',391,to_date('24/10/24','RR/MM/DD'));
Insert into JAVA.TBL_REPLY (REPLY_NO,REPLY,REPLYER,BOARD_NO,REPLY_DATE) values (983,'fsfas','user03',391,to_date('24/10/24','RR/MM/DD'));
Insert into JAVA.TBL_REPLY (REPLY_NO,REPLY,REPLYER,BOARD_NO,REPLY_DATE) values (984,'fsfas','user03',391,to_date('24/10/24','RR/MM/DD'));
Insert into JAVA.TBL_REPLY (REPLY_NO,REPLY,REPLYER,BOARD_NO,REPLY_DATE) values (985,'fsfas','user03',391,to_date('24/10/24','RR/MM/DD'));
Insert into JAVA.TBL_REPLY (REPLY_NO,REPLY,REPLYER,BOARD_NO,REPLY_DATE) values (986,'fsfas','user03',391,to_date('24/10/24','RR/MM/DD'));
Insert into JAVA.TBL_REPLY (REPLY_NO,REPLY,REPLYER,BOARD_NO,REPLY_DATE) values (987,'fsfas','user03',391,to_date('24/10/24','RR/MM/DD'));
Insert into JAVA.TBL_REPLY (REPLY_NO,REPLY,REPLYER,BOARD_NO,REPLY_DATE) values (988,'fsfassdfsadfsdfsdf','user03',391,to_date('24/10/24','RR/MM/DD'));
Insert into JAVA.TBL_REPLY (REPLY_NO,REPLY,REPLYER,BOARD_NO,REPLY_DATE) values (989,'fsfassdfsadfsdfsdf','user03',391,to_date('24/10/24','RR/MM/DD'));
Insert into JAVA.TBL_REPLY (REPLY_NO,REPLY,REPLYER,BOARD_NO,REPLY_DATE) values (990,'fsfassdfsadfsdfsdf','user03',391,to_date('24/10/24','RR/MM/DD'));
Insert into JAVA.TBL_REPLY (REPLY_NO,REPLY,REPLYER,BOARD_NO,REPLY_DATE) values (991,'fsfassdfsadfsdfsdf','user03',391,to_date('24/10/24','RR/MM/DD'));
Insert into JAVA.TBL_REPLY (REPLY_NO,REPLY,REPLYER,BOARD_NO,REPLY_DATE) values (992,'tgsdfgdsfg','user03',391,to_date('24/10/24','RR/MM/DD'));
Insert into JAVA.TBL_REPLY (REPLY_NO,REPLY,REPLYER,BOARD_NO,REPLY_DATE) values (993,'tgsdfgdsfg','user03',391,to_date('24/10/24','RR/MM/DD'));
Insert into JAVA.TBL_REPLY (REPLY_NO,REPLY,REPLYER,BOARD_NO,REPLY_DATE) values (994,'asdfsadfsadf','user03',391,to_date('24/10/24','RR/MM/DD'));
Insert into JAVA.TBL_REPLY (REPLY_NO,REPLY,REPLYER,BOARD_NO,REPLY_DATE) values (995,'asdfsadfsadf','user03',391,to_date('24/10/24','RR/MM/DD'));
Insert into JAVA.TBL_REPLY (REPLY_NO,REPLY,REPLYER,BOARD_NO,REPLY_DATE) values (996,'asdfsadfsadf','user03',391,to_date('24/10/24','RR/MM/DD'));
Insert into JAVA.TBL_REPLY (REPLY_NO,REPLY,REPLYER,BOARD_NO,REPLY_DATE) values (997,'asdfsadfsadf','user03',391,to_date('24/10/24','RR/MM/DD'));
Insert into JAVA.TBL_REPLY (REPLY_NO,REPLY,REPLYER,BOARD_NO,REPLY_DATE) values (998,'asdfsadfsadf','user03',391,to_date('24/10/24','RR/MM/DD'));
Insert into JAVA.TBL_REPLY (REPLY_NO,REPLY,REPLYER,BOARD_NO,REPLY_DATE) values (1162,'asdfsadf','user03',391,to_date('24/10/28','RR/MM/DD'));
REM INSERTING into JAVA.TBL_STORAGE
SET DEFINE OFF;
Insert into JAVA.TBL_STORAGE (STO_TYPE,STO_QUAN,STO_SELL,STO_NOW,STO_LOSS) values ('p01',50,0,0,0);
Insert into JAVA.TBL_STORAGE (STO_TYPE,STO_QUAN,STO_SELL,STO_NOW,STO_LOSS) values ('t01',0,0,0,0);
Insert into JAVA.TBL_STORAGE (STO_TYPE,STO_QUAN,STO_SELL,STO_NOW,STO_LOSS) values ('p02',0,0,0,0);
Insert into JAVA.TBL_STORAGE (STO_TYPE,STO_QUAN,STO_SELL,STO_NOW,STO_LOSS) values ('t02',0,0,0,0);
--------------------------------------------------------
--  DDL for Index PK_REPLY
--------------------------------------------------------

  CREATE UNIQUE INDEX "JAVA"."PK_REPLY" ON "JAVA"."TBL_REPLY" ("REPLY_NO") 
  PCTFREE 10 INITRANS 2 MAXTRANS 255 COMPUTE STATISTICS 
  STORAGE(INITIAL 65536 NEXT 1048576 MINEXTENTS 1 MAXEXTENTS 2147483645
  PCTINCREASE 0 FREELISTS 1 FREELIST GROUPS 1 BUFFER_POOL DEFAULT FLASH_CACHE DEFAULT CELL_FLASH_CACHE DEFAULT)
  TABLESPACE "SYSTEM" ;
--------------------------------------------------------
--  Constraints for Table BOOK
--------------------------------------------------------

  ALTER TABLE "JAVA"."BOOK" MODIFY ("BNUM" NOT NULL ENABLE);
  ALTER TABLE "JAVA"."BOOK" MODIFY ("PRICE" NOT NULL ENABLE);
  ALTER TABLE "JAVA"."BOOK" MODIFY ("WRITER" NOT NULL ENABLE);
  ALTER TABLE "JAVA"."BOOK" MODIFY ("TITLE" NOT NULL ENABLE);
--------------------------------------------------------
--  Constraints for Table EMPLOYEE
--------------------------------------------------------

  ALTER TABLE "JAVA"."EMPLOYEE" ADD PRIMARY KEY ("EMPLOYEE_ID")
  USING INDEX PCTFREE 10 INITRANS 2 MAXTRANS 255 
  STORAGE(INITIAL 65536 NEXT 1048576 MINEXTENTS 1 MAXEXTENTS 2147483645
  PCTINCREASE 0 FREELISTS 1 FREELIST GROUPS 1 BUFFER_POOL DEFAULT FLASH_CACHE DEFAULT CELL_FLASH_CACHE DEFAULT)
  TABLESPACE "SYSTEM"  ENABLE;
  ALTER TABLE "JAVA"."EMPLOYEE" MODIFY ("EMPLOYEE_NAME" NOT NULL ENABLE);
--------------------------------------------------------
--  Constraints for Table TBL_CONSULT
--------------------------------------------------------

  ALTER TABLE "JAVA"."TBL_CONSULT" ADD PRIMARY KEY ("CONS_ID")
  USING INDEX PCTFREE 10 INITRANS 2 MAXTRANS 255 
  STORAGE(INITIAL 65536 NEXT 1048576 MINEXTENTS 1 MAXEXTENTS 2147483645
  PCTINCREASE 0 FREELISTS 1 FREELIST GROUPS 1 BUFFER_POOL DEFAULT FLASH_CACHE DEFAULT CELL_FLASH_CACHE DEFAULT)
  TABLESPACE "SYSTEM"  ENABLE;
  ALTER TABLE "JAVA"."TBL_CONSULT" MODIFY ("CONS_CONTENT" NOT NULL ENABLE);
  ALTER TABLE "JAVA"."TBL_CONSULT" MODIFY ("ANI_TYPE" NOT NULL ENABLE);
  ALTER TABLE "JAVA"."TBL_CONSULT" MODIFY ("ANI_NAME" NOT NULL ENABLE);
--------------------------------------------------------
--  Constraints for Table BOARDS
--------------------------------------------------------

  ALTER TABLE "JAVA"."BOARDS" ADD PRIMARY KEY ("BNO")
  USING INDEX PCTFREE 10 INITRANS 2 MAXTRANS 255 
  STORAGE(INITIAL 65536 NEXT 1048576 MINEXTENTS 1 MAXEXTENTS 2147483645
  PCTINCREASE 0 FREELISTS 1 FREELIST GROUPS 1 BUFFER_POOL DEFAULT FLASH_CACHE DEFAULT CELL_FLASH_CACHE DEFAULT)
  TABLESPACE "SYSTEM"  ENABLE;
  ALTER TABLE "JAVA"."BOARDS" MODIFY ("BWRITER" NOT NULL ENABLE);
  ALTER TABLE "JAVA"."BOARDS" MODIFY ("CONTENT" NOT NULL ENABLE);
  ALTER TABLE "JAVA"."BOARDS" MODIFY ("BTITLE" NOT NULL ENABLE);
--------------------------------------------------------
--  Constraints for Table TBL_MEMBER
--------------------------------------------------------

  ALTER TABLE "JAVA"."TBL_MEMBER" ADD PRIMARY KEY ("MEMBER_ID")
  USING INDEX PCTFREE 10 INITRANS 2 MAXTRANS 255 
  STORAGE(INITIAL 65536 NEXT 1048576 MINEXTENTS 1 MAXEXTENTS 2147483645
  PCTINCREASE 0 FREELISTS 1 FREELIST GROUPS 1 BUFFER_POOL DEFAULT FLASH_CACHE DEFAULT CELL_FLASH_CACHE DEFAULT)
  TABLESPACE "SYSTEM"  ENABLE;
  ALTER TABLE "JAVA"."TBL_MEMBER" MODIFY ("MEMBER_NAME" NOT NULL ENABLE);
  ALTER TABLE "JAVA"."TBL_MEMBER" MODIFY ("PASSWORD" NOT NULL ENABLE);
--------------------------------------------------------
--  Constraints for Table PRODUCT_TBL
--------------------------------------------------------

  ALTER TABLE "JAVA"."PRODUCT_TBL" ADD PRIMARY KEY ("PRD_CODE")
  USING INDEX PCTFREE 10 INITRANS 2 MAXTRANS 255 
  STORAGE(INITIAL 65536 NEXT 1048576 MINEXTENTS 1 MAXEXTENTS 2147483645
  PCTINCREASE 0 FREELISTS 1 FREELIST GROUPS 1 BUFFER_POOL DEFAULT FLASH_CACHE DEFAULT CELL_FLASH_CACHE DEFAULT)
  TABLESPACE "SYSTEM"  ENABLE;
  ALTER TABLE "JAVA"."PRODUCT_TBL" MODIFY ("PRD_DESC" NOT NULL ENABLE);
  ALTER TABLE "JAVA"."PRODUCT_TBL" MODIFY ("PRD_NAME" NOT NULL ENABLE);
--------------------------------------------------------
--  Constraints for Table MEMBER
--------------------------------------------------------

  ALTER TABLE "JAVA"."MEMBER" ADD PRIMARY KEY ("MEMBER_ID")
  USING INDEX PCTFREE 10 INITRANS 2 MAXTRANS 255 
  STORAGE(INITIAL 65536 NEXT 1048576 MINEXTENTS 1 MAXEXTENTS 2147483645
  PCTINCREASE 0 FREELISTS 1 FREELIST GROUPS 1 BUFFER_POOL DEFAULT FLASH_CACHE DEFAULT CELL_FLASH_CACHE DEFAULT)
  TABLESPACE "SYSTEM"  ENABLE;
  ALTER TABLE "JAVA"."MEMBER" MODIFY ("PERMISSION" NOT NULL ENABLE);
  ALTER TABLE "JAVA"."MEMBER" MODIFY ("JOINED_DATE" NOT NULL ENABLE);
  ALTER TABLE "JAVA"."MEMBER" MODIFY ("TEL" NOT NULL ENABLE);
  ALTER TABLE "JAVA"."MEMBER" MODIFY ("MEMBER_NAME" NOT NULL ENABLE);
  ALTER TABLE "JAVA"."MEMBER" MODIFY ("PASSWORD" NOT NULL ENABLE);
--------------------------------------------------------
--  Constraints for Table SITE_OPTION
--------------------------------------------------------

  ALTER TABLE "JAVA"."SITE_OPTION" ADD PRIMARY KEY ("OPTION_NO")
  USING INDEX PCTFREE 10 INITRANS 2 MAXTRANS 255 
  STORAGE(INITIAL 65536 NEXT 1048576 MINEXTENTS 1 MAXEXTENTS 2147483645
  PCTINCREASE 0 FREELISTS 1 FREELIST GROUPS 1 BUFFER_POOL DEFAULT FLASH_CACHE DEFAULT CELL_FLASH_CACHE DEFAULT)
  TABLESPACE "SYSTEM"  ENABLE;
--------------------------------------------------------
--  Constraints for Table SITE_BOOK
--------------------------------------------------------

  ALTER TABLE "JAVA"."SITE_BOOK" ADD PRIMARY KEY ("BOOK_NO")
  USING INDEX PCTFREE 10 INITRANS 2 MAXTRANS 255 
  STORAGE(INITIAL 65536 NEXT 1048576 MINEXTENTS 1 MAXEXTENTS 2147483645
  PCTINCREASE 0 FREELISTS 1 FREELIST GROUPS 1 BUFFER_POOL DEFAULT FLASH_CACHE DEFAULT CELL_FLASH_CACHE DEFAULT)
  TABLESPACE "SYSTEM"  ENABLE;
  ALTER TABLE "JAVA"."SITE_BOOK" MODIFY ("CREATE_DATE" NOT NULL ENABLE);
  ALTER TABLE "JAVA"."SITE_BOOK" MODIFY ("END_DATE" NOT NULL ENABLE);
  ALTER TABLE "JAVA"."SITE_BOOK" MODIFY ("START_DATE" NOT NULL ENABLE);
  ALTER TABLE "JAVA"."SITE_BOOK" MODIFY ("MEM_CNT" NOT NULL ENABLE);
  ALTER TABLE "JAVA"."SITE_BOOK" MODIFY ("SITE_NO" NOT NULL ENABLE);
  ALTER TABLE "JAVA"."SITE_BOOK" MODIFY ("MEMBER_ID" NOT NULL ENABLE);
--------------------------------------------------------
--  Constraints for Table BOARD
--------------------------------------------------------

  ALTER TABLE "JAVA"."BOARD" ADD PRIMARY KEY ("BOARD_NO")
  USING INDEX PCTFREE 10 INITRANS 2 MAXTRANS 255 
  STORAGE(INITIAL 65536 NEXT 1048576 MINEXTENTS 1 MAXEXTENTS 2147483645
  PCTINCREASE 0 FREELISTS 1 FREELIST GROUPS 1 BUFFER_POOL DEFAULT FLASH_CACHE DEFAULT CELL_FLASH_CACHE DEFAULT)
  TABLESPACE "SYSTEM"  ENABLE;
  ALTER TABLE "JAVA"."BOARD" MODIFY ("WRITE_DATE" NOT NULL ENABLE);
  ALTER TABLE "JAVA"."BOARD" MODIFY ("TITLE" NOT NULL ENABLE);
  ALTER TABLE "JAVA"."BOARD" MODIFY ("BOARD_CATEGORY" NOT NULL ENABLE);
--------------------------------------------------------
--  Constraints for Table SITE
--------------------------------------------------------

  ALTER TABLE "JAVA"."SITE" ADD PRIMARY KEY ("SITE_NO")
  USING INDEX PCTFREE 10 INITRANS 2 MAXTRANS 255 
  STORAGE(INITIAL 65536 NEXT 1048576 MINEXTENTS 1 MAXEXTENTS 2147483645
  PCTINCREASE 0 FREELISTS 1 FREELIST GROUPS 1 BUFFER_POOL DEFAULT FLASH_CACHE DEFAULT CELL_FLASH_CACHE DEFAULT)
  TABLESPACE "SYSTEM"  ENABLE;
  ALTER TABLE "JAVA"."SITE" MODIFY ("USE_FLAG" NOT NULL ENABLE);
  ALTER TABLE "JAVA"."SITE" MODIFY ("SITE_PRICE" NOT NULL ENABLE);
  ALTER TABLE "JAVA"."SITE" MODIFY ("SITE_MAX" NOT NULL ENABLE);
  ALTER TABLE "JAVA"."SITE" MODIFY ("CATEGORY" NOT NULL ENABLE);
--------------------------------------------------------
--  Constraints for Table TBL_EVENT
--------------------------------------------------------

  ALTER TABLE "JAVA"."TBL_EVENT" MODIFY ("START_DATE" NOT NULL ENABLE);
  ALTER TABLE "JAVA"."TBL_EVENT" MODIFY ("TITLE" NOT NULL ENABLE);
--------------------------------------------------------
--  Constraints for Table TBL_STORAGE
--------------------------------------------------------

  ALTER TABLE "JAVA"."TBL_STORAGE" ADD PRIMARY KEY ("STO_TYPE")
  USING INDEX PCTFREE 10 INITRANS 2 MAXTRANS 255 
  STORAGE(INITIAL 65536 NEXT 1048576 MINEXTENTS 1 MAXEXTENTS 2147483645
  PCTINCREASE 0 FREELISTS 1 FREELIST GROUPS 1 BUFFER_POOL DEFAULT FLASH_CACHE DEFAULT CELL_FLASH_CACHE DEFAULT)
  TABLESPACE "SYSTEM"  ENABLE;
  ALTER TABLE "JAVA"."TBL_STORAGE" MODIFY ("STO_LOSS" NOT NULL ENABLE);
  ALTER TABLE "JAVA"."TBL_STORAGE" MODIFY ("STO_NOW" NOT NULL ENABLE);
  ALTER TABLE "JAVA"."TBL_STORAGE" MODIFY ("STO_SELL" NOT NULL ENABLE);
  ALTER TABLE "JAVA"."TBL_STORAGE" MODIFY ("STO_QUAN" NOT NULL ENABLE);
--------------------------------------------------------
--  Constraints for Table TBL_BOARD
--------------------------------------------------------

  ALTER TABLE "JAVA"."TBL_BOARD" ADD PRIMARY KEY ("BOARD_NO")
  USING INDEX PCTFREE 10 INITRANS 2 MAXTRANS 255 
  STORAGE(INITIAL 65536 NEXT 1048576 MINEXTENTS 1 MAXEXTENTS 2147483645
  PCTINCREASE 0 FREELISTS 1 FREELIST GROUPS 1 BUFFER_POOL DEFAULT FLASH_CACHE DEFAULT CELL_FLASH_CACHE DEFAULT)
  TABLESPACE "SYSTEM"  ENABLE;
  ALTER TABLE "JAVA"."TBL_BOARD" MODIFY ("WRITER" NOT NULL ENABLE);
  ALTER TABLE "JAVA"."TBL_BOARD" MODIFY ("CONTENT" NOT NULL ENABLE);
  ALTER TABLE "JAVA"."TBL_BOARD" MODIFY ("TITLE" NOT NULL ENABLE);
--------------------------------------------------------
--  Constraints for Table TBL_BUY_LIST
--------------------------------------------------------

  ALTER TABLE "JAVA"."TBL_BUY_LIST" ADD PRIMARY KEY ("LIST_NAME")
  USING INDEX PCTFREE 10 INITRANS 2 MAXTRANS 255 
  STORAGE(INITIAL 65536 NEXT 1048576 MINEXTENTS 1 MAXEXTENTS 2147483645
  PCTINCREASE 0 FREELISTS 1 FREELIST GROUPS 1 BUFFER_POOL DEFAULT FLASH_CACHE DEFAULT CELL_FLASH_CACHE DEFAULT)
  TABLESPACE "SYSTEM"  ENABLE;
  ALTER TABLE "JAVA"."TBL_BUY_LIST" MODIFY ("STO_TYPE" NOT NULL ENABLE);
  ALTER TABLE "JAVA"."TBL_BUY_LIST" MODIFY ("COP_NAME" NOT NULL ENABLE);
--------------------------------------------------------
--  Constraints for Table TBL_REPLY
--------------------------------------------------------

  ALTER TABLE "JAVA"."TBL_REPLY" ADD CONSTRAINT "PK_REPLY" PRIMARY KEY ("REPLY_NO")
  USING INDEX PCTFREE 10 INITRANS 2 MAXTRANS 255 COMPUTE STATISTICS 
  STORAGE(INITIAL 65536 NEXT 1048576 MINEXTENTS 1 MAXEXTENTS 2147483645
  PCTINCREASE 0 FREELISTS 1 FREELIST GROUPS 1 BUFFER_POOL DEFAULT FLASH_CACHE DEFAULT CELL_FLASH_CACHE DEFAULT)
  TABLESPACE "SYSTEM"  ENABLE;
  ALTER TABLE "JAVA"."TBL_REPLY" MODIFY ("BOARD_NO" NOT NULL ENABLE);
  ALTER TABLE "JAVA"."TBL_REPLY" MODIFY ("REPLYER" NOT NULL ENABLE);
  ALTER TABLE "JAVA"."TBL_REPLY" MODIFY ("REPLY" NOT NULL ENABLE);
--------------------------------------------------------
--  Constraints for Table TBL_CARE_LIST
--------------------------------------------------------

  ALTER TABLE "JAVA"."TBL_CARE_LIST" ADD PRIMARY KEY ("CARE_NO")
  USING INDEX PCTFREE 10 INITRANS 2 MAXTRANS 255 
  STORAGE(INITIAL 65536 NEXT 1048576 MINEXTENTS 1 MAXEXTENTS 2147483645
  PCTINCREASE 0 FREELISTS 1 FREELIST GROUPS 1 BUFFER_POOL DEFAULT FLASH_CACHE DEFAULT CELL_FLASH_CACHE DEFAULT)
  TABLESPACE "SYSTEM"  ENABLE;
  ALTER TABLE "JAVA"."TBL_CARE_LIST" MODIFY ("CONS_ID" NOT NULL ENABLE);
  ALTER TABLE "JAVA"."TBL_CARE_LIST" MODIFY ("STO_TYPE" NOT NULL ENABLE);
--------------------------------------------------------
--  Constraints for Table TBL_PERSON
--------------------------------------------------------

  ALTER TABLE "JAVA"."TBL_PERSON" ADD PRIMARY KEY ("P_ID")
  USING INDEX PCTFREE 10 INITRANS 2 MAXTRANS 255 
  STORAGE(INITIAL 65536 NEXT 1048576 MINEXTENTS 1 MAXEXTENTS 2147483645
  PCTINCREASE 0 FREELISTS 1 FREELIST GROUPS 1 BUFFER_POOL DEFAULT FLASH_CACHE DEFAULT CELL_FLASH_CACHE DEFAULT)
  TABLESPACE "SYSTEM"  ENABLE;
  ALTER TABLE "JAVA"."TBL_PERSON" MODIFY ("P_NAME" NOT NULL ENABLE);
--------------------------------------------------------
--  Constraints for Table TBL_BUY
--------------------------------------------------------

  ALTER TABLE "JAVA"."TBL_BUY" MODIFY ("BUY_QUAN" NOT NULL ENABLE);
  ALTER TABLE "JAVA"."TBL_BUY" MODIFY ("BUY_NAME" NOT NULL ENABLE);
  ALTER TABLE "JAVA"."TBL_BUY" MODIFY ("BUY_TYPE" NOT NULL ENABLE);
--------------------------------------------------------
--  Constraints for Table SITE_BOOK_OPTION
--------------------------------------------------------

  ALTER TABLE "JAVA"."SITE_BOOK_OPTION" MODIFY ("SITE_NO" NOT NULL ENABLE);
  ALTER TABLE "JAVA"."SITE_BOOK_OPTION" MODIFY ("MEMBER_ID" NOT NULL ENABLE);
  ALTER TABLE "JAVA"."SITE_BOOK_OPTION" MODIFY ("BOOK_NO" NOT NULL ENABLE);
  ALTER TABLE "JAVA"."SITE_BOOK_OPTION" MODIFY ("OPTION_NO" NOT NULL ENABLE);
--------------------------------------------------------
--  Ref Constraints for Table TBL_BUY
--------------------------------------------------------

  ALTER TABLE "JAVA"."TBL_BUY" ADD CONSTRAINT "FK_BUY" FOREIGN KEY ("BUY_TYPE")
	  REFERENCES "JAVA"."TBL_STORAGE" ("STO_TYPE") ENABLE;
--------------------------------------------------------
--  Ref Constraints for Table TBL_CONSULT
--------------------------------------------------------

  ALTER TABLE "JAVA"."TBL_CONSULT" ADD CONSTRAINT "FK" FOREIGN KEY ("P_ID")
	  REFERENCES "JAVA"."TBL_PERSON" ("P_ID") ON DELETE SET NULL ENABLE;




-- 내가 수정한 것들

select * 
from site;

select * 
from site_book;

select * 
from site_book_option;

select *
from site_option;

select * 
from member;

select * 
from board;

select board_no,
        board_category,
        book_no,
        reply_no,
        secret_flag,
        title,
        content,
        board_pw,
        notice_flag,
        board_file,
        writer,
        view_cnt,
        write_date
        from board
        order by
        board_no desc;
        
desc board;

 select b.*
    from (select rownum rn, a.*
    from (select *
    from board
    order by notice_flag desc, board_no desc
    ) a
    ) b;


-- Step 1: 새로운 임시 컬럼 추가
ALTER TABLE board ADD (new_board_pw NUMBER);

-- Step 2: 기존 데이터를 새 컬럼으로 복사
UPDATE board SET new_board_pw = board_pw;

-- Step 3: 기존 컬럼 삭제
ALTER TABLE board DROP COLUMN board_pw;

-- Step 4: 새 컬럼의 이름을 기존 컬럼명으로 변경
ALTER TABLE board RENAME COLUMN new_board_pw TO board_pw;

ALTER TABLE board
MODIFY (book_no NULL);

UPDATE board
SET book_no = NULL
WHERE book_no = 0;

UPDATE board
SET board_category = 'reply'
WHERE board_no = 3012;


UPDATE board
SET board_category = 'reply'
WHERE board_no = 3012;


UPDATE board
SET board_category = 'reply'
WHERE board_no = 3016;

select * from board;
select * from member;
commit;

desc board;

select s.book_no 
from site_book s join member m
on s.member_id = m.member_id
where s.member_id = 'mid902';

select book_no
from site_book
where member_id = 'mid901';

select * from site_book;

select * from member;
select * from board;

select * from board
where board_category = 'review';

--drop table member;
--drop table board;

commit;