--------------------------------------------------------
--  파일이 생성됨 - 화요일-11월-05-2024   
--------------------------------------------------------
--------------------------------------------------------
--  DDL for Sequence BOARD_SEQ
--------------------------------------------------------

   CREATE SEQUENCE  "JAVA"."BOARD_SEQ"  MINVALUE 1 MAXVALUE 9999999999999999999999999999 INCREMENT BY 1 START WITH 901 CACHE 20 NOORDER  NOCYCLE ;
--------------------------------------------------------
--  DDL for Sequence BOOK_OPTION_SEQ
--------------------------------------------------------

   CREATE SEQUENCE  "JAVA"."BOOK_OPTION_SEQ"  MINVALUE 1 MAXVALUE 9999999999999999999999999999 INCREMENT BY 1 START WITH 1 CACHE 20 NOORDER  NOCYCLE ;
--------------------------------------------------------
--  DDL for Sequence BOOK_SEQ
--------------------------------------------------------

   CREATE SEQUENCE  "JAVA"."BOOK_SEQ"  MINVALUE 1 MAXVALUE 9999999999999999999999999999 INCREMENT BY 1 START WITH 101 CACHE 20 NOORDER  NOCYCLE ;
--------------------------------------------------------
--  DDL for Sequence HWAN_TEST
--------------------------------------------------------

   CREATE SEQUENCE  "JAVA"."HWAN_TEST"  MINVALUE 1 MAXVALUE 9999999999999999999999999999 INCREMENT BY 1 START WITH 41 CACHE 20 NOORDER  NOCYCLE ;
--------------------------------------------------------
--  DDL for Sequence REPLY_SEQ
--------------------------------------------------------

   CREATE SEQUENCE  "JAVA"."REPLY_SEQ"  MINVALUE 1 MAXVALUE 9999999999999999999999999999 INCREMENT BY 1 START WITH 1181 CACHE 20 NOORDER  NOCYCLE ;
--------------------------------------------------------
--  DDL for Sequence SEQ_BNO
--------------------------------------------------------

   CREATE SEQUENCE  "JAVA"."SEQ_BNO"  MINVALUE 1 MAXVALUE 9999999999999999999999999999 INCREMENT BY 1 START WITH 10 NOCACHE  NOORDER  NOCYCLE ;
--------------------------------------------------------
--  DDL for Sequence SEQ_BUY
--------------------------------------------------------

   CREATE SEQUENCE  "JAVA"."SEQ_BUY"  MINVALUE 1 MAXVALUE 9999999999999999999999999999 INCREMENT BY 1 START WITH 1 NOCACHE  NOORDER  NOCYCLE ;
--------------------------------------------------------
--  DDL for Table BOARD
--------------------------------------------------------

  CREATE TABLE "JAVA"."BOARD" 
   (	"BOARD_NO" NUMBER, 
	"BOARD_CATEGORY" VARCHAR2(40 BYTE), 
	"BOOK_NO" VARCHAR2(40 BYTE), 
	"SECRET_FLAG" NUMBER DEFAULT 0, 
	"TITLE" VARCHAR2(200 BYTE), 
	"CONTENT" VARCHAR2(1000 BYTE), 
	"NOTICE_FLAG" NUMBER DEFAULT 0, 
	"BOARD_FILE" VARCHAR2(40 BYTE), 
	"WRITER" VARCHAR2(40 BYTE), 
	"VIEW_CNT" NUMBER DEFAULT 0, 
	"WRITE_DATE" DATE DEFAULT sysdate, 
	"REPLY_NO" NUMBER, 
	"BOARD_PW" NUMBER
   ) SEGMENT CREATION IMMEDIATE 
  PCTFREE 10 PCTUSED 40 INITRANS 1 MAXTRANS 255 NOCOMPRESS LOGGING
  STORAGE(INITIAL 65536 NEXT 1048576 MINEXTENTS 1 MAXEXTENTS 2147483645
  PCTINCREASE 0 FREELISTS 1 FREELIST GROUPS 1 BUFFER_POOL DEFAULT FLASH_CACHE DEFAULT CELL_FLASH_CACHE DEFAULT)
  TABLESPACE "SYSTEM" ;
--------------------------------------------------------
--  DDL for Table BOARDS
--------------------------------------------------------

  CREATE TABLE "JAVA"."BOARDS" 
   (	"BNO" NUMBER, 
	"BTITLE" VARCHAR2(100 BYTE), 
	"CONTENT" VARCHAR2(1000 BYTE), 
	"BWRITER" VARCHAR2(50 BYTE), 
	"BDATE" DATE DEFAULT sysdate
   ) SEGMENT CREATION IMMEDIATE 
  PCTFREE 10 PCTUSED 40 INITRANS 1 MAXTRANS 255 NOCOMPRESS LOGGING
  STORAGE(INITIAL 65536 NEXT 1048576 MINEXTENTS 1 MAXEXTENTS 2147483645
  PCTINCREASE 0 FREELISTS 1 FREELIST GROUPS 1 BUFFER_POOL DEFAULT FLASH_CACHE DEFAULT CELL_FLASH_CACHE DEFAULT)
  TABLESPACE "SYSTEM" ;
--------------------------------------------------------
--  DDL for Table BOOK
--------------------------------------------------------

  CREATE TABLE "JAVA"."BOOK" 
   (	"TITLE" VARCHAR2(50 BYTE), 
	"WRITER" VARCHAR2(50 BYTE), 
	"PRICE" NUMBER, 
	"BNUM" VARCHAR2(50 BYTE)
   ) SEGMENT CREATION IMMEDIATE 
  PCTFREE 10 PCTUSED 40 INITRANS 1 MAXTRANS 255 NOCOMPRESS LOGGING
  STORAGE(INITIAL 65536 NEXT 1048576 MINEXTENTS 1 MAXEXTENTS 2147483645
  PCTINCREASE 0 FREELISTS 1 FREELIST GROUPS 1 BUFFER_POOL DEFAULT FLASH_CACHE DEFAULT CELL_FLASH_CACHE DEFAULT)
  TABLESPACE "SYSTEM" ;
--------------------------------------------------------
--  DDL for Table EMPLOYEE
--------------------------------------------------------

  CREATE TABLE "JAVA"."EMPLOYEE" 
   (	"EMPLOYEE_ID" VARCHAR2(50 BYTE), 
	"EMPLOYEE_NAME" VARCHAR2(50 BYTE), 
	"PHONE" VARCHAR2(50 BYTE), 
	"HIRE_DATE" DATE DEFAULT sysdate, 
	"SALARY" VARCHAR2(50 BYTE)
   ) SEGMENT CREATION IMMEDIATE 
  PCTFREE 10 PCTUSED 40 INITRANS 1 MAXTRANS 255 NOCOMPRESS LOGGING
  STORAGE(INITIAL 65536 NEXT 1048576 MINEXTENTS 1 MAXEXTENTS 2147483645
  PCTINCREASE 0 FREELISTS 1 FREELIST GROUPS 1 BUFFER_POOL DEFAULT FLASH_CACHE DEFAULT CELL_FLASH_CACHE DEFAULT)
  TABLESPACE "SYSTEM" ;
--------------------------------------------------------
--  DDL for Table MEMBER
--------------------------------------------------------

  CREATE TABLE "JAVA"."MEMBER" 
   (	"MEMBER_ID" VARCHAR2(40 BYTE), 
	"PASSWORD" VARCHAR2(40 BYTE), 
	"MEMBER_NAME" VARCHAR2(40 BYTE), 
	"ADDRESS" VARCHAR2(1000 BYTE), 
	"EMAIL" VARCHAR2(40 BYTE), 
	"TEL" VARCHAR2(40 BYTE), 
	"JOINED_DATE" DATE DEFAULT sysdate, 
	"PERMISSION" VARCHAR2(40 BYTE) DEFAULT 'user', 
	"QUIT" NUMBER DEFAULT 0
   ) SEGMENT CREATION IMMEDIATE 
  PCTFREE 10 PCTUSED 40 INITRANS 1 MAXTRANS 255 NOCOMPRESS LOGGING
  STORAGE(INITIAL 65536 NEXT 1048576 MINEXTENTS 1 MAXEXTENTS 2147483645
  PCTINCREASE 0 FREELISTS 1 FREELIST GROUPS 1 BUFFER_POOL DEFAULT FLASH_CACHE DEFAULT CELL_FLASH_CACHE DEFAULT)
  TABLESPACE "SYSTEM" ;
--------------------------------------------------------
--  DDL for Table PRODUCT_TBL
--------------------------------------------------------

  CREATE TABLE "JAVA"."PRODUCT_TBL" 
   (	"PRD_CODE" CHAR(4 BYTE), 
	"PRD_NAME" VARCHAR2(100 BYTE), 
	"PRD_DESC" VARCHAR2(1000 BYTE), 
	"ORIGIN_PRICE" NUMBER, 
	"SALE_PRICE" NUMBER, 
	"STAR_POINT" NUMBER, 
	"PROD_IMAGE" VARCHAR2(100 BYTE), 
	"CREATION_DATE" DATE DEFAULT sysdate --생성일자.

   ) SEGMENT CREATION IMMEDIATE 
  PCTFREE 10 PCTUSED 40 INITRANS 1 MAXTRANS 255 NOCOMPRESS LOGGING
  STORAGE(INITIAL 65536 NEXT 1048576 MINEXTENTS 1 MAXEXTENTS 2147483645
  PCTINCREASE 0 FREELISTS 1 FREELIST GROUPS 1 BUFFER_POOL DEFAULT FLASH_CACHE DEFAULT CELL_FLASH_CACHE DEFAULT)
  TABLESPACE "SYSTEM" ;
--------------------------------------------------------
--  DDL for Table SITE
--------------------------------------------------------

  CREATE TABLE "JAVA"."SITE" 
   (	"SITE_NO" NUMBER, 
	"SITE_NAME" VARCHAR2(40 BYTE), 
	"CATEGORY" VARCHAR2(20 BYTE), 
	"SITE_MAX" NUMBER DEFAULT 2, 
	"SITE_PRICE" NUMBER DEFAULT 0, 
	"USE_FLAG" VARCHAR2(10 BYTE) DEFAULT 'y'
   ) SEGMENT CREATION IMMEDIATE 
  PCTFREE 10 PCTUSED 40 INITRANS 1 MAXTRANS 255 NOCOMPRESS LOGGING
  STORAGE(INITIAL 65536 NEXT 1048576 MINEXTENTS 1 MAXEXTENTS 2147483645
  PCTINCREASE 0 FREELISTS 1 FREELIST GROUPS 1 BUFFER_POOL DEFAULT FLASH_CACHE DEFAULT CELL_FLASH_CACHE DEFAULT)
  TABLESPACE "SYSTEM" ;
--------------------------------------------------------
--  DDL for Table SITE_BOOK
--------------------------------------------------------

  CREATE TABLE "JAVA"."SITE_BOOK" 
   (	"BOOK_NO" NUMBER, 
	"MEMBER_ID" VARCHAR2(40 BYTE), 
	"SITE_NO" NUMBER, 
	"MEM_CNT" NUMBER DEFAULT 2, 
	"START_DATE" VARCHAR2(40 BYTE), 
	"END_DATE" VARCHAR2(40 BYTE), 
	"CAR_NUM" VARCHAR2(40 BYTE), 
	"TOTAL_PRICE" NUMBER DEFAULT 0, 
	"REVIEW_FLAG" NUMBER DEFAULT 0, 
	"CANCEL_FLAG" NUMBER DEFAULT 0, 
	"CREATE_DATE" DATE DEFAULT sysdate
   ) SEGMENT CREATION IMMEDIATE 
  PCTFREE 10 PCTUSED 40 INITRANS 1 MAXTRANS 255 NOCOMPRESS LOGGING
  STORAGE(INITIAL 65536 NEXT 1048576 MINEXTENTS 1 MAXEXTENTS 2147483645
  PCTINCREASE 0 FREELISTS 1 FREELIST GROUPS 1 BUFFER_POOL DEFAULT FLASH_CACHE DEFAULT CELL_FLASH_CACHE DEFAULT)
  TABLESPACE "SYSTEM" ;
--------------------------------------------------------
--  DDL for Table SITE_BOOK_OPTION
--------------------------------------------------------

  CREATE TABLE "JAVA"."SITE_BOOK_OPTION" 
   (	"OPTION_NO" NUMBER, 
	"BOOK_NO" NUMBER, 
	"MEMBER_ID" VARCHAR2(40 BYTE), 
	"SITE_NO" NUMBER
   ) SEGMENT CREATION IMMEDIATE 
  PCTFREE 10 PCTUSED 40 INITRANS 1 MAXTRANS 255 NOCOMPRESS LOGGING
  STORAGE(INITIAL 65536 NEXT 1048576 MINEXTENTS 1 MAXEXTENTS 2147483645
  PCTINCREASE 0 FREELISTS 1 FREELIST GROUPS 1 BUFFER_POOL DEFAULT FLASH_CACHE DEFAULT CELL_FLASH_CACHE DEFAULT)
  TABLESPACE "SYSTEM" ;
--------------------------------------------------------
--  DDL for Table SITE_OPTION
--------------------------------------------------------

  CREATE TABLE "JAVA"."SITE_OPTION" 
   (	"OPTION_NO" NUMBER, 
	"OPTION_NAME" VARCHAR2(200 BYTE), 
	"OPTION_PRICE" NUMBER DEFAULT 0
   ) SEGMENT CREATION IMMEDIATE 
  PCTFREE 10 PCTUSED 40 INITRANS 1 MAXTRANS 255 NOCOMPRESS LOGGING
  STORAGE(INITIAL 65536 NEXT 1048576 MINEXTENTS 1 MAXEXTENTS 2147483645
  PCTINCREASE 0 FREELISTS 1 FREELIST GROUPS 1 BUFFER_POOL DEFAULT FLASH_CACHE DEFAULT CELL_FLASH_CACHE DEFAULT)
  TABLESPACE "SYSTEM" ;
--------------------------------------------------------
--  DDL for Table TBL_BOARD
--------------------------------------------------------

  CREATE TABLE "JAVA"."TBL_BOARD" 
   (	"BOARD_NO" NUMBER, 
	"TITLE" VARCHAR2(100 BYTE), 
	"CONTENT" VARCHAR2(1000 BYTE), 
	"WRITER" VARCHAR2(50 BYTE), 
	"VIEW_CNT" NUMBER DEFAULT 0, 
	"WRITE_DATE" DATE DEFAULT sysdate, 
	"UPDATE_DATE" DATE DEFAULT sysdate -- 최종수정일
, 
	"IMG" VARCHAR2(100 BYTE)
   ) SEGMENT CREATION IMMEDIATE 
  PCTFREE 10 PCTUSED 40 INITRANS 1 MAXTRANS 255 NOCOMPRESS LOGGING
  STORAGE(INITIAL 65536 NEXT 1048576 MINEXTENTS 1 MAXEXTENTS 2147483645
  PCTINCREASE 0 FREELISTS 1 FREELIST GROUPS 1 BUFFER_POOL DEFAULT FLASH_CACHE DEFAULT CELL_FLASH_CACHE DEFAULT)
  TABLESPACE "SYSTEM" ;
--------------------------------------------------------
--  DDL for Table TBL_BUY
--------------------------------------------------------

  CREATE TABLE "JAVA"."TBL_BUY" 
   (	"BUY_DATE" DATE DEFAULT sysdate, 
	"BUY_TYPE" VARCHAR2(50 BYTE), 
	"BUY_NAME" VARCHAR2(50 BYTE), 
	"BUY_QUAN" NUMBER(10,0), 
	"BUY_CAUTION" VARCHAR2(50 BYTE), 
	"BUY_NO" NUMBER(5,0)
   ) SEGMENT CREATION IMMEDIATE 
  PCTFREE 10 PCTUSED 40 INITRANS 1 MAXTRANS 255 NOCOMPRESS LOGGING
  STORAGE(INITIAL 65536 NEXT 1048576 MINEXTENTS 1 MAXEXTENTS 2147483645
  PCTINCREASE 0 FREELISTS 1 FREELIST GROUPS 1 BUFFER_POOL DEFAULT FLASH_CACHE DEFAULT CELL_FLASH_CACHE DEFAULT)
  TABLESPACE "SYSTEM" ;
--------------------------------------------------------
--  DDL for Table TBL_BUY_LIST
--------------------------------------------------------

  CREATE TABLE "JAVA"."TBL_BUY_LIST" 
   (	"LIST_NAME" VARCHAR2(50 BYTE), 
	"BUY_DATE" DATE DEFAULT sysdate, 
	"COP_NAME" VARCHAR2(50 BYTE), 
	"STO_TYPE" VARCHAR2(50 BYTE), 
	"BUY_QUAN" NUMBER(5,0), 
	"CONTENT" VARCHAR2(50 BYTE)
   ) SEGMENT CREATION IMMEDIATE 
  PCTFREE 10 PCTUSED 40 INITRANS 1 MAXTRANS 255 NOCOMPRESS LOGGING
  STORAGE(INITIAL 65536 NEXT 1048576 MINEXTENTS 1 MAXEXTENTS 2147483645
  PCTINCREASE 0 FREELISTS 1 FREELIST GROUPS 1 BUFFER_POOL DEFAULT FLASH_CACHE DEFAULT CELL_FLASH_CACHE DEFAULT)
  TABLESPACE "SYSTEM" ;
--------------------------------------------------------
--  DDL for Table TBL_CARE_LIST
--------------------------------------------------------

  CREATE TABLE "JAVA"."TBL_CARE_LIST" 
   (	"CARE_NO" VARCHAR2(50 BYTE), 
	"CARE_DATE" DATE DEFAULT sysdate, 
	"P_ID" VARCHAR2(50 BYTE), 
	"STO_TYPE" VARCHAR2(50 BYTE), 
	"SELL_QUAN" NUMBER(5,0), 
	"CONS_ID" VARCHAR2(50 BYTE), 
	"CONTENT" VARCHAR2(50 BYTE)
   ) SEGMENT CREATION IMMEDIATE 
  PCTFREE 10 PCTUSED 40 INITRANS 1 MAXTRANS 255 NOCOMPRESS LOGGING
  STORAGE(INITIAL 65536 NEXT 1048576 MINEXTENTS 1 MAXEXTENTS 2147483645
  PCTINCREASE 0 FREELISTS 1 FREELIST GROUPS 1 BUFFER_POOL DEFAULT FLASH_CACHE DEFAULT CELL_FLASH_CACHE DEFAULT)
  TABLESPACE "SYSTEM" ;
--------------------------------------------------------
--  DDL for Table TBL_CONSULT
--------------------------------------------------------

  CREATE TABLE "JAVA"."TBL_CONSULT" 
   (	"CONS_DATE" DATE DEFAULT sysdate, 
	"CONS_ID" VARCHAR2(50 BYTE), 
	"P_ID" VARCHAR2(50 BYTE), 
	"ANI_NAME" VARCHAR2(50 BYTE), 
	"ANI_TYPE" VARCHAR2(50 BYTE), 
	"CONS_CONTENT" VARCHAR2(50 BYTE), 
	"CONS_PRESCRIPTION" VARCHAR2(50 BYTE)
   ) SEGMENT CREATION IMMEDIATE 
  PCTFREE 10 PCTUSED 40 INITRANS 1 MAXTRANS 255 NOCOMPRESS LOGGING
  STORAGE(INITIAL 65536 NEXT 1048576 MINEXTENTS 1 MAXEXTENTS 2147483645
  PCTINCREASE 0 FREELISTS 1 FREELIST GROUPS 1 BUFFER_POOL DEFAULT FLASH_CACHE DEFAULT CELL_FLASH_CACHE DEFAULT)
  TABLESPACE "SYSTEM" ;
--------------------------------------------------------
--  DDL for Table TBL_EVENT
--------------------------------------------------------

  CREATE TABLE "JAVA"."TBL_EVENT" 
   (	"TITLE" VARCHAR2(1000 BYTE), 
	"START_DATE" VARCHAR2(20 BYTE), 
	"END" VARCHAR2(20 BYTE)
   ) SEGMENT CREATION IMMEDIATE 
  PCTFREE 10 PCTUSED 40 INITRANS 1 MAXTRANS 255 NOCOMPRESS LOGGING
  STORAGE(INITIAL 65536 NEXT 1048576 MINEXTENTS 1 MAXEXTENTS 2147483645
  PCTINCREASE 0 FREELISTS 1 FREELIST GROUPS 1 BUFFER_POOL DEFAULT FLASH_CACHE DEFAULT CELL_FLASH_CACHE DEFAULT)
  TABLESPACE "SYSTEM" ;
--------------------------------------------------------
--  DDL for Table TBL_MEMBER
--------------------------------------------------------

  CREATE TABLE "JAVA"."TBL_MEMBER" 
   (	"MEMBER_ID" VARCHAR2(30 BYTE), 
	"PASSWORD" VARCHAR2(30 BYTE), 
	"MEMBER_NAME" VARCHAR2(30 BYTE), 
	"PHONE" VARCHAR2(20 BYTE), 
	"RESPONSIBILITY" VARCHAR2(10 BYTE) DEFAULT 'User', 
	"CREATION_DATE" DATE DEFAULT sysdate --데이터생성 시점저장.

   ) SEGMENT CREATION IMMEDIATE 
  PCTFREE 10 PCTUSED 40 INITRANS 1 MAXTRANS 255 NOCOMPRESS LOGGING
  STORAGE(INITIAL 65536 NEXT 1048576 MINEXTENTS 1 MAXEXTENTS 2147483645
  PCTINCREASE 0 FREELISTS 1 FREELIST GROUPS 1 BUFFER_POOL DEFAULT FLASH_CACHE DEFAULT CELL_FLASH_CACHE DEFAULT)
  TABLESPACE "SYSTEM" ;
--------------------------------------------------------
--  DDL for Table TBL_PERSON
--------------------------------------------------------

  CREATE TABLE "JAVA"."TBL_PERSON" 
   (	"P_ID" VARCHAR2(50 BYTE), 
	"P_NAME" VARCHAR2(50 BYTE), 
	"P_AGE" VARCHAR2(50 BYTE), 
	"P_PHONE" VARCHAR2(50 BYTE), 
	"P_HOME" VARCHAR2(50 BYTE), 
	"P_ANIMALS" VARCHAR2(50 BYTE), 
	"P_DATE" DATE DEFAULT sysdate, 
	"PW" VARCHAR2(50 BYTE)
   ) SEGMENT CREATION IMMEDIATE 
  PCTFREE 10 PCTUSED 40 INITRANS 1 MAXTRANS 255 NOCOMPRESS LOGGING
  STORAGE(INITIAL 65536 NEXT 1048576 MINEXTENTS 1 MAXEXTENTS 2147483645
  PCTINCREASE 0 FREELISTS 1 FREELIST GROUPS 1 BUFFER_POOL DEFAULT FLASH_CACHE DEFAULT CELL_FLASH_CACHE DEFAULT)
  TABLESPACE "SYSTEM" ;
--------------------------------------------------------
--  DDL for Table TBL_REPLY
--------------------------------------------------------

  CREATE TABLE "JAVA"."TBL_REPLY" 
   (	"REPLY_NO" NUMBER, 
	"REPLY" VARCHAR2(1000 BYTE), 
	"REPLYER" VARCHAR2(30 BYTE), 
	"BOARD_NO" NUMBER, 
	"REPLY_DATE" DATE DEFAULT sysdate
   ) SEGMENT CREATION IMMEDIATE 
  PCTFREE 10 PCTUSED 40 INITRANS 1 MAXTRANS 255 NOCOMPRESS LOGGING
  STORAGE(INITIAL 65536 NEXT 1048576 MINEXTENTS 1 MAXEXTENTS 2147483645
  PCTINCREASE 0 FREELISTS 1 FREELIST GROUPS 1 BUFFER_POOL DEFAULT FLASH_CACHE DEFAULT CELL_FLASH_CACHE DEFAULT)
  TABLESPACE "SYSTEM" ;
--------------------------------------------------------
--  DDL for Table TBL_STORAGE
--------------------------------------------------------

  CREATE TABLE "JAVA"."TBL_STORAGE" 
   (	"STO_TYPE" VARCHAR2(50 BYTE), 
	"STO_QUAN" NUMBER(10,0) DEFAULT 0, 
	"STO_SELL" NUMBER(10,0) DEFAULT 0, 
	"STO_NOW" NUMBER(10,0) DEFAULT 0, 
	"STO_LOSS" NUMBER(10,0) DEFAULT 0
   ) SEGMENT CREATION IMMEDIATE 
  PCTFREE 10 PCTUSED 40 INITRANS 1 MAXTRANS 255 NOCOMPRESS LOGGING
  STORAGE(INITIAL 65536 NEXT 1048576 MINEXTENTS 1 MAXEXTENTS 2147483645
  PCTINCREASE 0 FREELISTS 1 FREELIST GROUPS 1 BUFFER_POOL DEFAULT FLASH_CACHE DEFAULT CELL_FLASH_CACHE DEFAULT)
  TABLESPACE "SYSTEM" ;
REM INSERTING into JAVA.BOARD
SET DEFINE OFF;
Insert into JAVA.BOARD (BOARD_NO,BOARD_CATEGORY,BOOK_NO,SECRET_FLAG,TITLE,CONTENT,NOTICE_FLAG,BOARD_FILE,WRITER,VIEW_CNT,WRITE_DATE,REPLY_NO,BOARD_PW) values (3001,'notice',null,0,'필수공지사항 1/5','첫번째 공지사항입니다. 1002번 caraban, 1004번 auto, 109번 deck는 현재 사용불가합니다.',1,null,'admin101',13,to_date('24/10/30','RR/MM/DD'),null,3001);
Insert into JAVA.BOARD (BOARD_NO,BOARD_CATEGORY,BOOK_NO,SECRET_FLAG,TITLE,CONTENT,NOTICE_FLAG,BOARD_FILE,WRITER,VIEW_CNT,WRITE_DATE,REPLY_NO,BOARD_PW) values (3002,'notice',null,0,'필수공지사항 2/5','두번째 공지사항입니다. 1002번 caraban, 1004번 auto, 109번 deck는 현재 사용불가합니다.',1,null,'kim_sazang',893,to_date('24/10/30','RR/MM/DD'),null,3002);
Insert into JAVA.BOARD (BOARD_NO,BOARD_CATEGORY,BOOK_NO,SECRET_FLAG,TITLE,CONTENT,NOTICE_FLAG,BOARD_FILE,WRITER,VIEW_CNT,WRITE_DATE,REPLY_NO,BOARD_PW) values (3003,'notice',null,0,'필수공지사항 3/5','세번째 공지사항입니다. 필수 공지사항은 notice_flag 값이 1입니다.',1,null,'kim_sazang',895,to_date('24/10/30','RR/MM/DD'),null,3003);
Insert into JAVA.BOARD (BOARD_NO,BOARD_CATEGORY,BOOK_NO,SECRET_FLAG,TITLE,CONTENT,NOTICE_FLAG,BOARD_FILE,WRITER,VIEW_CNT,WRITE_DATE,REPLY_NO,BOARD_PW) values (3004,'notice',null,0,'필수공지사항 4/5','네번째 공지사항입니다. 필수 공지사항은 permission이 admin인 admin101 사용자만 작성할 수 있습니다.',1,null,'kim_sazang',678,to_date('24/10/30','RR/MM/DD'),null,3004);
Insert into JAVA.BOARD (BOARD_NO,BOARD_CATEGORY,BOOK_NO,SECRET_FLAG,TITLE,CONTENT,NOTICE_FLAG,BOARD_FILE,WRITER,VIEW_CNT,WRITE_DATE,REPLY_NO,BOARD_PW) values (3005,'notice',null,0,'필수공지사항 5/5','다섯번째 공지사항입니다. 필수 공지는 5가지입니다.',1,null,'kim_sazang',834,to_date('24/10/30','RR/MM/DD'),null,3005);
Insert into JAVA.BOARD (BOARD_NO,BOARD_CATEGORY,BOOK_NO,SECRET_FLAG,TITLE,CONTENT,NOTICE_FLAG,BOARD_FILE,WRITER,VIEW_CNT,WRITE_DATE,REPLY_NO,BOARD_PW) values (3006,'notice',null,0,'일반공지사항 1/2','첫번째 일반공지사항입니다. 예약번호 0번에 일반공지사항을 넣겠습니다.',0,null,'kim_sazang',126,to_date('24/10/30','RR/MM/DD'),null,3006);
Insert into JAVA.BOARD (BOARD_NO,BOARD_CATEGORY,BOOK_NO,SECRET_FLAG,TITLE,CONTENT,NOTICE_FLAG,BOARD_FILE,WRITER,VIEW_CNT,WRITE_DATE,REPLY_NO,BOARD_PW) values (3007,'notice',null,0,'일반공지사항 2/2','두번째 일반공지사항입니다. 일반 공지사항은 notice_flag 값이 0입니다.',0,null,'kim_sazang',461,to_date('24/10/30','RR/MM/DD'),null,3007);
Insert into JAVA.BOARD (BOARD_NO,BOARD_CATEGORY,BOOK_NO,SECRET_FLAG,TITLE,CONTENT,NOTICE_FLAG,BOARD_FILE,WRITER,VIEW_CNT,WRITE_DATE,REPLY_NO,BOARD_PW) values (3011,'qna','2001',0,'문의사항 1/3','예약번호 2001번의 문의사항입니다. 삼겹살도 파나요?',0,null,'kim_hama',783,to_date('24/10/30','RR/MM/DD'),null,3011);
Insert into JAVA.BOARD (BOARD_NO,BOARD_CATEGORY,BOOK_NO,SECRET_FLAG,TITLE,CONTENT,NOTICE_FLAG,BOARD_FILE,WRITER,VIEW_CNT,WRITE_DATE,REPLY_NO,BOARD_PW) values (3012,'reply','2001',0,'문의사항 1/3_답변','예약번호 2001번의 답변입니다. 오면서 사오셔야 됩니다.',0,null,'kim_sazang',777,to_date('24/10/30','RR/MM/DD'),3023,3012);
Insert into JAVA.BOARD (BOARD_NO,BOARD_CATEGORY,BOOK_NO,SECRET_FLAG,TITLE,CONTENT,NOTICE_FLAG,BOARD_FILE,WRITER,VIEW_CNT,WRITE_DATE,REPLY_NO,BOARD_PW) values (3013,'qna','2002',1,'문의사항 2/3','예약번호 2002번의 문의사항입니다. 바베큐 공짜로 해주면 리뷰써줌',0,null,'kim_girin',779,to_date('24/10/30','RR/MM/DD'),null,3013);
Insert into JAVA.BOARD (BOARD_NO,BOARD_CATEGORY,BOOK_NO,SECRET_FLAG,TITLE,CONTENT,NOTICE_FLAG,BOARD_FILE,WRITER,VIEW_CNT,WRITE_DATE,REPLY_NO,BOARD_PW) values (3014,'reply','2001',1,'문의사항 2/3_답변','예약번호 2002번의 답변입니다. 영업방해로 고소함.',0,null,'kim_sazang',778,to_date('24/10/30','RR/MM/DD'),3013,3014);
Insert into JAVA.BOARD (BOARD_NO,BOARD_CATEGORY,BOOK_NO,SECRET_FLAG,TITLE,CONTENT,NOTICE_FLAG,BOARD_FILE,WRITER,VIEW_CNT,WRITE_DATE,REPLY_NO,BOARD_PW) values (3015,'qna','2003',0,'문의사항 3/3','예약번호 2003번의 문의사항입니다. 입구에 레드카펫좀 깔아주세요.',0,null,'kim_tokki',789,to_date('24/10/30','RR/MM/DD'),null,3013);
Insert into JAVA.BOARD (BOARD_NO,BOARD_CATEGORY,BOOK_NO,SECRET_FLAG,TITLE,CONTENT,NOTICE_FLAG,BOARD_FILE,WRITER,VIEW_CNT,WRITE_DATE,REPLY_NO,BOARD_PW) values (3016,'reply','2001',0,'문의사항 3/3_답변','예약번호 2003번의 답변입니다. 추가비용 150000원 입니다.',0,null,'kim_sazang',781,to_date('24/10/30','RR/MM/DD'),3015,3016);
Insert into JAVA.BOARD (BOARD_NO,BOARD_CATEGORY,BOOK_NO,SECRET_FLAG,TITLE,CONTENT,NOTICE_FLAG,BOARD_FILE,WRITER,VIEW_CNT,WRITE_DATE,REPLY_NO,BOARD_PW) values (3021,'review','2001',0,'리뷰 1/3','예약번호 2001번의 후기입니다. 잘놀다 갑니다. 별점 4점',0,null,'kim_hama',786,to_date('24/10/30','RR/MM/DD'),null,3021);
Insert into JAVA.BOARD (BOARD_NO,BOARD_CATEGORY,BOOK_NO,SECRET_FLAG,TITLE,CONTENT,NOTICE_FLAG,BOARD_FILE,WRITER,VIEW_CNT,WRITE_DATE,REPLY_NO,BOARD_PW) values (3022,'review','2002',0,'리뷰 2/3','예약번호 2002번의 후기입니다. 간단한 요구도 안들어줍니다. 오지마세요. 별점 1점.',0,null,'kim_girin',798,to_date('24/10/30','RR/MM/DD'),null,3022);
Insert into JAVA.BOARD (BOARD_NO,BOARD_CATEGORY,BOOK_NO,SECRET_FLAG,TITLE,CONTENT,NOTICE_FLAG,BOARD_FILE,WRITER,VIEW_CNT,WRITE_DATE,REPLY_NO,BOARD_PW) values (3023,'review','2003',0,'리뷰 3/3','예약번호 2003번의 후기입니다. 사장이 돈에 미쳤어요. 별점 3점',0,null,'kim_tokki',797,to_date('24/10/30','RR/MM/DD'),null,3023);
Insert into JAVA.BOARD (BOARD_NO,BOARD_CATEGORY,BOOK_NO,SECRET_FLAG,TITLE,CONTENT,NOTICE_FLAG,BOARD_FILE,WRITER,VIEW_CNT,WRITE_DATE,REPLY_NO,BOARD_PW) values (802,'notice',null,0,'test','test!!!',1,null,'admin101',6,to_date('24/11/01','RR/MM/DD'),null,0);
Insert into JAVA.BOARD (BOARD_NO,BOARD_CATEGORY,BOOK_NO,SECRET_FLAG,TITLE,CONTENT,NOTICE_FLAG,BOARD_FILE,WRITER,VIEW_CNT,WRITE_DATE,REPLY_NO,BOARD_PW) values (803,'notice',null,0,'test1','test11111',0,null,'admin101',2,to_date('24/11/01','RR/MM/DD'),null,0);
Insert into JAVA.BOARD (BOARD_NO,BOARD_CATEGORY,BOOK_NO,SECRET_FLAG,TITLE,CONTENT,NOTICE_FLAG,BOARD_FILE,WRITER,VIEW_CNT,WRITE_DATE,REPLY_NO,BOARD_PW) values (804,'notice',null,0,'test112222','test11111111',0,null,'admin101',2,to_date('24/11/01','RR/MM/DD'),null,0);
Insert into JAVA.BOARD (BOARD_NO,BOARD_CATEGORY,BOOK_NO,SECRET_FLAG,TITLE,CONTENT,NOTICE_FLAG,BOARD_FILE,WRITER,VIEW_CNT,WRITE_DATE,REPLY_NO,BOARD_PW) values (805,'notice',null,0,'22','222222222',1,null,'admin101',8,to_date('24/11/01','RR/MM/DD'),null,0);
Insert into JAVA.BOARD (BOARD_NO,BOARD_CATEGORY,BOOK_NO,SECRET_FLAG,TITLE,CONTENT,NOTICE_FLAG,BOARD_FILE,WRITER,VIEW_CNT,WRITE_DATE,REPLY_NO,BOARD_PW) values (806,'notice',null,0,'333','3333',0,null,'admin101',7,to_date('24/11/01','RR/MM/DD'),null,0);
Insert into JAVA.BOARD (BOARD_NO,BOARD_CATEGORY,BOOK_NO,SECRET_FLAG,TITLE,CONTENT,NOTICE_FLAG,BOARD_FILE,WRITER,VIEW_CNT,WRITE_DATE,REPLY_NO,BOARD_PW) values (814,'qna',null,0,'체크아웃문의','몇시 까지 체크아웃인가요?',0,null,'user02',14,to_date('24/11/05','RR/MM/DD'),null,0);
Insert into JAVA.BOARD (BOARD_NO,BOARD_CATEGORY,BOOK_NO,SECRET_FLAG,TITLE,CONTENT,NOTICE_FLAG,BOARD_FILE,WRITER,VIEW_CNT,WRITE_DATE,REPLY_NO,BOARD_PW) values (811,'qna',null,0,'qna','qna222',0,null,'-',37,to_date('24/11/05','RR/MM/DD'),null,1234);
Insert into JAVA.BOARD (BOARD_NO,BOARD_CATEGORY,BOOK_NO,SECRET_FLAG,TITLE,CONTENT,NOTICE_FLAG,BOARD_FILE,WRITER,VIEW_CNT,WRITE_DATE,REPLY_NO,BOARD_PW) values (812,'qna',null,0,'test','test123',0,null,'-',73,to_date('24/11/05','RR/MM/DD'),null,1234);
Insert into JAVA.BOARD (BOARD_NO,BOARD_CATEGORY,BOOK_NO,SECRET_FLAG,TITLE,CONTENT,NOTICE_FLAG,BOARD_FILE,WRITER,VIEW_CNT,WRITE_DATE,REPLY_NO,BOARD_PW) values (815,'qna',null,0,'44','44444',0,null,'-',1,to_date('24/11/05','RR/MM/DD'),null,1234);
Insert into JAVA.BOARD (BOARD_NO,BOARD_CATEGORY,BOOK_NO,SECRET_FLAG,TITLE,CONTENT,NOTICE_FLAG,BOARD_FILE,WRITER,VIEW_CNT,WRITE_DATE,REPLY_NO,BOARD_PW) values (813,'qna',null,0,'11','111111',0,null,'-',142,to_date('24/11/05','RR/MM/DD'),null,1234);
Insert into JAVA.BOARD (BOARD_NO,BOARD_CATEGORY,BOOK_NO,SECRET_FLAG,TITLE,CONTENT,NOTICE_FLAG,BOARD_FILE,WRITER,VIEW_CNT,WRITE_DATE,REPLY_NO,BOARD_PW) values (816,'qna',null,0,'fgth','fgh',0,null,'-',81,to_date('24/11/05','RR/MM/DD'),null,1234);
Insert into JAVA.BOARD (BOARD_NO,BOARD_CATEGORY,BOOK_NO,SECRET_FLAG,TITLE,CONTENT,NOTICE_FLAG,BOARD_FILE,WRITER,VIEW_CNT,WRITE_DATE,REPLY_NO,BOARD_PW) values (817,'qna',null,1,'secret','secret!!!',0,null,'-',8,to_date('24/11/05','RR/MM/DD'),null,1234);
Insert into JAVA.BOARD (BOARD_NO,BOARD_CATEGORY,BOOK_NO,SECRET_FLAG,TITLE,CONTENT,NOTICE_FLAG,BOARD_FILE,WRITER,VIEW_CNT,WRITE_DATE,REPLY_NO,BOARD_PW) values (818,'qna',null,1,'로그인 안한 사람이 쓴 무느이','로그인 안한 사람이 쓴 무느이!!',0,null,null,27,to_date('24/11/05','RR/MM/DD'),null,1234);
Insert into JAVA.BOARD (BOARD_NO,BOARD_CATEGORY,BOOK_NO,SECRET_FLAG,TITLE,CONTENT,NOTICE_FLAG,BOARD_FILE,WRITER,VIEW_CNT,WRITE_DATE,REPLY_NO,BOARD_PW) values (822,'qna',null,1,'체크인시간문의','체크인 이랑 체크아웃 시간은 언제 인가요?',0,null,'nayun124',1,to_date('24/11/05','RR/MM/DD'),null,0);
Insert into JAVA.BOARD (BOARD_NO,BOARD_CATEGORY,BOOK_NO,SECRET_FLAG,TITLE,CONTENT,NOTICE_FLAG,BOARD_FILE,WRITER,VIEW_CNT,WRITE_DATE,REPLY_NO,BOARD_PW) values (823,'qna',null,1,'비번있음','비번있음!!!',0,null,'dayoung',5,to_date('24/11/05','RR/MM/DD'),null,1234);
Insert into JAVA.BOARD (BOARD_NO,BOARD_CATEGORY,BOOK_NO,SECRET_FLAG,TITLE,CONTENT,NOTICE_FLAG,BOARD_FILE,WRITER,VIEW_CNT,WRITE_DATE,REPLY_NO,BOARD_PW) values (824,'qna',null,1,'??','?????',0,null,'dayoung',4,to_date('24/11/05','RR/MM/DD'),null,1234);
Insert into JAVA.BOARD (BOARD_NO,BOARD_CATEGORY,BOOK_NO,SECRET_FLAG,TITLE,CONTENT,NOTICE_FLAG,BOARD_FILE,WRITER,VIEW_CNT,WRITE_DATE,REPLY_NO,BOARD_PW) values (825,'qna',null,0,'ㅅㄷㄴㅅ','ㅅㄷㄴㅅ!!!!!',0,null,'dayoung',0,to_date('24/11/05','RR/MM/DD'),null,1234);
Insert into JAVA.BOARD (BOARD_NO,BOARD_CATEGORY,BOOK_NO,SECRET_FLAG,TITLE,CONTENT,NOTICE_FLAG,BOARD_FILE,WRITER,VIEW_CNT,WRITE_DATE,REPLY_NO,BOARD_PW) values (826,'qna',null,0,'!!','!!!!!!!!!!',0,null,'dayoung',0,to_date('24/11/05','RR/MM/DD'),null,1234);
Insert into JAVA.BOARD (BOARD_NO,BOARD_CATEGORY,BOOK_NO,SECRET_FLAG,TITLE,CONTENT,NOTICE_FLAG,BOARD_FILE,WRITER,VIEW_CNT,WRITE_DATE,REPLY_NO,BOARD_PW) values (827,'qna',null,1,'1','1111111111111',0,null,'dayoung',1,to_date('24/11/05','RR/MM/DD'),null,1234);
Insert into JAVA.BOARD (BOARD_NO,BOARD_CATEGORY,BOOK_NO,SECRET_FLAG,TITLE,CONTENT,NOTICE_FLAG,BOARD_FILE,WRITER,VIEW_CNT,WRITE_DATE,REPLY_NO,BOARD_PW) values (828,'qna',null,1,'22','2222222',0,null,'dayoung',2,to_date('24/11/05','RR/MM/DD'),null,1234);
Insert into JAVA.BOARD (BOARD_NO,BOARD_CATEGORY,BOOK_NO,SECRET_FLAG,TITLE,CONTENT,NOTICE_FLAG,BOARD_FILE,WRITER,VIEW_CNT,WRITE_DATE,REPLY_NO,BOARD_PW) values (829,'qna',null,0,'asd','sdf',0,null,null,23,to_date('24/11/05','RR/MM/DD'),null,0);
Insert into JAVA.BOARD (BOARD_NO,BOARD_CATEGORY,BOOK_NO,SECRET_FLAG,TITLE,CONTENT,NOTICE_FLAG,BOARD_FILE,WRITER,VIEW_CNT,WRITE_DATE,REPLY_NO,BOARD_PW) values (840,'reply',null,0,'└ [RE] : asd','rerererere',0,null,'admindayoung',0,to_date('24/11/05','RR/MM/DD'),null,0);
Insert into JAVA.BOARD (BOARD_NO,BOARD_CATEGORY,BOOK_NO,SECRET_FLAG,TITLE,CONTENT,NOTICE_FLAG,BOARD_FILE,WRITER,VIEW_CNT,WRITE_DATE,REPLY_NO,BOARD_PW) values (841,'reply',null,0,'└ [RE] : asd','rerererere',0,null,'admindayoung',0,to_date('24/11/05','RR/MM/DD'),null,0);
Insert into JAVA.BOARD (BOARD_NO,BOARD_CATEGORY,BOOK_NO,SECRET_FLAG,TITLE,CONTENT,NOTICE_FLAG,BOARD_FILE,WRITER,VIEW_CNT,WRITE_DATE,REPLY_NO,BOARD_PW) values (842,'reply',null,0,'└ [RE] : asd','rerererere',0,null,'admindayoung',0,to_date('24/11/05','RR/MM/DD'),null,0);
Insert into JAVA.BOARD (BOARD_NO,BOARD_CATEGORY,BOOK_NO,SECRET_FLAG,TITLE,CONTENT,NOTICE_FLAG,BOARD_FILE,WRITER,VIEW_CNT,WRITE_DATE,REPLY_NO,BOARD_PW) values (843,'reply',null,0,'└ [RE] : asd','rerererere',0,null,'admindayoung',0,to_date('24/11/05','RR/MM/DD'),null,0);
Insert into JAVA.BOARD (BOARD_NO,BOARD_CATEGORY,BOOK_NO,SECRET_FLAG,TITLE,CONTENT,NOTICE_FLAG,BOARD_FILE,WRITER,VIEW_CNT,WRITE_DATE,REPLY_NO,BOARD_PW) values (844,'reply',null,0,'└ [RE] : asd','asfasfsfsafsf',0,null,'admindayoung',0,to_date('24/11/05','RR/MM/DD'),null,0);
Insert into JAVA.BOARD (BOARD_NO,BOARD_CATEGORY,BOOK_NO,SECRET_FLAG,TITLE,CONTENT,NOTICE_FLAG,BOARD_FILE,WRITER,VIEW_CNT,WRITE_DATE,REPLY_NO,BOARD_PW) values (845,'reply',null,0,'└ [RE] : asd','asfasfsfsafsf',0,null,'admindayoung',0,to_date('24/11/05','RR/MM/DD'),null,0);
Insert into JAVA.BOARD (BOARD_NO,BOARD_CATEGORY,BOOK_NO,SECRET_FLAG,TITLE,CONTENT,NOTICE_FLAG,BOARD_FILE,WRITER,VIEW_CNT,WRITE_DATE,REPLY_NO,BOARD_PW) values (846,'reply',null,0,'└ [RE] : asd','asfasfsfsafsf',0,null,'admindayoung',0,to_date('24/11/05','RR/MM/DD'),null,0);
Insert into JAVA.BOARD (BOARD_NO,BOARD_CATEGORY,BOOK_NO,SECRET_FLAG,TITLE,CONTENT,NOTICE_FLAG,BOARD_FILE,WRITER,VIEW_CNT,WRITE_DATE,REPLY_NO,BOARD_PW) values (847,'reply',null,0,'└ [RE] : asd','asfasfsfsafsf',0,null,'admindayoung',0,to_date('24/11/05','RR/MM/DD'),null,0);
Insert into JAVA.BOARD (BOARD_NO,BOARD_CATEGORY,BOOK_NO,SECRET_FLAG,TITLE,CONTENT,NOTICE_FLAG,BOARD_FILE,WRITER,VIEW_CNT,WRITE_DATE,REPLY_NO,BOARD_PW) values (848,'reply',null,0,'└ [RE] : asd','asdfasfsafsaf',0,null,'admindayoung',0,to_date('24/11/05','RR/MM/DD'),null,0);
Insert into JAVA.BOARD (BOARD_NO,BOARD_CATEGORY,BOOK_NO,SECRET_FLAG,TITLE,CONTENT,NOTICE_FLAG,BOARD_FILE,WRITER,VIEW_CNT,WRITE_DATE,REPLY_NO,BOARD_PW) values (849,'reply',null,0,'└ [RE] : asd','asdfasfsafsaf',0,null,'admindayoung',0,to_date('24/11/05','RR/MM/DD'),null,0);
Insert into JAVA.BOARD (BOARD_NO,BOARD_CATEGORY,BOOK_NO,SECRET_FLAG,TITLE,CONTENT,NOTICE_FLAG,BOARD_FILE,WRITER,VIEW_CNT,WRITE_DATE,REPLY_NO,BOARD_PW) values (850,'reply',null,0,'└ [RE] : asd','bbbbb',0,null,'admindayoung',0,to_date('24/11/05','RR/MM/DD'),null,0);
Insert into JAVA.BOARD (BOARD_NO,BOARD_CATEGORY,BOOK_NO,SECRET_FLAG,TITLE,CONTENT,NOTICE_FLAG,BOARD_FILE,WRITER,VIEW_CNT,WRITE_DATE,REPLY_NO,BOARD_PW) values (851,'reply',null,0,'└ [RE] : asd','bbbbb',0,null,'admindayoung',0,to_date('24/11/05','RR/MM/DD'),null,0);
Insert into JAVA.BOARD (BOARD_NO,BOARD_CATEGORY,BOOK_NO,SECRET_FLAG,TITLE,CONTENT,NOTICE_FLAG,BOARD_FILE,WRITER,VIEW_CNT,WRITE_DATE,REPLY_NO,BOARD_PW) values (852,'qna',null,0,'ㅠㅠㅠㅠ','ㅠㅠㅠㅠㅠㅠㅠㅠ',0,null,'admindayoung',0,to_date('24/11/05','RR/MM/DD'),null,0);
Insert into JAVA.BOARD (BOARD_NO,BOARD_CATEGORY,BOOK_NO,SECRET_FLAG,TITLE,CONTENT,NOTICE_FLAG,BOARD_FILE,WRITER,VIEW_CNT,WRITE_DATE,REPLY_NO,BOARD_PW) values (853,'qna',null,0,'ㅠㅠㅠㅠ','ㅠㅠㅠㅠㅠㅠㅠㅠ',0,null,'admindayoung',0,to_date('24/11/05','RR/MM/DD'),null,0);
Insert into JAVA.BOARD (BOARD_NO,BOARD_CATEGORY,BOOK_NO,SECRET_FLAG,TITLE,CONTENT,NOTICE_FLAG,BOARD_FILE,WRITER,VIEW_CNT,WRITE_DATE,REPLY_NO,BOARD_PW) values (854,'qna',null,0,'///','/////',0,null,'admindayoung',0,to_date('24/11/05','RR/MM/DD'),null,0);
Insert into JAVA.BOARD (BOARD_NO,BOARD_CATEGORY,BOOK_NO,SECRET_FLAG,TITLE,CONTENT,NOTICE_FLAG,BOARD_FILE,WRITER,VIEW_CNT,WRITE_DATE,REPLY_NO,BOARD_PW) values (855,'qna',null,0,'///','/////',0,null,'admindayoung',0,to_date('24/11/05','RR/MM/DD'),null,0);
Insert into JAVA.BOARD (BOARD_NO,BOARD_CATEGORY,BOOK_NO,SECRET_FLAG,TITLE,CONTENT,NOTICE_FLAG,BOARD_FILE,WRITER,VIEW_CNT,WRITE_DATE,REPLY_NO,BOARD_PW) values (856,'qna',null,0,'11','111',0,null,'admindayoung',0,to_date('24/11/05','RR/MM/DD'),null,0);
Insert into JAVA.BOARD (BOARD_NO,BOARD_CATEGORY,BOOK_NO,SECRET_FLAG,TITLE,CONTENT,NOTICE_FLAG,BOARD_FILE,WRITER,VIEW_CNT,WRITE_DATE,REPLY_NO,BOARD_PW) values (857,'qna',null,0,'11','111',0,null,'admindayoung',0,to_date('24/11/05','RR/MM/DD'),null,0);
Insert into JAVA.BOARD (BOARD_NO,BOARD_CATEGORY,BOOK_NO,SECRET_FLAG,TITLE,CONTENT,NOTICE_FLAG,BOARD_FILE,WRITER,VIEW_CNT,WRITE_DATE,REPLY_NO,BOARD_PW) values (858,'qna',null,0,'2','2222222222',0,null,'admindayoung',0,to_date('24/11/05','RR/MM/DD'),null,0);
Insert into JAVA.BOARD (BOARD_NO,BOARD_CATEGORY,BOOK_NO,SECRET_FLAG,TITLE,CONTENT,NOTICE_FLAG,BOARD_FILE,WRITER,VIEW_CNT,WRITE_DATE,REPLY_NO,BOARD_PW) values (859,'qna',null,0,'2','2222222222',0,null,'admindayoung',11,to_date('24/11/05','RR/MM/DD'),null,0);
Insert into JAVA.BOARD (BOARD_NO,BOARD_CATEGORY,BOOK_NO,SECRET_FLAG,TITLE,CONTENT,NOTICE_FLAG,BOARD_FILE,WRITER,VIEW_CNT,WRITE_DATE,REPLY_NO,BOARD_PW) values (860,'reply',null,0,'└ [RE] : 2','33333',0,null,'admindayoung',0,to_date('24/11/05','RR/MM/DD'),null,0);
Insert into JAVA.BOARD (BOARD_NO,BOARD_CATEGORY,BOOK_NO,SECRET_FLAG,TITLE,CONTENT,NOTICE_FLAG,BOARD_FILE,WRITER,VIEW_CNT,WRITE_DATE,REPLY_NO,BOARD_PW) values (861,'reply',null,0,'└ [RE] : 2','33333',0,null,'admindayoung',0,to_date('24/11/05','RR/MM/DD'),null,0);
Insert into JAVA.BOARD (BOARD_NO,BOARD_CATEGORY,BOOK_NO,SECRET_FLAG,TITLE,CONTENT,NOTICE_FLAG,BOARD_FILE,WRITER,VIEW_CNT,WRITE_DATE,REPLY_NO,BOARD_PW) values (862,'reply',null,0,'└ [RE] : 2','4444444',0,null,'admindayoung',0,to_date('24/11/05','RR/MM/DD'),null,0);
Insert into JAVA.BOARD (BOARD_NO,BOARD_CATEGORY,BOOK_NO,SECRET_FLAG,TITLE,CONTENT,NOTICE_FLAG,BOARD_FILE,WRITER,VIEW_CNT,WRITE_DATE,REPLY_NO,BOARD_PW) values (863,'reply',null,0,'└ [RE] : 2','4444444',0,null,'admindayoung',0,to_date('24/11/05','RR/MM/DD'),null,0);
Insert into JAVA.BOARD (BOARD_NO,BOARD_CATEGORY,BOOK_NO,SECRET_FLAG,TITLE,CONTENT,NOTICE_FLAG,BOARD_FILE,WRITER,VIEW_CNT,WRITE_DATE,REPLY_NO,BOARD_PW) values (864,'reply',null,0,'└ [RE] : 2','44',0,null,'admindayoung',0,to_date('24/11/05','RR/MM/DD'),null,0);
Insert into JAVA.BOARD (BOARD_NO,BOARD_CATEGORY,BOOK_NO,SECRET_FLAG,TITLE,CONTENT,NOTICE_FLAG,BOARD_FILE,WRITER,VIEW_CNT,WRITE_DATE,REPLY_NO,BOARD_PW) values (865,'reply',null,0,'└ [RE] : 2','44',0,null,'admindayoung',0,to_date('24/11/05','RR/MM/DD'),null,0);
Insert into JAVA.BOARD (BOARD_NO,BOARD_CATEGORY,BOOK_NO,SECRET_FLAG,TITLE,CONTENT,NOTICE_FLAG,BOARD_FILE,WRITER,VIEW_CNT,WRITE_DATE,REPLY_NO,BOARD_PW) values (866,'reply',null,0,'└ [RE] : 2','iiiiiii',0,null,'admindayoung',0,to_date('24/11/05','RR/MM/DD'),null,0);
Insert into JAVA.BOARD (BOARD_NO,BOARD_CATEGORY,BOOK_NO,SECRET_FLAG,TITLE,CONTENT,NOTICE_FLAG,BOARD_FILE,WRITER,VIEW_CNT,WRITE_DATE,REPLY_NO,BOARD_PW) values (867,'reply',null,0,'└ [RE] : 2','iiiiiii',0,null,'admindayoung',0,to_date('24/11/05','RR/MM/DD'),null,0);
Insert into JAVA.BOARD (BOARD_NO,BOARD_CATEGORY,BOOK_NO,SECRET_FLAG,TITLE,CONTENT,NOTICE_FLAG,BOARD_FILE,WRITER,VIEW_CNT,WRITE_DATE,REPLY_NO,BOARD_PW) values (868,'reply',null,0,'└ [RE] : 2','ereeeee',0,null,'admindayoung',0,to_date('24/11/05','RR/MM/DD'),null,0);
Insert into JAVA.BOARD (BOARD_NO,BOARD_CATEGORY,BOOK_NO,SECRET_FLAG,TITLE,CONTENT,NOTICE_FLAG,BOARD_FILE,WRITER,VIEW_CNT,WRITE_DATE,REPLY_NO,BOARD_PW) values (869,'reply',null,0,'└ [RE] : 2','ereeeee',0,null,'admindayoung',0,to_date('24/11/05','RR/MM/DD'),null,0);
Insert into JAVA.BOARD (BOARD_NO,BOARD_CATEGORY,BOOK_NO,SECRET_FLAG,TITLE,CONTENT,NOTICE_FLAG,BOARD_FILE,WRITER,VIEW_CNT,WRITE_DATE,REPLY_NO,BOARD_PW) values (870,'reply',null,0,'└ [RE] : 2','hjghjhgjhgj',0,null,'admindayoung',0,to_date('24/11/05','RR/MM/DD'),null,0);
Insert into JAVA.BOARD (BOARD_NO,BOARD_CATEGORY,BOOK_NO,SECRET_FLAG,TITLE,CONTENT,NOTICE_FLAG,BOARD_FILE,WRITER,VIEW_CNT,WRITE_DATE,REPLY_NO,BOARD_PW) values (871,'reply',null,0,'└ [RE] : 2','hjghjhgjhgj',0,null,'admindayoung',0,to_date('24/11/05','RR/MM/DD'),null,0);
Insert into JAVA.BOARD (BOARD_NO,BOARD_CATEGORY,BOOK_NO,SECRET_FLAG,TITLE,CONTENT,NOTICE_FLAG,BOARD_FILE,WRITER,VIEW_CNT,WRITE_DATE,REPLY_NO,BOARD_PW) values (872,'qna',null,0,'ㅎㅎㅎ','ㅎㅎㅎㅎㅎㅎ',0,null,'admindayoung',0,to_date('24/11/05','RR/MM/DD'),null,0);
Insert into JAVA.BOARD (BOARD_NO,BOARD_CATEGORY,BOOK_NO,SECRET_FLAG,TITLE,CONTENT,NOTICE_FLAG,BOARD_FILE,WRITER,VIEW_CNT,WRITE_DATE,REPLY_NO,BOARD_PW) values (873,'qna',null,0,'ㅎㅎㅎ','ㅎㅎㅎㅎㅎㅎ',0,null,'admindayoung',0,to_date('24/11/05','RR/MM/DD'),null,0);
Insert into JAVA.BOARD (BOARD_NO,BOARD_CATEGORY,BOOK_NO,SECRET_FLAG,TITLE,CONTENT,NOTICE_FLAG,BOARD_FILE,WRITER,VIEW_CNT,WRITE_DATE,REPLY_NO,BOARD_PW) values (874,'qna',null,0,'ㅇㅀ','ㅇㅀ',0,null,null,0,to_date('24/11/05','RR/MM/DD'),null,0);
Insert into JAVA.BOARD (BOARD_NO,BOARD_CATEGORY,BOOK_NO,SECRET_FLAG,TITLE,CONTENT,NOTICE_FLAG,BOARD_FILE,WRITER,VIEW_CNT,WRITE_DATE,REPLY_NO,BOARD_PW) values (875,'qna',null,0,'ㅇㅀ','ㅇㅀ',0,null,null,0,to_date('24/11/05','RR/MM/DD'),null,0);
Insert into JAVA.BOARD (BOARD_NO,BOARD_CATEGORY,BOOK_NO,SECRET_FLAG,TITLE,CONTENT,NOTICE_FLAG,BOARD_FILE,WRITER,VIEW_CNT,WRITE_DATE,REPLY_NO,BOARD_PW) values (876,'qna',null,0,'ㅓㅓ','ㅓㅓㅓㅓ',0,null,null,0,to_date('24/11/05','RR/MM/DD'),null,0);
Insert into JAVA.BOARD (BOARD_NO,BOARD_CATEGORY,BOOK_NO,SECRET_FLAG,TITLE,CONTENT,NOTICE_FLAG,BOARD_FILE,WRITER,VIEW_CNT,WRITE_DATE,REPLY_NO,BOARD_PW) values (877,'qna',null,0,'ㅓㅓ','ㅓㅓㅓㅓ',0,null,null,0,to_date('24/11/05','RR/MM/DD'),null,0);
Insert into JAVA.BOARD (BOARD_NO,BOARD_CATEGORY,BOOK_NO,SECRET_FLAG,TITLE,CONTENT,NOTICE_FLAG,BOARD_FILE,WRITER,VIEW_CNT,WRITE_DATE,REPLY_NO,BOARD_PW) values (878,'qna',null,0,'ㅑㅑ','ㅑㅑㅑ',0,null,null,0,to_date('24/11/05','RR/MM/DD'),null,0);
Insert into JAVA.BOARD (BOARD_NO,BOARD_CATEGORY,BOOK_NO,SECRET_FLAG,TITLE,CONTENT,NOTICE_FLAG,BOARD_FILE,WRITER,VIEW_CNT,WRITE_DATE,REPLY_NO,BOARD_PW) values (879,'qna',null,0,'ㅑㅑ','ㅑㅑㅑ',0,null,null,0,to_date('24/11/05','RR/MM/DD'),null,0);
Insert into JAVA.BOARD (BOARD_NO,BOARD_CATEGORY,BOOK_NO,SECRET_FLAG,TITLE,CONTENT,NOTICE_FLAG,BOARD_FILE,WRITER,VIEW_CNT,WRITE_DATE,REPLY_NO,BOARD_PW) values (880,'qna',null,0,'ㅀㅇㄶ','ㅇㅎㅇㅎ',0,null,null,0,to_date('24/11/05','RR/MM/DD'),null,0);
Insert into JAVA.BOARD (BOARD_NO,BOARD_CATEGORY,BOOK_NO,SECRET_FLAG,TITLE,CONTENT,NOTICE_FLAG,BOARD_FILE,WRITER,VIEW_CNT,WRITE_DATE,REPLY_NO,BOARD_PW) values (881,'qna',null,0,'ㅀㅇㄶ','ㅇㅎㅇㅎ',0,null,null,1,to_date('24/11/05','RR/MM/DD'),null,0);
Insert into JAVA.BOARD (BOARD_NO,BOARD_CATEGORY,BOOK_NO,SECRET_FLAG,TITLE,CONTENT,NOTICE_FLAG,BOARD_FILE,WRITER,VIEW_CNT,WRITE_DATE,REPLY_NO,BOARD_PW) values (882,'qna',null,0,'hh','hhhhhhhhhhhhhh',0,null,'admindayoung',0,to_date('24/11/05','RR/MM/DD'),null,0);
REM INSERTING into JAVA.BOARDS
SET DEFINE OFF;
Insert into JAVA.BOARDS (BNO,BTITLE,CONTENT,BWRITER,BDATE) values (1,'추운날','날이춥다','글쓴이1',to_date('24/10/04','RR/MM/DD'));
Insert into JAVA.BOARDS (BNO,BTITLE,CONTENT,BWRITER,BDATE) values (3,'제목2','내용2','글쓴이2',to_date('24/10/04','RR/MM/DD'));
Insert into JAVA.BOARDS (BNO,BTITLE,CONTENT,BWRITER,BDATE) values (4,'행복','바람분다','글쓴이3',to_date('24/10/04','RR/MM/DD'));
Insert into JAVA.BOARDS (BNO,BTITLE,CONTENT,BWRITER,BDATE) values (5,'제목4','내용4','글쓴이4',to_date('24/10/04','RR/MM/DD'));
Insert into JAVA.BOARDS (BNO,BTITLE,CONTENT,BWRITER,BDATE) values (6,'제목5','내용5','글쓴이5',to_date('24/10/04','RR/MM/DD'));
Insert into JAVA.BOARDS (BNO,BTITLE,CONTENT,BWRITER,BDATE) values (7,'제목5','내용5','글쓴이5',to_date('24/10/04','RR/MM/DD'));
Insert into JAVA.BOARDS (BNO,BTITLE,CONTENT,BWRITER,BDATE) values (8,'눈오는밤','눈내림','snow',to_date('24/10/04','RR/MM/DD'));
Insert into JAVA.BOARDS (BNO,BTITLE,CONTENT,BWRITER,BDATE) values (9,'눈오는밤','눈내림','snow',to_date('24/10/04','RR/MM/DD'));
REM INSERTING into JAVA.BOOK
SET DEFINE OFF;
Insert into JAVA.BOOK (TITLE,WRITER,PRICE,BNUM) values ('2','2',2,'2');
Insert into JAVA.BOOK (TITLE,WRITER,PRICE,BNUM) values ('2','2',102,'2');
Insert into JAVA.BOOK (TITLE,WRITER,PRICE,BNUM) values ('1','1',200,'100');
Insert into JAVA.BOOK (TITLE,WRITER,PRICE,BNUM) values ('3','3',103,'3');
Insert into JAVA.BOOK (TITLE,WRITER,PRICE,BNUM) values ('1','1',100,'100');
Insert into JAVA.BOOK (TITLE,WRITER,PRICE,BNUM) values ('4','4',141,'41');
Insert into JAVA.BOOK (TITLE,WRITER,PRICE,BNUM) values ('3','3',3,'3');
Insert into JAVA.BOOK (TITLE,WRITER,PRICE,BNUM) values ('4','4',41,'41');
Insert into JAVA.BOOK (TITLE,WRITER,PRICE,BNUM) values ('2','2',102,'2');
Insert into JAVA.BOOK (TITLE,WRITER,PRICE,BNUM) values ('1','1',200,'100');
Insert into JAVA.BOOK (TITLE,WRITER,PRICE,BNUM) values ('3','3',103,'3');
Insert into JAVA.BOOK (TITLE,WRITER,PRICE,BNUM) values ('4','4',141,'41');
Insert into JAVA.BOOK (TITLE,WRITER,PRICE,BNUM) values ('2','2',102,'2');
Insert into JAVA.BOOK (TITLE,WRITER,PRICE,BNUM) values ('1','1',200,'100');
Insert into JAVA.BOOK (TITLE,WRITER,PRICE,BNUM) values ('3','3',103,'3');
Insert into JAVA.BOOK (TITLE,WRITER,PRICE,BNUM) values ('4','4',141,'41');
REM INSERTING into JAVA.EMPLOYEE
SET DEFINE OFF;
REM INSERTING into JAVA.MEMBER
SET DEFINE OFF;
Insert into JAVA.MEMBER (MEMBER_ID,PASSWORD,MEMBER_NAME,ADDRESS,EMAIL,TEL,JOINED_DATE,PERMISSION,QUIT) values ('dayoung','0000','김다영','43109|대구 군위군 군위읍 개봉길 23-72|상세주소!','kimdayoung771@gmail.com','01028697886',to_date('24/11/05','RR/MM/DD'),'user',0);
Insert into JAVA.MEMBER (MEMBER_ID,PASSWORD,MEMBER_NAME,ADDRESS,EMAIL,TEL,JOINED_DATE,PERMISSION,QUIT) values ('nayun124','0000','권나윤','06036|서울 강남구 가로수길 14-3|주리아파트 201동1302호','nayunkwon124@gmail.com','010-1234-5678',to_date('24/11/05','RR/MM/DD'),'user',0);
Insert into JAVA.MEMBER (MEMBER_ID,PASSWORD,MEMBER_NAME,ADDRESS,EMAIL,TEL,JOINED_DATE,PERMISSION,QUIT) values ('admindayoung','1234','kim_dayoung','seoul','dayoung@gmail.com','010-1111-4545',to_date('24/11/05','RR/MM/DD'),'admin',0);
Insert into JAVA.MEMBER (MEMBER_ID,PASSWORD,MEMBER_NAME,ADDRESS,EMAIL,TEL,JOINED_DATE,PERMISSION,QUIT) values ('adminnayun','1234','kwon_nayun','seoul','nayun@gmail.com','010-1111-2424',to_date('24/11/05','RR/MM/DD'),'admin',0);
Insert into JAVA.MEMBER (MEMBER_ID,PASSWORD,MEMBER_NAME,ADDRESS,EMAIL,TEL,JOINED_DATE,PERMISSION,QUIT) values ('admingihwan','1234','kim_gihwan','seoul','gihwan@gmail.com','010-1111-3555',to_date('24/11/05','RR/MM/DD'),'admin',0);
Insert into JAVA.MEMBER (MEMBER_ID,PASSWORD,MEMBER_NAME,ADDRESS,EMAIL,TEL,JOINED_DATE,PERMISSION,QUIT) values ('adminsohyun','1234','park_sohyun','seoul','sohyun@gmail.com','010-1111-2525',to_date('24/11/05','RR/MM/DD'),'admin',0);
Insert into JAVA.MEMBER (MEMBER_ID,PASSWORD,MEMBER_NAME,ADDRESS,EMAIL,TEL,JOINED_DATE,PERMISSION,QUIT) values ('adminjuhyun','1234','park_juhyun','seoul','juhyun@gmail.com','010-1111-5050',to_date('24/11/05','RR/MM/DD'),'admin',0);
Insert into JAVA.MEMBER (MEMBER_ID,PASSWORD,MEMBER_NAME,ADDRESS,EMAIL,TEL,JOINED_DATE,PERMISSION,QUIT) values ('gihwan','1234','김기환','42260|대구 수성구 고모로 31|근처100km','gihwan@gmail.com','010-1122-3344',to_date('24/11/05','RR/MM/DD'),'user',0);
Insert into JAVA.MEMBER (MEMBER_ID,PASSWORD,MEMBER_NAME,ADDRESS,EMAIL,TEL,JOINED_DATE,PERMISSION,QUIT) values ('user01','0000','김유저','63534|제주특별자치도 서귀포시 가가로 14|테스트용 ','user@naver.com','010-4578-4121',to_date('24/11/05','RR/MM/DD'),'user',0);
Insert into JAVA.MEMBER (MEMBER_ID,PASSWORD,MEMBER_NAME,ADDRESS,EMAIL,TEL,JOINED_DATE,PERMISSION,QUIT) values ('user02','0000','이유저','12758|경기 광주시 경안로 5|유저네집','leeuser@gmail.com','010-7845-2356',to_date('24/11/05','RR/MM/DD'),'user',0);
Insert into JAVA.MEMBER (MEMBER_ID,PASSWORD,MEMBER_NAME,ADDRESS,EMAIL,TEL,JOINED_DATE,PERMISSION,QUIT) values ('soso','1234','감자바','13479|경기 성남시 분당구 서판교로 32|판교빌딩 1202호','soso@naver.com','010-2222-2222',to_date('24/11/05','RR/MM/DD'),'user',0);
Insert into JAVA.MEMBER (MEMBER_ID,PASSWORD,MEMBER_NAME,ADDRESS,EMAIL,TEL,JOINED_DATE,PERMISSION,QUIT) values ('pjh','1234','박주현','28562|충북 청주시 서원구 1순환로 627|천국','gn06146@naver.com','010-5689-7704',to_date('24/11/05','RR/MM/DD'),'user',0);
REM INSERTING into JAVA.PRODUCT_TBL
SET DEFINE OFF;
Insert into JAVA.PRODUCT_TBL (PRD_CODE,PRD_NAME,PRD_DESC,ORIGIN_PRICE,SALE_PRICE,STAR_POINT,PROD_IMAGE,CREATION_DATE) values ('P001','과테말라 안티구아','아주 맛있는 과테말라 안티구아 입니다',3000,2500,5,'과테말라 안티구아.jpg',to_date('24/10/30','RR/MM/DD'));
Insert into JAVA.PRODUCT_TBL (PRD_CODE,PRD_NAME,PRD_DESC,ORIGIN_PRICE,SALE_PRICE,STAR_POINT,PROD_IMAGE,CREATION_DATE) values ('P002','니카라구아 더치','아주 맛있는 니카라구아 더치 입니다',4000,3500,4,'니카라구아 더치.jpg',to_date('24/10/30','RR/MM/DD'));
Insert into JAVA.PRODUCT_TBL (PRD_CODE,PRD_NAME,PRD_DESC,ORIGIN_PRICE,SALE_PRICE,STAR_POINT,PROD_IMAGE,CREATION_DATE) values ('P003','브라질산토스','아주 맛있는 브라질산토스 입니다',6000,5500,3,'브라질산토스.jpg',to_date('24/10/30','RR/MM/DD'));
Insert into JAVA.PRODUCT_TBL (PRD_CODE,PRD_NAME,PRD_DESC,ORIGIN_PRICE,SALE_PRICE,STAR_POINT,PROD_IMAGE,CREATION_DATE) values ('P004','에티오피아 예가체프','아주 맛있는 에티오피아 예가체프 입니다',7000,6500,2,'에티오피아 예가체프.jpg',to_date('24/10/30','RR/MM/DD'));
Insert into JAVA.PRODUCT_TBL (PRD_CODE,PRD_NAME,PRD_DESC,ORIGIN_PRICE,SALE_PRICE,STAR_POINT,PROD_IMAGE,CREATION_DATE) values ('P005','케냐 오크라톡신','아주 맛있는 케냐 오크라톡신 입니다',3500,2800,1,'케냐 오크라톡신.jpg',to_date('24/10/30','RR/MM/DD'));
Insert into JAVA.PRODUCT_TBL (PRD_CODE,PRD_NAME,PRD_DESC,ORIGIN_PRICE,SALE_PRICE,STAR_POINT,PROD_IMAGE,CREATION_DATE) values ('P006','코스타리카 따라주','아주 맛있는 코스타리카 따라주 입니다',4500,3200,3,'코스타리카 따라주.jpg',to_date('24/10/30','RR/MM/DD'));
REM INSERTING into JAVA.SITE
SET DEFINE OFF;
Insert into JAVA.SITE (SITE_NO,SITE_NAME,CATEGORY,SITE_MAX,SITE_PRICE,USE_FLAG) values (1001,'카라반1','caravan',4,100000,'y');
Insert into JAVA.SITE (SITE_NO,SITE_NAME,CATEGORY,SITE_MAX,SITE_PRICE,USE_FLAG) values (1002,'카라반2','caravan',4,100000,'n');
Insert into JAVA.SITE (SITE_NO,SITE_NAME,CATEGORY,SITE_MAX,SITE_PRICE,USE_FLAG) values (1003,'오토1','auto',2,50000,'y');
Insert into JAVA.SITE (SITE_NO,SITE_NAME,CATEGORY,SITE_MAX,SITE_PRICE,USE_FLAG) values (1004,'오토2','auto',2,50000,'n');
Insert into JAVA.SITE (SITE_NO,SITE_NAME,CATEGORY,SITE_MAX,SITE_PRICE,USE_FLAG) values (1005,'데크1','deck',2,25000,'y');
Insert into JAVA.SITE (SITE_NO,SITE_NAME,CATEGORY,SITE_MAX,SITE_PRICE,USE_FLAG) values (1006,'데크2','deck',2,25000,'n');
REM INSERTING into JAVA.SITE_BOOK
SET DEFINE OFF;
Insert into JAVA.SITE_BOOK (BOOK_NO,MEMBER_ID,SITE_NO,MEM_CNT,START_DATE,END_DATE,CAR_NUM,TOTAL_PRICE,REVIEW_FLAG,CANCEL_FLAG,CREATE_DATE) values (70,'dayoung',1005,2,'2024/11/28','2024/11/29',null,25000,0,0,to_date('24/11/05','RR/MM/DD'));
Insert into JAVA.SITE_BOOK (BOOK_NO,MEMBER_ID,SITE_NO,MEM_CNT,START_DATE,END_DATE,CAR_NUM,TOTAL_PRICE,REVIEW_FLAG,CANCEL_FLAG,CREATE_DATE) values (71,'nayun124',1001,3,'2024/11/06','2024/11/08','서울 가 1234',100000,0,0,to_date('24/11/05','RR/MM/DD'));
Insert into JAVA.SITE_BOOK (BOOK_NO,MEMBER_ID,SITE_NO,MEM_CNT,START_DATE,END_DATE,CAR_NUM,TOTAL_PRICE,REVIEW_FLAG,CANCEL_FLAG,CREATE_DATE) values (72,'gihwan',1003,2,'2024/11/05','2024/11/06','12가 1234',50000,0,0,to_date('24/11/05','RR/MM/DD'));
Insert into JAVA.SITE_BOOK (BOOK_NO,MEMBER_ID,SITE_NO,MEM_CNT,START_DATE,END_DATE,CAR_NUM,TOTAL_PRICE,REVIEW_FLAG,CANCEL_FLAG,CREATE_DATE) values (73,'gihwan',1006,2,'2024/11/08','2024/11/12','12가 1234',25000,0,0,to_date('24/11/05','RR/MM/DD'));
Insert into JAVA.SITE_BOOK (BOOK_NO,MEMBER_ID,SITE_NO,MEM_CNT,START_DATE,END_DATE,CAR_NUM,TOTAL_PRICE,REVIEW_FLAG,CANCEL_FLAG,CREATE_DATE) values (74,'gihwan',1005,2,'2024/11/10','2024/11/12',null,25000,0,0,to_date('24/11/05','RR/MM/DD'));
Insert into JAVA.SITE_BOOK (BOOK_NO,MEMBER_ID,SITE_NO,MEM_CNT,START_DATE,END_DATE,CAR_NUM,TOTAL_PRICE,REVIEW_FLAG,CANCEL_FLAG,CREATE_DATE) values (75,'gihwan',1001,4,'2024/11/26','2024/11/27',null,100000,0,0,to_date('24/11/05','RR/MM/DD'));
Insert into JAVA.SITE_BOOK (BOOK_NO,MEMBER_ID,SITE_NO,MEM_CNT,START_DATE,END_DATE,CAR_NUM,TOTAL_PRICE,REVIEW_FLAG,CANCEL_FLAG,CREATE_DATE) values (76,'gihwan',1004,2,'2024/11/15','2024/11/16',null,50000,0,0,to_date('24/11/05','RR/MM/DD'));
Insert into JAVA.SITE_BOOK (BOOK_NO,MEMBER_ID,SITE_NO,MEM_CNT,START_DATE,END_DATE,CAR_NUM,TOTAL_PRICE,REVIEW_FLAG,CANCEL_FLAG,CREATE_DATE) values (77,'gihwan',1005,2,'2024/12/19','2024/12/22',null,25000,0,0,to_date('24/11/05','RR/MM/DD'));
Insert into JAVA.SITE_BOOK (BOOK_NO,MEMBER_ID,SITE_NO,MEM_CNT,START_DATE,END_DATE,CAR_NUM,TOTAL_PRICE,REVIEW_FLAG,CANCEL_FLAG,CREATE_DATE) values (78,'gihwan',1005,2,'2024/11/21','2024/11/22',null,25000,0,0,to_date('24/11/05','RR/MM/DD'));
Insert into JAVA.SITE_BOOK (BOOK_NO,MEMBER_ID,SITE_NO,MEM_CNT,START_DATE,END_DATE,CAR_NUM,TOTAL_PRICE,REVIEW_FLAG,CANCEL_FLAG,CREATE_DATE) values (79,'gihwan',1002,4,'2024/12/30','2024/12/31',null,100000,0,0,to_date('24/11/05','RR/MM/DD'));
Insert into JAVA.SITE_BOOK (BOOK_NO,MEMBER_ID,SITE_NO,MEM_CNT,START_DATE,END_DATE,CAR_NUM,TOTAL_PRICE,REVIEW_FLAG,CANCEL_FLAG,CREATE_DATE) values (80,'gihwan',1003,2,'2024/11/24','2024/11/26',null,50000,0,0,to_date('24/11/05','RR/MM/DD'));
Insert into JAVA.SITE_BOOK (BOOK_NO,MEMBER_ID,SITE_NO,MEM_CNT,START_DATE,END_DATE,CAR_NUM,TOTAL_PRICE,REVIEW_FLAG,CANCEL_FLAG,CREATE_DATE) values (81,'gihwan',1004,2,'2025/01/09','2025/01/10',null,50000,0,0,to_date('24/11/05','RR/MM/DD'));
Insert into JAVA.SITE_BOOK (BOOK_NO,MEMBER_ID,SITE_NO,MEM_CNT,START_DATE,END_DATE,CAR_NUM,TOTAL_PRICE,REVIEW_FLAG,CANCEL_FLAG,CREATE_DATE) values (82,'gihwan',1005,2,'2025/02/14','2025/02/15',null,25000,0,0,to_date('24/11/05','RR/MM/DD'));
Insert into JAVA.SITE_BOOK (BOOK_NO,MEMBER_ID,SITE_NO,MEM_CNT,START_DATE,END_DATE,CAR_NUM,TOTAL_PRICE,REVIEW_FLAG,CANCEL_FLAG,CREATE_DATE) values (68,'mid905',1005,2,'2024/11/14','2024/11/16','18나 6604',103000,0,0,to_date('24/11/05','RR/MM/DD'));
Insert into JAVA.SITE_BOOK (BOOK_NO,MEMBER_ID,SITE_NO,MEM_CNT,START_DATE,END_DATE,CAR_NUM,TOTAL_PRICE,REVIEW_FLAG,CANCEL_FLAG,CREATE_DATE) values (69,'soso',1001,3,'2024/11/08','2024/11/12','11나 1223',100000,0,0,to_date('24/11/05','RR/MM/DD'));
REM INSERTING into JAVA.SITE_BOOK_OPTION
SET DEFINE OFF;
Insert into JAVA.SITE_BOOK_OPTION (OPTION_NO,BOOK_NO,MEMBER_ID,SITE_NO) values (104,68,'mid905',1005);
Insert into JAVA.SITE_BOOK_OPTION (OPTION_NO,BOOK_NO,MEMBER_ID,SITE_NO) values (101,69,'soso',1001);
Insert into JAVA.SITE_BOOK_OPTION (OPTION_NO,BOOK_NO,MEMBER_ID,SITE_NO) values (102,69,'soso',1001);
Insert into JAVA.SITE_BOOK_OPTION (OPTION_NO,BOOK_NO,MEMBER_ID,SITE_NO) values (105,69,'soso',1001);
Insert into JAVA.SITE_BOOK_OPTION (OPTION_NO,BOOK_NO,MEMBER_ID,SITE_NO) values (102,70,'dayoung',1005);
Insert into JAVA.SITE_BOOK_OPTION (OPTION_NO,BOOK_NO,MEMBER_ID,SITE_NO) values (103,70,'dayoung',1005);
Insert into JAVA.SITE_BOOK_OPTION (OPTION_NO,BOOK_NO,MEMBER_ID,SITE_NO) values (101,71,'nayun124',1001);
Insert into JAVA.SITE_BOOK_OPTION (OPTION_NO,BOOK_NO,MEMBER_ID,SITE_NO) values (102,71,'nayun124',1001);
Insert into JAVA.SITE_BOOK_OPTION (OPTION_NO,BOOK_NO,MEMBER_ID,SITE_NO) values (105,71,'nayun124',1001);
Insert into JAVA.SITE_BOOK_OPTION (OPTION_NO,BOOK_NO,MEMBER_ID,SITE_NO) values (101,72,'gihwan',1003);
Insert into JAVA.SITE_BOOK_OPTION (OPTION_NO,BOOK_NO,MEMBER_ID,SITE_NO) values (104,72,'gihwan',1003);
Insert into JAVA.SITE_BOOK_OPTION (OPTION_NO,BOOK_NO,MEMBER_ID,SITE_NO) values (102,73,'gihwan',1006);
Insert into JAVA.SITE_BOOK_OPTION (OPTION_NO,BOOK_NO,MEMBER_ID,SITE_NO) values (104,74,'gihwan',1005);
Insert into JAVA.SITE_BOOK_OPTION (OPTION_NO,BOOK_NO,MEMBER_ID,SITE_NO) values (106,74,'gihwan',1005);
Insert into JAVA.SITE_BOOK_OPTION (OPTION_NO,BOOK_NO,MEMBER_ID,SITE_NO) values (101,75,'gihwan',1001);
Insert into JAVA.SITE_BOOK_OPTION (OPTION_NO,BOOK_NO,MEMBER_ID,SITE_NO) values (103,75,'gihwan',1001);
Insert into JAVA.SITE_BOOK_OPTION (OPTION_NO,BOOK_NO,MEMBER_ID,SITE_NO) values (103,76,'gihwan',1004);
Insert into JAVA.SITE_BOOK_OPTION (OPTION_NO,BOOK_NO,MEMBER_ID,SITE_NO) values (105,76,'gihwan',1004);
Insert into JAVA.SITE_BOOK_OPTION (OPTION_NO,BOOK_NO,MEMBER_ID,SITE_NO) values (103,77,'gihwan',1005);
Insert into JAVA.SITE_BOOK_OPTION (OPTION_NO,BOOK_NO,MEMBER_ID,SITE_NO) values (102,78,'gihwan',1005);
Insert into JAVA.SITE_BOOK_OPTION (OPTION_NO,BOOK_NO,MEMBER_ID,SITE_NO) values (104,79,'gihwan',1002);
Insert into JAVA.SITE_BOOK_OPTION (OPTION_NO,BOOK_NO,MEMBER_ID,SITE_NO) values (101,80,'gihwan',1003);
Insert into JAVA.SITE_BOOK_OPTION (OPTION_NO,BOOK_NO,MEMBER_ID,SITE_NO) values (103,80,'gihwan',1003);
Insert into JAVA.SITE_BOOK_OPTION (OPTION_NO,BOOK_NO,MEMBER_ID,SITE_NO) values (104,80,'gihwan',1003);
Insert into JAVA.SITE_BOOK_OPTION (OPTION_NO,BOOK_NO,MEMBER_ID,SITE_NO) values (105,80,'gihwan',1003);
Insert into JAVA.SITE_BOOK_OPTION (OPTION_NO,BOOK_NO,MEMBER_ID,SITE_NO) values (101,81,'gihwan',1004);
Insert into JAVA.SITE_BOOK_OPTION (OPTION_NO,BOOK_NO,MEMBER_ID,SITE_NO) values (102,81,'gihwan',1004);
Insert into JAVA.SITE_BOOK_OPTION (OPTION_NO,BOOK_NO,MEMBER_ID,SITE_NO) values (103,81,'gihwan',1004);
Insert into JAVA.SITE_BOOK_OPTION (OPTION_NO,BOOK_NO,MEMBER_ID,SITE_NO) values (103,82,'gihwan',1005);
Insert into JAVA.SITE_BOOK_OPTION (OPTION_NO,BOOK_NO,MEMBER_ID,SITE_NO) values (104,82,'gihwan',1005);
Insert into JAVA.SITE_BOOK_OPTION (OPTION_NO,BOOK_NO,MEMBER_ID,SITE_NO) values (101,68,'mid905',1005);
Insert into JAVA.SITE_BOOK_OPTION (OPTION_NO,BOOK_NO,MEMBER_ID,SITE_NO) values (103,68,'mid905',1005);
REM INSERTING into JAVA.SITE_OPTION
SET DEFINE OFF;
Insert into JAVA.SITE_OPTION (OPTION_NO,OPTION_NAME,OPTION_PRICE) values (101,'바베큐',50000);
Insert into JAVA.SITE_OPTION (OPTION_NO,OPTION_NAME,OPTION_PRICE) values (102,'캠프파이어',50000);
Insert into JAVA.SITE_OPTION (OPTION_NO,OPTION_NAME,OPTION_PRICE) values (103,'튜브',8000);
Insert into JAVA.SITE_OPTION (OPTION_NO,OPTION_NAME,OPTION_PRICE) values (104,'텐트',20000);
Insert into JAVA.SITE_OPTION (OPTION_NO,OPTION_NAME,OPTION_PRICE) values (105,'보드게임',5000);
Insert into JAVA.SITE_OPTION (OPTION_NO,OPTION_NAME,OPTION_PRICE) values (106,'유아침구',10000);
REM INSERTING into JAVA.TBL_BOARD
SET DEFINE OFF;
Insert into JAVA.TBL_BOARD (BOARD_NO,TITLE,CONTENT,WRITER,VIEW_CNT,WRITE_DATE,UPDATE_DATE,IMG) values (100,'점심','점심내용','test2',0,to_date('24/10/18','RR/MM/DD'),to_date('24/10/18','RR/MM/DD'),null);
Insert into JAVA.TBL_BOARD (BOARD_NO,TITLE,CONTENT,WRITER,VIEW_CNT,WRITE_DATE,UPDATE_DATE,IMG) values (101,'test[수정]','test[수정]','user03',0,to_date('24/10/18','RR/MM/DD'),to_date('24/10/18','RR/MM/DD'),null);
Insert into JAVA.TBL_BOARD (BOARD_NO,TITLE,CONTENT,WRITER,VIEW_CNT,WRITE_DATE,UPDATE_DATE,IMG) values (134,'dd익히기','내용입니다','test999',0,to_date('24/10/18','RR/MM/DD'),to_date('24/10/18','RR/MM/DD'),null);
Insert into JAVA.TBL_BOARD (BOARD_NO,TITLE,CONTENT,WRITER,VIEW_CNT,WRITE_DATE,UPDATE_DATE,IMG) values (6,'점심','점심내용','test2',9,to_date('24/10/17','RR/MM/DD'),to_date('24/10/17','RR/MM/DD'),null);
Insert into JAVA.TBL_BOARD (BOARD_NO,TITLE,CONTENT,WRITER,VIEW_CNT,WRITE_DATE,UPDATE_DATE,IMG) values (7,'test[수정]','test[수정]','user03',4,to_date('24/10/17','RR/MM/DD'),to_date('24/10/17','RR/MM/DD'),null);
Insert into JAVA.TBL_BOARD (BOARD_NO,TITLE,CONTENT,WRITER,VIEW_CNT,WRITE_DATE,UPDATE_DATE,IMG) values (8,'dd','dd','test9999',3,to_date('24/10/17','RR/MM/DD'),to_date('24/10/17','RR/MM/DD'),null);
Insert into JAVA.TBL_BOARD (BOARD_NO,TITLE,CONTENT,WRITER,VIEW_CNT,WRITE_DATE,UPDATE_DATE,IMG) values (10,'게시글테스트[수정]>>>','글내용입니다[수정]','user03',7,to_date('24/10/17','RR/MM/DD'),to_date('24/10/18','RR/MM/DD'),null);
Insert into JAVA.TBL_BOARD (BOARD_NO,TITLE,CONTENT,WRITER,VIEW_CNT,WRITE_DATE,UPDATE_DATE,IMG) values (11,'dd익히기','내용입니다','test999',3,to_date('24/10/17','RR/MM/DD'),to_date('24/10/17','RR/MM/DD'),null);
Insert into JAVA.TBL_BOARD (BOARD_NO,TITLE,CONTENT,WRITER,VIEW_CNT,WRITE_DATE,UPDATE_DATE,IMG) values (12,'HTML','javascript','user03',0,to_date('24/10/17','RR/MM/DD'),to_date('24/10/17','RR/MM/DD'),null);
Insert into JAVA.TBL_BOARD (BOARD_NO,TITLE,CONTENT,WRITER,VIEW_CNT,WRITE_DATE,UPDATE_DATE,IMG) values (13,'점심','점심내용','test2',0,to_date('24/10/17','RR/MM/DD'),to_date('24/10/17','RR/MM/DD'),null);
Insert into JAVA.TBL_BOARD (BOARD_NO,TITLE,CONTENT,WRITER,VIEW_CNT,WRITE_DATE,UPDATE_DATE,IMG) values (14,'test[수정]','test[수정]','user03',0,to_date('24/10/17','RR/MM/DD'),to_date('24/10/17','RR/MM/DD'),null);
Insert into JAVA.TBL_BOARD (BOARD_NO,TITLE,CONTENT,WRITER,VIEW_CNT,WRITE_DATE,UPDATE_DATE,IMG) values (15,'dd','dd','test9999',0,to_date('24/10/17','RR/MM/DD'),to_date('24/10/17','RR/MM/DD'),null);
Insert into JAVA.TBL_BOARD (BOARD_NO,TITLE,CONTENT,WRITER,VIEW_CNT,WRITE_DATE,UPDATE_DATE,IMG) values (16,'게시글테스트[수정]>','글내용입니다[수정]','user03',0,to_date('24/10/17','RR/MM/DD'),to_date('24/10/17','RR/MM/DD'),null);
Insert into JAVA.TBL_BOARD (BOARD_NO,TITLE,CONTENT,WRITER,VIEW_CNT,WRITE_DATE,UPDATE_DATE,IMG) values (17,'dd익히기','내용입니다','test999',0,to_date('24/10/17','RR/MM/DD'),to_date('24/10/17','RR/MM/DD'),null);
Insert into JAVA.TBL_BOARD (BOARD_NO,TITLE,CONTENT,WRITER,VIEW_CNT,WRITE_DATE,UPDATE_DATE,IMG) values (18,'HTML','javascript','user03',0,to_date('24/10/17','RR/MM/DD'),to_date('24/10/17','RR/MM/DD'),null);
Insert into JAVA.TBL_BOARD (BOARD_NO,TITLE,CONTENT,WRITER,VIEW_CNT,WRITE_DATE,UPDATE_DATE,IMG) values (19,'점심','점심내용','test2',0,to_date('24/10/17','RR/MM/DD'),to_date('24/10/17','RR/MM/DD'),null);
Insert into JAVA.TBL_BOARD (BOARD_NO,TITLE,CONTENT,WRITER,VIEW_CNT,WRITE_DATE,UPDATE_DATE,IMG) values (20,'test[수정]','test[수정]','user03',0,to_date('24/10/17','RR/MM/DD'),to_date('24/10/17','RR/MM/DD'),null);
Insert into JAVA.TBL_BOARD (BOARD_NO,TITLE,CONTENT,WRITER,VIEW_CNT,WRITE_DATE,UPDATE_DATE,IMG) values (21,'dd','dd','test9999',0,to_date('24/10/17','RR/MM/DD'),to_date('24/10/17','RR/MM/DD'),null);
Insert into JAVA.TBL_BOARD (BOARD_NO,TITLE,CONTENT,WRITER,VIEW_CNT,WRITE_DATE,UPDATE_DATE,IMG) values (22,'게시글테스트[수정]>','글내용입니다[수정]','user03',0,to_date('24/10/17','RR/MM/DD'),to_date('24/10/17','RR/MM/DD'),null);
Insert into JAVA.TBL_BOARD (BOARD_NO,TITLE,CONTENT,WRITER,VIEW_CNT,WRITE_DATE,UPDATE_DATE,IMG) values (23,'dd익히기','내용입니다','test999',0,to_date('24/10/17','RR/MM/DD'),to_date('24/10/17','RR/MM/DD'),null);
Insert into JAVA.TBL_BOARD (BOARD_NO,TITLE,CONTENT,WRITER,VIEW_CNT,WRITE_DATE,UPDATE_DATE,IMG) values (24,'HTML','javascript','user03',0,to_date('24/10/17','RR/MM/DD'),to_date('24/10/17','RR/MM/DD'),null);
Insert into JAVA.TBL_BOARD (BOARD_NO,TITLE,CONTENT,WRITER,VIEW_CNT,WRITE_DATE,UPDATE_DATE,IMG) values (25,'점심','점심내용','test2',0,to_date('24/10/17','RR/MM/DD'),to_date('24/10/17','RR/MM/DD'),null);
Insert into JAVA.TBL_BOARD (BOARD_NO,TITLE,CONTENT,WRITER,VIEW_CNT,WRITE_DATE,UPDATE_DATE,IMG) values (26,'test[수정]','test[수정]','user03',0,to_date('24/10/17','RR/MM/DD'),to_date('24/10/17','RR/MM/DD'),null);
Insert into JAVA.TBL_BOARD (BOARD_NO,TITLE,CONTENT,WRITER,VIEW_CNT,WRITE_DATE,UPDATE_DATE,IMG) values (27,'dd','dd','test9999',0,to_date('24/10/17','RR/MM/DD'),to_date('24/10/17','RR/MM/DD'),null);
Insert into JAVA.TBL_BOARD (BOARD_NO,TITLE,CONTENT,WRITER,VIEW_CNT,WRITE_DATE,UPDATE_DATE,IMG) values (28,'게시글테스트[수정]>','글내용입니다[수정]','user03',0,to_date('24/10/17','RR/MM/DD'),to_date('24/10/17','RR/MM/DD'),null);
Insert into JAVA.TBL_BOARD (BOARD_NO,TITLE,CONTENT,WRITER,VIEW_CNT,WRITE_DATE,UPDATE_DATE,IMG) values (29,'dd익히기','내용입니다','test999',0,to_date('24/10/17','RR/MM/DD'),to_date('24/10/17','RR/MM/DD'),null);
IREM INSERTING into JAVA.TBL_BUY
SET DEFINE OFF;
REM INSERTING into JAVA.TBL_BUY_LIST
SET DEFINE OFF;
Insert into JAVA.TBL_BUY_LIST (LIST_NAME,BUY_DATE,COP_NAME,STO_TYPE,BUY_QUAN,CONTENT) values ('b01',to_date('24/02/02','RR/MM/DD'),'kim01','p01',100,'none');
REM INSERTING into JAVA.TBL_CARE_LIST
SET DEFINE OFF;
Insert into JAVA.TBL_CARE_LIST (CARE_NO,CARE_DATE,P_ID,STO_TYPE,SELL_QUAN,CONS_ID,CONTENT) values ('s01',to_date('22/02/02','RR/MM/DD'),'eee555','p01',50,'cat111','none');
REM INSERTING into JAVA.TBL_CONSULT
SET DEFINE OFF;
IREM INSERTING into JAVA.TBL_EVENT
SET DEFINE OFF;
REM INSERTING into JAVA.TBL_MEMBER
SET DEFINE OFF;
Insert into JAVA.TBL_MEMBER (MEMBER_ID,PASSWORD,MEMBER_NAME,PHONE,RESPONSIBILITY,CREATION_DATE) values ('admin','9999','관리자',null,'Admin',to_date('24/10/22','RR/MM/DD'));
Insert into JAVA.TBL_MEMBER (MEMBER_ID,PASSWORD,MEMBER_NAME,PHONE,RESPONSIBILITY,CREATION_DATE) values ('test2','2222','test2','2222','User',to_date('24/10/16','RR/MM/DD'));
Insert into JAVA.TBL_MEMBER (MEMBER_ID,PASSWORD,MEMBER_NAME,PHONE,RESPONSIBILITY,CREATION_DATE) values ('test999','999','연습99','010-9999-9999','User',to_date('24/10/15','RR/MM/DD'));
Insert into JAVA.TBL_MEMBER (MEMBER_ID,PASSWORD,MEMBER_NAME,PHONE,RESPONSIBILITY,CREATION_DATE) values ('test9999','999','연습99','010-9999-9999','User',to_date('24/10/15','RR/MM/DD'));
Insert into JAVA.TBL_MEMBER (MEMBER_ID,PASSWORD,MEMBER_NAME,PHONE,RESPONSIBILITY,CREATION_DATE) values ('user03','1111','홍길순3','010-3333-3333','User',to_date('24/10/22','RR/MM/DD'));
REM INSERTING into JAVA.TBL_PERSON
SET DEFINE OFF;
Insert into JAVA.TBL_PERSON (P_ID,P_NAME,P_AGE,P_PHONE,P_HOME,P_ANIMALS,P_DATE,PW) values ('ddd444','ddd','4','010-4444-4444','사막','4',to_date('04/04/04','RR/MM/DD'),'444');
Insert into JAVA.TBL_PERSON (P_ID,P_NAME,P_AGE,P_PHONE,P_HOME,P_ANIMALS,P_DATE,PW) values ('bbb222','bbb','2','010-2222-2222','이천','2',to_date('02/02/02','RR/MM/DD'),'222');
Insert into JAVA.TBL_PERSON (P_ID,P_NAME,P_AGE,P_PHONE,P_HOME,P_ANIMALS,P_DATE,PW) values ('aaa111','aaa','1','010-1111-1111','일산','1',to_date('01/01/01','RR/MM/DD'),'111');
Insert into JAVA.TBL_PERSON (P_ID,P_NAME,P_AGE,P_PHONE,P_HOME,P_ANIMALS,P_DATE,PW) values ('eee555','김기환','33','010-5555-5555','대구','5',to_date('22/02/02','RR/MM/DD'),'555');
Insert into JAVA.TBL_PERSON (P_ID,P_NAME,P_AGE,P_PHONE,P_HOME,P_ANIMALS,P_DATE,PW) values ('ccc333','ccc','3','010-3333-3333','삼척','3',to_date('03/03/03','RR/MM/DD'),'333');
REM INSERTING into JAVA.TBL_REPLY
SET DEFINE OFF;
IREM INSERTING into JAVA.TBL_STORAGE
SET DEFINE OFF;
I
  CREATE UNIQUE INDEX "JAVA"."PK_REPLY" ON "JAVA"."TBL_REPLY" ("REPLY_NO") 
  PCTFREE 10 INITRANS 2 MAXTRANS 255 COMPUTE STATISTICS 
  STORAGE(INITIAL 65536 NEXT 1048576 MINEXTENTS 1 MAXEXTENTS 2147483645
  PCTINCREASE 0 FREELISTS 1 FREELIST GROUPS 1 BUFFER_POOL DEFAULT FLASH_CACHE DEFAULT CELL_FLASH_CACHE DEFAULT)
  TABLESPACE "SYSTEM" ;
--------------------------------------------------------
--  Constraints for Table BOOK
--------------------------------------------------------

  ALTER TABLE "JAVA"."BOOK" MODIFY ("BNUM" NOT NULL ENABLE);
  ALTER TABLE "JAVA"."BOOK" MODIFY ("PRICE" NOT NULL ENABLE);
  ALTER TABLE "JAVA"."BOOK" MODIFY ("WRITER" NOT NULL ENABLE);
  ALTER TABLE "JAVA"."BOOK" MODIFY ("TITLE" NOT NULL ENABLE);
--------------------------------------------------------
--  Constraints for Table EMPLOYEE
--------------------------------------------------------

  ALTER TABLE "JAVA"."EMPLOYEE" ADD PRIMARY KEY ("EMPLOYEE_ID")
  USING INDEX PCTFREE 10 INITRANS 2 MAXTRANS 255 
  STORAGE(INITIAL 65536 NEXT 1048576 MINEXTENTS 1 MAXEXTENTS 2147483645
  PCTINCREASE 0 FREELISTS 1 FREELIST GROUPS 1 BUFFER_POOL DEFAULT FLASH_CACHE DEFAULT CELL_FLASH_CACHE DEFAULT)
  TABLESPACE "SYSTEM"  ENABLE;
  ALTER TABLE "JAVA"."EMPLOYEE" MODIFY ("EMPLOYEE_NAME" NOT NULL ENABLE);
--------------------------------------------------------
--  Constraints for Table TBL_CONSULT
--------------------------------------------------------

  ALTER TABLE "JAVA"."TBL_CONSULT" ADD PRIMARY KEY ("CONS_ID")
  USING INDEX PCTFREE 10 INITRANS 2 MAXTRANS 255 
  STORAGE(INITIAL 65536 NEXT 1048576 MINEXTENTS 1 MAXEXTENTS 2147483645
  PCTINCREASE 0 FREELISTS 1 FREELIST GROUPS 1 BUFFER_POOL DEFAULT FLASH_CACHE DEFAULT CELL_FLASH_CACHE DEFAULT)
  TABLESPACE "SYSTEM"  ENABLE;
  ALTER TABLE "JAVA"."TBL_CONSULT" MODIFY ("CONS_CONTENT" NOT NULL ENABLE);
  ALTER TABLE "JAVA"."TBL_CONSULT" MODIFY ("ANI_TYPE" NOT NULL ENABLE);
  ALTER TABLE "JAVA"."TBL_CONSULT" MODIFY ("ANI_NAME" NOT NULL ENABLE);
--------------------------------------------------------
--  Constraints for Table BOARDS
--------------------------------------------------------

  ALTER TABLE "JAVA"."BOARDS" ADD PRIMARY KEY ("BNO")
  USING INDEX PCTFREE 10 INITRANS 2 MAXTRANS 255 
  STORAGE(INITIAL 65536 NEXT 1048576 MINEXTENTS 1 MAXEXTENTS 2147483645
  PCTINCREASE 0 FREELISTS 1 FREELIST GROUPS 1 BUFFER_POOL DEFAULT FLASH_CACHE DEFAULT CELL_FLASH_CACHE DEFAULT)
  TABLESPACE "SYSTEM"  ENABLE;
  ALTER TABLE "JAVA"."BOARDS" MODIFY ("BWRITER" NOT NULL ENABLE);
  ALTER TABLE "JAVA"."BOARDS" MODIFY ("CONTENT" NOT NULL ENABLE);
  ALTER TABLE "JAVA"."BOARDS" MODIFY ("BTITLE" NOT NULL ENABLE);
--------------------------------------------------------
--  Constraints for Table TBL_MEMBER
--------------------------------------------------------

  ALTER TABLE "JAVA"."TBL_MEMBER" ADD PRIMARY KEY ("MEMBER_ID")
  USING INDEX PCTFREE 10 INITRANS 2 MAXTRANS 255 
  STORAGE(INITIAL 65536 NEXT 1048576 MINEXTENTS 1 MAXEXTENTS 2147483645
  PCTINCREASE 0 FREELISTS 1 FREELIST GROUPS 1 BUFFER_POOL DEFAULT FLASH_CACHE DEFAULT CELL_FLASH_CACHE DEFAULT)
  TABLESPACE "SYSTEM"  ENABLE;
  ALTER TABLE "JAVA"."TBL_MEMBER" MODIFY ("MEMBER_NAME" NOT NULL ENABLE);
  ALTER TABLE "JAVA"."TBL_MEMBER" MODIFY ("PASSWORD" NOT NULL ENABLE);
--------------------------------------------------------
--  Constraints for Table PRODUCT_TBL
--------------------------------------------------------

  ALTER TABLE "JAVA"."PRODUCT_TBL" ADD PRIMARY KEY ("PRD_CODE")
  USING INDEX PCTFREE 10 INITRANS 2 MAXTRANS 255 
  STORAGE(INITIAL 65536 NEXT 1048576 MINEXTENTS 1 MAXEXTENTS 2147483645
  PCTINCREASE 0 FREELISTS 1 FREELIST GROUPS 1 BUFFER_POOL DEFAULT FLASH_CACHE DEFAULT CELL_FLASH_CACHE DEFAULT)
  TABLESPACE "SYSTEM"  ENABLE;
  ALTER TABLE "JAVA"."PRODUCT_TBL" MODIFY ("PRD_DESC" NOT NULL ENABLE);
  ALTER TABLE "JAVA"."PRODUCT_TBL" MODIFY ("PRD_NAME" NOT NULL ENABLE);
--------------------------------------------------------
--  Constraints for Table MEMBER
--------------------------------------------------------

  ALTER TABLE "JAVA"."MEMBER" ADD PRIMARY KEY ("MEMBER_ID")
  USING INDEX PCTFREE 10 INITRANS 2 MAXTRANS 255 
  STORAGE(INITIAL 65536 NEXT 1048576 MINEXTENTS 1 MAXEXTENTS 2147483645
  PCTINCREASE 0 FREELISTS 1 FREELIST GROUPS 1 BUFFER_POOL DEFAULT FLASH_CACHE DEFAULT CELL_FLASH_CACHE DEFAULT)
  TABLESPACE "SYSTEM"  ENABLE;
  ALTER TABLE "JAVA"."MEMBER" MODIFY ("PERMISSION" NOT NULL ENABLE);
  ALTER TABLE "JAVA"."MEMBER" MODIFY ("JOINED_DATE" NOT NULL ENABLE);
  ALTER TABLE "JAVA"."MEMBER" MODIFY ("TEL" NOT NULL ENABLE);
  ALTER TABLE "JAVA"."MEMBER" MODIFY ("MEMBER_NAME" NOT NULL ENABLE);
  ALTER TABLE "JAVA"."MEMBER" MODIFY ("PASSWORD" NOT NULL ENABLE);
--------------------------------------------------------
--  Constraints for Table SITE_OPTION
--------------------------------------------------------

  ALTER TABLE "JAVA"."SITE_OPTION" ADD PRIMARY KEY ("OPTION_NO")
  USING INDEX PCTFREE 10 INITRANS 2 MAXTRANS 255 
  STORAGE(INITIAL 65536 NEXT 1048576 MINEXTENTS 1 MAXEXTENTS 2147483645
  PCTINCREASE 0 FREELISTS 1 FREELIST GROUPS 1 BUFFER_POOL DEFAULT FLASH_CACHE DEFAULT CELL_FLASH_CACHE DEFAULT)
  TABLESPACE "SYSTEM"  ENABLE;
--------------------------------------------------------
--  Constraints for Table SITE_BOOK
--------------------------------------------------------

  ALTER TABLE "JAVA"."SITE_BOOK" ADD PRIMARY KEY ("BOOK_NO")
  USING INDEX PCTFREE 10 INITRANS 2 MAXTRANS 255 
  STORAGE(INITIAL 65536 NEXT 1048576 MINEXTENTS 1 MAXEXTENTS 2147483645
  PCTINCREASE 0 FREELISTS 1 FREELIST GROUPS 1 BUFFER_POOL DEFAULT FLASH_CACHE DEFAULT CELL_FLASH_CACHE DEFAULT)
  TABLESPACE "SYSTEM"  ENABLE;
  ALTER TABLE "JAVA"."SITE_BOOK" MODIFY ("CREATE_DATE" NOT NULL ENABLE);
  ALTER TABLE "JAVA"."SITE_BOOK" MODIFY ("END_DATE" NOT NULL ENABLE);
  ALTER TABLE "JAVA"."SITE_BOOK" MODIFY ("START_DATE" NOT NULL ENABLE);
  ALTER TABLE "JAVA"."SITE_BOOK" MODIFY ("MEM_CNT" NOT NULL ENABLE);
  ALTER TABLE "JAVA"."SITE_BOOK" MODIFY ("SITE_NO" NOT NULL ENABLE);
  ALTER TABLE "JAVA"."SITE_BOOK" MODIFY ("MEMBER_ID" NOT NULL ENABLE);
--------------------------------------------------------
--  Constraints for Table BOARD
--------------------------------------------------------

  ALTER TABLE "JAVA"."BOARD" ADD PRIMARY KEY ("BOARD_NO")
  USING INDEX PCTFREE 10 INITRANS 2 MAXTRANS 255 
  STORAGE(INITIAL 65536 NEXT 1048576 MINEXTENTS 1 MAXEXTENTS 2147483645
  PCTINCREASE 0 FREELISTS 1 FREELIST GROUPS 1 BUFFER_POOL DEFAULT FLASH_CACHE DEFAULT CELL_FLASH_CACHE DEFAULT)
  TABLESPACE "SYSTEM"  ENABLE;
  ALTER TABLE "JAVA"."BOARD" MODIFY ("WRITE_DATE" NOT NULL ENABLE);
  ALTER TABLE "JAVA"."BOARD" MODIFY ("TITLE" NOT NULL ENABLE);
  ALTER TABLE "JAVA"."BOARD" MODIFY ("BOARD_CATEGORY" NOT NULL ENABLE);
--------------------------------------------------------
--  Constraints for Table SITE
--------------------------------------------------------

  ALTER TABLE "JAVA"."SITE" ADD PRIMARY KEY ("SITE_NO")
  USING INDEX PCTFREE 10 INITRANS 2 MAXTRANS 255 
  STORAGE(INITIAL 65536 NEXT 1048576 MINEXTENTS 1 MAXEXTENTS 2147483645
  PCTINCREASE 0 FREELISTS 1 FREELIST GROUPS 1 BUFFER_POOL DEFAULT FLASH_CACHE DEFAULT CELL_FLASH_CACHE DEFAULT)
  TABLESPACE "SYSTEM"  ENABLE;
  ALTER TABLE "JAVA"."SITE" MODIFY ("USE_FLAG" NOT NULL ENABLE);
  ALTER TABLE "JAVA"."SITE" MODIFY ("SITE_PRICE" NOT NULL ENABLE);
  ALTER TABLE "JAVA"."SITE" MODIFY ("SITE_MAX" NOT NULL ENABLE);
  ALTER TABLE "JAVA"."SITE" MODIFY ("CATEGORY" NOT NULL ENABLE);
--------------------------------------------------------
--  Constraints for Table TBL_EVENT
--------------------------------------------------------

  ALTER TABLE "JAVA"."TBL_EVENT" MODIFY ("START_DATE" NOT NULL ENABLE);
  ALTER TABLE "JAVA"."TBL_EVENT" MODIFY ("TITLE" NOT NULL ENABLE);
--------------------------------------------------------
--  Constraints for Table TBL_STORAGE
--------------------------------------------------------

  ALTER TABLE "JAVA"."TBL_STORAGE" ADD PRIMARY KEY ("STO_TYPE")
  USING INDEX PCTFREE 10 INITRANS 2 MAXTRANS 255 
  STORAGE(INITIAL 65536 NEXT 1048576 MINEXTENTS 1 MAXEXTENTS 2147483645
  PCTINCREASE 0 FREELISTS 1 FREELIST GROUPS 1 BUFFER_POOL DEFAULT FLASH_CACHE DEFAULT CELL_FLASH_CACHE DEFAULT)
  TABLESPACE "SYSTEM"  ENABLE;
  ALTER TABLE "JAVA"."TBL_STORAGE" MODIFY ("STO_LOSS" NOT NULL ENABLE);
  ALTER TABLE "JAVA"."TBL_STORAGE" MODIFY ("STO_NOW" NOT NULL ENABLE);
  ALTER TABLE "JAVA"."TBL_STORAGE" MODIFY ("STO_SELL" NOT NULL ENABLE);
  ALTER TABLE "JAVA"."TBL_STORAGE" MODIFY ("STO_QUAN" NOT NULL ENABLE);
--------------------------------------------------------
--  Constraints for Table TBL_BOARD
--------------------------------------------------------

  ALTER TABLE "JAVA"."TBL_BOARD" ADD PRIMARY KEY ("BOARD_NO")
  USING INDEX PCTFREE 10 INITRANS 2 MAXTRANS 255 
  STORAGE(INITIAL 65536 NEXT 1048576 MINEXTENTS 1 MAXEXTENTS 2147483645
  PCTINCREASE 0 FREELISTS 1 FREELIST GROUPS 1 BUFFER_POOL DEFAULT FLASH_CACHE DEFAULT CELL_FLASH_CACHE DEFAULT)
  TABLESPACE "SYSTEM"  ENABLE;
  ALTER TABLE "JAVA"."TBL_BOARD" MODIFY ("WRITER" NOT NULL ENABLE);
  ALTER TABLE "JAVA"."TBL_BOARD" MODIFY ("CONTENT" NOT NULL ENABLE);
  ALTER TABLE "JAVA"."TBL_BOARD" MODIFY ("TITLE" NOT NULL ENABLE);
--------------------------------------------------------
--  Constraints for Table TBL_BUY_LIST
--------------------------------------------------------

  ALTER TABLE "JAVA"."TBL_BUY_LIST" ADD PRIMARY KEY ("LIST_NAME")
  USING INDEX PCTFREE 10 INITRANS 2 MAXTRANS 255 
  STORAGE(INITIAL 65536 NEXT 1048576 MINEXTENTS 1 MAXEXTENTS 2147483645
  PCTINCREASE 0 FREELISTS 1 FREELIST GROUPS 1 BUFFER_POOL DEFAULT FLASH_CACHE DEFAULT CELL_FLASH_CACHE DEFAULT)
  TABLESPACE "SYSTEM"  ENABLE;
  ALTER TABLE "JAVA"."TBL_BUY_LIST" MODIFY ("STO_TYPE" NOT NULL ENABLE);
  ALTER TABLE "JAVA"."TBL_BUY_LIST" MODIFY ("COP_NAME" NOT NULL ENABLE);
--------------------------------------------------------
--  Constraints for Table TBL_REPLY
--------------------------------------------------------

  ALTER TABLE "JAVA"."TBL_REPLY" ADD CONSTRAINT "PK_REPLY" PRIMARY KEY ("REPLY_NO")
  USING INDEX PCTFREE 10 INITRANS 2 MAXTRANS 255 COMPUTE STATISTICS 
  STORAGE(INITIAL 65536 NEXT 1048576 MINEXTENTS 1 MAXEXTENTS 2147483645
  PCTINCREASE 0 FREELISTS 1 FREELIST GROUPS 1 BUFFER_POOL DEFAULT FLASH_CACHE DEFAULT CELL_FLASH_CACHE DEFAULT)
  TABLESPACE "SYSTEM"  ENABLE;
  ALTER TABLE "JAVA"."TBL_REPLY" MODIFY ("BOARD_NO" NOT NULL ENABLE);
  ALTER TABLE "JAVA"."TBL_REPLY" MODIFY ("REPLYER" NOT NULL ENABLE);
  ALTER TABLE "JAVA"."TBL_REPLY" MODIFY ("REPLY" NOT NULL ENABLE);
--------------------------------------------------------
--  Constraints for Table TBL_CARE_LIST
--------------------------------------------------------

  ALTER TABLE "JAVA"."TBL_CARE_LIST" ADD PRIMARY KEY ("CARE_NO")
  USING INDEX PCTFREE 10 INITRANS 2 MAXTRANS 255 
  STORAGE(INITIAL 65536 NEXT 1048576 MINEXTENTS 1 MAXEXTENTS 2147483645
  PCTINCREASE 0 FREELISTS 1 FREELIST GROUPS 1 BUFFER_POOL DEFAULT FLASH_CACHE DEFAULT CELL_FLASH_CACHE DEFAULT)
  TABLESPACE "SYSTEM"  ENABLE;
  ALTER TABLE "JAVA"."TBL_CARE_LIST" MODIFY ("CONS_ID" NOT NULL ENABLE);
  ALTER TABLE "JAVA"."TBL_CARE_LIST" MODIFY ("STO_TYPE" NOT NULL ENABLE);
--------------------------------------------------------
--  Constraints for Table TBL_PERSON
--------------------------------------------------------

  ALTER TABLE "JAVA"."TBL_PERSON" ADD PRIMARY KEY ("P_ID")
  USING INDEX PCTFREE 10 INITRANS 2 MAXTRANS 255 
  STORAGE(INITIAL 65536 NEXT 1048576 MINEXTENTS 1 MAXEXTENTS 2147483645
  PCTINCREASE 0 FREELISTS 1 FREELIST GROUPS 1 BUFFER_POOL DEFAULT FLASH_CACHE DEFAULT CELL_FLASH_CACHE DEFAULT)
  TABLESPACE "SYSTEM"  ENABLE;
  ALTER TABLE "JAVA"."TBL_PERSON" MODIFY ("P_NAME" NOT NULL ENABLE);
--------------------------------------------------------
--  Constraints for Table TBL_BUY
--------------------------------------------------------

  ALTER TABLE "JAVA"."TBL_BUY" MODIFY ("BUY_QUAN" NOT NULL ENABLE);
  ALTER TABLE "JAVA"."TBL_BUY" MODIFY ("BUY_NAME" NOT NULL ENABLE);
  ALTER TABLE "JAVA"."TBL_BUY" MODIFY ("BUY_TYPE" NOT NULL ENABLE);
--------------------------------------------------------
--  Constraints for Table SITE_BOOK_OPTION
--------------------------------------------------------

  ALTER TABLE "JAVA"."SITE_BOOK_OPTION" MODIFY ("SITE_NO" NOT NULL ENABLE);
  ALTER TABLE "JAVA"."SITE_BOOK_OPTION" MODIFY ("MEMBER_ID" NOT NULL ENABLE);
  ALTER TABLE "JAVA"."SITE_BOOK_OPTION" MODIFY ("BOOK_NO" NOT NULL ENABLE);
  ALTER TABLE "JAVA"."SITE_BOOK_OPTION" MODIFY ("OPTION_NO" NOT NULL ENABLE);
--------------------------------------------------------
--  Ref Constraints for Table TBL_BUY
--------------------------------------------------------

  ALTER TABLE "JAVA"."TBL_BUY" ADD CONSTRAINT "FK_BUY" FOREIGN KEY ("BUY_TYPE")
	  REFERENCES "JAVA"."TBL_STORAGE" ("STO_TYPE") ENABLE;
--------------------------------------------------------
--  Ref Constraints for Table TBL_CONSULT
--------------------------------------------------------

  ALTER TABLE "JAVA"."TBL_CONSULT" ADD CONSTRAINT "FK" FOREIGN KEY ("P_ID")
	  REFERENCES "JAVA"."TBL_PERSON" ("P_ID") ON DELETE SET NULL ENABLE;

select * from site_book;
select * from board where board_category in ('reply' , 'qna');

SELECT column_name
FROM all_cons_columns
WHERE constraint_name = 'SYS_C008642' AND owner = 'JAVA';

drop table tbl_buy_list;

insert into
        board(board_no, board_category, book_no, secret_flag, title, content, board_pw, notice_flag, writer)
        values(board_seq.nextval,  'qna', 2001, 0, 'title', 'content', 0, 0, 'dayoung');

SELECT MAX(board_no) FROM board;

ALTER SEQUENCE board_seq RESTART START WITH 3023;
commit;



delete board
where board_category = 'reply';
commit;

select * from board where board_category in ('reply', 'qna');