--------------------------------------------------------
--  파일이 생성됨 - 목요일-3월-13-2025   
--------------------------------------------------------
--------------------------------------------------------
--  DDL for Type BSN_CS_DTLARRAY
--------------------------------------------------------

  CREATE OR REPLACE TYPE "BSN_CS_DTLARRAY" as table of BSN_CS_DTL_FILETYPE;

/
--------------------------------------------------------
--  DDL for Type BSN_CS_DTL_FILETYPE
--------------------------------------------------------

  CREATE OR REPLACE TYPE "BSN_CS_DTL_FILETYPE" AS OBJECT 
(   
    returning_detail_code VARCHAR2(30),
	goods_name VARCHAR2(50),
	goods_code VARCHAR2(30),
	option_name VARCHAR2(50),
	option_code VARCHAR2(30),
	option_barcode VARCHAR2(50),
	exchange_returning_choice VARCHAR2(30),
	returning_reason VARCHAR2(1000),
	goods_lot_num VARCHAR2(40),
	quantity NUMBER,
	warehousing_qnt NUMBER,
	disuse_qnt NUMBER

);

/
--------------------------------------------------------
--  DDL for Type BSN_DLV_LOT_DTLARRAY
--------------------------------------------------------

  CREATE OR REPLACE TYPE "BSN_DLV_LOT_DTLARRAY" as table of BSN_DLV_LOT_DTL_FILETYPE;

/
--------------------------------------------------------
--  DDL for Type BSN_DLV_LOT_DTL_FILETYPE
--------------------------------------------------------

  CREATE OR REPLACE TYPE "BSN_DLV_LOT_DTL_FILETYPE" AS OBJECT 
(   delivery_lot_detail_num NUMBER,
	delivery_detail_id NUMBER,
	goods_lot_num VARCHAR2(40),
	delivery_possible_qnt NUMBER,
	delivery_qnt NUMBER,
    goods_consumption_date DATE
);

/
--------------------------------------------------------
--  DDL for Type BSN_ORD_DTLARRAY
--------------------------------------------------------

  CREATE OR REPLACE TYPE "BSN_ORD_DTLARRAY" as table of BSN_ORD_DTL_FILETYPE;

/
--------------------------------------------------------
--  DDL for Type BSN_ORD_DTL_FILETYPE
--------------------------------------------------------

  CREATE OR REPLACE TYPE "BSN_ORD_DTL_FILETYPE" AS OBJECT 
(   order_detail_id number(10),
    order_id VARCHAR2(50), 
    goods_code VARCHAR2(50),
    option_code VARCHAR2(50),
    quantity number(10),
    goods_standard VARCHAR2(50), 
    UNIT_PRICE number(10, 2),
    summation_amt number(10, 2),
    goods_name VARCHAR2(50),
    option_name VARCHAR2(50)
);

/
--------------------------------------------------------
--  DDL for Type CLOSINGFILEARRAY
--------------------------------------------------------

  CREATE OR REPLACE TYPE "CLOSINGFILEARRAY" as table of CLOSINGFILETYPE;

/
--------------------------------------------------------
--  DDL for Type CLOSINGFILETYPE
--------------------------------------------------------

  CREATE OR REPLACE TYPE "CLOSINGFILETYPE" AS OBJECT 
(   bnf_sle_qy number(10),
    goods_code VARCHAR2(30),
    goods_name   VARCHAR2(50),
    option_code   VARCHAR2(30),
    option_name   VARCHAR2(50)
);

/
--------------------------------------------------------
--  DDL for Type FILEARRAY
--------------------------------------------------------

  CREATE OR REPLACE TYPE "FILEARRAY" as table of FILETYPE;

/
--------------------------------------------------------
--  DDL for Type FILETYPE
--------------------------------------------------------

  CREATE OR REPLACE TYPE "FILETYPE" AS OBJECT 
(   goods_code VARCHAR2(4000),
    goods_name	VARCHAR2(4000),
    option_code	VARCHAR2(4000),
    option_name	VARCHAR2(4000),
    goods_standard	VARCHAR2(4000),
    quantity number(10)
);

/
--------------------------------------------------------
--  DDL for Type GOODSINFILEARRAY
--------------------------------------------------------

  CREATE OR REPLACE TYPE "GOODSINFILEARRAY" as table of GOODSINFILETYPE;

/
--------------------------------------------------------
--  DDL for Type GOODSINFILETYPE
--------------------------------------------------------

  CREATE OR REPLACE TYPE "GOODSINFILETYPE" AS OBJECT 
(   branch_office_id VARCHAR2(30),
    goods_code VARCHAR2(30),
    goods_name   VARCHAR2(50),
    option_code   VARCHAR2(30),
    option_name   VARCHAR2(50),
    goods_standard VARCHAR2(30),
    quantity number(10),
    stock_quantity number(10),
    company_num number(10),
    in_quantity number(10),
    reorder number(10),
    return_num number(10),
    goods_lot_num VARCHAR2(40),
    option_barcode VARCHAR2(50),
    goods_consumption_date DATE
);

/
--------------------------------------------------------
--  DDL for Type PURCHSFILEARRAY
--------------------------------------------------------

  CREATE OR REPLACE TYPE "PURCHSFILEARRAY" as table of purchsfiletype;

/
--------------------------------------------------------
--  DDL for Type PURCHSFILETYPE
--------------------------------------------------------

  CREATE OR REPLACE TYPE "PURCHSFILETYPE" AS OBJECT 
(   
    option_name VARCHAR2(4000),
    warehouse_id NUMBER
);

/
--------------------------------------------------------
--  DDL for Type PURCHS_MODIFY_FILE_ARRAY
--------------------------------------------------------

  CREATE OR REPLACE TYPE "PURCHS_MODIFY_FILE_ARRAY" as table of purchs_modify_file_type;

/
--------------------------------------------------------
--  DDL for Type PURCHS_MODIFY_FILE_TYPE
--------------------------------------------------------

  CREATE OR REPLACE TYPE "PURCHS_MODIFY_FILE_TYPE" AS OBJECT 
(   option_num NUMBER,
    option_name VARCHAR2(4000),
    option_safety_invoice NUMBER,
    warehouse_id NUMBER,
    option_use_flag NUMBER
);


/
--------------------------------------------------------
--  DDL for Type PURCHS_ORDER_FILE_ARRAY
--------------------------------------------------------

  CREATE OR REPLACE TYPE "PURCHS_ORDER_FILE_ARRAY" as table of purchs_order_file_type;

/
--------------------------------------------------------
--  DDL for Type PURCHS_ORDER_FILE_TYPE
--------------------------------------------------------

  CREATE OR REPLACE TYPE "PURCHS_ORDER_FILE_TYPE" AS OBJECT 
(   
    company_num NUMBER,
    goods_standard VARCHAR2(4000),
    option_num NUMBER,
    order_plan_body_num NUMBER,
    purchase_quantity NUMBER,
    purchase_supply_price NUMBER,
    purchase_unit_price NUMBER,
    purchase_vat NUMBER
);

/
--------------------------------------------------------
--  DDL for Type PURCHS_ORDER_MODIFY_FILE_ARRAY
--------------------------------------------------------

  CREATE OR REPLACE TYPE "PURCHS_ORDER_MODIFY_FILE_ARRAY" AS TABLE OF purchs_order_modify_file_type;

/
--------------------------------------------------------
--  DDL for Type PURCHS_ORDER_MODIFY_FILE_TYPE
--------------------------------------------------------

  CREATE OR REPLACE TYPE "PURCHS_ORDER_MODIFY_FILE_TYPE" AS OBJECT 
(   
    purchase_body_num NUMBER,
    purchase_quantity NUMBER,
    purchase_unit_price NUMBER,
    purchase_supply_price NUMBER,
    purchase_vat NUMBER,
    option_num NUMBER,
    goods_standard VARCHAR2(4000),
    company_num NUMBER
);

/
--------------------------------------------------------
--  DDL for Type PURCHS_WAREHOUSE_FILE_ARRAY
--------------------------------------------------------

  CREATE OR REPLACE TYPE "PURCHS_WAREHOUSE_FILE_ARRAY" as table of purchs_warehouse_file_type;

/
--------------------------------------------------------
--  DDL for Type PURCHS_WAREHOUSE_FILE_TYPE
--------------------------------------------------------

  CREATE OR REPLACE TYPE "PURCHS_WAREHOUSE_FILE_TYPE" AS OBJECT 
(   
    option_num NUMBER,
    warehousing_standard_quantity NUMBER,
    warehousing_unit_price NUMBER,
    warehousing_supply_price NUMBER,
    warehousing_vat NUMBER,
    warehouse_id NUMBER,
    manufacture_date  DATE,
    purchase_body_num NUMBER,
    goods_standard VARCHAR2(4000)
 
);

/
--------------------------------------------------------
--  DDL for Type RETURNINGFILEARRAY
--------------------------------------------------------

  CREATE OR REPLACE TYPE "RETURNINGFILEARRAY" as table of RETURNINGFILETYPE;

/
--------------------------------------------------------
--  DDL for Type RETURNINGFILETYPE
--------------------------------------------------------

  CREATE OR REPLACE TYPE "RETURNINGFILETYPE" AS OBJECT 
(   goods_code VARCHAR2(30),
    goods_name   VARCHAR2(50),
    option_code   VARCHAR2(30),
    option_name   VARCHAR2(50),
    quantity number(10),
    exchange_returning_choice varchar2(30),
    returning_reason varchar2(1000),
    option_barcode varchar2(50),
    goods_lot_num varchar2(40)
);

/
--------------------------------------------------------
--  DDL for Sequence ACCNUT_DEALINGS_BOOK_SEQ
--------------------------------------------------------

   CREATE SEQUENCE  "ACCNUT_DEALINGS_BOOK_SEQ"  MINVALUE 1 MAXVALUE 9999999999999999999999999999 INCREMENT BY 1 START WITH 361 CACHE 20 NOORDER  NOCYCLE ;
--------------------------------------------------------
--  DDL for Sequence ACCNUT_DEBT_SEQ
--------------------------------------------------------

   CREATE SEQUENCE  "ACCNUT_DEBT_SEQ"  MINVALUE 1 MAXVALUE 9999999999999999999999999999 INCREMENT BY 1 START WITH 301 CACHE 20 NOORDER  NOCYCLE ;
--------------------------------------------------------
--  DDL for Sequence ACCNUT_ETC_PAYMENT_SEQ
--------------------------------------------------------

   CREATE SEQUENCE  "ACCNUT_ETC_PAYMENT_SEQ"  MINVALUE 1 MAXVALUE 9999999999999999999999999999 INCREMENT BY 1 START WITH 21 CACHE 20 NOORDER  NOCYCLE ;
--------------------------------------------------------
--  DDL for Sequence ACCNUT_INCIDENTAL_SEQ
--------------------------------------------------------

   CREATE SEQUENCE  "ACCNUT_INCIDENTAL_SEQ"  MINVALUE 1 MAXVALUE 9999999999999999999999999999 INCREMENT BY 1 START WITH 21 CACHE 20 NOORDER  NOCYCLE ;
--------------------------------------------------------
--  DDL for Sequence ACCNUT_SALARY_BOOK_SEQ
--------------------------------------------------------

   CREATE SEQUENCE  "ACCNUT_SALARY_BOOK_SEQ"  MINVALUE 1 MAXVALUE 9999999999999999999999999999 INCREMENT BY 1 START WITH 101 CACHE 20 NOORDER  NOCYCLE ;
--------------------------------------------------------
--  DDL for Sequence ACCNUT_TAX_DETAIL_SEQ
--------------------------------------------------------

   CREATE SEQUENCE  "ACCNUT_TAX_DETAIL_SEQ"  MINVALUE 1 MAXVALUE 9999999999999999999999999999 INCREMENT BY 1 START WITH 241 CACHE 20 NOORDER  NOCYCLE ;
--------------------------------------------------------
--  DDL for Sequence ASSETS_SEQ
--------------------------------------------------------

   CREATE SEQUENCE  "ASSETS_SEQ"  MINVALUE 1 MAXVALUE 9999999999999999999999999999 INCREMENT BY 1 START WITH 261 CACHE 20 NOORDER  NOCYCLE ;
--------------------------------------------------------
--  DDL for Sequence BOARD_ID_SEQ
--------------------------------------------------------

   CREATE SEQUENCE  "BOARD_ID_SEQ"  MINVALUE 1 MAXVALUE 9999999 INCREMENT BY 10 START WITH 1414 CACHE 20 NOORDER  NOCYCLE ;
--------------------------------------------------------
--  DDL for Sequence BSN_BHF_SEQ
--------------------------------------------------------

   CREATE SEQUENCE  "BSN_BHF_SEQ"  MINVALUE 1 MAXVALUE 9999999999999999999999999999 INCREMENT BY 1 START WITH 31 NOCACHE  NOORDER  NOCYCLE ;
--------------------------------------------------------
--  DDL for Sequence BSN_CS_CHANGE_HISTORY_SEQ
--------------------------------------------------------

   CREATE SEQUENCE  "BSN_CS_CHANGE_HISTORY_SEQ"  MINVALUE 1 MAXVALUE 9999999999999999999999999999 INCREMENT BY 1 START WITH 36 NOCACHE  NOORDER  NOCYCLE ;
--------------------------------------------------------
--  DDL for Sequence BSN_CS_RETURNING_GOODS_SEQ
--------------------------------------------------------

   CREATE SEQUENCE  "BSN_CS_RETURNING_GOODS_SEQ"  MINVALUE 1 MAXVALUE 9999999999999999999999999999 INCREMENT BY 1 START WITH 18 NOCACHE  NOORDER  NOCYCLE ;
--------------------------------------------------------
--  DDL for Sequence BSN_DELIVERY_DETAIL_SEQ
--------------------------------------------------------

   CREATE SEQUENCE  "BSN_DELIVERY_DETAIL_SEQ"  MINVALUE 1 MAXVALUE 9999999999999999999999999999 INCREMENT BY 1 START WITH 48 NOCACHE  NOORDER  NOCYCLE ;
--------------------------------------------------------
--  DDL for Sequence BSN_DELIVERY_LOT_DETAIL_SEQ
--------------------------------------------------------

   CREATE SEQUENCE  "BSN_DELIVERY_LOT_DETAIL_SEQ"  MINVALUE 1 MAXVALUE 9999999999999999999999999999 INCREMENT BY 1 START WITH 56 NOCACHE  NOORDER  NOCYCLE ;
--------------------------------------------------------
--  DDL for Sequence BSN_DELIVERY_SEQ
--------------------------------------------------------

   CREATE SEQUENCE  "BSN_DELIVERY_SEQ"  MINVALUE 1 MAXVALUE 9999999999999999999999999999 INCREMENT BY 1 START WITH 22 NOCACHE  NOORDER  NOCYCLE ;
--------------------------------------------------------
--  DDL for Sequence BSN_ORDER_DETAIL_SEQ
--------------------------------------------------------

   CREATE SEQUENCE  "BSN_ORDER_DETAIL_SEQ"  MINVALUE 1 MAXVALUE 9999999999999999999999999999 INCREMENT BY 1 START WITH 59 NOCACHE  NOORDER  NOCYCLE ;
--------------------------------------------------------
--  DDL for Sequence BSN_ORDER_SEQ
--------------------------------------------------------

   CREATE SEQUENCE  "BSN_ORDER_SEQ"  MINVALUE 1 MAXVALUE 9999999999999999999999999999 INCREMENT BY 1 START WITH 25 NOCACHE  NOORDER  NOCYCLE ;
--------------------------------------------------------
--  DDL for Sequence CLOSING_CODE_SEQ
--------------------------------------------------------

   CREATE SEQUENCE  "CLOSING_CODE_SEQ"  MINVALUE 1 MAXVALUE 9999999999999999999999999999 INCREMENT BY 1 START WITH 272 NOCACHE  NOORDER  NOCYCLE ;
--------------------------------------------------------
--  DDL for Sequence CLOSING_DETAIL_CODE_SEQ
--------------------------------------------------------

   CREATE SEQUENCE  "CLOSING_DETAIL_CODE_SEQ"  MINVALUE 1 MAXVALUE 9999999 INCREMENT BY 1 START WITH 461 CACHE 20 NOORDER  NOCYCLE ;
--------------------------------------------------------
--  DDL for Sequence ERP_ACCOUNT_EMP_SEQ
--------------------------------------------------------

   CREATE SEQUENCE  "ERP_ACCOUNT_EMP_SEQ"  MINVALUE 1 MAXVALUE 9999999999999999999999999999 INCREMENT BY 1 START WITH 100010 NOCACHE  NOORDER  NOCYCLE ;
--------------------------------------------------------
--  DDL for Sequence ERP_ACCOUNT_SEQ
--------------------------------------------------------

   CREATE SEQUENCE  "ERP_ACCOUNT_SEQ"  MINVALUE 1 MAXVALUE 9999999999999999999999999999 INCREMENT BY 1 START WITH 53 NOCACHE  NOORDER  NOCYCLE ;
--------------------------------------------------------
--  DDL for Sequence ERP_ANSWER_SEQ
--------------------------------------------------------

   CREATE SEQUENCE  "ERP_ANSWER_SEQ"  MINVALUE 1 MAXVALUE 9999999999999999999999999999 INCREMENT BY 1 START WITH 36 NOCACHE  NOORDER  NOCYCLE ;
--------------------------------------------------------
--  DDL for Sequence ERP_BILL_SEQ
--------------------------------------------------------

   CREATE SEQUENCE  "ERP_BILL_SEQ"  MINVALUE 1 MAXVALUE 9999999999999999999999999999 INCREMENT BY 1 START WITH 42 NOCACHE  NOORDER  NOCYCLE ;
--------------------------------------------------------
--  DDL for Sequence ERP_CMPNY_SEQ
--------------------------------------------------------

   CREATE SEQUENCE  "ERP_CMPNY_SEQ"  MINVALUE 1 MAXVALUE 9999999999999999999999999999 INCREMENT BY 1 START WITH 55 NOCACHE  NOORDER  NOCYCLE ;
--------------------------------------------------------
--  DDL for Sequence ERP_CS_SEQ
--------------------------------------------------------

   CREATE SEQUENCE  "ERP_CS_SEQ"  MINVALUE 1 MAXVALUE 9999999999999999999999999999 INCREMENT BY 1 START WITH 293 NOCACHE  NOORDER  NOCYCLE ;
--------------------------------------------------------
--  DDL for Sequence ERP_CTRTC_SEQ
--------------------------------------------------------

   CREATE SEQUENCE  "ERP_CTRTC_SEQ"  MINVALUE 1 MAXVALUE 9999999999999999999999999999 INCREMENT BY 1 START WITH 35 NOCACHE  NOORDER  NOCYCLE ;
--------------------------------------------------------
--  DDL for Sequence ERP_EMP_SEQ
--------------------------------------------------------

   CREATE SEQUENCE  "ERP_EMP_SEQ"  MINVALUE 1 MAXVALUE 9999999999999999999999999999 INCREMENT BY 1 START WITH 20 NOCACHE  NOORDER  NOCYCLE ;
--------------------------------------------------------
--  DDL for Sequence ERP_INQRY_SEQ
--------------------------------------------------------

   CREATE SEQUENCE  "ERP_INQRY_SEQ"  MINVALUE 1 MAXVALUE 9999999999999999999999999999 INCREMENT BY 1 START WITH 58 NOCACHE  NOORDER  NOCYCLE ;
--------------------------------------------------------
--  DDL for Sequence ERP_SUBSCRPT_INFO_SEQ
--------------------------------------------------------

   CREATE SEQUENCE  "ERP_SUBSCRPT_INFO_SEQ"  MINVALUE 1 MAXVALUE 9999999999999999999999999999 INCREMENT BY 1 START WITH 105 NOCACHE  NOORDER  NOCYCLE ;
--------------------------------------------------------
--  DDL for Sequence ERP_SUBSCRPT_NAME_SEQ
--------------------------------------------------------

   CREATE SEQUENCE  "ERP_SUBSCRPT_NAME_SEQ"  MINVALUE 1 MAXVALUE 9999999999999999999999999999 INCREMENT BY 1 START WITH 20 NOCACHE  NOORDER  NOCYCLE ;
--------------------------------------------------------
--  DDL for Sequence ERP_SUBSCRPT_OPTION_SEQ
--------------------------------------------------------

   CREATE SEQUENCE  "ERP_SUBSCRPT_OPTION_SEQ"  MINVALUE 1 MAXVALUE 9999999999999999999999999999 INCREMENT BY 1 START WITH 100 NOCACHE  NOORDER  NOCYCLE ;
--------------------------------------------------------
--  DDL for Sequence ERP_SUBSCRPT_SEQ
--------------------------------------------------------

   CREATE SEQUENCE  "ERP_SUBSCRPT_SEQ"  MINVALUE 1 MAXVALUE 9999999999999999999999999999 INCREMENT BY 1 START WITH 89 NOCACHE  NOORDER  NOCYCLE ;
--------------------------------------------------------
--  DDL for Sequence ERP_SUBSCRPT_TAIL_SEQ
--------------------------------------------------------

   CREATE SEQUENCE  "ERP_SUBSCRPT_TAIL_SEQ"  MINVALUE 1 MAXVALUE 9999999999999999999999999999 INCREMENT BY 1 START WITH 153 NOCACHE  NOORDER  NOCYCLE ;
--------------------------------------------------------
--  DDL for Sequence ERP_USER_SEQ
--------------------------------------------------------

   CREATE SEQUENCE  "ERP_USER_SEQ"  MINVALUE 1 MAXVALUE 9999999999999999999999999999 INCREMENT BY 1 START WITH 4 NOCACHE  NOORDER  NOCYCLE ;
--------------------------------------------------------
--  DDL for Sequence GRPWR_APPRV_SEQ
--------------------------------------------------------

   CREATE SEQUENCE  "GRPWR_APPRV_SEQ"  MINVALUE 1 MAXVALUE 9999999999999999999999999999 INCREMENT BY 1 START WITH 193 NOCACHE  NOORDER  NOCYCLE ;
--------------------------------------------------------
--  DDL for Sequence GRPWR_CAHT_MESSAGE_SEQ
--------------------------------------------------------

   CREATE SEQUENCE  "GRPWR_CAHT_MESSAGE_SEQ"  MINVALUE 1 MAXVALUE 9999999999999999999999999999 INCREMENT BY 1 START WITH 401 NOCACHE  NOORDER  NOCYCLE ;
--------------------------------------------------------
--  DDL for Sequence GRPWR_CAHT_ROOM_SEQ
--------------------------------------------------------

   CREATE SEQUENCE  "GRPWR_CAHT_ROOM_SEQ"  MINVALUE 1 MAXVALUE 9999999999999999999999999999 INCREMENT BY 1 START WITH 215 NOCACHE  NOORDER  NOCYCLE ;
--------------------------------------------------------
--  DDL for Sequence GRPWR_SCHEDULE_SEQ
--------------------------------------------------------

   CREATE SEQUENCE  "GRPWR_SCHEDULE_SEQ"  MINVALUE 1 MAXVALUE 9999999999999999999999999999 INCREMENT BY 1 START WITH 222 NOCACHE  NOORDER  NOCYCLE ;
--------------------------------------------------------
--  DDL for Sequence GRPWR_VENDOR_SEQ
--------------------------------------------------------

   CREATE SEQUENCE  "GRPWR_VENDOR_SEQ"  MINVALUE 1 MAXVALUE 9999999999999999999999999999 INCREMENT BY 1 START WITH 1 NOCACHE  NOORDER  NOCYCLE ;
--------------------------------------------------------
--  DDL for Sequence HR_ANNUAL_LEAVE_SEQ
--------------------------------------------------------

   CREATE SEQUENCE  "HR_ANNUAL_LEAVE_SEQ"  MINVALUE 1 MAXVALUE 9999999999999999999999999999 INCREMENT BY 1 START WITH 2 NOCACHE  NOORDER  NOCYCLE ;
--------------------------------------------------------
--  DDL for Sequence HR_ATTENDANCE_LOG_SEQ
--------------------------------------------------------

   CREATE SEQUENCE  "HR_ATTENDANCE_LOG_SEQ"  MINVALUE 1 MAXVALUE 9999999999999999999999999999 INCREMENT BY 1 START WITH 3 NOCACHE  NOORDER  NOCYCLE ;
--------------------------------------------------------
--  DDL for Sequence HR_BUSINESS_TRIP_SEQ
--------------------------------------------------------

   CREATE SEQUENCE  "HR_BUSINESS_TRIP_SEQ"  MINVALUE 1 MAXVALUE 9999999999999999999999999999 INCREMENT BY 1 START WITH 2 NOCACHE  NOORDER  NOCYCLE ;
--------------------------------------------------------
--  DDL for Sequence HR_DEPARTMENT_SEQ
--------------------------------------------------------

   CREATE SEQUENCE  "HR_DEPARTMENT_SEQ"  MINVALUE 1 MAXVALUE 9999999999999999999999999999 INCREMENT BY 1 START WITH 52 NOCACHE  NOORDER  NOCYCLE ;
--------------------------------------------------------
--  DDL for Sequence HR_DOCUMENT_FILE_SEQ
--------------------------------------------------------

   CREATE SEQUENCE  "HR_DOCUMENT_FILE_SEQ"  MINVALUE 1 MAXVALUE 9999999999999999999999999999 INCREMENT BY 1 START WITH 2 NOCACHE  NOORDER  NOCYCLE ;
--------------------------------------------------------
--  DDL for Sequence HR_EMPLOYEE_CONTRACT_SEQ
--------------------------------------------------------

   CREATE SEQUENCE  "HR_EMPLOYEE_CONTRACT_SEQ"  MINVALUE 1 MAXVALUE 9999999999999999999999999999 INCREMENT BY 1 START WITH 67 NOCACHE  NOORDER  NOCYCLE ;
--------------------------------------------------------
--  DDL for Sequence HR_EMPLOYEE_HISTORY_SEQ
--------------------------------------------------------

   CREATE SEQUENCE  "HR_EMPLOYEE_HISTORY_SEQ"  MINVALUE 1 MAXVALUE 9999999999999999999999999999 INCREMENT BY 1 START WITH 19 NOCACHE  NOORDER  NOCYCLE ;
--------------------------------------------------------
--  DDL for Sequence HR_EMPLOYEE_SEQ
--------------------------------------------------------

   CREATE SEQUENCE  "HR_EMPLOYEE_SEQ"  MINVALUE 1 MAXVALUE 9999999999999999999999999999 INCREMENT BY 1 START WITH 581 CACHE 20 NOORDER  NOCYCLE ;
--------------------------------------------------------
--  DDL for Sequence HR_REJECTION_LOG_SEQ
--------------------------------------------------------

   CREATE SEQUENCE  "HR_REJECTION_LOG_SEQ"  MINVALUE 1 MAXVALUE 9999999999999999999999999999 INCREMENT BY 1 START WITH 2 NOCACHE  NOORDER  NOCYCLE ;
--------------------------------------------------------
--  DDL for Sequence HR_SALARY_SEQ
--------------------------------------------------------

   CREATE SEQUENCE  "HR_SALARY_SEQ"  MINVALUE 1 MAXVALUE 999999999 INCREMENT BY 1 START WITH 11 NOCACHE  NOORDER  NOCYCLE ;
--------------------------------------------------------
--  DDL for Sequence IN_LIST_NUM_SEQ
--------------------------------------------------------

   CREATE SEQUENCE  "IN_LIST_NUM_SEQ"  MINVALUE 1 MAXVALUE 9999999 INCREMENT BY 1 START WITH 141 CACHE 20 NOORDER  NOCYCLE ;
--------------------------------------------------------
--  DDL for Sequence MEDIATION_CODE_SEQ
--------------------------------------------------------

   CREATE SEQUENCE  "MEDIATION_CODE_SEQ"  MINVALUE 1 MAXVALUE 9999999 INCREMENT BY 1 START WITH 121 CACHE 20 NOORDER  NOCYCLE ;
--------------------------------------------------------
--  DDL for Sequence ORDER_CODE_SEQ
--------------------------------------------------------

   CREATE SEQUENCE  "ORDER_CODE_SEQ"  MINVALUE 1 MAXVALUE 9999999999999999999999999999 INCREMENT BY 1 START WITH 71 NOCACHE  NOORDER  NOCYCLE ;
--------------------------------------------------------
--  DDL for Sequence ORDER_DETAIL_CODE_SEQ
--------------------------------------------------------

   CREATE SEQUENCE  "ORDER_DETAIL_CODE_SEQ"  MINVALUE 1 MAXVALUE 9999999 INCREMENT BY 1 START WITH 281 CACHE 20 NOORDER  NOCYCLE ;
--------------------------------------------------------
--  DDL for Sequence PURCHSE_GOODS_CODE_SEQ
--------------------------------------------------------

   CREATE SEQUENCE  "PURCHSE_GOODS_CODE_SEQ"  MINVALUE 1 MAXVALUE 9999 INCREMENT BY 1 START WITH 247 NOCACHE  NOORDER  NOCYCLE ;
--------------------------------------------------------
--  DDL for Sequence PURCHSE_GOODS_SEQ
--------------------------------------------------------

   CREATE SEQUENCE  "PURCHSE_GOODS_SEQ"  MINVALUE 1 MAXVALUE 9999 INCREMENT BY 1 START WITH 248 NOCACHE  NOORDER  NOCYCLE ;
--------------------------------------------------------
--  DDL for Sequence PURCHSE_OPTION_CODE_SEQ
--------------------------------------------------------

   CREATE SEQUENCE  "PURCHSE_OPTION_CODE_SEQ"  MINVALUE 1 MAXVALUE 9999 INCREMENT BY 1 START WITH 585 NOCACHE  NOORDER  NOCYCLE ;
--------------------------------------------------------
--  DDL for Sequence PURCHSE_OPTION_SEQ
--------------------------------------------------------

   CREATE SEQUENCE  "PURCHSE_OPTION_SEQ"  MINVALUE 1 MAXVALUE 9999 INCREMENT BY 1 START WITH 587 NOCACHE  NOORDER  NOCYCLE ;
--------------------------------------------------------
--  DDL for Sequence PURCHS_ORDER_BODY_SEQ
--------------------------------------------------------

   CREATE SEQUENCE  "PURCHS_ORDER_BODY_SEQ"  MINVALUE 1 MAXVALUE 9999 INCREMENT BY 1 START WITH 85 NOCACHE  NOORDER  NOCYCLE ;
--------------------------------------------------------
--  DDL for Sequence PURCHS_ORDER_HEAD_SEQ
--------------------------------------------------------

   CREATE SEQUENCE  "PURCHS_ORDER_HEAD_SEQ"  MINVALUE 1 MAXVALUE 9999 INCREMENT BY 1 START WITH 1 NOCACHE  NOORDER  NOCYCLE ;
--------------------------------------------------------
--  DDL for Sequence PURCHS_PURCHASE_RECORD_SEQ
--------------------------------------------------------

   CREATE SEQUENCE  "PURCHS_PURCHASE_RECORD_SEQ"  MINVALUE 1 MAXVALUE 9999 INCREMENT BY 1 START WITH 6 NOCACHE  NOORDER  NOCYCLE ;
--------------------------------------------------------
--  DDL for Sequence PURCHS_WAREHOUSE_BODY_SEQ
--------------------------------------------------------

   CREATE SEQUENCE  "PURCHS_WAREHOUSE_BODY_SEQ"  MINVALUE 1 MAXVALUE 9999 INCREMENT BY 1 START WITH 113 NOCACHE  NOORDER  NOCYCLE ;
--------------------------------------------------------
--  DDL for Sequence PURCHS_WAREHOUSE_HEAD_SEQ
--------------------------------------------------------

   CREATE SEQUENCE  "PURCHS_WAREHOUSE_HEAD_SEQ"  MINVALUE 1 MAXVALUE 9999 INCREMENT BY 1 START WITH 66 NOCACHE  NOORDER  NOCYCLE ;
--------------------------------------------------------
--  DDL for Sequence RETURNING_CODE_SEQ
--------------------------------------------------------

   CREATE SEQUENCE  "RETURNING_CODE_SEQ"  MINVALUE 1 MAXVALUE 9999999 INCREMENT BY 1 START WITH 141 CACHE 20 NOORDER  NOCYCLE ;
--------------------------------------------------------
--  DDL for Sequence RETURNING_DETAIL_CODE_SEQ
--------------------------------------------------------

   CREATE SEQUENCE  "RETURNING_DETAIL_CODE_SEQ"  MINVALUE 1 MAXVALUE 9999999 INCREMENT BY 1 START WITH 141 CACHE 20 NOORDER  NOCYCLE ;
--------------------------------------------------------
--  DDL for Sequence STDR_BRAND_SEQ
--------------------------------------------------------

   CREATE SEQUENCE  "STDR_BRAND_SEQ"  MINVALUE 1 MAXVALUE 9999 INCREMENT BY 1 START WITH 5 NOCACHE  NOORDER  NOCYCLE ;
--------------------------------------------------------
--  DDL for Sequence STDR_CLASSIFICATION_SEQ
--------------------------------------------------------

   CREATE SEQUENCE  "STDR_CLASSIFICATION_SEQ"  MINVALUE 1 MAXVALUE 9999 INCREMENT BY 1 START WITH 9 NOCACHE  NOORDER  NOCYCLE ;
--------------------------------------------------------
--  DDL for Sequence STDR_DEPT_SEQ
--------------------------------------------------------

   CREATE SEQUENCE  "STDR_DEPT_SEQ"  MINVALUE 1 MAXVALUE 9999999999999999999999999999 INCREMENT BY 1 START WITH 1 NOCACHE  NOORDER  NOCYCLE ;
--------------------------------------------------------
--  DDL for Sequence STDR_DOC_SEQ
--------------------------------------------------------

   CREATE SEQUENCE  "STDR_DOC_SEQ"  MINVALUE 1 MAXVALUE 9999999999999999999999999999 INCREMENT BY 1 START WITH 52 NOCACHE  NOORDER  NOCYCLE ;
--------------------------------------------------------
--  DDL for Sequence STDR_WAREHOUSE_SEQ
--------------------------------------------------------

   CREATE SEQUENCE  "STDR_WAREHOUSE_SEQ"  MINVALUE 1 MAXVALUE 9999 INCREMENT BY 1 START WITH 6 NOCACHE  NOORDER  NOCYCLE ;
--------------------------------------------------------
--  DDL for Sequence TEST2_SEQ
--------------------------------------------------------

   CREATE SEQUENCE  "TEST2_SEQ"  MINVALUE 1 MAXVALUE 9999999 INCREMENT BY 1 START WITH 3 NOCACHE  NOORDER  NOCYCLE ;
--------------------------------------------------------
--  DDL for Sequence TEST_SEQ
--------------------------------------------------------

   CREATE SEQUENCE  "TEST_SEQ"  MINVALUE 1 MAXVALUE 99999 INCREMENT BY 1 START WITH 12 NOCACHE  NOORDER  NOCYCLE ;
--------------------------------------------------------
--  DDL for Sequence TEST_SEQ2
--------------------------------------------------------

   CREATE SEQUENCE  "TEST_SEQ2"  MINVALUE 1 MAXVALUE 99999 INCREMENT BY 1 START WITH 1 NOCACHE  NOORDER  NOCYCLE ;
--------------------------------------------------------
--  DDL for Sequence WAREHOUSE_CODE_SEQ
--------------------------------------------------------

   CREATE SEQUENCE  "WAREHOUSE_CODE_SEQ"  MINVALUE 1 MAXVALUE 9999999 INCREMENT BY 1 START WITH 141 CACHE 20 NOORDER  NOCYCLE ;
--------------------------------------------------------
--  DDL for Table ACCNUT_ASSETS
--------------------------------------------------------

  CREATE TABLE "ACCNUT_ASSETS" 
   (	"ASSETS_CODE" VARCHAR2(50), 
	"ASSETS_NAME" VARCHAR2(100), 
	"SECTION" VARCHAR2(20), 
	"FINANCIAL_INSTITUTION" VARCHAR2(20), 
	"FINANCE_INFORMATION" VARCHAR2(30), 
	"OWNER" VARCHAR2(100), 
	"AMOUNT" NUMBER(12,0) DEFAULT 0, 
	"REGISTER_DATE" DATE DEFAULT sysdate, 
	"QUANTITY" NUMBER(10,0), 
	"FIXTURES_AMOUNT" NUMBER(12,0) DEFAULT 0, 
	"COMPANY_NUM" NUMBER(6,0), 
	"RGNO" VARCHAR2(1000)
   ) ;

   COMMENT ON COLUMN "ACCNUT_ASSETS"."SECTION" IS 'ex) 현금(), 통장(), 카드(), 비품()';
   COMMENT ON COLUMN "ACCNUT_ASSETS"."FINANCIAL_INSTITUTION" IS '은행 및 카드사를 의미 ex)농협(), 국민(), 기업()';
   COMMENT ON COLUMN "ACCNUT_ASSETS"."FINANCE_INFORMATION" IS '통장번호 및 카드번호를 의미';
--------------------------------------------------------
--  DDL for Table ACCNUT_DEALINGS_ACCOUNT_BOOK
--------------------------------------------------------

  CREATE TABLE "ACCNUT_DEALINGS_ACCOUNT_BOOK" 
   (	"DEALINGS_ACCOUNT_BOOK_CODE" VARCHAR2(50), 
	"SECTION" VARCHAR2(20), 
	"TYPES_OF_TRANSACTION" VARCHAR2(20), 
	"AMOUNT" NUMBER(12,0) DEFAULT 0, 
	"VAT_ALTERNATIVE" CHAR(1) DEFAULT 'N', 
	"DEALINGS_CONTENTS" VARCHAR2(100), 
	"DEAL_DATE" DATE DEFAULT sysdate, 
	"DEPARTMENT" VARCHAR2(30), 
	"COMPANY_NUM" NUMBER(6,0)
   ) ;

   COMMENT ON COLUMN "ACCNUT_DEALINGS_ACCOUNT_BOOK"."SECTION" IS 'ex) 수익(), 지출()';
   COMMENT ON COLUMN "ACCNUT_DEALINGS_ACCOUNT_BOOK"."TYPES_OF_TRANSACTION" IS 'ex) 현금(), 통장(), 카드()';
--------------------------------------------------------
--  DDL for Table ACCNUT_DEBT
--------------------------------------------------------

  CREATE TABLE "ACCNUT_DEBT" 
   (	"DEBT_CODE" VARCHAR2(50), 
	"DEBT_NAME" VARCHAR2(100), 
	"SECTION" VARCHAR2(20), 
	"REGISTER_DATE" DATE DEFAULT sysdate, 
	"CREDITOR" VARCHAR2(100), 
	"AMOUNT" NUMBER(12,0) DEFAULT 0, 
	"INTEREST" NUMBER(10,2), 
	"TIME_LIMIT" DATE DEFAULT sysdate, 
	"PREARRANGEMENT_DUE_DATE" DATE DEFAULT sysdate, 
	"COMPANY_NUM" NUMBER(6,0), 
	"WARE_NUM" NUMBER
   ) ;

   COMMENT ON COLUMN "ACCNUT_DEBT"."SECTION" IS 'ex) 대출금(),미지급금()';
--------------------------------------------------------
--  DDL for Table ACCNUT_DEDUCTION_DETAILS
--------------------------------------------------------

  CREATE TABLE "ACCNUT_DEDUCTION_DETAILS" 
   (	"DEDUCTION_DETAILS_CODE" VARCHAR2(50), 
	"SALARY_ACCOUNT_BOOK_CODE" VARCHAR2(50), 
	"DEDUCTION_SECTION" VARCHAR2(20), 
	"DEDUCTION_AMOUNT" NUMBER(12,0) DEFAULT 0, 
	"PROCESS_ALTERNATIVE" VARCHAR2(20) DEFAULT 'PC01', 
	"COMPANY_NUM" NUMBER(6,0)
   ) ;

   COMMENT ON COLUMN "ACCNUT_DEDUCTION_DETAILS"."DEDUCTION_SECTION" IS 'ex) 보험,() 연금(),소득세()';
--------------------------------------------------------
--  DDL for Table ACCNUT_ETC_PAYMENT
--------------------------------------------------------

  CREATE TABLE "ACCNUT_ETC_PAYMENT" 
   (	"ETC_PAYMENT_CODE" VARCHAR2(50), 
	"SECTION" VARCHAR2(20), 
	"DEPARTMENT" VARCHAR2(30), 
	"TIME_LIMIT" DATE DEFAULT sysdate, 
	"AMOUNT" NUMBER(12,0) DEFAULT 0, 
	"PAYMENT_ALTERNATIVE" VARCHAR2(20) DEFAULT 'PY01', 
	"GIRO_NUM" VARCHAR2(40), 
	"COMPANY_NUM" NUMBER(6,0)
   ) ;
--------------------------------------------------------
--  DDL for Table ACCNUT_INCIDENTAL_COST
--------------------------------------------------------

  CREATE TABLE "ACCNUT_INCIDENTAL_COST" 
   (	"INCIDENTAL_COST_CODE" VARCHAR2(50), 
	"DEPARTMENT" VARCHAR2(30), 
	"SECTION" VARCHAR2(20), 
	"CARD_NUM" VARCHAR2(30), 
	"AMOUNT" NUMBER(12,0) DEFAULT 0, 
	"CONTENTS" VARCHAR2(100), 
	"REGISTER_DATE" DATE DEFAULT sysdate, 
	"PAY_DATE" DATE DEFAULT sysdate, 
	"IMAGE" VARCHAR2(40), 
	"PROCESS_ALTERNATIVE" VARCHAR2(20) DEFAULT 'PC01', 
	"EMPLOYEE_NUM" NUMBER(10,0), 
	"EMPLOYEE_NAME" VARCHAR2(100), 
	"ACCOUNT_CATEGORY" VARCHAR2(20), 
	"CONFIRMER" NUMBER(10,0), 
	"COMPANY_NUM" NUMBER(6,0)
   ) ;

   COMMENT ON COLUMN "ACCNUT_INCIDENTAL_COST"."SECTION" IS 'ex) 개인(), 법인()';
   COMMENT ON COLUMN "ACCNUT_INCIDENTAL_COST"."PROCESS_ALTERNATIVE" IS 'ex)';
--------------------------------------------------------
--  DDL for Table ACCNUT_SALARY_ACCOUNT_BOOK
--------------------------------------------------------

  CREATE TABLE "ACCNUT_SALARY_ACCOUNT_BOOK" 
   (	"SALARY_ACCOUNT_BOOK_CODE" VARCHAR2(50), 
	"EMPLOYEE_CODE" VARCHAR2(50), 
	"EMPLOYEE_NAME" VARCHAR2(100), 
	"DEPARTMENT" VARCHAR2(30), 
	"SALARY" NUMBER(12,0) DEFAULT 0, 
	"EXCESS_ALLOWANCE" NUMBER(12,0) DEFAULT 0, 
	"BONUS" NUMBER(10,2), 
	"INCIDENTAL_COST" NUMBER(12,0) DEFAULT 0, 
	"DEDUCTION_ITEM" NUMBER(12,0) DEFAULT 0, 
	"PAYMENT_AMOUNT" NUMBER(12,0) DEFAULT 0, 
	"PAYMENT_PREARRANGED_DATE" DATE DEFAULT sysdate, 
	"PAYMENT_ALTERNATIVE" VARCHAR2(20) DEFAULT 'PY01', 
	"PAYER" NUMBER(10,0), 
	"COMPANY_NUM" NUMBER(6,0)
   ) ;

   COMMENT ON COLUMN "ACCNUT_SALARY_ACCOUNT_BOOK"."PAYMENT_ALTERNATIVE" IS 'ex)';
--------------------------------------------------------
--  DDL for Table ACCNUT_TAX_DETAIL
--------------------------------------------------------

  CREATE TABLE "ACCNUT_TAX_DETAIL" 
   (	"TAX_DETAIL_NUM" NUMBER(10,0), 
	"TAX_NUM" NUMBER(10,0), 
	"MONTH" NUMBER(10,0), 
	"DAY" NUMBER(10,0), 
	"OPTION_CODE" VARCHAR2(100), 
	"STANDARD" VARCHAR2(100), 
	"QUANTITY" NUMBER(10,0), 
	"AMOUNT" NUMBER(10,0), 
	"TOTAL" NUMBER(10,0), 
	"SUPPLY_PRICE" NUMBER(10,0), 
	"TAX" NUMBER(10,0), 
	"NOTE" VARCHAR2(500)
   ) ;
--------------------------------------------------------
--  DDL for Table ACCNUT_TAX_HEADER
--------------------------------------------------------

  CREATE TABLE "ACCNUT_TAX_HEADER" 
   (	"TAX_NUM" NUMBER(10,0), 
	"FROM_RGNO" VARCHAR2(50), 
	"FROM_CO_NAME" VARCHAR2(100), 
	"FROM_NAME" VARCHAR2(100), 
	"FROM_ADDRESS" VARCHAR2(500), 
	"FROM_STATUS" VARCHAR2(100), 
	"FROM_CATE" VARCHAR2(100), 
	"FROM_EMAIL" VARCHAR2(100), 
	"TO_RGNO" VARCHAR2(50), 
	"TO_CO_NAME" VARCHAR2(100), 
	"TO_NAME" VARCHAR2(100), 
	"TO_ADDRESS" VARCHAR2(500), 
	"TO_STATUS" VARCHAR2(100), 
	"TO_CATE" VARCHAR2(100), 
	"TO_EMAIL1" VARCHAR2(100), 
	"TO_EMAIL2" VARCHAR2(100), 
	"RGDATE" DATE DEFAULT sysdate, 
	"NOTE" VARCHAR2(500), 
	"TOTAL" NUMBER(10,0), 
	"SUPPLY" NUMBER(10,0), 
	"TAX" NUMBER(10,0), 
	"COMPANY_NUM" NUMBER(10,0)
   ) ;
--------------------------------------------------------
--  DDL for Table BHF_CLOSING
--------------------------------------------------------

  CREATE TABLE "BHF_CLOSING" 
   (	"CLOSING_CODE" VARCHAR2(30), 
	"BRANCH_OFFICE_ID" VARCHAR2(30), 
	"CLOSING_DATE" DATE, 
	"BUSINESS_RESERVES" NUMBER, 
	"CASH_AMOUNT" NUMBER, 
	"CASH_PRESENT" NUMBER, 
	"CARD_AMOUNT" NUMBER, 
	"SALE_AMOUNT" NUMBER, 
	"TRANSFER_AMOUNT" NUMBER, 
	"COMPANY_NUM" NUMBER(6,0)
   ) ;
--------------------------------------------------------
--  DDL for Table BHF_CLOSING_DETAIL
--------------------------------------------------------

  CREATE TABLE "BHF_CLOSING_DETAIL" 
   (	"CLOSING_DETAIL_CODE" VARCHAR2(30), 
	"CLOSING_CODE" VARCHAR2(30), 
	"BNF_SLE_QY" NUMBER, 
	"GOODS_CODE" VARCHAR2(30), 
	"GOODS_NAME" VARCHAR2(50), 
	"OPTION_CODE" VARCHAR2(30), 
	"OPTION_NAME" VARCHAR2(50)
   ) ;
--------------------------------------------------------
--  DDL for Table BHF_GOODS_MEDIATION
--------------------------------------------------------

  CREATE TABLE "BHF_GOODS_MEDIATION" 
   (	"MEDIATION_CODE" VARCHAR2(30), 
	"GOODS_CODE" VARCHAR2(30), 
	"GOODS_NAME" VARCHAR2(50), 
	"OPTION_CODE" VARCHAR2(30), 
	"OPTION_NAME" VARCHAR2(50), 
	"GOODS_STANDARD" VARCHAR2(30), 
	"QUANTITY" NUMBER, 
	"MEDIATION_QUANTITY" NUMBER, 
	"MEDIATION_REASON" VARCHAR2(1000), 
	"MEDIATION_DATE" DATE DEFAULT sysdate, 
	"COMPANY_NUM" NUMBER(6,0), 
	"BRANCH_OFFICE_ID" VARCHAR2(30)
   ) ;
--------------------------------------------------------
--  DDL for Table BHF_IN_LIST
--------------------------------------------------------

  CREATE TABLE "BHF_IN_LIST" 
   (	"IN_LIST_NUM" NUMBER, 
	"GOODS_LOT_NUM" VARCHAR2(40), 
	"OPTION_BARCODE" VARCHAR2(50), 
	"IN_QUANTITY" NUMBER, 
	"IN_DATE" DATE DEFAULT sysdate, 
	"GOODS_CONSUMPTION_DATE" DATE, 
	"BRANCH_OFFICE_ID" VARCHAR2(30), 
	"COMPANY_NUM" NUMBER, 
	"IN_EACH_QUANTITY" NUMBER, 
	"OPTION_CODE" VARCHAR2(30)
   ) ;
--------------------------------------------------------
--  DDL for Table BHF_ORDER
--------------------------------------------------------

  CREATE TABLE "BHF_ORDER" 
   (	"ORDER_CODE" VARCHAR2(30), 
	"BRANCH_OFFICE_ID" VARCHAR2(30), 
	"PROGRESS_STATUS" VARCHAR2(10) DEFAULT '신청', 
	"ORDER_CANCEL_REASON" VARCHAR2(1000), 
	"ORDER_DATE" DATE DEFAULT sysdate, 
	"DUE_DATE" DATE, 
	"REMARK" VARCHAR2(1000), 
	"COMPANY_NUM" NUMBER(6,0)
   ) ;
--------------------------------------------------------
--  DDL for Table BHF_ORDER_DETAIL
--------------------------------------------------------

  CREATE TABLE "BHF_ORDER_DETAIL" 
   (	"ORDER_DETAIL_CODE" VARCHAR2(30), 
	"ORDER_CODE" VARCHAR2(30), 
	"GOODS_CODE" VARCHAR2(30), 
	"GOODS_NAME" VARCHAR2(50), 
	"OPTION_CODE" VARCHAR2(30), 
	"OPTION_NAME" VARCHAR2(50), 
	"GOODS_STANDARD" VARCHAR2(30), 
	"QUANTITY" NUMBER
   ) ;
--------------------------------------------------------
--  DDL for Table BHF_RETURNING
--------------------------------------------------------

  CREATE TABLE "BHF_RETURNING" 
   (	"RETURNING_CODE" VARCHAR2(30), 
	"BRANCH_OFFICE_ID" VARCHAR2(30), 
	"PROGRESS_STATUS" VARCHAR2(10) DEFAULT '신청', 
	"REQUEST_DATE" DATE DEFAULT sysdate, 
	"RETURN_REMARK" VARCHAR2(1000), 
	"COMPANY_NUM" NUMBER(6,0)
   ) ;
--------------------------------------------------------
--  DDL for Table BHF_RETURNING_DETAIL
--------------------------------------------------------

  CREATE TABLE "BHF_RETURNING_DETAIL" 
   (	"RETURNING_DETAIL_CODE" VARCHAR2(30), 
	"RETURNING_CODE" VARCHAR2(30), 
	"GOODS_CODE" VARCHAR2(30), 
	"GOODS_NAME" VARCHAR2(50), 
	"OPTION_CODE" VARCHAR2(30), 
	"OPTION_NAME" VARCHAR2(50), 
	"QUANTITY" NUMBER, 
	"EXCHANGE_RETURNING_CHOICE" VARCHAR2(30), 
	"RETURNING_REASON" VARCHAR2(1000), 
	"OPTION_BARCODE" VARCHAR2(50), 
	"GOODS_LOT_NUM" VARCHAR2(40)
   ) ;
--------------------------------------------------------
--  DDL for Table BHF_WAREHOUSE
--------------------------------------------------------

  CREATE TABLE "BHF_WAREHOUSE" 
   (	"WAREHOUSE_CODE" VARCHAR2(30), 
	"BRANCH_OFFICE_ID" VARCHAR2(30), 
	"GOODS_CODE" VARCHAR2(30), 
	"GOODS_NAME" VARCHAR2(50), 
	"OPTION_CODE" VARCHAR2(30), 
	"OPTION_NAME" VARCHAR2(50), 
	"GOODS_STANDARD" VARCHAR2(30), 
	"STOCK_QUANTITY" NUMBER, 
	"COMPANY_NUM" NUMBER(6,0)
   ) ;
--------------------------------------------------------
--  DDL for Table BSN_BHF
--------------------------------------------------------

  CREATE TABLE "BSN_BHF" 
   (	"BHF_ID" NUMBER(10,0), 
	"BHF_NAME" VARCHAR2(30), 
	"BHF_PHONE" VARCHAR2(30), 
	"BHF_ADDRESS" VARCHAR2(100), 
	"BHF_INITIAL_COST" NUMBER(10,0), 
	"REAL_ESTATE_NAME" VARCHAR2(30), 
	"REAL_ESTATE_PHONE" VARCHAR2(100), 
	"RENTAL_TYPE" VARCHAR2(30) DEFAULT 'LFSTS', 
	"MONTHLY_MAINTENANCE_COST" NUMBER(10,0), 
	"COMPANY_NUM" NUMBER(6,0)
   ) ;

   COMMENT ON COLUMN "BSN_BHF"."BHF_INITIAL_COST" IS '단위: 만원';
   COMMENT ON COLUMN "BSN_BHF"."RENTAL_TYPE" IS 'CHECK (rental_type IN (''LFSTS'', ''MTHT''))';
   COMMENT ON COLUMN "BSN_BHF"."MONTHLY_MAINTENANCE_COST" IS '단위: 만원';
--------------------------------------------------------
--  DDL for Table BSN_CS_CHANGE_HISTORY
--------------------------------------------------------

  CREATE TABLE "BSN_CS_CHANGE_HISTORY" 
   (	"HISTORY_NUM" NUMBER, 
	"ORDER_ID" VARCHAR2(50), 
	"HISTORY_TYPE" VARCHAR2(20), 
	"REGISTER_DATE" DATE DEFAULT sysdate, 
	"HISTORY_CONTENTS" VARCHAR2(4000)
   ) ;

   COMMENT ON COLUMN "BSN_CS_CHANGE_HISTORY"."HISTORY_TYPE" IS '등록, 발송, 취소';
--------------------------------------------------------
--  DDL for Table BSN_CS_RETURNING_GOODS
--------------------------------------------------------

  CREATE TABLE "BSN_CS_RETURNING_GOODS" 
   (	"CS_RETURNING_GOODS_ID" VARCHAR2(50), 
	"RETURNING_DETAIL_CODE" VARCHAR2(30), 
	"RETURNING_QNT" NUMBER(10,0), 
	"WAREHOUSING_QNT" NUMBER(10,0) DEFAULT 0, 
	"DISUSE_QNT" NUMBER(10,0) DEFAULT 0, 
	"COMPLETION_DATE" DATE, 
	"WAREHOUSE_ID" NUMBER(10,0), 
	"EMPLOYEE_NUM" NUMBER(10,0), 
	"COMPANY_NUM" NUMBER(6,0), 
	"RETURNING_CODE" VARCHAR2(30), 
	"GOODS_CODE" VARCHAR2(30), 
	"GOODS_NAME" VARCHAR2(50), 
	"OPTION_CODE" VARCHAR2(30), 
	"OPTION_NAME" VARCHAR2(50), 
	"EXCHANGE_RETURNING_CHOICE" VARCHAR2(30) DEFAULT 'ER02', 
	"OPTION_BARCODE" VARCHAR2(50), 
	"GOODS_LOT_NUM" VARCHAR2(40), 
	"RETURNING_REASON" VARCHAR2(1000)
   ) ;

   COMMENT ON COLUMN "BSN_CS_RETURNING_GOODS"."RETURNING_QNT" IS '반품 수량';
   COMMENT ON COLUMN "BSN_CS_RETURNING_GOODS"."WAREHOUSE_ID" IS '입고테이블참고';
--------------------------------------------------------
--  DDL for Table BSN_DELIVERY
--------------------------------------------------------

  CREATE TABLE "BSN_DELIVERY" 
   (	"DELIVERY_ID" VARCHAR2(50), 
	"ORDER_ID" VARCHAR2(50), 
	"DELIVERY_DATE" DATE, 
	"EMPLOYEE_NUM" NUMBER(10,0), 
	"DELIVERY_STATUS" VARCHAR2(20), 
	"REMARK" VARCHAR2(1000), 
	"COMPANY_NUM" NUMBER(6,0)
   ) ;

   COMMENT ON COLUMN "BSN_DELIVERY"."DELIVERY_STATUS" IS '출고대기, 출고완료';
--------------------------------------------------------
--  DDL for Table BSN_DELIVERY_DETAIL
--------------------------------------------------------

  CREATE TABLE "BSN_DELIVERY_DETAIL" 
   (	"DELIVERY_DETAIL_ID" NUMBER(10,0), 
	"DELIVERY_ID" VARCHAR2(50), 
	"ORDER_DETAIL_ID" NUMBER(10,0), 
	"OPTION_CODE" VARCHAR2(50), 
	"DELIVERY_DEMAND_QNT" NUMBER(10,0) DEFAULT 0, 
	"DELIVERY_TOTAL_QNT" NUMBER(10,0) DEFAULT 0, 
	"SUFFICIENCY_STATUS" NUMBER(10,0) DEFAULT 0, 
	"OPTION_BARCODE" VARCHAR2(50), 
	"GOODS_STANDARD" VARCHAR2(50)
   ) ;

   COMMENT ON COLUMN "BSN_DELIVERY_DETAIL"."DELIVERY_DEMAND_QNT" IS '출고해야할 수량';
   COMMENT ON COLUMN "BSN_DELIVERY_DETAIL"."DELIVERY_TOTAL_QNT" IS '출고 LOT 상세의 출고 수량의 합 = 출고한 수량';
   COMMENT ON COLUMN "BSN_DELIVERY_DETAIL"."SUFFICIENCY_STATUS" IS '출고 총수량이 요구 수량과 같은 경우 1';
   COMMENT ON COLUMN "BSN_DELIVERY_DETAIL"."GOODS_STANDARD" IS '상품 규격';
--------------------------------------------------------
--  DDL for Table BSN_DELIVERY_LOT_DETAIL
--------------------------------------------------------

  CREATE TABLE "BSN_DELIVERY_LOT_DETAIL" 
   (	"DELIVERY_LOT_DETAIL_NUM" NUMBER(10,0), 
	"DELIVERY_DETAIL_ID" NUMBER(10,0), 
	"GOODS_LOT_NUM" VARCHAR2(40), 
	"DELIVERY_QNT" NUMBER(10,0) DEFAULT 0, 
	"DECISION_STATUS" NUMBER(4,0) DEFAULT 0
   ) ;

   COMMENT ON COLUMN "BSN_DELIVERY_LOT_DETAIL"."DELIVERY_LOT_DETAIL_NUM" IS 'delivery -> ship';
--------------------------------------------------------
--  DDL for Table BSN_ORDER
--------------------------------------------------------

  CREATE TABLE "BSN_ORDER" 
   (	"ORDER_ID" VARCHAR2(50), 
	"ORDER_CODE" VARCHAR2(30), 
	"BRANCH_OFFICE_ID" VARCHAR2(30), 
	"ORDER_NAME" VARCHAR2(100), 
	"TOTAL_AMOUNT" NUMBER(10,2) DEFAULT 0, 
	"PURCHASE_VAT" NUMBER(10,2) DEFAULT 0, 
	"ORDER_DATE" DATE, 
	"REGISTER_DATE" DATE DEFAULT sysdate, 
	"CANCEL_DATE" DATE, 
	"DUE_DATE" DATE, 
	"SENDING_DATE" DATE, 
	"ORDER_STATUS" VARCHAR2(20) DEFAULT 'VS001', 
	"EMPLOYEE_NUM" NUMBER(10,0), 
	"REMARK" VARCHAR2(4000), 
	"COMPANY_NUM" NUMBER(6,0)
   ) ;

   COMMENT ON COLUMN "BSN_ORDER"."BRANCH_OFFICE_ID" IS '지점테이블';
   COMMENT ON COLUMN "BSN_ORDER"."ORDER_STATUS" IS '발송준비중,  취소됨,  발송완료, 지점입고완료';
--------------------------------------------------------
--  DDL for Table BSN_ORDER_DETAIL
--------------------------------------------------------

  CREATE TABLE "BSN_ORDER_DETAIL" 
   (	"ORDER_DETAIL_ID" NUMBER(10,0), 
	"ORDER_ID" VARCHAR2(50), 
	"GOODS_CODE" VARCHAR2(50), 
	"OPTION_CODE" VARCHAR2(50), 
	"QUANTITY" NUMBER(10,0) DEFAULT 0, 
	"GOODS_STANDARD" VARCHAR2(50), 
	"UNIT_PRICE" NUMBER(10,2) DEFAULT 0, 
	"SUMMATION_AMT" NUMBER(10,2) DEFAULT 0, 
	"GOODS_NAME" VARCHAR2(50), 
	"OPTION_NAME" VARCHAR2(50)
   ) ;

   COMMENT ON COLUMN "BSN_ORDER_DETAIL"."GOODS_CODE" IS '(구매 테이블 참고)';
--------------------------------------------------------
--  DDL for Table CMMN
--------------------------------------------------------

  CREATE TABLE "CMMN" 
   (	"CMMN_CODE" VARCHAR2(20), 
	"UPPER_CMMN_CODE" VARCHAR2(20), 
	"CMMN_NAME" VARCHAR2(100), 
	"DESCRIPTION" VARCHAR2(100)
   ) ;
--------------------------------------------------------
--  DDL for Table ERP_ANSWER
--------------------------------------------------------

  CREATE TABLE "ERP_ANSWER" 
   (	"ANSWER_NUM" NUMBER(6,0), 
	"INQUIRY_NUM" NUMBER(6,0), 
	"EMPLOYEE_NUM" NUMBER(6,0), 
	"ANSWER_CONTENT" VARCHAR2(4000), 
	"ANSWER_DATE" DATE DEFAULT sysdate
   ) ;

   COMMENT ON COLUMN "ERP_ANSWER"."ANSWER_NUM" IS '답변번호 시퀀스 erp_answer_seq';
   COMMENT ON COLUMN "ERP_ANSWER"."INQUIRY_NUM" IS '문의번호 시퀀스 erp_inqry_seq';
   COMMENT ON COLUMN "ERP_ANSWER"."EMPLOYEE_NUM" IS '사원번호(문의 답변한 사원)';
   COMMENT ON COLUMN "ERP_ANSWER"."ANSWER_CONTENT" IS '답변 내용';
   COMMENT ON COLUMN "ERP_ANSWER"."ANSWER_DATE" IS '답변 등록일시';
--------------------------------------------------------
--  DDL for Table ERP_BILL
--------------------------------------------------------

  CREATE TABLE "ERP_BILL" 
   (	"BILL_NUM" NUMBER(6,0), 
	"SUBSCRIPTION_NUM" NUMBER(6,0), 
	"EMPLOYEE_NUM" NUMBER(6,0), 
	"BILL_FORM" VARCHAR2(4) DEFAULT 'EB01', 
	"PDF_ADDRESS" VARCHAR2(100), 
	"ISSUE_COMPANY" VARCHAR2(4) DEFAULT 'EI01', 
	"COMPANY_CODE" VARCHAR2(50), 
	"ISSUE_DATE" DATE DEFAULT sysdate
   ) ;

   COMMENT ON COLUMN "ERP_BILL"."BILL_NUM" IS '현영/세계 의 모든 발급 PDF 조회 시퀀스 erp_bill_seq';
   COMMENT ON COLUMN "ERP_BILL"."SUBSCRIPTION_NUM" IS '구독번호';
   COMMENT ON COLUMN "ERP_BILL"."EMPLOYEE_NUM" IS '제공자 번호 이거나 수요자 번호이거나 상태별상이';
   COMMENT ON COLUMN "ERP_BILL"."BILL_FORM" IS 'EB01=현금영수증, EB02=세금계산서 [EB]';
   COMMENT ON COLUMN "ERP_BILL"."PDF_ADDRESS" IS '발급당시 서버에 저장된위치+파일명';
   COMMENT ON COLUMN "ERP_BILL"."ISSUE_COMPANY" IS 'EI01=erp수요사 / EI02=erp공급사 [EI]';
   COMMENT ON COLUMN "ERP_BILL"."COMPANY_CODE" IS '발급처리회사가 EI01인경우 회사코드가 들어감';
   COMMENT ON COLUMN "ERP_BILL"."ISSUE_DATE" IS '발급일자';
--------------------------------------------------------
--  DDL for Table ERP_COMPANY
--------------------------------------------------------

  CREATE TABLE "ERP_COMPANY" 
   (	"COMPANY_NUM" NUMBER(6,0), 
	"COMPANY_NAME" VARCHAR2(50), 
	"COMPANY_ENG_NAME" VARCHAR2(50), 
	"REPRESENTATION_NAME" VARCHAR2(15), 
	"REPRESENTATION_PHONE" VARCHAR2(13), 
	"CHARGER_NAME" VARCHAR2(15), 
	"CHARGER_PHONE" VARCHAR2(13), 
	"CHARGER_EMAIL" VARCHAR2(50), 
	"COMPANY_ADDRESS" VARCHAR2(200), 
	"BUSINESS_NUM" VARCHAR2(12), 
	"BUSINESS_LICENSE" VARCHAR2(100), 
	"SERVICE_STATE" VARCHAR2(4) DEFAULT 'EC01', 
	"REGISTER_DATE" DATE DEFAULT sysdate
   ) ;

   COMMENT ON COLUMN "ERP_COMPANY"."COMPANY_NUM" IS '회사번호 시퀀스 erp_cmpny_seq';
   COMMENT ON COLUMN "ERP_COMPANY"."COMPANY_NAME" IS '회사명';
   COMMENT ON COLUMN "ERP_COMPANY"."COMPANY_ENG_NAME" IS '회사영문명(회사코드)';
   COMMENT ON COLUMN "ERP_COMPANY"."REPRESENTATION_NAME" IS '대표자명';
   COMMENT ON COLUMN "ERP_COMPANY"."REPRESENTATION_PHONE" IS '대표자연락처';
   COMMENT ON COLUMN "ERP_COMPANY"."CHARGER_NAME" IS '담당자명';
   COMMENT ON COLUMN "ERP_COMPANY"."CHARGER_PHONE" IS '담당자연락처';
   COMMENT ON COLUMN "ERP_COMPANY"."CHARGER_EMAIL" IS '이메일';
   COMMENT ON COLUMN "ERP_COMPANY"."COMPANY_ADDRESS" IS '업체주소';
   COMMENT ON COLUMN "ERP_COMPANY"."BUSINESS_NUM" IS '사업자번호';
   COMMENT ON COLUMN "ERP_COMPANY"."BUSINESS_LICENSE" IS '사업자등록증(이미지 파일 주소)';
   COMMENT ON COLUMN "ERP_COMPANY"."SERVICE_STATE" IS '서비스상태(EC01=서비스,EC02=일시정지, EC03=종료) [EC]';
   COMMENT ON COLUMN "ERP_COMPANY"."REGISTER_DATE" IS '등록일';
--------------------------------------------------------
--  DDL for Table ERP_CONTRACT_DOCUMENT
--------------------------------------------------------

  CREATE TABLE "ERP_CONTRACT_DOCUMENT" 
   (	"CONTRACT_NUM" NUMBER(6,0), 
	"COMPANY_NUM" NUMBER(6,0), 
	"ERP_CONTRACT_DOCUMENT" VARCHAR2(200), 
	"ERP_REGISTER_DATE" DATE DEFAULT sysdate, 
	"CONTRACT1" VARCHAR2(51), 
	"CONTRACT2" VARCHAR2(51), 
	"CONTRACT3" VARCHAR2(51), 
	"CONTRACT4" VARCHAR2(51), 
	"CONTRACT5" VARCHAR2(51), 
	"CONTRACT6" VARCHAR2(51), 
	"CONTRACT7" VARCHAR2(51), 
	"CONTRACT8" VARCHAR2(51), 
	"CONTRACT9" VARCHAR2(51), 
	"CONTRACT10" VARCHAR2(51), 
	"CONTRACT11" VARCHAR2(51), 
	"CONTRACT12" VARCHAR2(51), 
	"CONTRACT13" VARCHAR2(51), 
	"CONTRACT14" VARCHAR2(51), 
	"CONTRACT15" VARCHAR2(51), 
	"CONTRACT16" VARCHAR2(51), 
	"CONTRACT17" VARCHAR2(51), 
	"CONTRACT18" VARCHAR2(51), 
	"CONTRACT19" VARCHAR2(51), 
	"CONTRACT20" VARCHAR2(51), 
	"CONTRACT21" VARCHAR2(51), 
	"CONTRACT22" VARCHAR2(51), 
	"CONTRACT23" VARCHAR2(51), 
	"CONTRACT24" VARCHAR2(51), 
	"CONTRACT25" VARCHAR2(51), 
	"CONTRACT26" VARCHAR2(51), 
	"CONTRACT27" VARCHAR2(51), 
	"CONTRACT28" VARCHAR2(51), 
	"CONTRACT29" VARCHAR2(51), 
	"CONTRACT30" VARCHAR2(51)
   ) ;

   COMMENT ON COLUMN "ERP_CONTRACT_DOCUMENT"."CONTRACT_NUM" IS '회사별로 계약서가 1장 생긴다 시퀀시 erp_ctrtc_seq';
   COMMENT ON COLUMN "ERP_CONTRACT_DOCUMENT"."COMPANY_NUM" IS '회사번호';
   COMMENT ON COLUMN "ERP_CONTRACT_DOCUMENT"."ERP_CONTRACT_DOCUMENT" IS '전자서명문서 (img 파일)';
   COMMENT ON COLUMN "ERP_CONTRACT_DOCUMENT"."ERP_REGISTER_DATE" IS '전자 서명일';
--------------------------------------------------------
--  DDL for Table ERP_CUSTOMER_SERVICE
--------------------------------------------------------

  CREATE TABLE "ERP_CUSTOMER_SERVICE" 
   (	"CUSTOMER_SERVICE_NUM" NUMBER(6,0), 
	"COMPANY_NUM" NUMBER(6,0), 
	"EMPLOYEE_NUM" NUMBER(6,0), 
	"CUSTOMER_SERVICE_DIVISION" VARCHAR2(4) DEFAULT 'EQ04', 
	"CUSTOMER_SERVICE_CONTENT" VARCHAR2(4000), 
	"CUSTOMER_SERVICE_DATE" DATE DEFAULT sysdate
   ) ;

   COMMENT ON COLUMN "ERP_CUSTOMER_SERVICE"."CUSTOMER_SERVICE_NUM" IS '문의 답변번호 시퀀스 erp_cs_seq';
   COMMENT ON COLUMN "ERP_CUSTOMER_SERVICE"."COMPANY_NUM" IS '문의한 회사번호(!!erp회사이님!)';
   COMMENT ON COLUMN "ERP_CUSTOMER_SERVICE"."EMPLOYEE_NUM" IS '사원번호(문의 답변한 사원)';
   COMMENT ON COLUMN "ERP_CUSTOMER_SERVICE"."CUSTOMER_SERVICE_DIVISION" IS '처리된내용(EQ01=단순문의, EQ02=상태변경, EQ03=발행, EQ04=신규등록) [EQ]';
   COMMENT ON COLUMN "ERP_CUSTOMER_SERVICE"."CUSTOMER_SERVICE_CONTENT" IS '문의 처리 내용';
   COMMENT ON COLUMN "ERP_CUSTOMER_SERVICE"."CUSTOMER_SERVICE_DATE" IS '문의 등록날짜';
--------------------------------------------------------
--  DDL for Table ERP_EMPLOYEES
--------------------------------------------------------

  CREATE TABLE "ERP_EMPLOYEES" 
   (	"EMPLOYEE_NUM" NUMBER(6,0), 
	"EMPLOYEE_ID" VARCHAR2(20), 
	"EMPLOYEE_PW" VARCHAR2(200), 
	"EMPLOYEE_NAME" VARCHAR2(15), 
	"DEPARTMENT" VARCHAR2(50), 
	"POSITION" VARCHAR2(50), 
	"JOB" VARCHAR2(50), 
	"BIRTHDAY" DATE, 
	"PHONE" VARCHAR2(13), 
	"EMAIL" VARCHAR2(50), 
	"ADDRESS" VARCHAR2(200), 
	"HIRE_DATE" DATE DEFAULT sysdate, 
	"RETIREMENT_DATE" DATE, 
	"WORK_STATE" VARCHAR2(4) DEFAULT 'EM01', 
	"UDATE_DATE" DATE DEFAULT sysdate, 
	"REGISTER_DATE" DATE DEFAULT sysdate
   ) ;

   COMMENT ON COLUMN "ERP_EMPLOYEES"."EMPLOYEE_NUM" IS '사원번호 시퀀스 erp_emp_seq';
   COMMENT ON COLUMN "ERP_EMPLOYEES"."EMPLOYEE_ID" IS '사원아이디 (이니셜+생년+연락처끝4자리)';
   COMMENT ON COLUMN "ERP_EMPLOYEES"."EMPLOYEE_PW" IS '사원비밀번호(이름을 영타로 적은거)';
   COMMENT ON COLUMN "ERP_EMPLOYEES"."EMPLOYEE_NAME" IS '사원이름';
   COMMENT ON COLUMN "ERP_EMPLOYEES"."DEPARTMENT" IS '부서';
   COMMENT ON COLUMN "ERP_EMPLOYEES"."POSITION" IS '직급';
   COMMENT ON COLUMN "ERP_EMPLOYEES"."JOB" IS '업무';
   COMMENT ON COLUMN "ERP_EMPLOYEES"."BIRTHDAY" IS '생년월일';
   COMMENT ON COLUMN "ERP_EMPLOYEES"."PHONE" IS '연락처';
   COMMENT ON COLUMN "ERP_EMPLOYEES"."EMAIL" IS '이메일';
   COMMENT ON COLUMN "ERP_EMPLOYEES"."ADDRESS" IS '주소';
   COMMENT ON COLUMN "ERP_EMPLOYEES"."HIRE_DATE" IS '입사일';
   COMMENT ON COLUMN "ERP_EMPLOYEES"."RETIREMENT_DATE" IS '퇴사일';
   COMMENT ON COLUMN "ERP_EMPLOYEES"."WORK_STATE" IS '상태 (EM01=근무, EM02=퇴사) [EM]';
   COMMENT ON COLUMN "ERP_EMPLOYEES"."UDATE_DATE" IS '수정일';
   COMMENT ON COLUMN "ERP_EMPLOYEES"."REGISTER_DATE" IS '등록일';
--------------------------------------------------------
--  DDL for Table ERP_INQUIRY
--------------------------------------------------------

  CREATE TABLE "ERP_INQUIRY" 
   (	"INQUIRY_NUM" NUMBER(6,0), 
	"COMPANY_NAME" VARCHAR2(50), 
	"CHARGER_NAME" VARCHAR2(15), 
	"CHARGER_PHONE" VARCHAR2(13), 
	"CHARGER_EMAIL" VARCHAR2(50), 
	"INQUIRY_CONTENT" VARCHAR2(4000), 
	"INQUIRY_DATE" DATE DEFAULT sysdate
   ) ;

   COMMENT ON COLUMN "ERP_INQUIRY"."INQUIRY_NUM" IS '문의번호 시퀀스 erp_inqry_seq';
   COMMENT ON COLUMN "ERP_INQUIRY"."COMPANY_NAME" IS '문의 회사 이름';
   COMMENT ON COLUMN "ERP_INQUIRY"."CHARGER_NAME" IS '문의 회사 담당자명';
   COMMENT ON COLUMN "ERP_INQUIRY"."CHARGER_PHONE" IS '문의 회사 담당자 연락처';
   COMMENT ON COLUMN "ERP_INQUIRY"."CHARGER_EMAIL" IS '문의 회사 담당자 이메일';
   COMMENT ON COLUMN "ERP_INQUIRY"."INQUIRY_CONTENT" IS '문의 회사 문의 내용';
   COMMENT ON COLUMN "ERP_INQUIRY"."INQUIRY_DATE" IS '문의 등록일시';
--------------------------------------------------------
--  DDL for Table ERP_SUBSCRIPTION_INFO_LIST
--------------------------------------------------------

  CREATE TABLE "ERP_SUBSCRIPTION_INFO_LIST" 
   (	"SUBSCRIPTION_NUM" NUMBER(6,0), 
	"COMPANY_NUM" NUMBER(6,0), 
	"SUBSCRIPTION_FORM" VARCHAR2(4) DEFAULT 'EL01', 
	"SUBSCRIPTION_NAME_NUM" NUMBER(6,0), 
	"SUBSCRIPTION_OPTION_NUM" NUMBER(6,0), 
	"SUBSCRIPTION_END_DATE" DATE DEFAULT sysdate, 
	"SUBSCRIPTION_UPDATE_DATE" DATE DEFAULT sysdate, 
	"SUBSCRIPTION_MEAN" VARCHAR2(4), 
	"SUBSCRIPTION_MEAN_NUM" VARCHAR2(50)
   ) ;

   COMMENT ON COLUMN "ERP_SUBSCRIPTION_INFO_LIST"."SUBSCRIPTION_NUM" IS '구독번호 시퀀스 erp_subscrpt_info_seq';
   COMMENT ON COLUMN "ERP_SUBSCRIPTION_INFO_LIST"."COMPANY_NUM" IS '회사번호 시퀀스 ( erp_cmpny_seq )';
   COMMENT ON COLUMN "ERP_SUBSCRIPTION_INFO_LIST"."SUBSCRIPTION_FORM" IS '구독형태(EL01=기간구독, EL02=정기구독) [EL]';
   COMMENT ON COLUMN "ERP_SUBSCRIPTION_INFO_LIST"."SUBSCRIPTION_NAME_NUM" IS '구독정보 (기준정보 테이블)';
   COMMENT ON COLUMN "ERP_SUBSCRIPTION_INFO_LIST"."SUBSCRIPTION_END_DATE" IS '(구독형태 EL01=만료일,  EL02  = 다음결제일 )';
   COMMENT ON COLUMN "ERP_SUBSCRIPTION_INFO_LIST"."SUBSCRIPTION_UPDATE_DATE" IS '구독결제후 정보 업데이트 된날짜';
--------------------------------------------------------
--  DDL for Table ERP_SUBSCRIPTION_LIST
--------------------------------------------------------

  CREATE TABLE "ERP_SUBSCRIPTION_LIST" 
   (	"SUBSCRIPTION_NUM" NUMBER(6,0), 
	"COMPANY_NUM" NUMBER(6,0), 
	"EMPLOYEE_NUM" NUMBER(6,0), 
	"SUBSCRIPTION_FORM" VARCHAR2(4) DEFAULT 'EL01', 
	"SUBSCRIPTION_MEAN" VARCHAR2(4) DEFAULT 'EP01', 
	"SUBSCRIPTION_MEAN_NUM" VARCHAR2(50), 
	"SUBSCRIPTION_AMOUNT" NUMBER, 
	"STATE" VARCHAR2(4) DEFAULT 'ES01', 
	"SUBSCRIPTION_DATE" DATE DEFAULT sysdate
   ) ;

   COMMENT ON COLUMN "ERP_SUBSCRIPTION_LIST"."SUBSCRIPTION_NUM" IS '구독번호 시퀀스 erp_subscrpt_seq';
   COMMENT ON COLUMN "ERP_SUBSCRIPTION_LIST"."COMPANY_NUM" IS '회사번호';
   COMMENT ON COLUMN "ERP_SUBSCRIPTION_LIST"."EMPLOYEE_NUM" IS '구독처리자 번호 (구독 서비스 결제한 사람)';
   COMMENT ON COLUMN "ERP_SUBSCRIPTION_LIST"."SUBSCRIPTION_FORM" IS '구독형태(EL01=기간구독, EL02=정기구독) [EL]';
   COMMENT ON COLUMN "ERP_SUBSCRIPTION_LIST"."SUBSCRIPTION_MEAN" IS 'EP01=무통장, EP02=카드, EP03=계좌, EP04=카카오, EP05=네이버 등 [EP]';
   COMMENT ON COLUMN "ERP_SUBSCRIPTION_LIST"."SUBSCRIPTION_MEAN_NUM" IS '카드번호,계좌번호,페이번호 등등';
   COMMENT ON COLUMN "ERP_SUBSCRIPTION_LIST"."SUBSCRIPTION_AMOUNT" IS '구독금액 서비스 다 이용해도 1년에 180만원';
   COMMENT ON COLUMN "ERP_SUBSCRIPTION_LIST"."STATE" IS 'ES01=요청, ES02=반려, ES03=신청, ES04=완료 [ES]';
   COMMENT ON COLUMN "ERP_SUBSCRIPTION_LIST"."SUBSCRIPTION_DATE" IS '구독 요청 일시';
--------------------------------------------------------
--  DDL for Table ERP_SUBSCRIPTION_NAME
--------------------------------------------------------

  CREATE TABLE "ERP_SUBSCRIPTION_NAME" 
   (	"SUBSCRIPTION_NAME_NUM" NUMBER(6,0), 
	"SUBSCRIPTION_NAME" VARCHAR2(100)
   ) ;

   COMMENT ON COLUMN "ERP_SUBSCRIPTION_NAME"."SUBSCRIPTION_NAME_NUM" IS '구독정보 (기준정보 테이블) 시퀀스 erp_subscrpt_name_seq';
   COMMENT ON COLUMN "ERP_SUBSCRIPTION_NAME"."SUBSCRIPTION_NAME" IS 'sERPing, 인사관리, 그룹웨어, 지점관리 등(서비스명)';
--------------------------------------------------------
--  DDL for Table ERP_SUBSCRIPTION_OPTION
--------------------------------------------------------

  CREATE TABLE "ERP_SUBSCRIPTION_OPTION" 
   (	"SUBSCRIPTION_OPTION_NUM" NUMBER(6,0), 
	"SUBSCRIPTION_NAME_NUM" NUMBER(6,0), 
	"SUBSCRIPTION_OPTION" VARCHAR2(100), 
	"SUBSCRIPTION_OPTION_PRICE" VARCHAR2(100), 
	"SUBSCRIPTION_DISCOUNT" NUMBER(3,2) DEFAULT 0, 
	"SUBSCRIPTION_PERIOD" NUMBER(4,0) DEFAULT 0
   ) ;

   COMMENT ON COLUMN "ERP_SUBSCRIPTION_OPTION"."SUBSCRIPTION_OPTION_NUM" IS '해당구독 어떤 옵션을 사용하는지 시퀀스 erp_subscrpt_option_seq';
   COMMENT ON COLUMN "ERP_SUBSCRIPTION_OPTION"."SUBSCRIPTION_NAME_NUM" IS '구독정보 (기준정보 테이블)';
   COMMENT ON COLUMN "ERP_SUBSCRIPTION_OPTION"."SUBSCRIPTION_OPTION" IS '30일,무제한,기간맞춤 등';
   COMMENT ON COLUMN "ERP_SUBSCRIPTION_OPTION"."SUBSCRIPTION_OPTION_PRICE" IS '구독옵션의 가격';
   COMMENT ON COLUMN "ERP_SUBSCRIPTION_OPTION"."SUBSCRIPTION_DISCOUNT" IS '원가 역산을 위한 할인율 옵션';
   COMMENT ON COLUMN "ERP_SUBSCRIPTION_OPTION"."SUBSCRIPTION_PERIOD" IS '구독 기간 정보를 담아 놓는다 (그룹웨어는 인원옵션 50, 100, 9999)';
--------------------------------------------------------
--  DDL for Table ERP_SUBSCRIPTION_TAIL
--------------------------------------------------------

  CREATE TABLE "ERP_SUBSCRIPTION_TAIL" 
   (	"SUBSCRIPTION_TAIL_NUM" NUMBER(6,0), 
	"SUBSCRIPTION_NUM" NUMBER(6,0), 
	"SUBSCRIPTION_OPTION_NUM" NUMBER(6,0), 
	"SUBSCRIPTION_PERIOD" NUMBER(4,0), 
	"SUBSCRIPTION_OPTION_PRICE" VARCHAR2(100)
   ) ;

   COMMENT ON COLUMN "ERP_SUBSCRIPTION_TAIL"."SUBSCRIPTION_TAIL_NUM" IS '구독한 옵션리스트 시퀀스 erp_subscrpt_tail_seq';
   COMMENT ON COLUMN "ERP_SUBSCRIPTION_TAIL"."SUBSCRIPTION_NUM" IS '구독번호 시퀀스 erp_subscrpt_seq';
   COMMENT ON COLUMN "ERP_SUBSCRIPTION_TAIL"."SUBSCRIPTION_OPTION_NUM" IS '해당구독 어떤 옵션을 사용하는지 시퀀스 erp_subscrpt_option_seq';
--------------------------------------------------------
--  DDL for Table ERP_USER_ACCOUNTS
--------------------------------------------------------

  CREATE TABLE "ERP_USER_ACCOUNTS" 
   (	"ACCOUNT_NUM" NUMBER(6,0), 
	"COMPANY_NUM" NUMBER(6,0), 
	"EMPLOYEE_ID" VARCHAR2(50), 
	"EMPLOYEE_PW" VARCHAR2(255), 
	"AUTHORITY" VARCHAR2(20) DEFAULT 'AU001', 
	"REGISTER_DATE" DATE DEFAULT sysdate, 
	"UPDATE_DATE" DATE DEFAULT sysdate, 
	"EMPLOYEE_NUM" NUMBER(6,0) DEFAULT 0
   ) ;

   COMMENT ON COLUMN "ERP_USER_ACCOUNTS"."ACCOUNT_NUM" IS '사용자 번호 시퀀스 erp_account_seq';
   COMMENT ON COLUMN "ERP_USER_ACCOUNTS"."COMPANY_NUM" IS '회사번호 시퀀스 erp_cmpny_seq';
   COMMENT ON COLUMN "ERP_USER_ACCOUNTS"."EMPLOYEE_ID" IS '회사코드 = 로그인ID';
   COMMENT ON COLUMN "ERP_USER_ACCOUNTS"."EMPLOYEE_PW" IS '비밀번호 (암호화 저장 필수) = 회사코드';
   COMMENT ON COLUMN "ERP_USER_ACCOUNTS"."AUTHORITY" IS '최고관리자권한 무조건 디폴트값으로';
   COMMENT ON COLUMN "ERP_USER_ACCOUNTS"."REGISTER_DATE" IS '등록일';
   COMMENT ON COLUMN "ERP_USER_ACCOUNTS"."UPDATE_DATE" IS '최종 수정일';
--------------------------------------------------------
--  DDL for Table GRPWR_BOARD
--------------------------------------------------------

  CREATE TABLE "GRPWR_BOARD" 
   (	"BOARD_ID" NUMBER(8,0), 
	"BOARD_TITLE" VARCHAR2(100), 
	"BOARD_CONTENT" VARCHAR2(1000), 
	"BOARD_CATEGORY" VARCHAR2(50), 
	"EMPLOYEE_NUM" NUMBER(10,0), 
	"BOARD_DATE" DATE DEFAULT sysdate, 
	"COMPANY_NUM" NUMBER(6,0), 
	"EMPLOYEE_NAME" VARCHAR2(50)
   ) ;

   COMMENT ON COLUMN "GRPWR_BOARD"."BOARD_ID" IS 'sequence: grpwr_brd_seq';
   COMMENT ON COLUMN "GRPWR_BOARD"."EMPLOYEE_NUM" IS '게시글 작성자';
   COMMENT ON COLUMN "GRPWR_BOARD"."BOARD_DATE" IS '게시글을 수정하면 업데이트';
   COMMENT ON COLUMN "GRPWR_BOARD"."EMPLOYEE_NAME" IS '게시글 작성자';
--------------------------------------------------------
--  DDL for Table GRPWR_CHAT_MESSAGE
--------------------------------------------------------

  CREATE TABLE "GRPWR_CHAT_MESSAGE" 
   (	"MSG_ID" NUMBER(10,0), 
	"ROOM_ID" NUMBER(10,0), 
	"EMPLOYEE_NUM" NUMBER(10,0), 
	"MSG_CONTENT" VARCHAR2(500), 
	"SEND_DATE" TIMESTAMP (6) DEFAULT sysdate, 
	"IMG_PATH" VARCHAR2(500)
   ) ;

   COMMENT ON COLUMN "GRPWR_CHAT_MESSAGE"."MSG_ID" IS 'sequence: grpwr_msg_seq';
   COMMENT ON COLUMN "GRPWR_CHAT_MESSAGE"."ROOM_ID" IS 'sequence: grpwr_room_seq';
--------------------------------------------------------
--  DDL for Table GRPWR_CHAT_ROOM
--------------------------------------------------------

  CREATE TABLE "GRPWR_CHAT_ROOM" 
   (	"ROOM_ID" NUMBER(10,0), 
	"EMPLOYEE_NUM1" NUMBER(10,0), 
	"EMPLOYEE_NUM2" NUMBER(10,0), 
	"CREATED_AT" TIMESTAMP (6) DEFAULT SYSDATE, 
	"COMPANY_NUM" NUMBER(6,0)
   ) ;

   COMMENT ON COLUMN "GRPWR_CHAT_ROOM"."ROOM_ID" IS 'sequence: grpwr_room_seq';
   COMMENT ON COLUMN "GRPWR_CHAT_ROOM"."EMPLOYEE_NUM1" IS '사원번호 / CONSTRAINT unique_chat UNIQUE (employee_num1, employee_num2)';
   COMMENT ON COLUMN "GRPWR_CHAT_ROOM"."EMPLOYEE_NUM2" IS '사원번호';
--------------------------------------------------------
--  DDL for Table GRPWR_EVENT
--------------------------------------------------------

  CREATE TABLE "GRPWR_EVENT" 
   (	"EVENT_ID" NUMBER(10,0), 
	"BOARD_ID" NUMBER(8,0), 
	"PRODUCT_STANDARD" VARCHAR2(10) DEFAULT 'CATEGORY', 
	"CLASSIFICATION_ID" NUMBER(10,0), 
	"BRAND_ID" NUMBER(10,0), 
	"EVENT_PERCENTAGE" NUMBER(3,0), 
	"EVENT_START_DATE" DATE, 
	"EVENT_END_DATE" DATE
   ) ;

   COMMENT ON COLUMN "GRPWR_EVENT"."BOARD_ID" IS 'sequence: grpwr_brd_seq';
   COMMENT ON COLUMN "GRPWR_EVENT"."PRODUCT_STANDARD" IS 'CHECK (gender IN (''CATEGORY'', ''BRAND''))';
--------------------------------------------------------
--  DDL for Table GRPWR_EX_APPROVAL
--------------------------------------------------------

  CREATE TABLE "GRPWR_EX_APPROVAL" 
   (	"EX_APPROVAL_ID" NUMBER(10,0), 
	"VENDOR_ID" NUMBER(10,0), 
	"DOCUMENT_ID" NUMBER(10,0), 
	"EMPLOYEE_NUM" NUMBER(10,0), 
	"MANAGER_NUM" NUMBER(10,0), 
	"EX_APPROVAL_REQUEST_DATE" DATE DEFAULT sysdate, 
	"EX_APPROVAL_COMPLETED_DATE" DATE, 
	"EX_APPROVAL_STATUS" VARCHAR2(10) DEFAULT 'WAITING', 
	"EX_APPROVAL_REQUEST_CONTENT" VARCHAR2(1000), 
	"EX_APPROVAL_REJECTED_CONTENT" VARCHAR2(500), 
	"COMPANY_NUM" NUMBER(6,0)
   ) ;

   COMMENT ON COLUMN "GRPWR_EX_APPROVAL"."DOCUMENT_ID" IS '기준정보 문서정보';
   COMMENT ON COLUMN "GRPWR_EX_APPROVAL"."EMPLOYEE_NUM" IS '결재 요청한 직원';
   COMMENT ON COLUMN "GRPWR_EX_APPROVAL"."MANAGER_NUM" IS '결재 처리하는 관리자';
   COMMENT ON COLUMN "GRPWR_EX_APPROVAL"."EX_APPROVAL_STATUS" IS 'CHECK (ex_approval_status IN (''WAITING'', ''MANAGER_APPROVED'', ''MANAGER_REJECTED'',  ''VENDOR_APPROVED'',  ''VENDOR_REJECTED''))';
   COMMENT ON COLUMN "GRPWR_EX_APPROVAL"."EX_APPROVAL_REQUEST_CONTENT" IS 'html code';
--------------------------------------------------------
--  DDL for Table GRPWR_IN_APPROVAL
--------------------------------------------------------

  CREATE TABLE "GRPWR_IN_APPROVAL" 
   (	"IN_APPROVAL_ID" NUMBER(8,0), 
	"DOCUMENT_ID" NUMBER(10,0), 
	"EMPLOYEE_NUM" NUMBER(10,0), 
	"IN_APPROVAL_REQUEST_DATE" DATE DEFAULT sysdate, 
	"IN_APPROVAL_STATUS" VARCHAR2(10) DEFAULT 'WAITING', 
	"IN_APPROVAL_REQUEST_CONTENT" VARCHAR2(2000), 
	"IN_APPROVAL_REJECTED_CONTENT" VARCHAR2(500), 
	"IN_APPROVAL_FILE_PATH" VARCHAR2(255), 
	"COMPANY_NUM" NUMBER(6,0)
   ) ;

   COMMENT ON COLUMN "GRPWR_IN_APPROVAL"."IN_APPROVAL_ID" IS 'sequence: grpwr_apprv_seq';
   COMMENT ON COLUMN "GRPWR_IN_APPROVAL"."DOCUMENT_ID" IS '기준정보_결재문서 문서번호';
   COMMENT ON COLUMN "GRPWR_IN_APPROVAL"."EMPLOYEE_NUM" IS '결재 요청한 직원';
   COMMENT ON COLUMN "GRPWR_IN_APPROVAL"."IN_APPROVAL_STATUS" IS 'CHECK (approval_status IN (''WAITING'', ''APPROVED'', ''REJECTED''))';
   COMMENT ON COLUMN "GRPWR_IN_APPROVAL"."IN_APPROVAL_REQUEST_CONTENT" IS 'html code';
--------------------------------------------------------
--  DDL for Table GRPWR_REPLY
--------------------------------------------------------

  CREATE TABLE "GRPWR_REPLY" 
   (	"REPLY_ID" NUMBER(8,0), 
	"BOARD_ID" NUMBER(8,0), 
	"EMPLOYEE_NUM" NUMBER(10,0), 
	"REPLY_CONTENT" VARCHAR2(500), 
	"REPLY_DATE" DATE DEFAULT sysdate
   ) ;

   COMMENT ON COLUMN "GRPWR_REPLY"."REPLY_ID" IS 'sequence: grpwr_reply_seq';
   COMMENT ON COLUMN "GRPWR_REPLY"."BOARD_ID" IS 'sequence: grpwr_brd_seq';
   COMMENT ON COLUMN "GRPWR_REPLY"."EMPLOYEE_NUM" IS '댓글 작성자';
   COMMENT ON COLUMN "GRPWR_REPLY"."REPLY_DATE" IS '댓글 수정하면 업데이트됨';
--------------------------------------------------------
--  DDL for Table GRPWR_SCHEDULE
--------------------------------------------------------

  CREATE TABLE "GRPWR_SCHEDULE" 
   (	"SCHEDULE_ID" NUMBER(8,0), 
	"SCHEDULE_TYPE" VARCHAR2(10) DEFAULT 'DEPT', 
	"SCHEDULE_CONTENT" VARCHAR2(100), 
	"SCHEDULE_START" TIMESTAMP (6), 
	"SCHEDULE_END" TIMESTAMP (6), 
	"EMPLOYEE_NUM" NUMBER(10,0), 
	"COMPANY_NUM" NUMBER(6,0), 
	"DEPT_NO" NUMBER(10,0), 
	"IS_ALLDAY" VARCHAR2(1) DEFAULT 'N', 
	"IS_PRIVATE" VARCHAR2(1) DEFAULT 'N', 
	"LOCATION" VARCHAR2(100)
   ) ;

   COMMENT ON COLUMN "GRPWR_SCHEDULE"."SCHEDULE_ID" IS 'sequence: grpwr_schdul_seq';
   COMMENT ON COLUMN "GRPWR_SCHEDULE"."SCHEDULE_TYPE" IS 'CHECK (gender IN (''DEPT'', ''PERSONAL''))';
--------------------------------------------------------
--  DDL for Table GRPWR_VENDOR
--------------------------------------------------------

  CREATE TABLE "GRPWR_VENDOR" 
   (	"VENDOR_ID" NUMBER(10,0), 
	"VENDOR_NAME" VARCHAR2(30), 
	"CHIEF_NAME" VARCHAR2(30), 
	"ADDRESS" VARCHAR2(100), 
	"OFFICER" VARCHAR2(30), 
	"BUSINESS_TYPE" VARCHAR2(30) DEFAULT 'INDIVIDUAL', 
	"EMAIL" VARCHAR2(100), 
	"BUSINESS_REGISTERATION_NUMBER" VARCHAR2(30), 
	"PHONE" VARCHAR2(30), 
	"MARGIN_RATE" NUMBER(10,0), 
	"BANK_NAME" VARCHAR2(30), 
	"BANK_ACCOUNT" VARCHAR2(30), 
	"DEPOSITOR" VARCHAR2(30), 
	"EX_APPROVAL_ID" NUMBER(10,0) DEFAULT 0, 
	"COMPANY_NUM" NUMBER(10,0) DEFAULT 0
   ) ;

   COMMENT ON COLUMN "GRPWR_VENDOR"."BUSINESS_TYPE" IS 'CHECK (business_type IN (''INDIVIDUAL'', ''CORPORATION''))';
--------------------------------------------------------
--  DDL for Table HR_ANNUAL_LEAVE
--------------------------------------------------------

  CREATE TABLE "HR_ANNUAL_LEAVE" 
   (	"LEAVE_NUM" NUMBER(10,0), 
	"YEAR" NUMBER(4,0), 
	"LEAVE_CATEGORY" VARCHAR2(20) DEFAULT 'LC001', 
	"LEAVE_BENEFIT" VARCHAR2(20) DEFAULT 'LB001', 
	"TOTAL_LEAVE" NUMBER(3,0), 
	"USED_LEAVE" NUMBER(3,0) DEFAULT 0, 
	"REMAINING_LEAVE" NUMBER(3,0), 
	"REGISTER_DATE" DATE DEFAULT SYSDATE, 
	"UPDATE_DATE" DATE DEFAULT SYSDATE, 
	"EMPLOYEE_NUM" NUMBER(10,0), 
	"COMPANY_NUM" NUMBER(6,0), 
	"APPROVAL_STATUS" VARCHAR2(20) DEFAULT 'AP001'
   ) ;

   COMMENT ON COLUMN "HR_ANNUAL_LEAVE"."LEAVE_CATEGORY" IS '연차 유형 (공통코드: LC) / LC001 연차';
   COMMENT ON COLUMN "HR_ANNUAL_LEAVE"."LEAVE_BENEFIT" IS '연차 부여 유형 (공통코드: LB)';
--------------------------------------------------------
--  DDL for Table HR_ATTENDANCE_LOG
--------------------------------------------------------

  CREATE TABLE "HR_ATTENDANCE_LOG" 
   (	"ATTENDANCE_NUM" NUMBER(10,0), 
	"WORK_DATE" DATE, 
	"SCHEDULED_CHECK_IN" DATE, 
	"SCHEDULED_CHECK_OUT" DATE, 
	"ACTUAL_CHECK_IN" DATE, 
	"ACTUAL_CHECK_OUT" DATE, 
	"REQUESTED_CHECK_IN" DATE, 
	"REQUESTED_CHECK_OUT" DATE, 
	"BARCODE_SCAN_ID" VARCHAR2(50), 
	"WORK_STATUS" VARCHAR2(10) DEFAULT 'WS001', 
	"OVERTIME_HOURS" NUMBER(5,2) DEFAULT 0, 
	"REGISTER_DATE" DATE DEFAULT SYSDATE, 
	"UPDATE_DATE" DATE DEFAULT SYSDATE, 
	"EMPLOYEE_NUM" NUMBER(10,0), 
	"COMPANY_NUM" NUMBER(6,0), 
	"APPROVAL_STATUS" VARCHAR2(20) DEFAULT 'AP001'
   ) ;
--------------------------------------------------------
--  DDL for Table HR_BUSINESS_TRIP
--------------------------------------------------------

  CREATE TABLE "HR_BUSINESS_TRIP" 
   (	"TRIP_NUM" NUMBER(10,0), 
	"TRIP_DATE" DATE, 
	"TRIP_TYPE" VARCHAR2(20) DEFAULT 'TP001', 
	"DEPARTURE" VARCHAR2(100), 
	"DESTINATION" VARCHAR2(100), 
	"PURPOSE" VARCHAR2(255), 
	"REQUEST_STATUS" VARCHAR2(20) DEFAULT 'AP001', 
	"REGISTER_DATE" DATE DEFAULT SYSDATE, 
	"UPDATE_DATE" DATE DEFAULT SYSDATE, 
	"EMPLOYEE_NUM" NUMBER(10,0), 
	"COMPANY_NUM" NUMBER(6,0)
   ) ;
--------------------------------------------------------
--  DDL for Table HR_DEPARTMENT
--------------------------------------------------------

  CREATE TABLE "HR_DEPARTMENT" 
   (	"DEPARTMENT_NUM" NUMBER(10,0), 
	"DEPARTMENT_NAME" VARCHAR2(50), 
	"PARENT_DEPARTMENT_NUM" NUMBER(10,0), 
	"DEPARTMENT_TYPE" VARCHAR2(20) DEFAULT 'DT001', 
	"MANAGER_NUM" NUMBER(10,0), 
	"DEPARTMENT_STATUS" VARCHAR2(20) DEFAULT 'DU001', 
	"REGISTER_DATE" DATE DEFAULT SYSDATE, 
	"UPDATE_DATE" DATE DEFAULT SYSDATE, 
	"COMPANY_NUM" NUMBER(6,0)
   ) ;

   COMMENT ON COLUMN "HR_DEPARTMENT"."DEPARTMENT_STATUS" IS '부서 상태 (공통코드: DU)';
--------------------------------------------------------
--  DDL for Table HR_DOCUMENT_FILE
--------------------------------------------------------

  CREATE TABLE "HR_DOCUMENT_FILE" 
   (	"DOCUMENT_FILE_NUM" NUMBER(10,0), 
	"INTERNAL_APPROVAL_ID" NUMBER(10,0), 
	"DOCUMENT_TYPE" VARCHAR2(20) DEFAULT 'DC001', 
	"FILE_PATH" VARCHAR2(500), 
	"REGISTER_DATE" DATE DEFAULT SYSDATE, 
	"APPROVAL_STATUS" VARCHAR2(20) DEFAULT 'AP001', 
	"COMPANY_NUM" NUMBER(6,0)
   ) ;

   COMMENT ON COLUMN "HR_DOCUMENT_FILE"."DOCUMENT_TYPE" IS '문서 유형 코드 (공통코드: DC) / DC001 재직증명서';
--------------------------------------------------------
--  DDL for Table HR_EMPLOYEE
--------------------------------------------------------

  CREATE TABLE "HR_EMPLOYEE" 
   (	"EMPLOYEE_NUM" NUMBER(10,0), 
	"EMPLOYEE_ID" VARCHAR2(20), 
	"EMPLOYEE_PW" VARCHAR2(255), 
	"EMPLOYEE_NAME" VARCHAR2(50), 
	"SSN" VARCHAR2(100), 
	"EMAIL" VARCHAR2(100), 
	"PHONE" VARCHAR2(20), 
	"HIRE_DATE" DATE DEFAULT SYSDATE, 
	"POSITION" VARCHAR2(20) DEFAULT 'PO001', 
	"AUTHORITY" VARCHAR2(20) DEFAULT 'AU004', 
	"STATUS" VARCHAR2(20) DEFAULT 'ST001', 
	"QUIT_DATE" DATE, 
	"ADDRESS" VARCHAR2(200), 
	"ZIP_CODE" VARCHAR2(10), 
	"EMPLOYMENT_TYPE" VARCHAR2(20) DEFAULT 'ET001', 
	"BANK_NAME" VARCHAR2(50), 
	"ACCOUNT_NUM" VARCHAR2(30), 
	"PROFILE_IMAGE" VARCHAR2(255), 
	"MEMO" VARCHAR2(500), 
	"REGISTER_DATE" DATE DEFAULT SYSDATE, 
	"UPDATE_DATE" DATE DEFAULT SYSDATE, 
	"COMPANY_NUM" NUMBER(6,0), 
	"DEPARTMENT_NUM" NUMBER(10,0)
   ) ;

   COMMENT ON COLUMN "HR_EMPLOYEE"."POSITION" IS '직급 (공통코드: PO)';
   COMMENT ON COLUMN "HR_EMPLOYEE"."AUTHORITY" IS '사원 권한 (공통코드: AU)';
--------------------------------------------------------
--  DDL for Table HR_EMPLOYEE_CONTRACT
--------------------------------------------------------

  CREATE TABLE "HR_EMPLOYEE_CONTRACT" 
   (	"CONTRACT_NUM" NUMBER(10,0), 
	"EMPLOYEE_NUM" NUMBER(10,0), 
	"COMPANY_NUM" NUMBER(6,0), 
	"DEPARTMENT_NUM" NUMBER(10,0), 
	"POSITION" VARCHAR2(20) DEFAULT 'PO001', 
	"CONTRACT_TYPE" VARCHAR2(20) DEFAULT 'CT001', 
	"CONTRACT_START_DATE" DATE, 
	"CONTRACT_END_DATE" DATE, 
	"WORK_LOCATION" VARCHAR2(100), 
	"JOB_DESCRIPTION" VARCHAR2(255), 
	"WORK_START_TIME" VARCHAR2(5) DEFAULT '09:00', 
	"WORK_END_TIME" VARCHAR2(5) DEFAULT '18:00', 
	"WORK_HOURS" NUMBER(3,1) DEFAULT 8.0, 
	"BREAK_START_TIME" VARCHAR2(5), 
	"BREAK_END_TIME" VARCHAR2(5), 
	"PROBATION_PERIOD" NUMBER(2,0) DEFAULT 0, 
	"CONTRACT_STATUS" VARCHAR2(20) DEFAULT 'CS001', 
	"TERMINATION_REASON" VARCHAR2(255), 
	"CONTRACT_FILE_PATH" VARCHAR2(255), 
	"REGISTER_DATE" DATE DEFAULT SYSDATE, 
	"UPDATE_DATE" DATE DEFAULT SYSDATE, 
	"ANNUAL_SALARY" NUMBER(15,2), 
	"BONUS" NUMBER(15,2) DEFAULT 0, 
	"ADDITIONAL_PAY" NUMBER(15,2) DEFAULT 0, 
	"WORK_DAYS" VARCHAR2(50), 
	"ANNUAL_LEAVE_POLICY" VARCHAR2(255), 
	"SOCIAL_INSURANCE" VARCHAR2(100), 
	"PAYMENT_METHOD" VARCHAR2(15), 
	"SALARY_PAYMENT_DATE" NUMBER(2,0), 
	"MONTHLY_SALARY" NUMBER(15,0)
   ) ;
--------------------------------------------------------
--  DDL for Table HR_EMPLOYEE_HISTORY
--------------------------------------------------------

  CREATE TABLE "HR_EMPLOYEE_HISTORY" 
   (	"HISTORY_NUM" NUMBER(10,0), 
	"EMPLOYEE_NUM" NUMBER(10,0), 
	"COMPANY_NUM" NUMBER(6,0), 
	"PREVIOUS_POSITION" VARCHAR2(20), 
	"NEW_POSITION" VARCHAR2(20), 
	"PREVIOUS_DEPARTMENT_NUM" NUMBER(10,0), 
	"NEW_DEPARTMENT_NUM" NUMBER(10,0), 
	"PREVIOUS_EMPLOYMENT_TYPE" VARCHAR2(20), 
	"NEW_EMPLOYMENT_TYPE" VARCHAR2(20), 
	"REGISTER_DATE" DATE DEFAULT SYSDATE, 
	"UPDATE_DATE" DATE DEFAULT SYSDATE
   ) ;

   COMMENT ON COLUMN "HR_EMPLOYEE_HISTORY"."PREVIOUS_EMPLOYMENT_TYPE" IS '기존 근무 유형';
   COMMENT ON COLUMN "HR_EMPLOYEE_HISTORY"."NEW_EMPLOYMENT_TYPE" IS '새로운 근무 유형';
--------------------------------------------------------
--  DDL for Table HR_REJECTION_LOG
--------------------------------------------------------

  CREATE TABLE "HR_REJECTION_LOG" 
   (	"REJECTION_NUM" NUMBER(10,0), 
	"INTERNAL_APPROVAL_ID" NUMBER(10,0), 
	"REJECTED_BY" NUMBER(10,0), 
	"REJECTED_REASON" VARCHAR2(500), 
	"REJECTED_DATE" DATE, 
	"EMPLOYEE_NUM" NUMBER(10,0), 
	"COMPANY_NUM" NUMBER(6,0)
   ) ;

   COMMENT ON COLUMN "HR_REJECTION_LOG"."INTERNAL_APPROVAL_ID" IS '전자결재 요청 ID (HR_INTERNAL_APPROVAL 참조, FK)';
--------------------------------------------------------
--  DDL for Table LOGIN
--------------------------------------------------------

  CREATE TABLE "LOGIN" 
   (	"LOGIN_ID" NUMBER(10,0), 
	"COMPANY_ENG_NAME" VARCHAR2(50), 
	"EMPLOYEE_NUM" NUMBER(10,0), 
	"LOGIN_EMPLOYEE_ID" VARCHAR2(50), 
	"LOGIN_PASSWORD" VARCHAR2(500)
   ) ;
--------------------------------------------------------
--  DDL for Table PURCHSE_GOODS
--------------------------------------------------------

  CREATE TABLE "PURCHSE_GOODS" 
   (	"GOODS_NUM" NUMBER, 
	"GOODS_NAME" VARCHAR2(50), 
	"GOODS_COST" NUMBER DEFAULT 0, 
	"GOODS_CODE" VARCHAR2(50), 
	"GOODS_PRICE" NUMBER DEFAULT 0, 
	"GOODS_SUPPLY_PRICE" NUMBER DEFAULT 0, 
	"GOODS_STANDARD" VARCHAR2(50), 
	"GOODS_DESCRIPTION" VARCHAR2(100), 
	"GOODS_IMAGE" VARCHAR2(50), 
	"GOODS_USE_FLAG" NUMBER DEFAULT 0, 
	"CLASSIFICATION_ID" NUMBER(10,0), 
	"BRAND_ID" NUMBER(10,0), 
	"EMPLOYEE_NUM" NUMBER(10,0), 
	"VENDOR_ID" NUMBER(10,0), 
	"COMPANY_NUM" NUMBER(6,0)
   ) ;

   COMMENT ON COLUMN "PURCHSE_GOODS"."GOODS_NUM" IS '상품번호시퀀스 purchs_goods_seq';
   COMMENT ON COLUMN "PURCHSE_GOODS"."GOODS_CODE" IS '분류코드+브랜드+001';
   COMMENT ON COLUMN "PURCHSE_GOODS"."GOODS_USE_FLAG" IS '사용중 = 0 , 사용중단 = 1';
   COMMENT ON COLUMN "PURCHSE_GOODS"."CLASSIFICATION_ID" IS 'FK';
   COMMENT ON COLUMN "PURCHSE_GOODS"."BRAND_ID" IS 'FK';
   COMMENT ON COLUMN "PURCHSE_GOODS"."EMPLOYEE_NUM" IS 'FK';
   COMMENT ON COLUMN "PURCHSE_GOODS"."VENDOR_ID" IS 'FK';
--------------------------------------------------------
--  DDL for Table PURCHSE_OPTION
--------------------------------------------------------

  CREATE TABLE "PURCHSE_OPTION" 
   (	"OPTION_NUM" NUMBER, 
	"OPTION_CODE" VARCHAR2(50), 
	"OPTION_NAME" VARCHAR2(50), 
	"OPTION_SAFETY_INVOICE" NUMBER DEFAULT 0, 
	"OPTION_USE_FLAG" NUMBER DEFAULT 0, 
	"WAREHOUSE_ID" NUMBER(10,0), 
	"GOODS_NUM" NUMBER, 
	"COMPANY_NUM" NUMBER(6,0), 
	"OPTION_BARCODE" VARCHAR2(50)
   ) ;

   COMMENT ON COLUMN "PURCHSE_OPTION"."OPTION_CODE" IS '상품코드+001';
   COMMENT ON COLUMN "PURCHSE_OPTION"."OPTION_USE_FLAG" IS '사용중 = 0 , 사용중단 = 1';
   COMMENT ON COLUMN "PURCHSE_OPTION"."WAREHOUSE_ID" IS 'FK';
   COMMENT ON COLUMN "PURCHSE_OPTION"."GOODS_NUM" IS '상품번호시퀀스 purchs_goods_seq';
   COMMENT ON COLUMN "PURCHSE_OPTION"."OPTION_BARCODE" IS '거래처id + 상품번호+옵션번호';
--------------------------------------------------------
--  DDL for Table PURCHS_DISUSE_RECORD
--------------------------------------------------------

  CREATE TABLE "PURCHS_DISUSE_RECORD" 
   (	"DISUSE_RECORD_NUM" NUMBER, 
	"DISUSE_RECORD_DATE" DATE DEFAULT sysdate, 
	"DISUSE_RECORD_REASON" VARCHAR2(100), 
	"DISUSE_RECORD_TYPE" VARCHAR2(20), 
	"PREV_DISUSE_QUANTITY" NUMBER, 
	"NEW_DISUSE_QUANTITY" NUMBER, 
	"DISUSE_PREV_STATUS" NUMBER DEFAULT 0, 
	"DISUSE_NEW_STATUS" NUMBER, 
	"EMPLOYEE_NUM" NUMBER(10,0), 
	"DISUSE_NUM" NUMBER, 
	"COMPANY_NUM" NUMBER(6,0)
   ) ;

   COMMENT ON COLUMN "PURCHS_DISUSE_RECORD"."DISUSE_RECORD_TYPE" IS 'update, delete';
   COMMENT ON COLUMN "PURCHS_DISUSE_RECORD"."DISUSE_PREV_STATUS" IS 'insert시 null';
   COMMENT ON COLUMN "PURCHS_DISUSE_RECORD"."DISUSE_NEW_STATUS" IS 'update경우 0 , delete경우 1';
--------------------------------------------------------
--  DDL for Table PURCHS_GOODS_DISUSE
--------------------------------------------------------

  CREATE TABLE "PURCHS_GOODS_DISUSE" 
   (	"DISUSE_NUM" NUMBER, 
	"DISUSE_DATE" DATE DEFAULT sysdate, 
	"DISUSE_REASON" VARCHAR2(100), 
	"DISUSE_QUANTITY" NUMBER DEFAULT 0, 
	"DISUSE_REMAINING_QUANTITY" NUMBER DEFAULT 0, 
	"DISUSE_STATUS" NUMBER DEFAULT 0, 
	"EMPLOYEE_NUM" NUMBER(10,0), 
	"WAREHOUSING_BODY_NUM" NUMBER, 
	"COMPANY_NUM" NUMBER(6,0)
   ) ;

   COMMENT ON COLUMN "PURCHS_GOODS_DISUSE"."DISUSE_STATUS" IS '0:폐기 1: 폐기취소';
--------------------------------------------------------
--  DDL for Table PURCHS_ORDER_PLAN_BODY
--------------------------------------------------------

  CREATE TABLE "PURCHS_ORDER_PLAN_BODY" 
   (	"ORDER_PLAN_BODY_NUM" NUMBER, 
	"ORDER_PLAN_QUANTITY" NUMBER DEFAULT 0, 
	"ORDER_PLAN_TOTAL_AMOUNT" NUMBER DEFAULT 0, 
	"ORDER_PLAN_UNIT_PRICE" NUMBER DEFAULT 0, 
	"ORDER_PLAN_SUPPLY_PRICE" NUMBER DEFAULT 0, 
	"ORDER_PLAN_VAT" NUMBER DEFAULT 0, 
	"ORDER_PLAN_STANDARD" VARCHAR2(50), 
	"ORDER_PLAN_STATUS" VARCHAR2(20) DEFAULT '결제대기중', 
	"VENDOR_ID" NUMBER(10,0), 
	"ORDER_PLAN_HEADER_NUM" NUMBER, 
	"OPTION_NUM" NUMBER, 
	"COMPANY_NUM" NUMBER(6,0)
   ) ;

   COMMENT ON COLUMN "PURCHS_ORDER_PLAN_BODY"."ORDER_PLAN_STATUS" IS '결제대기중, 진행중, 완료, 취소';
   COMMENT ON COLUMN "PURCHS_ORDER_PLAN_BODY"."VENDOR_ID" IS 'FK';
--------------------------------------------------------
--  DDL for Table PURCHS_ORDER_PLAN_HEADER
--------------------------------------------------------

  CREATE TABLE "PURCHS_ORDER_PLAN_HEADER" 
   (	"ORDER_PLAN_HEADER_NUM" NUMBER, 
	"ORDER_PLAN_TITLE" VARCHAR2(30), 
	"ORDER_PLAN_DATE" DATE DEFAULT sysdate, 
	"ORDER_PLAN_DUE_DATE" DATE, 
	"ORDER_PLAN_VAT_FLAG" NUMBER DEFAULT 0, 
	"ORDER_PLAN_FLAG" NUMBER DEFAULT 0, 
	"EMPLOYEE_NUM" NUMBER(10,0), 
	"ORDER_PLAN_TOTAL_AMOUNT" NUMBER DEFAULT 0, 
	"COMPANY_NUM" NUMBER(6,0)
   ) ;

   COMMENT ON COLUMN "PURCHS_ORDER_PLAN_HEADER"."ORDER_PLAN_HEADER_NUM" IS 'sysdate+시퀸스';
   COMMENT ON COLUMN "PURCHS_ORDER_PLAN_HEADER"."ORDER_PLAN_VAT_FLAG" IS '사용(10%) =0 , 사용 하지 않음= 1';
   COMMENT ON COLUMN "PURCHS_ORDER_PLAN_HEADER"."ORDER_PLAN_FLAG" IS '등록=0  계획취소=1';
   COMMENT ON COLUMN "PURCHS_ORDER_PLAN_HEADER"."EMPLOYEE_NUM" IS 'FK';
--------------------------------------------------------
--  DDL for Table PURCHS_PURCHASE_BODY
--------------------------------------------------------

  CREATE TABLE "PURCHS_PURCHASE_BODY" 
   (	"PURCHASE_BODY_NUM" NUMBER, 
	"PURCHASE_QUANTITY" NUMBER DEFAULT 0, 
	"PURCHASE_UNIT_PRICE" NUMBER DEFAULT 0, 
	"PURCHASE_SUPPLY_PRICE" NUMBER DEFAULT 0, 
	"PURCHASE_VAT" NUMBER DEFAULT 0, 
	"PURCHASE_NUM" NUMBER, 
	"OPTION_NUM" NUMBER, 
	"ORDER_PLAN_BODY_NUM" NUMBER, 
	"COMPANY_NUM" NUMBER(6,0), 
	"GOODS_STANDARD" VARCHAR2(50)
   ) ;

   COMMENT ON COLUMN "PURCHS_PURCHASE_BODY"."PURCHASE_NUM" IS 'sysdate+seq';
   COMMENT ON COLUMN "PURCHS_PURCHASE_BODY"."COMPANY_NUM" IS '회사번호 시퀀스 erp_cmpny_seq';
--------------------------------------------------------
--  DDL for Table PURCHS_PURCHASE_HEADER
--------------------------------------------------------

  CREATE TABLE "PURCHS_PURCHASE_HEADER" 
   (	"PURCHASE_NUM" NUMBER, 
	"PURCHASE_DATE" DATE DEFAULT sysdate, 
	"PURCHASE_DUE_DATE" DATE, 
	"PURCHASE_VAT_FLAG" NUMBER DEFAULT 0, 
	"PURCHASE_STATUS" VARCHAR2(20) DEFAULT '진행중', 
	"VENDOR_ID" NUMBER(10,0), 
	"EMPLOYEE_NUM" NUMBER(10,0), 
	"PUCHASE_TOTAL_AMOUNT" NUMBER DEFAULT 0, 
	"COMPANY_NUM" NUMBER(6,0)
   ) ;

   COMMENT ON COLUMN "PURCHS_PURCHASE_HEADER"."PURCHASE_NUM" IS 'sysdate+seq';
   COMMENT ON COLUMN "PURCHS_PURCHASE_HEADER"."PURCHASE_VAT_FLAG" IS '사용(10%) =1 , 사용 하지 않음= 0';
   COMMENT ON COLUMN "PURCHS_PURCHASE_HEADER"."PURCHASE_STATUS" IS '진행중 ,완료 ,취소';
   COMMENT ON COLUMN "PURCHS_PURCHASE_HEADER"."VENDOR_ID" IS 'FK';
   COMMENT ON COLUMN "PURCHS_PURCHASE_HEADER"."EMPLOYEE_NUM" IS 'FK';
   COMMENT ON COLUMN "PURCHS_PURCHASE_HEADER"."COMPANY_NUM" IS '회사번호 시퀀스 erp_cmpny_seq';
--------------------------------------------------------
--  DDL for Table PURCHS_PURCHASE_RECORD
--------------------------------------------------------

  CREATE TABLE "PURCHS_PURCHASE_RECORD" 
   (	"PURCHASE_RECORD_NUM" NUMBER, 
	"PURCHASE_RECORD_DATE" DATE DEFAULT sysdate, 
	"PURCHASE_RECORDE_REASON" VARCHAR2(100), 
	"PURCHASE_RECORD_TYPE" VARCHAR2(20), 
	"PREV_QUANTITY" NUMBER, 
	"NEW_QUANTITY" NUMBER, 
	"PREV_UNIT_PRICE" NUMBER, 
	"NEW_UNIT_PRICE" NUMBER, 
	"PREV_TOTAL_AMOUNT" NUMBER, 
	"NEW_TOTAL_AMOUNT" NUMBER, 
	"PREV_STATUS" VARCHAR2(20) DEFAULT 0, 
	"NEW_STATUS" VARCHAR2(20), 
	"PREV_DUE_DATE" DATE, 
	"NEW_DUE_DATE" DATE, 
	"PREV_VAT_FLAG" NUMBER, 
	"NEW_VAT_FLAG" NUMBER, 
	"EMPLOYEE_NUM" NUMBER(10,0), 
	"PURCHASE_BODY_NUM" NUMBER, 
	"PURCHASE_NUM" NUMBER, 
	"COMPANY_NUM" NUMBER(6,0)
   ) ;

   COMMENT ON COLUMN "PURCHS_PURCHASE_RECORD"."PURCHASE_RECORD_TYPE" IS 'insert, update, delete';
   COMMENT ON COLUMN "PURCHS_PURCHASE_RECORD"."PREV_QUANTITY" IS 'insert시 null';
   COMMENT ON COLUMN "PURCHS_PURCHASE_RECORD"."NEW_QUANTITY" IS 'delete 시 null';
   COMMENT ON COLUMN "PURCHS_PURCHASE_RECORD"."PREV_STATUS" IS '상태가 기본 진행중에만 수정 및 추가, 삭제가능';
   COMMENT ON COLUMN "PURCHS_PURCHASE_RECORD"."NEW_STATUS" IS 'insert, update 경우 null, 삭제 시 2로 변경';
--------------------------------------------------------
--  DDL for Table PURCHS_WAREHOUSING_BODY
--------------------------------------------------------

  CREATE TABLE "PURCHS_WAREHOUSING_BODY" 
   (	"WAREHOUSING_BODY_NUM" NUMBER, 
	"GOODS_LOT_NUM" VARCHAR2(40), 
	"GOODS_CONSUMPTION_DATE" DATE, 
	"WAREHOUSING_STANDARD_QUANTITY" NUMBER DEFAULT 0, 
	"WAREHOUSING_TOTAL_QUANTITY" NUMBER DEFAULT 0, 
	"WAREHOUSING_REMAINING_QUANTITY" NUMBER DEFAULT 0, 
	"WAREHOUSING_UNIT_TOTAL_AMOUNT" NUMBER DEFAULT 0, 
	"WAREHOUSING_UNIT_PRICE" NUMBER DEFAULT 0, 
	"WAREHOUSING_SUPPLY_PRICE" NUMBER DEFAULT 0, 
	"WAREHOUSING_VAT" NUMBER DEFAULT 0, 
	"WAREHOUSE_ID" NUMBER(10,0), 
	"WAREHOUSING_HEADER_NUM" NUMBER, 
	"PURCHASE_BODY_NUM" NUMBER, 
	"COMPANY_NUM" NUMBER(6,0), 
	"OPTION_NUM" NUMBER, 
	"MANUFACTURE_DATE" DATE
   ) ;

   COMMENT ON COLUMN "PURCHS_WAREHOUSING_BODY"."WAREHOUSING_STANDARD_QUANTITY" IS '박스수';
   COMMENT ON COLUMN "PURCHS_WAREHOUSING_BODY"."WAREHOUSING_TOTAL_QUANTITY" IS '개당갯수';
   COMMENT ON COLUMN "PURCHS_WAREHOUSING_BODY"."WAREHOUSING_REMAINING_QUANTITY" IS 'warehousing_total_quantity - disuse_quantity ==> 실제로 갯수 조회할때 당겨와야하는 정보';
   COMMENT ON COLUMN "PURCHS_WAREHOUSING_BODY"."WAREHOUSING_VAT" IS '사용(10%)=0 , 사용하지 않음=1';
--------------------------------------------------------
--  DDL for Table PURCHS_WAREHOUSING_HEADER
--------------------------------------------------------

  CREATE TABLE "PURCHS_WAREHOUSING_HEADER" 
   (	"WAREHOUSING_HEADER_NUM" NUMBER, 
	"WAREHOUSING_DATE" DATE DEFAULT sysdate, 
	"EMPLOYEE_NUM" NUMBER(10,0), 
	"VENDOR_ID" NUMBER(10,0), 
	"WAREHOUSING_CHIT" NUMBER, 
	"WAREHOUSING_TOTAL_AMOUNT" NUMBER DEFAULT 0, 
	"COMPANY_NUM" NUMBER(6,0)
   ) ;
--------------------------------------------------------
--  DDL for Table STDR_BRAND
--------------------------------------------------------

  CREATE TABLE "STDR_BRAND" 
   (	"BRAND_ID" NUMBER(10,0), 
	"BRAND_CODE" VARCHAR2(20), 
	"BRAND_NAME" VARCHAR2(20), 
	"COMPANY_NUM" NUMBER(6,0)
   ) ;

   COMMENT ON COLUMN "STDR_BRAND"."BRAND_CODE" IS '영어 대문자 두자리';
--------------------------------------------------------
--  DDL for Table STDR_CLASSIFICATION
--------------------------------------------------------

  CREATE TABLE "STDR_CLASSIFICATION" 
   (	"CLASSIFICATION_ID" NUMBER(10,0), 
	"CLASSIFICATION_CODE" VARCHAR2(20), 
	"CLASSIFICATION_NAME" VARCHAR2(20), 
	"DISTRIBUTION_TIME_LIMIT" NUMBER(10,0), 
	"COMPANY_NUM" NUMBER(6,0)
   ) ;

   COMMENT ON COLUMN "STDR_CLASSIFICATION"."CLASSIFICATION_CODE" IS '영어 대문자 두자리';
   COMMENT ON COLUMN "STDR_CLASSIFICATION"."DISTRIBUTION_TIME_LIMIT" IS '단위: 연';
--------------------------------------------------------
--  DDL for Table STDR_DEPT
--------------------------------------------------------

  CREATE TABLE "STDR_DEPT" 
   (	"DEPT_NO" NUMBER, 
	"DEPT_NAME" VARCHAR2(50), 
	"BRANCH" VARCHAR2(50), 
	"ADDRESS" VARCHAR2(255), 
	"COMPANY_NUM" NUMBER(8,0)
   ) ;
--------------------------------------------------------
--  DDL for Table STDR_DOCUMENT
--------------------------------------------------------

  CREATE TABLE "STDR_DOCUMENT" 
   (	"DOCUMENT_ID" NUMBER(10,0), 
	"DOCUMENT_TYPE" VARCHAR2(50), 
	"DOCUMENT_NAME" VARCHAR2(50), 
	"DOCUMENT_TEMPLATE" VARCHAR2(4000), 
	"DEPT_NAME" VARCHAR2(30), 
	"APPROVAL_TYPE" VARCHAR2(30) DEFAULT 'IN', 
	"COMPANY_NUM" NUMBER(6,0)
   ) ;

   COMMENT ON COLUMN "STDR_DOCUMENT"."DOCUMENT_ID" IS 'sequence: grpwr_doc_seq';
   COMMENT ON COLUMN "STDR_DOCUMENT"."DOCUMENT_TYPE" IS 'ex) 휴가, 외근, 비용 등';
   COMMENT ON COLUMN "STDR_DOCUMENT"."DOCUMENT_TEMPLATE" IS 'html code';
   COMMENT ON COLUMN "STDR_DOCUMENT"."DEPT_NAME" IS '결재하는 부서';
   COMMENT ON COLUMN "STDR_DOCUMENT"."APPROVAL_TYPE" IS 'CHECK (approval_type IN (''IN'', ''OUT''))';
--------------------------------------------------------
--  DDL for Table STDR_WAREHOUSE
--------------------------------------------------------

  CREATE TABLE "STDR_WAREHOUSE" 
   (	"WAREHOUSE_ID" NUMBER(10,0), 
	"WAREHOUSE_NAME" VARCHAR2(20), 
	"COMPANY_NUM" NUMBER(6,0)
   ) ;
--------------------------------------------------------
--  DDL for Table TEST
--------------------------------------------------------

  CREATE TABLE "TEST" 
   (	"TEST_NAME" VARCHAR2(10), 
	"TEST_AGE" NUMBER, 
	"TEST_SEQ" VARCHAR2(20)
   ) ;
--------------------------------------------------------
--  DDL for Table TEST2
--------------------------------------------------------

  CREATE TABLE "TEST2" 
   (	"TEST2" VARCHAR2(10), 
	"TEST_SEQ" VARCHAR2(10), 
	"TEST2_NAME" VARCHAR2(30), 
	"TEST2_AGE" NUMBER
   ) ;
REM INSERTING into ACCNUT_ASSETS
SET DEFINE OFF;
Insert into ACCNUT_ASSETS (ASSETS_CODE,ASSETS_NAME,SECTION,FINANCIAL_INSTITUTION,FINANCE_INFORMATION,OWNER,AMOUNT,REGISTER_DATE,QUANTITY,FIXTURES_AMOUNT,COMPANY_NUM,RGNO) values ('01','월급급여통장','AC02','FI01','3020000012496','본사',0,to_date('25/02/11','RR/MM/DD'),null,0,45,'20250224000002847');
Insert into ACCNUT_ASSETS (ASSETS_CODE,ASSETS_NAME,SECTION,FINANCIAL_INSTITUTION,FINANCE_INFORMATION,OWNER,AMOUNT,REGISTER_DATE,QUANTITY,FIXTURES_AMOUNT,COMPANY_NUM,RGNO) values ('02','초기 소지 현금2','AC03','FI01','-','본사',10000,to_date('25/02/11','RR/MM/DD'),100,100,null,null);
Insert into ACCNUT_ASSETS (ASSETS_CODE,ASSETS_NAME,SECTION,FINANCIAL_INSTITUTION,FINANCE_INFORMATION,OWNER,AMOUNT,REGISTER_DATE,QUANTITY,FIXTURES_AMOUNT,COMPANY_NUM,RGNO) values ('03','초기 소지 현금3','AC04','FI01','-','본사',100000,to_date('25/02/11','RR/MM/DD'),100,1000,null,null);
Insert into ACCNUT_ASSETS (ASSETS_CODE,ASSETS_NAME,SECTION,FINANCIAL_INSTITUTION,FINANCE_INFORMATION,OWNER,AMOUNT,REGISTER_DATE,QUANTITY,FIXTURES_AMOUNT,COMPANY_NUM,RGNO) values ('04','초기 소지 현금4','AC01','FI01','-','본사',500000,to_date('25/02/11','RR/MM/DD'),100,5000,null,null);
Insert into ACCNUT_ASSETS (ASSETS_CODE,ASSETS_NAME,SECTION,FINANCIAL_INSTITUTION,FINANCE_INFORMATION,OWNER,AMOUNT,REGISTER_DATE,QUANTITY,FIXTURES_AMOUNT,COMPANY_NUM,RGNO) values ('05','초기 소지 현금5','AC01','FI01','-','본사',1000000,to_date('25/02/11','RR/MM/DD'),100,10000,null,null);
Insert into ACCNUT_ASSETS (ASSETS_CODE,ASSETS_NAME,SECTION,FINANCIAL_INSTITUTION,FINANCE_INFORMATION,OWNER,AMOUNT,REGISTER_DATE,QUANTITY,FIXTURES_AMOUNT,COMPANY_NUM,RGNO) values ('06','초기 소지 현금','AC01',null,'-','본사',5000000,to_date('25/02/11','RR/MM/DD'),null,0,1,null);
Insert into ACCNUT_ASSETS (ASSETS_CODE,ASSETS_NAME,SECTION,FINANCIAL_INSTITUTION,FINANCE_INFORMATION,OWNER,AMOUNT,REGISTER_DATE,QUANTITY,FIXTURES_AMOUNT,COMPANY_NUM,RGNO) values ('07','초기 소지 현금7','AC01','FI01','-','본사',10000000,to_date('25/02/11','RR/MM/DD'),100,100000,0,null);
Insert into ACCNUT_ASSETS (ASSETS_CODE,ASSETS_NAME,SECTION,FINANCIAL_INSTITUTION,FINANCE_INFORMATION,OWNER,AMOUNT,REGISTER_DATE,QUANTITY,FIXTURES_AMOUNT,COMPANY_NUM,RGNO) values ('08','초기 소지 현금1','AC01','FI01','-','본사',1000,to_date('25/02/11','RR/MM/DD'),100,10,0,null);
Insert into ACCNUT_ASSETS (ASSETS_CODE,ASSETS_NAME,SECTION,FINANCIAL_INSTITUTION,FINANCE_INFORMATION,OWNER,AMOUNT,REGISTER_DATE,QUANTITY,FIXTURES_AMOUNT,COMPANY_NUM,RGNO) values ('09','초기 소지 현금2','AC01','FI01','-','본사',10000,to_date('25/02/11','RR/MM/DD'),100,100,0,null);
Insert into ACCNUT_ASSETS (ASSETS_CODE,ASSETS_NAME,SECTION,FINANCIAL_INSTITUTION,FINANCE_INFORMATION,OWNER,AMOUNT,REGISTER_DATE,QUANTITY,FIXTURES_AMOUNT,COMPANY_NUM,RGNO) values ('10','초기 소지 현금3','AC01','FI01','-','본사',100000,to_date('25/02/11','RR/MM/DD'),100,1000,0,null);
Insert into ACCNUT_ASSETS (ASSETS_CODE,ASSETS_NAME,SECTION,FINANCIAL_INSTITUTION,FINANCE_INFORMATION,OWNER,AMOUNT,REGISTER_DATE,QUANTITY,FIXTURES_AMOUNT,COMPANY_NUM,RGNO) values ('11','초기 소지 현금4','AC01','FI01','-','본사',500000,to_date('25/02/11','RR/MM/DD'),100,5000,0,null);
Insert into ACCNUT_ASSETS (ASSETS_CODE,ASSETS_NAME,SECTION,FINANCIAL_INSTITUTION,FINANCE_INFORMATION,OWNER,AMOUNT,REGISTER_DATE,QUANTITY,FIXTURES_AMOUNT,COMPANY_NUM,RGNO) values ('12','초기 소지 현금5','AC01','FI01','-','본사',1000000,to_date('25/02/11','RR/MM/DD'),100,10000,0,null);
Insert into ACCNUT_ASSETS (ASSETS_CODE,ASSETS_NAME,SECTION,FINANCIAL_INSTITUTION,FINANCE_INFORMATION,OWNER,AMOUNT,REGISTER_DATE,QUANTITY,FIXTURES_AMOUNT,COMPANY_NUM,RGNO) values ('13','초기 소지 현금6','AC01','FI01','-','본사',5000000,to_date('25/02/11','RR/MM/DD'),100,50000,0,null);
Insert into ACCNUT_ASSETS (ASSETS_CODE,ASSETS_NAME,SECTION,FINANCIAL_INSTITUTION,FINANCE_INFORMATION,OWNER,AMOUNT,REGISTER_DATE,QUANTITY,FIXTURES_AMOUNT,COMPANY_NUM,RGNO) values ('14','초기 소지 현금7','AC01','FI01','-','본사',10000000,to_date('25/02/11','RR/MM/DD'),100,100000,0,null);
Insert into ACCNUT_ASSETS (ASSETS_CODE,ASSETS_NAME,SECTION,FINANCIAL_INSTITUTION,FINANCE_INFORMATION,OWNER,AMOUNT,REGISTER_DATE,QUANTITY,FIXTURES_AMOUNT,COMPANY_NUM,RGNO) values ('15','초기 소지 현금1','AC01','FI01','-','본사',1000,to_date('25/02/11','RR/MM/DD'),100,10,0,null);
Insert into ACCNUT_ASSETS (ASSETS_CODE,ASSETS_NAME,SECTION,FINANCIAL_INSTITUTION,FINANCE_INFORMATION,OWNER,AMOUNT,REGISTER_DATE,QUANTITY,FIXTURES_AMOUNT,COMPANY_NUM,RGNO) values ('16','초기 소지 현금2','AC01','FI01','-','본사',10000,to_date('25/02/11','RR/MM/DD'),100,100,0,null);
Insert into ACCNUT_ASSETS (ASSETS_CODE,ASSETS_NAME,SECTION,FINANCIAL_INSTITUTION,FINANCE_INFORMATION,OWNER,AMOUNT,REGISTER_DATE,QUANTITY,FIXTURES_AMOUNT,COMPANY_NUM,RGNO) values ('17','초기 소지 현금3','AC01','FI01','-','본사',100000,to_date('25/02/11','RR/MM/DD'),100,1000,0,null);
Insert into ACCNUT_ASSETS (ASSETS_CODE,ASSETS_NAME,SECTION,FINANCIAL_INSTITUTION,FINANCE_INFORMATION,OWNER,AMOUNT,REGISTER_DATE,QUANTITY,FIXTURES_AMOUNT,COMPANY_NUM,RGNO) values ('18','초기 소지 현금4','AC01','FI01','-','본사',500000,to_date('25/02/11','RR/MM/DD'),100,5000,0,null);
Insert into ACCNUT_ASSETS (ASSETS_CODE,ASSETS_NAME,SECTION,FINANCIAL_INSTITUTION,FINANCE_INFORMATION,OWNER,AMOUNT,REGISTER_DATE,QUANTITY,FIXTURES_AMOUNT,COMPANY_NUM,RGNO) values ('19','초기 소지 현금5','AC01','FI01','-','본사',1000000,to_date('25/02/11','RR/MM/DD'),100,10000,0,null);
Insert into ACCNUT_ASSETS (ASSETS_CODE,ASSETS_NAME,SECTION,FINANCIAL_INSTITUTION,FINANCE_INFORMATION,OWNER,AMOUNT,REGISTER_DATE,QUANTITY,FIXTURES_AMOUNT,COMPANY_NUM,RGNO) values ('20','초기 소지 현금6','AC01','FI01','-','본사',5000000,to_date('25/02/11','RR/MM/DD'),100,50000,0,null);
Insert into ACCNUT_ASSETS (ASSETS_CODE,ASSETS_NAME,SECTION,FINANCIAL_INSTITUTION,FINANCE_INFORMATION,OWNER,AMOUNT,REGISTER_DATE,QUANTITY,FIXTURES_AMOUNT,COMPANY_NUM,RGNO) values ('21','초기 소지 현금7','AC01','FI01','-','본사',10000000,to_date('25/02/11','RR/MM/DD'),100,100000,0,null);
Insert into ACCNUT_ASSETS (ASSETS_CODE,ASSETS_NAME,SECTION,FINANCIAL_INSTITUTION,FINANCE_INFORMATION,OWNER,AMOUNT,REGISTER_DATE,QUANTITY,FIXTURES_AMOUNT,COMPANY_NUM,RGNO) values ('22','초기 소지 현금1','AC01','FI01','-','본사',1000,to_date('25/02/11','RR/MM/DD'),100,10,0,null);
Insert into ACCNUT_ASSETS (ASSETS_CODE,ASSETS_NAME,SECTION,FINANCIAL_INSTITUTION,FINANCE_INFORMATION,OWNER,AMOUNT,REGISTER_DATE,QUANTITY,FIXTURES_AMOUNT,COMPANY_NUM,RGNO) values ('23','초기 소지 현금2','AC01','FI01','-','본사',10000,to_date('25/02/11','RR/MM/DD'),100,100,0,null);
Insert into ACCNUT_ASSETS (ASSETS_CODE,ASSETS_NAME,SECTION,FINANCIAL_INSTITUTION,FINANCE_INFORMATION,OWNER,AMOUNT,REGISTER_DATE,QUANTITY,FIXTURES_AMOUNT,COMPANY_NUM,RGNO) values ('24','초기 소지 현금3','AC01','FI01','-','본사',100000,to_date('25/02/11','RR/MM/DD'),100,1000,0,null);
Insert into ACCNUT_ASSETS (ASSETS_CODE,ASSETS_NAME,SECTION,FINANCIAL_INSTITUTION,FINANCE_INFORMATION,OWNER,AMOUNT,REGISTER_DATE,QUANTITY,FIXTURES_AMOUNT,COMPANY_NUM,RGNO) values ('25','초기 소지 현금4','AC01','FI01','-','본사',500000,to_date('25/02/11','RR/MM/DD'),100,5000,0,null);
Insert into ACCNUT_ASSETS (ASSETS_CODE,ASSETS_NAME,SECTION,FINANCIAL_INSTITUTION,FINANCE_INFORMATION,OWNER,AMOUNT,REGISTER_DATE,QUANTITY,FIXTURES_AMOUNT,COMPANY_NUM,RGNO) values ('26','초기 소지 현금5','AC01','FI01','-','본사',1000000,to_date('25/02/11','RR/MM/DD'),100,10000,0,null);
Insert into ACCNUT_ASSETS (ASSETS_CODE,ASSETS_NAME,SECTION,FINANCIAL_INSTITUTION,FINANCE_INFORMATION,OWNER,AMOUNT,REGISTER_DATE,QUANTITY,FIXTURES_AMOUNT,COMPANY_NUM,RGNO) values ('27','초기 소지 현금6','AC01','FI01','-','본사',5000000,to_date('25/02/11','RR/MM/DD'),100,50000,0,null);
Insert into ACCNUT_ASSETS (ASSETS_CODE,ASSETS_NAME,SECTION,FINANCIAL_INSTITUTION,FINANCE_INFORMATION,OWNER,AMOUNT,REGISTER_DATE,QUANTITY,FIXTURES_AMOUNT,COMPANY_NUM,RGNO) values ('28','초기 소지 현금7','AC01','FI01','-','본사',10000000,to_date('25/02/11','RR/MM/DD'),100,100000,0,null);
Insert into ACCNUT_ASSETS (ASSETS_CODE,ASSETS_NAME,SECTION,FINANCIAL_INSTITUTION,FINANCE_INFORMATION,OWNER,AMOUNT,REGISTER_DATE,QUANTITY,FIXTURES_AMOUNT,COMPANY_NUM,RGNO) values ('29','초기 소지 현금1','AC01','FI01','-','본사',1000,to_date('25/02/11','RR/MM/DD'),100,10,0,null);
Insert into ACCNUT_ASSETS (ASSETS_CODE,ASSETS_NAME,SECTION,FINANCIAL_INSTITUTION,FINANCE_INFORMATION,OWNER,AMOUNT,REGISTER_DATE,QUANTITY,FIXTURES_AMOUNT,COMPANY_NUM,RGNO) values ('30','초기 소지 현금2','AC01','FI01','-','본사',10000,to_date('25/02/11','RR/MM/DD'),100,100,0,null);
Insert into ACCNUT_ASSETS (ASSETS_CODE,ASSETS_NAME,SECTION,FINANCIAL_INSTITUTION,FINANCE_INFORMATION,OWNER,AMOUNT,REGISTER_DATE,QUANTITY,FIXTURES_AMOUNT,COMPANY_NUM,RGNO) values ('31','초기 소지 현금3','AC01','FI01','-','본사',100000,to_date('25/02/11','RR/MM/DD'),100,1000,0,null);
Insert into ACCNUT_ASSETS (ASSETS_CODE,ASSETS_NAME,SECTION,FINANCIAL_INSTITUTION,FINANCE_INFORMATION,OWNER,AMOUNT,REGISTER_DATE,QUANTITY,FIXTURES_AMOUNT,COMPANY_NUM,RGNO) values ('32','초기 소지 현금4','AC01','FI01','-','본사',500000,to_date('25/02/11','RR/MM/DD'),100,5000,0,null);
Insert into ACCNUT_ASSETS (ASSETS_CODE,ASSETS_NAME,SECTION,FINANCIAL_INSTITUTION,FINANCE_INFORMATION,OWNER,AMOUNT,REGISTER_DATE,QUANTITY,FIXTURES_AMOUNT,COMPANY_NUM,RGNO) values ('33','초기 소지 현금5','AC01','FI01','-','본사',1000000,to_date('25/02/11','RR/MM/DD'),100,10000,0,null);
Insert into ACCNUT_ASSETS (ASSETS_CODE,ASSETS_NAME,SECTION,FINANCIAL_INSTITUTION,FINANCE_INFORMATION,OWNER,AMOUNT,REGISTER_DATE,QUANTITY,FIXTURES_AMOUNT,COMPANY_NUM,RGNO) values ('34','초기 소지 현금6','AC01','FI01','-','본사',5000000,to_date('25/02/11','RR/MM/DD'),100,50000,0,null);
Insert into ACCNUT_ASSETS (ASSETS_CODE,ASSETS_NAME,SECTION,FINANCIAL_INSTITUTION,FINANCE_INFORMATION,OWNER,AMOUNT,REGISTER_DATE,QUANTITY,FIXTURES_AMOUNT,COMPANY_NUM,RGNO) values ('35','초기 소지 현금7','AC01','FI01','-','본사',10000000,to_date('25/02/11','RR/MM/DD'),100,100000,0,null);
Insert into ACCNUT_ASSETS (ASSETS_CODE,ASSETS_NAME,SECTION,FINANCIAL_INSTITUTION,FINANCE_INFORMATION,OWNER,AMOUNT,REGISTER_DATE,QUANTITY,FIXTURES_AMOUNT,COMPANY_NUM,RGNO) values ('36','초기 소지 현금1','AC01','FI01','-','본사',1000,to_date('25/02/11','RR/MM/DD'),100,10,0,null);
Insert into ACCNUT_ASSETS (ASSETS_CODE,ASSETS_NAME,SECTION,FINANCIAL_INSTITUTION,FINANCE_INFORMATION,OWNER,AMOUNT,REGISTER_DATE,QUANTITY,FIXTURES_AMOUNT,COMPANY_NUM,RGNO) values ('37','초기 소지 현금2','AC01','FI01','-','본사',10000,to_date('25/02/11','RR/MM/DD'),100,100,0,null);
Insert into ACCNUT_ASSETS (ASSETS_CODE,ASSETS_NAME,SECTION,FINANCIAL_INSTITUTION,FINANCE_INFORMATION,OWNER,AMOUNT,REGISTER_DATE,QUANTITY,FIXTURES_AMOUNT,COMPANY_NUM,RGNO) values ('38','초기 소지 현금3','AC01','FI01','-','본사',100000,to_date('25/02/11','RR/MM/DD'),100,1000,0,null);
Insert into ACCNUT_ASSETS (ASSETS_CODE,ASSETS_NAME,SECTION,FINANCIAL_INSTITUTION,FINANCE_INFORMATION,OWNER,AMOUNT,REGISTER_DATE,QUANTITY,FIXTURES_AMOUNT,COMPANY_NUM,RGNO) values ('39','초기 소지 현금4','AC01','FI01','-','본사',500000,to_date('25/02/11','RR/MM/DD'),100,5000,0,null);
Insert into ACCNUT_ASSETS (ASSETS_CODE,ASSETS_NAME,SECTION,FINANCIAL_INSTITUTION,FINANCE_INFORMATION,OWNER,AMOUNT,REGISTER_DATE,QUANTITY,FIXTURES_AMOUNT,COMPANY_NUM,RGNO) values ('40','초기 소지 현금5','AC01','FI01','-','본사',1000000,to_date('25/02/11','RR/MM/DD'),100,10000,0,null);
Insert into ACCNUT_ASSETS (ASSETS_CODE,ASSETS_NAME,SECTION,FINANCIAL_INSTITUTION,FINANCE_INFORMATION,OWNER,AMOUNT,REGISTER_DATE,QUANTITY,FIXTURES_AMOUNT,COMPANY_NUM,RGNO) values ('41','초기 소지 현금6','AC01','FI01','-','본사',5000000,to_date('25/02/11','RR/MM/DD'),100,50000,0,null);
Insert into ACCNUT_ASSETS (ASSETS_CODE,ASSETS_NAME,SECTION,FINANCIAL_INSTITUTION,FINANCE_INFORMATION,OWNER,AMOUNT,REGISTER_DATE,QUANTITY,FIXTURES_AMOUNT,COMPANY_NUM,RGNO) values ('42','초기 소지 현금7','AC01','FI01','-','본사',10000000,to_date('25/02/11','RR/MM/DD'),100,100000,0,null);
Insert into ACCNUT_ASSETS (ASSETS_CODE,ASSETS_NAME,SECTION,FINANCIAL_INSTITUTION,FINANCE_INFORMATION,OWNER,AMOUNT,REGISTER_DATE,QUANTITY,FIXTURES_AMOUNT,COMPANY_NUM,RGNO) values ('43','초기 소지 현금1','AC01','FI01','-','본사',1000,to_date('25/02/11','RR/MM/DD'),100,10,0,null);
Insert into ACCNUT_ASSETS (ASSETS_CODE,ASSETS_NAME,SECTION,FINANCIAL_INSTITUTION,FINANCE_INFORMATION,OWNER,AMOUNT,REGISTER_DATE,QUANTITY,FIXTURES_AMOUNT,COMPANY_NUM,RGNO) values ('44','초기 소지 현금2','AC01','FI01','-','본사',10000,to_date('25/02/11','RR/MM/DD'),100,100,0,null);
Insert into ACCNUT_ASSETS (ASSETS_CODE,ASSETS_NAME,SECTION,FINANCIAL_INSTITUTION,FINANCE_INFORMATION,OWNER,AMOUNT,REGISTER_DATE,QUANTITY,FIXTURES_AMOUNT,COMPANY_NUM,RGNO) values ('45','초기 소지 현금3','AC01','FI01','-','본사',100000,to_date('25/02/11','RR/MM/DD'),100,1000,0,null);
Insert into ACCNUT_ASSETS (ASSETS_CODE,ASSETS_NAME,SECTION,FINANCIAL_INSTITUTION,FINANCE_INFORMATION,OWNER,AMOUNT,REGISTER_DATE,QUANTITY,FIXTURES_AMOUNT,COMPANY_NUM,RGNO) values ('46','초기 소지 현금4','AC01','FI01','-','본사',500000,to_date('25/02/11','RR/MM/DD'),100,5000,0,null);
Insert into ACCNUT_ASSETS (ASSETS_CODE,ASSETS_NAME,SECTION,FINANCIAL_INSTITUTION,FINANCE_INFORMATION,OWNER,AMOUNT,REGISTER_DATE,QUANTITY,FIXTURES_AMOUNT,COMPANY_NUM,RGNO) values ('47','초기 소지 현금5','AC01','FI01','-','본사',1000000,to_date('25/02/11','RR/MM/DD'),100,10000,0,null);
Insert into ACCNUT_ASSETS (ASSETS_CODE,ASSETS_NAME,SECTION,FINANCIAL_INSTITUTION,FINANCE_INFORMATION,OWNER,AMOUNT,REGISTER_DATE,QUANTITY,FIXTURES_AMOUNT,COMPANY_NUM,RGNO) values ('48','초기 소지 현금6','AC01','FI01','-','본사',5000000,to_date('25/02/11','RR/MM/DD'),100,50000,0,null);
Insert into ACCNUT_ASSETS (ASSETS_CODE,ASSETS_NAME,SECTION,FINANCIAL_INSTITUTION,FINANCE_INFORMATION,OWNER,AMOUNT,REGISTER_DATE,QUANTITY,FIXTURES_AMOUNT,COMPANY_NUM,RGNO) values ('49','초기 소지 현금7','AC01','FI01','-','본사',10000000,to_date('25/02/11','RR/MM/DD'),100,100000,0,null);
Insert into ACCNUT_ASSETS (ASSETS_CODE,ASSETS_NAME,SECTION,FINANCIAL_INSTITUTION,FINANCE_INFORMATION,OWNER,AMOUNT,REGISTER_DATE,QUANTITY,FIXTURES_AMOUNT,COMPANY_NUM,RGNO) values ('83','테스트','AC01',null,null,'123415',11,to_date('25/02/20','RR/MM/DD'),null,0,0,null);
Insert into ACCNUT_ASSETS (ASSETS_CODE,ASSETS_NAME,SECTION,FINANCIAL_INSTITUTION,FINANCE_INFORMATION,OWNER,AMOUNT,REGISTER_DATE,QUANTITY,FIXTURES_AMOUNT,COMPANY_NUM,RGNO) values ('101','123','AC01',null,null,'ㅁㄵㅂ',12315,to_date('25/02/20','RR/MM/DD'),null,0,0,null);
Insert into ACCNUT_ASSETS (ASSETS_CODE,ASSETS_NAME,SECTION,FINANCIAL_INSTITUTION,FINANCE_INFORMATION,OWNER,AMOUNT,REGISTER_DATE,QUANTITY,FIXTURES_AMOUNT,COMPANY_NUM,RGNO) values ('221','대구점 법인카드','AC03','FI01','5846-8796-6489-6203','부산점',600000,to_date('25/03/10','RR/MM/DD'),null,0,45,null);
Insert into ACCNUT_ASSETS (ASSETS_CODE,ASSETS_NAME,SECTION,FINANCIAL_INSTITUTION,FINANCE_INFORMATION,OWNER,AMOUNT,REGISTER_DATE,QUANTITY,FIXTURES_AMOUNT,COMPANY_NUM,RGNO) values ('241','초기 자본금','AC01',null,null,'본사',1223300,to_date('25/03/10','RR/MM/DD'),null,0,1,null);
Insert into ACCNUT_ASSETS (ASSETS_CODE,ASSETS_NAME,SECTION,FINANCIAL_INSTITUTION,FINANCE_INFORMATION,OWNER,AMOUNT,REGISTER_DATE,QUANTITY,FIXTURES_AMOUNT,COMPANY_NUM,RGNO) values ('201','초기자본금','AC01',null,null,'본사',150000000,to_date('25/03/07','RR/MM/DD'),null,0,45,null);
Insert into ACCNUT_ASSETS (ASSETS_CODE,ASSETS_NAME,SECTION,FINANCIAL_INSTITUTION,FINANCE_INFORMATION,OWNER,AMOUNT,REGISTER_DATE,QUANTITY,FIXTURES_AMOUNT,COMPANY_NUM,RGNO) values ('66','비품1','AC03','FI02','1234-4568-4658-4569','나',0,to_date('25/02/18','RR/MM/DD'),null,0,0,null);
Insert into ACCNUT_ASSETS (ASSETS_CODE,ASSETS_NAME,SECTION,FINANCIAL_INSTITUTION,FINANCE_INFORMATION,OWNER,AMOUNT,REGISTER_DATE,QUANTITY,FIXTURES_AMOUNT,COMPANY_NUM,RGNO) values ('67','지갑속 현금','AC01',null,null,'나',1000,to_date('25/02/18','RR/MM/DD'),null,0,0,null);
Insert into ACCNUT_ASSETS (ASSETS_CODE,ASSETS_NAME,SECTION,FINANCIAL_INSTITUTION,FINANCE_INFORMATION,OWNER,AMOUNT,REGISTER_DATE,QUANTITY,FIXTURES_AMOUNT,COMPANY_NUM,RGNO) values ('68','22','AC01',null,null,'11',100,to_date('25/02/18','RR/MM/DD'),null,0,0,null);
Insert into ACCNUT_ASSETS (ASSETS_CODE,ASSETS_NAME,SECTION,FINANCIAL_INSTITUTION,FINANCE_INFORMATION,OWNER,AMOUNT,REGISTER_DATE,QUANTITY,FIXTURES_AMOUNT,COMPANY_NUM,RGNO) values ('69','111','AC01',null,null,'33',10,to_date('25/02/18','RR/MM/DD'),null,0,0,null);
Insert into ACCNUT_ASSETS (ASSETS_CODE,ASSETS_NAME,SECTION,FINANCIAL_INSTITUTION,FINANCE_INFORMATION,OWNER,AMOUNT,REGISTER_DATE,QUANTITY,FIXTURES_AMOUNT,COMPANY_NUM,RGNO) values ('70','11','AC01',null,null,'23',44,to_date('25/02/18','RR/MM/DD'),null,0,0,null);
Insert into ACCNUT_ASSETS (ASSETS_CODE,ASSETS_NAME,SECTION,FINANCIAL_INSTITUTION,FINANCE_INFORMATION,OWNER,AMOUNT,REGISTER_DATE,QUANTITY,FIXTURES_AMOUNT,COMPANY_NUM,RGNO) values ('121','통장 삽입 테스트','AC02','FI01','3020000012500','나나',0,to_date('25/02/24','RR/MM/DD'),null,0,0,'20250224000002849');
Insert into ACCNUT_ASSETS (ASSETS_CODE,ASSETS_NAME,SECTION,FINANCIAL_INSTITUTION,FINANCE_INFORMATION,OWNER,AMOUNT,REGISTER_DATE,QUANTITY,FIXTURES_AMOUNT,COMPANY_NUM,RGNO) values ('127','나나나','AC02','FI01','3020000012501','나나',0,to_date('25/02/24','RR/MM/DD'),null,0,0,'20250224000002850');
Insert into ACCNUT_ASSETS (ASSETS_CODE,ASSETS_NAME,SECTION,FINANCIAL_INSTITUTION,FINANCE_INFORMATION,OWNER,AMOUNT,REGISTER_DATE,QUANTITY,FIXTURES_AMOUNT,COMPANY_NUM,RGNO) values ('63','테스트','AC01',null,null,'11',3,to_date('25/02/18','RR/MM/DD'),null,0,0,null);
Insert into ACCNUT_ASSETS (ASSETS_CODE,ASSETS_NAME,SECTION,FINANCIAL_INSTITUTION,FINANCE_INFORMATION,OWNER,AMOUNT,REGISTER_DATE,QUANTITY,FIXTURES_AMOUNT,COMPANY_NUM,RGNO) values ('64','미지급금 지급 통장','AC02','FI01','3020000012498','본사',0,to_date('25/02/18','RR/MM/DD'),null,0,45,'20250224000002848');
Insert into ACCNUT_ASSETS (ASSETS_CODE,ASSETS_NAME,SECTION,FINANCIAL_INSTITUTION,FINANCE_INFORMATION,OWNER,AMOUNT,REGISTER_DATE,QUANTITY,FIXTURES_AMOUNT,COMPANY_NUM,RGNO) values ('65','비품1','AC04',null,null,'나',1000,to_date('25/02/18','RR/MM/DD'),10,100,0,null);
Insert into ACCNUT_ASSETS (ASSETS_CODE,ASSETS_NAME,SECTION,FINANCIAL_INSTITUTION,FINANCE_INFORMATION,OWNER,AMOUNT,REGISTER_DATE,QUANTITY,FIXTURES_AMOUNT,COMPANY_NUM,RGNO) values ('222','본사 내 컴퓨터','AC04',null,null,'본사',3840000,to_date('25/03/10','RR/MM/DD'),6,640000,45,null);
Insert into ACCNUT_ASSETS (ASSETS_CODE,ASSETS_NAME,SECTION,FINANCIAL_INSTITUTION,FINANCE_INFORMATION,OWNER,AMOUNT,REGISTER_DATE,QUANTITY,FIXTURES_AMOUNT,COMPANY_NUM,RGNO) values ('71','11','AC03','FI01','123','11',0,to_date('25/02/18','RR/MM/DD'),null,0,0,null);
Insert into ACCNUT_ASSETS (ASSETS_CODE,ASSETS_NAME,SECTION,FINANCIAL_INSTITUTION,FINANCE_INFORMATION,OWNER,AMOUNT,REGISTER_DATE,QUANTITY,FIXTURES_AMOUNT,COMPANY_NUM,RGNO) values ('141','아아아아아아','AC01',null,null,'아아아아아아아',111554,to_date('25/02/25','RR/MM/DD'),null,0,0,null);
Insert into ACCNUT_ASSETS (ASSETS_CODE,ASSETS_NAME,SECTION,FINANCIAL_INSTITUTION,FINANCE_INFORMATION,OWNER,AMOUNT,REGISTER_DATE,QUANTITY,FIXTURES_AMOUNT,COMPANY_NUM,RGNO) values ('181','월급급여통장','AC02','FI01','3020000012551','본사',0,to_date('25/03/05','RR/MM/DD'),null,0,1,'20250305000002852');
Insert into ACCNUT_ASSETS (ASSETS_CODE,ASSETS_NAME,SECTION,FINANCIAL_INSTITUTION,FINANCE_INFORMATION,OWNER,AMOUNT,REGISTER_DATE,QUANTITY,FIXTURES_AMOUNT,COMPANY_NUM,RGNO) values ('61','등록 현금 1','AC01',null,null,'나',1,to_date('25/02/18','RR/MM/DD'),0,0,0,null);
Insert into ACCNUT_ASSETS (ASSETS_CODE,ASSETS_NAME,SECTION,FINANCIAL_INSTITUTION,FINANCE_INFORMATION,OWNER,AMOUNT,REGISTER_DATE,QUANTITY,FIXTURES_AMOUNT,COMPANY_NUM,RGNO) values ('62','112','AC01',null,null,'112',1,to_date('25/02/18','RR/MM/DD'),0,0,0,null);
Insert into ACCNUT_ASSETS (ASSETS_CODE,ASSETS_NAME,SECTION,FINANCIAL_INSTITUTION,FINANCE_INFORMATION,OWNER,AMOUNT,REGISTER_DATE,QUANTITY,FIXTURES_AMOUNT,COMPANY_NUM,RGNO) values ('81','20일 테스트','AC01',null,null,'나',10000,to_date('25/02/20','RR/MM/DD'),null,0,0,null);
Insert into ACCNUT_ASSETS (ASSETS_CODE,ASSETS_NAME,SECTION,FINANCIAL_INSTITUTION,FINANCE_INFORMATION,OWNER,AMOUNT,REGISTER_DATE,QUANTITY,FIXTURES_AMOUNT,COMPANY_NUM,RGNO) values ('82','20일 테스트 2','AC01',null,null,'본사',111,to_date('25/02/20','RR/MM/DD'),null,0,0,null);
Insert into ACCNUT_ASSETS (ASSETS_CODE,ASSETS_NAME,SECTION,FINANCIAL_INSTITUTION,FINANCE_INFORMATION,OWNER,AMOUNT,REGISTER_DATE,QUANTITY,FIXTURES_AMOUNT,COMPANY_NUM,RGNO) values ('162','미지급 처리 통장','AC02','FI01','3020000012496','본사',0,to_date('25/03/04','RR/MM/DD'),null,0,1,'20250224000002847');
REM INSERTING into ACCNUT_DEALINGS_ACCOUNT_BOOK
SET DEFINE OFF;
Insert into ACCNUT_DEALINGS_ACCOUNT_BOOK (DEALINGS_ACCOUNT_BOOK_CODE,SECTION,TYPES_OF_TRANSACTION,AMOUNT,VAT_ALTERNATIVE,DEALINGS_CONTENTS,DEAL_DATE,DEPARTMENT,COMPANY_NUM) values ('1','EE01','AC02',10000,'N','통장으로 꼽히는 수익1',to_date('25/02/14','RR/MM/DD'),'DT003',0);
Insert into ACCNUT_DEALINGS_ACCOUNT_BOOK (DEALINGS_ACCOUNT_BOOK_CODE,SECTION,TYPES_OF_TRANSACTION,AMOUNT,VAT_ALTERNATIVE,DEALINGS_CONTENTS,DEAL_DATE,DEPARTMENT,COMPANY_NUM) values ('2','EE02','AC08',100000,'Y','A회사 미지급금 지급1',to_date('25/02/14','RR/MM/DD'),'DT003',0);
Insert into ACCNUT_DEALINGS_ACCOUNT_BOOK (DEALINGS_ACCOUNT_BOOK_CODE,SECTION,TYPES_OF_TRANSACTION,AMOUNT,VAT_ALTERNATIVE,DEALINGS_CONTENTS,DEAL_DATE,DEPARTMENT,COMPANY_NUM) values ('4','EE04','AC08',100000,'Y','A회사 미지급금1',to_date('25/02/14','RR/MM/DD'),'DT003',0);
Insert into ACCNUT_DEALINGS_ACCOUNT_BOOK (DEALINGS_ACCOUNT_BOOK_CODE,SECTION,TYPES_OF_TRANSACTION,AMOUNT,VAT_ALTERNATIVE,DEALINGS_CONTENTS,DEAL_DATE,DEPARTMENT,COMPANY_NUM) values ('5','EE01','AC02',10000,'N','통장으로 꼽히는 수익1',to_date('25/02/14','RR/MM/DD'),'DT003',0);
Insert into ACCNUT_DEALINGS_ACCOUNT_BOOK (DEALINGS_ACCOUNT_BOOK_CODE,SECTION,TYPES_OF_TRANSACTION,AMOUNT,VAT_ALTERNATIVE,DEALINGS_CONTENTS,DEAL_DATE,DEPARTMENT,COMPANY_NUM) values ('6','EE02','AC08',100000,'Y','A회사 미지급금 지급1',to_date('25/02/14','RR/MM/DD'),'DT003',0);
Insert into ACCNUT_DEALINGS_ACCOUNT_BOOK (DEALINGS_ACCOUNT_BOOK_CODE,SECTION,TYPES_OF_TRANSACTION,AMOUNT,VAT_ALTERNATIVE,DEALINGS_CONTENTS,DEAL_DATE,DEPARTMENT,COMPANY_NUM) values ('7','EE04','AC08',100000,'Y','A회사 미지급금1',to_date('25/02/14','RR/MM/DD'),'DT003',0);
Insert into ACCNUT_DEALINGS_ACCOUNT_BOOK (DEALINGS_ACCOUNT_BOOK_CODE,SECTION,TYPES_OF_TRANSACTION,AMOUNT,VAT_ALTERNATIVE,DEALINGS_CONTENTS,DEAL_DATE,DEPARTMENT,COMPANY_NUM) values ('8','EE01','AC02',10000,'N','통장으로 꼽히는 수익1',to_date('25/02/14','RR/MM/DD'),'DT003',0);
Insert into ACCNUT_DEALINGS_ACCOUNT_BOOK (DEALINGS_ACCOUNT_BOOK_CODE,SECTION,TYPES_OF_TRANSACTION,AMOUNT,VAT_ALTERNATIVE,DEALINGS_CONTENTS,DEAL_DATE,DEPARTMENT,COMPANY_NUM) values ('9','EE02','AC08',100000,'Y','A회사 미지급금 지급1',to_date('25/02/14','RR/MM/DD'),'DT003',0);
Insert into ACCNUT_DEALINGS_ACCOUNT_BOOK (DEALINGS_ACCOUNT_BOOK_CODE,SECTION,TYPES_OF_TRANSACTION,AMOUNT,VAT_ALTERNATIVE,DEALINGS_CONTENTS,DEAL_DATE,DEPARTMENT,COMPANY_NUM) values ('10','EE04','AC08',100000,'Y','A회사 미지급금1',to_date('25/02/14','RR/MM/DD'),'DT003',0);
Insert into ACCNUT_DEALINGS_ACCOUNT_BOOK (DEALINGS_ACCOUNT_BOOK_CODE,SECTION,TYPES_OF_TRANSACTION,AMOUNT,VAT_ALTERNATIVE,DEALINGS_CONTENTS,DEAL_DATE,DEPARTMENT,COMPANY_NUM) values ('11','EE01','AC02',10000,'N','통장으로 꼽히는 수익1',to_date('25/02/14','RR/MM/DD'),'DT003',0);
Insert into ACCNUT_DEALINGS_ACCOUNT_BOOK (DEALINGS_ACCOUNT_BOOK_CODE,SECTION,TYPES_OF_TRANSACTION,AMOUNT,VAT_ALTERNATIVE,DEALINGS_CONTENTS,DEAL_DATE,DEPARTMENT,COMPANY_NUM) values ('12','EE02','AC08',100000,'Y','A회사 미지급금 지급1',to_date('25/02/14','RR/MM/DD'),'DT003',0);
Insert into ACCNUT_DEALINGS_ACCOUNT_BOOK (DEALINGS_ACCOUNT_BOOK_CODE,SECTION,TYPES_OF_TRANSACTION,AMOUNT,VAT_ALTERNATIVE,DEALINGS_CONTENTS,DEAL_DATE,DEPARTMENT,COMPANY_NUM) values ('13','EE04','AC08',100000,'Y','A회사 미지급금1',to_date('25/02/14','RR/MM/DD'),'DT003',0);
Insert into ACCNUT_DEALINGS_ACCOUNT_BOOK (DEALINGS_ACCOUNT_BOOK_CODE,SECTION,TYPES_OF_TRANSACTION,AMOUNT,VAT_ALTERNATIVE,DEALINGS_CONTENTS,DEAL_DATE,DEPARTMENT,COMPANY_NUM) values ('14','EE01','AC02',10000,'N','통장으로 꼽히는 수익1',to_date('25/02/14','RR/MM/DD'),'DT003',0);
Insert into ACCNUT_DEALINGS_ACCOUNT_BOOK (DEALINGS_ACCOUNT_BOOK_CODE,SECTION,TYPES_OF_TRANSACTION,AMOUNT,VAT_ALTERNATIVE,DEALINGS_CONTENTS,DEAL_DATE,DEPARTMENT,COMPANY_NUM) values ('15','EE02','AC08',100000,'Y','A회사 미지급금 지급1',to_date('25/02/14','RR/MM/DD'),'DT003',0);
Insert into ACCNUT_DEALINGS_ACCOUNT_BOOK (DEALINGS_ACCOUNT_BOOK_CODE,SECTION,TYPES_OF_TRANSACTION,AMOUNT,VAT_ALTERNATIVE,DEALINGS_CONTENTS,DEAL_DATE,DEPARTMENT,COMPANY_NUM) values ('16','EE04','AC08',100000,'Y','A회사 미지급금1',to_date('25/02/14','RR/MM/DD'),'DT003',0);
Insert into ACCNUT_DEALINGS_ACCOUNT_BOOK (DEALINGS_ACCOUNT_BOOK_CODE,SECTION,TYPES_OF_TRANSACTION,AMOUNT,VAT_ALTERNATIVE,DEALINGS_CONTENTS,DEAL_DATE,DEPARTMENT,COMPANY_NUM) values ('17','EE01','AC02',10000,'N','통장으로 꼽히는 수익1',to_date('25/02/14','RR/MM/DD'),'DT003',0);
Insert into ACCNUT_DEALINGS_ACCOUNT_BOOK (DEALINGS_ACCOUNT_BOOK_CODE,SECTION,TYPES_OF_TRANSACTION,AMOUNT,VAT_ALTERNATIVE,DEALINGS_CONTENTS,DEAL_DATE,DEPARTMENT,COMPANY_NUM) values ('18','EE02','AC08',100000,'Y','A회사 미지급금 지급1',to_date('25/02/14','RR/MM/DD'),'DT003',0);
Insert into ACCNUT_DEALINGS_ACCOUNT_BOOK (DEALINGS_ACCOUNT_BOOK_CODE,SECTION,TYPES_OF_TRANSACTION,AMOUNT,VAT_ALTERNATIVE,DEALINGS_CONTENTS,DEAL_DATE,DEPARTMENT,COMPANY_NUM) values ('19','EE04','AC08',100000,'Y','A회사 미지급금1',to_date('25/02/14','RR/MM/DD'),'DT003',0);
Insert into ACCNUT_DEALINGS_ACCOUNT_BOOK (DEALINGS_ACCOUNT_BOOK_CODE,SECTION,TYPES_OF_TRANSACTION,AMOUNT,VAT_ALTERNATIVE,DEALINGS_CONTENTS,DEAL_DATE,DEPARTMENT,COMPANY_NUM) values ('20','EE01','AC02',10000,'N','통장으로 꼽히는 수익1',to_date('25/02/14','RR/MM/DD'),'DT003',0);
Insert into ACCNUT_DEALINGS_ACCOUNT_BOOK (DEALINGS_ACCOUNT_BOOK_CODE,SECTION,TYPES_OF_TRANSACTION,AMOUNT,VAT_ALTERNATIVE,DEALINGS_CONTENTS,DEAL_DATE,DEPARTMENT,COMPANY_NUM) values ('21','EE02','AC08',100000,'Y','A회사 미지급금 지급1',to_date('25/02/14','RR/MM/DD'),'DT003',0);
Insert into ACCNUT_DEALINGS_ACCOUNT_BOOK (DEALINGS_ACCOUNT_BOOK_CODE,SECTION,TYPES_OF_TRANSACTION,AMOUNT,VAT_ALTERNATIVE,DEALINGS_CONTENTS,DEAL_DATE,DEPARTMENT,COMPANY_NUM) values ('22','EE04','AC08',100000,'Y','A회사 미지급금1',to_date('25/02/14','RR/MM/DD'),'DT003',0);
Insert into ACCNUT_DEALINGS_ACCOUNT_BOOK (DEALINGS_ACCOUNT_BOOK_CODE,SECTION,TYPES_OF_TRANSACTION,AMOUNT,VAT_ALTERNATIVE,DEALINGS_CONTENTS,DEAL_DATE,DEPARTMENT,COMPANY_NUM) values ('23','EE01','AC02',10000,'N','통장으로 꼽히는 수익1',to_date('25/02/14','RR/MM/DD'),'DT003',0);
Insert into ACCNUT_DEALINGS_ACCOUNT_BOOK (DEALINGS_ACCOUNT_BOOK_CODE,SECTION,TYPES_OF_TRANSACTION,AMOUNT,VAT_ALTERNATIVE,DEALINGS_CONTENTS,DEAL_DATE,DEPARTMENT,COMPANY_NUM) values ('24','EE02','AC08',100000,'Y','A회사 미지급금 지급1',to_date('25/02/14','RR/MM/DD'),'DT003',0);
Insert into ACCNUT_DEALINGS_ACCOUNT_BOOK (DEALINGS_ACCOUNT_BOOK_CODE,SECTION,TYPES_OF_TRANSACTION,AMOUNT,VAT_ALTERNATIVE,DEALINGS_CONTENTS,DEAL_DATE,DEPARTMENT,COMPANY_NUM) values ('25','EE04','AC08',100000,'Y','A회사 미지급금1',to_date('25/02/14','RR/MM/DD'),'DT003',0);
Insert into ACCNUT_DEALINGS_ACCOUNT_BOOK (DEALINGS_ACCOUNT_BOOK_CODE,SECTION,TYPES_OF_TRANSACTION,AMOUNT,VAT_ALTERNATIVE,DEALINGS_CONTENTS,DEAL_DATE,DEPARTMENT,COMPANY_NUM) values ('26','EE01','AC02',10000,'N','통장으로 꼽히는 수익1',to_date('25/02/14','RR/MM/DD'),'DT003',0);
Insert into ACCNUT_DEALINGS_ACCOUNT_BOOK (DEALINGS_ACCOUNT_BOOK_CODE,SECTION,TYPES_OF_TRANSACTION,AMOUNT,VAT_ALTERNATIVE,DEALINGS_CONTENTS,DEAL_DATE,DEPARTMENT,COMPANY_NUM) values ('27','EE02','AC08',100000,'Y','A회사 미지급금 지급1',to_date('25/02/14','RR/MM/DD'),'DT003',0);
Insert into ACCNUT_DEALINGS_ACCOUNT_BOOK (DEALINGS_ACCOUNT_BOOK_CODE,SECTION,TYPES_OF_TRANSACTION,AMOUNT,VAT_ALTERNATIVE,DEALINGS_CONTENTS,DEAL_DATE,DEPARTMENT,COMPANY_NUM) values ('28','EE04','AC08',100000,'Y','A회사 미지급금1',to_date('25/02/14','RR/MM/DD'),'DT003',0);
Insert into ACCNUT_DEALINGS_ACCOUNT_BOOK (DEALINGS_ACCOUNT_BOOK_CODE,SECTION,TYPES_OF_TRANSACTION,AMOUNT,VAT_ALTERNATIVE,DEALINGS_CONTENTS,DEAL_DATE,DEPARTMENT,COMPANY_NUM) values ('29','EE01','AC02',10000,'N','통장으로 꼽히는 수익1',to_date('25/02/14','RR/MM/DD'),'DT003',0);
Insert into ACCNUT_DEALINGS_ACCOUNT_BOOK (DEALINGS_ACCOUNT_BOOK_CODE,SECTION,TYPES_OF_TRANSACTION,AMOUNT,VAT_ALTERNATIVE,DEALINGS_CONTENTS,DEAL_DATE,DEPARTMENT,COMPANY_NUM) values ('30','EE02','AC08',100000,'Y','A회사 미지급금 지급1',to_date('25/02/14','RR/MM/DD'),'DT003',0);
Insert into ACCNUT_DEALINGS_ACCOUNT_BOOK (DEALINGS_ACCOUNT_BOOK_CODE,SECTION,TYPES_OF_TRANSACTION,AMOUNT,VAT_ALTERNATIVE,DEALINGS_CONTENTS,DEAL_DATE,DEPARTMENT,COMPANY_NUM) values ('31','EE04','AC08',100000,'Y','A회사 미지급금1',to_date('25/02/14','RR/MM/DD'),'DT003',0);
Insert into ACCNUT_DEALINGS_ACCOUNT_BOOK (DEALINGS_ACCOUNT_BOOK_CODE,SECTION,TYPES_OF_TRANSACTION,AMOUNT,VAT_ALTERNATIVE,DEALINGS_CONTENTS,DEAL_DATE,DEPARTMENT,COMPANY_NUM) values ('32','EE01','AC02',10000,'N','통장으로 꼽히는 수익1',to_date('25/02/14','RR/MM/DD'),'DT003',0);
Insert into ACCNUT_DEALINGS_ACCOUNT_BOOK (DEALINGS_ACCOUNT_BOOK_CODE,SECTION,TYPES_OF_TRANSACTION,AMOUNT,VAT_ALTERNATIVE,DEALINGS_CONTENTS,DEAL_DATE,DEPARTMENT,COMPANY_NUM) values ('33','EE02','AC08',100000,'Y','A회사 미지급금 지급1',to_date('25/02/14','RR/MM/DD'),'DT003',0);
Insert into ACCNUT_DEALINGS_ACCOUNT_BOOK (DEALINGS_ACCOUNT_BOOK_CODE,SECTION,TYPES_OF_TRANSACTION,AMOUNT,VAT_ALTERNATIVE,DEALINGS_CONTENTS,DEAL_DATE,DEPARTMENT,COMPANY_NUM) values ('34','EE04','AC08',100000,'Y','A회사 미지급금1',to_date('25/02/14','RR/MM/DD'),'DT003',0);
Insert into ACCNUT_DEALINGS_ACCOUNT_BOOK (DEALINGS_ACCOUNT_BOOK_CODE,SECTION,TYPES_OF_TRANSACTION,AMOUNT,VAT_ALTERNATIVE,DEALINGS_CONTENTS,DEAL_DATE,DEPARTMENT,COMPANY_NUM) values ('35','EE01','AC02',10000,'N','통장으로 꼽히는 수익1',to_date('25/02/14','RR/MM/DD'),'DT003',0);
Insert into ACCNUT_DEALINGS_ACCOUNT_BOOK (DEALINGS_ACCOUNT_BOOK_CODE,SECTION,TYPES_OF_TRANSACTION,AMOUNT,VAT_ALTERNATIVE,DEALINGS_CONTENTS,DEAL_DATE,DEPARTMENT,COMPANY_NUM) values ('36','EE02','AC08',100000,'Y','A회사 미지급금 지급1',to_date('25/02/14','RR/MM/DD'),'DT003',0);
Insert into ACCNUT_DEALINGS_ACCOUNT_BOOK (DEALINGS_ACCOUNT_BOOK_CODE,SECTION,TYPES_OF_TRANSACTION,AMOUNT,VAT_ALTERNATIVE,DEALINGS_CONTENTS,DEAL_DATE,DEPARTMENT,COMPANY_NUM) values ('37','EE04','AC08',100000,'Y','A회사 미지급금1',to_date('25/02/14','RR/MM/DD'),'DT003',0);
Insert into ACCNUT_DEALINGS_ACCOUNT_BOOK (DEALINGS_ACCOUNT_BOOK_CODE,SECTION,TYPES_OF_TRANSACTION,AMOUNT,VAT_ALTERNATIVE,DEALINGS_CONTENTS,DEAL_DATE,DEPARTMENT,COMPANY_NUM) values ('38','EE01','AC02',10000,'N','통장으로 꼽히는 수익1',to_date('25/02/14','RR/MM/DD'),'DT003',0);
Insert into ACCNUT_DEALINGS_ACCOUNT_BOOK (DEALINGS_ACCOUNT_BOOK_CODE,SECTION,TYPES_OF_TRANSACTION,AMOUNT,VAT_ALTERNATIVE,DEALINGS_CONTENTS,DEAL_DATE,DEPARTMENT,COMPANY_NUM) values ('39','EE02','AC08',100000,'Y','A회사 미지급금 지급1',to_date('25/02/14','RR/MM/DD'),'DT003',0);
Insert into ACCNUT_DEALINGS_ACCOUNT_BOOK (DEALINGS_ACCOUNT_BOOK_CODE,SECTION,TYPES_OF_TRANSACTION,AMOUNT,VAT_ALTERNATIVE,DEALINGS_CONTENTS,DEAL_DATE,DEPARTMENT,COMPANY_NUM) values ('40','EE04','AC08',100000,'Y','A회사 미지급금1',to_date('25/02/14','RR/MM/DD'),'DT003',0);
Insert into ACCNUT_DEALINGS_ACCOUNT_BOOK (DEALINGS_ACCOUNT_BOOK_CODE,SECTION,TYPES_OF_TRANSACTION,AMOUNT,VAT_ALTERNATIVE,DEALINGS_CONTENTS,DEAL_DATE,DEPARTMENT,COMPANY_NUM) values ('41','EE01','AC02',10000,'N','통장으로 꼽히는 수익1',to_date('25/02/14','RR/MM/DD'),'DT003',0);
Insert into ACCNUT_DEALINGS_ACCOUNT_BOOK (DEALINGS_ACCOUNT_BOOK_CODE,SECTION,TYPES_OF_TRANSACTION,AMOUNT,VAT_ALTERNATIVE,DEALINGS_CONTENTS,DEAL_DATE,DEPARTMENT,COMPANY_NUM) values ('42','EE02','AC08',100000,'Y','A회사 미지급금 지급1',to_date('25/02/14','RR/MM/DD'),'DT003',0);
Insert into ACCNUT_DEALINGS_ACCOUNT_BOOK (DEALINGS_ACCOUNT_BOOK_CODE,SECTION,TYPES_OF_TRANSACTION,AMOUNT,VAT_ALTERNATIVE,DEALINGS_CONTENTS,DEAL_DATE,DEPARTMENT,COMPANY_NUM) values ('43','EE04','AC08',100000,'Y','A회사 미지급금1',to_date('25/02/14','RR/MM/DD'),'DT003',0);
Insert into ACCNUT_DEALINGS_ACCOUNT_BOOK (DEALINGS_ACCOUNT_BOOK_CODE,SECTION,TYPES_OF_TRANSACTION,AMOUNT,VAT_ALTERNATIVE,DEALINGS_CONTENTS,DEAL_DATE,DEPARTMENT,COMPANY_NUM) values ('44','EE01','AC02',10000,'N','통장으로 꼽히는 수익1',to_date('25/02/14','RR/MM/DD'),'DT003',0);
Insert into ACCNUT_DEALINGS_ACCOUNT_BOOK (DEALINGS_ACCOUNT_BOOK_CODE,SECTION,TYPES_OF_TRANSACTION,AMOUNT,VAT_ALTERNATIVE,DEALINGS_CONTENTS,DEAL_DATE,DEPARTMENT,COMPANY_NUM) values ('45','EE02','AC08',100000,'Y','A회사 미지급금 지급1',to_date('25/02/14','RR/MM/DD'),'DT003',0);
Insert into ACCNUT_DEALINGS_ACCOUNT_BOOK (DEALINGS_ACCOUNT_BOOK_CODE,SECTION,TYPES_OF_TRANSACTION,AMOUNT,VAT_ALTERNATIVE,DEALINGS_CONTENTS,DEAL_DATE,DEPARTMENT,COMPANY_NUM) values ('46','EE04','AC08',100000,'Y','A회사 미지급금1',to_date('25/02/14','RR/MM/DD'),'DT003',0);
Insert into ACCNUT_DEALINGS_ACCOUNT_BOOK (DEALINGS_ACCOUNT_BOOK_CODE,SECTION,TYPES_OF_TRANSACTION,AMOUNT,VAT_ALTERNATIVE,DEALINGS_CONTENTS,DEAL_DATE,DEPARTMENT,COMPANY_NUM) values ('47','EE01','AC02',10000,'N','통장으로 꼽히는 수익1',to_date('25/02/14','RR/MM/DD'),'DT003',0);
Insert into ACCNUT_DEALINGS_ACCOUNT_BOOK (DEALINGS_ACCOUNT_BOOK_CODE,SECTION,TYPES_OF_TRANSACTION,AMOUNT,VAT_ALTERNATIVE,DEALINGS_CONTENTS,DEAL_DATE,DEPARTMENT,COMPANY_NUM) values ('48','EE02','AC08',100000,'Y','A회사 미지급금 지급1',to_date('25/02/14','RR/MM/DD'),'DT003',0);
Insert into ACCNUT_DEALINGS_ACCOUNT_BOOK (DEALINGS_ACCOUNT_BOOK_CODE,SECTION,TYPES_OF_TRANSACTION,AMOUNT,VAT_ALTERNATIVE,DEALINGS_CONTENTS,DEAL_DATE,DEPARTMENT,COMPANY_NUM) values ('49','EE04','AC08',100000,'Y','A회사 미지급금1',to_date('25/02/14','RR/MM/DD'),'DT003',0);
Insert into ACCNUT_DEALINGS_ACCOUNT_BOOK (DEALINGS_ACCOUNT_BOOK_CODE,SECTION,TYPES_OF_TRANSACTION,AMOUNT,VAT_ALTERNATIVE,DEALINGS_CONTENTS,DEAL_DATE,DEPARTMENT,COMPANY_NUM) values ('50','EE01','AC02',10000,'N','통장으로 꼽히는 수익1',to_date('25/02/14','RR/MM/DD'),'DT003',0);
Insert into ACCNUT_DEALINGS_ACCOUNT_BOOK (DEALINGS_ACCOUNT_BOOK_CODE,SECTION,TYPES_OF_TRANSACTION,AMOUNT,VAT_ALTERNATIVE,DEALINGS_CONTENTS,DEAL_DATE,DEPARTMENT,COMPANY_NUM) values ('51','EE02','AC08',100000,'Y','A회사 미지급금 지급1',to_date('25/02/14','RR/MM/DD'),'DT003',0);
Insert into ACCNUT_DEALINGS_ACCOUNT_BOOK (DEALINGS_ACCOUNT_BOOK_CODE,SECTION,TYPES_OF_TRANSACTION,AMOUNT,VAT_ALTERNATIVE,DEALINGS_CONTENTS,DEAL_DATE,DEPARTMENT,COMPANY_NUM) values ('52','EE04','AC08',100000,'Y','A회사 미지급금1',to_date('25/02/14','RR/MM/DD'),'DT003',0);
Insert into ACCNUT_DEALINGS_ACCOUNT_BOOK (DEALINGS_ACCOUNT_BOOK_CODE,SECTION,TYPES_OF_TRANSACTION,AMOUNT,VAT_ALTERNATIVE,DEALINGS_CONTENTS,DEAL_DATE,DEPARTMENT,COMPANY_NUM) values ('53','EE01','AC02',10000,'N','통장으로 꼽히는 수익1',to_date('25/02/14','RR/MM/DD'),'DT003',0);
Insert into ACCNUT_DEALINGS_ACCOUNT_BOOK (DEALINGS_ACCOUNT_BOOK_CODE,SECTION,TYPES_OF_TRANSACTION,AMOUNT,VAT_ALTERNATIVE,DEALINGS_CONTENTS,DEAL_DATE,DEPARTMENT,COMPANY_NUM) values ('54','EE02','AC08',100000,'Y','A회사 미지급금 지급1',to_date('25/02/14','RR/MM/DD'),'DT003',0);
Insert into ACCNUT_DEALINGS_ACCOUNT_BOOK (DEALINGS_ACCOUNT_BOOK_CODE,SECTION,TYPES_OF_TRANSACTION,AMOUNT,VAT_ALTERNATIVE,DEALINGS_CONTENTS,DEAL_DATE,DEPARTMENT,COMPANY_NUM) values ('55','EE04','AC08',100000,'Y','A회사 미지급금1',to_date('25/02/14','RR/MM/DD'),'DT003',0);
Insert into ACCNUT_DEALINGS_ACCOUNT_BOOK (DEALINGS_ACCOUNT_BOOK_CODE,SECTION,TYPES_OF_TRANSACTION,AMOUNT,VAT_ALTERNATIVE,DEALINGS_CONTENTS,DEAL_DATE,DEPARTMENT,COMPANY_NUM) values ('56','EE01','AC02',10000,'N','통장으로 꼽히는 수익1',to_date('25/02/14','RR/MM/DD'),'DT003',0);
Insert into ACCNUT_DEALINGS_ACCOUNT_BOOK (DEALINGS_ACCOUNT_BOOK_CODE,SECTION,TYPES_OF_TRANSACTION,AMOUNT,VAT_ALTERNATIVE,DEALINGS_CONTENTS,DEAL_DATE,DEPARTMENT,COMPANY_NUM) values ('57','EE02','AC08',100000,'Y','A회사 미지급금 지급1',to_date('25/02/14','RR/MM/DD'),'DT003',0);
Insert into ACCNUT_DEALINGS_ACCOUNT_BOOK (DEALINGS_ACCOUNT_BOOK_CODE,SECTION,TYPES_OF_TRANSACTION,AMOUNT,VAT_ALTERNATIVE,DEALINGS_CONTENTS,DEAL_DATE,DEPARTMENT,COMPANY_NUM) values ('58','EE04','AC08',100000,'Y','A회사 미지급금1',to_date('25/02/14','RR/MM/DD'),'DT003',0);
Insert into ACCNUT_DEALINGS_ACCOUNT_BOOK (DEALINGS_ACCOUNT_BOOK_CODE,SECTION,TYPES_OF_TRANSACTION,AMOUNT,VAT_ALTERNATIVE,DEALINGS_CONTENTS,DEAL_DATE,DEPARTMENT,COMPANY_NUM) values ('59','EE01','AC02',10000,'N','통장으로 꼽히는 수익1',to_date('25/02/14','RR/MM/DD'),'DT003',0);
Insert into ACCNUT_DEALINGS_ACCOUNT_BOOK (DEALINGS_ACCOUNT_BOOK_CODE,SECTION,TYPES_OF_TRANSACTION,AMOUNT,VAT_ALTERNATIVE,DEALINGS_CONTENTS,DEAL_DATE,DEPARTMENT,COMPANY_NUM) values ('60','EE02','AC08',100000,'Y','A회사 미지급금 지급1',to_date('25/02/14','RR/MM/DD'),'DT003',0);
Insert into ACCNUT_DEALINGS_ACCOUNT_BOOK (DEALINGS_ACCOUNT_BOOK_CODE,SECTION,TYPES_OF_TRANSACTION,AMOUNT,VAT_ALTERNATIVE,DEALINGS_CONTENTS,DEAL_DATE,DEPARTMENT,COMPANY_NUM) values ('61','EE04','AC08',100000,'Y','A회사 미지급금1',to_date('25/02/14','RR/MM/DD'),'DT003',0);
Insert into ACCNUT_DEALINGS_ACCOUNT_BOOK (DEALINGS_ACCOUNT_BOOK_CODE,SECTION,TYPES_OF_TRANSACTION,AMOUNT,VAT_ALTERNATIVE,DEALINGS_CONTENTS,DEAL_DATE,DEPARTMENT,COMPANY_NUM) values ('62','EE01','AC02',10000,'N','통장으로 꼽히는 수익1',to_date('25/02/14','RR/MM/DD'),'DT003',0);
Insert into ACCNUT_DEALINGS_ACCOUNT_BOOK (DEALINGS_ACCOUNT_BOOK_CODE,SECTION,TYPES_OF_TRANSACTION,AMOUNT,VAT_ALTERNATIVE,DEALINGS_CONTENTS,DEAL_DATE,DEPARTMENT,COMPANY_NUM) values ('63','EE02','AC08',100000,'Y','A회사 미지급금 지급1',to_date('25/02/14','RR/MM/DD'),'DT003',0);
Insert into ACCNUT_DEALINGS_ACCOUNT_BOOK (DEALINGS_ACCOUNT_BOOK_CODE,SECTION,TYPES_OF_TRANSACTION,AMOUNT,VAT_ALTERNATIVE,DEALINGS_CONTENTS,DEAL_DATE,DEPARTMENT,COMPANY_NUM) values ('64','EE04','AC08',100000,'Y','A회사 미지급금1',to_date('25/02/14','RR/MM/DD'),'DT003',0);
Insert into ACCNUT_DEALINGS_ACCOUNT_BOOK (DEALINGS_ACCOUNT_BOOK_CODE,SECTION,TYPES_OF_TRANSACTION,AMOUNT,VAT_ALTERNATIVE,DEALINGS_CONTENTS,DEAL_DATE,DEPARTMENT,COMPANY_NUM) values ('65','EE01','AC02',10000,'N','통장으로 꼽히는 수익1',to_date('25/02/14','RR/MM/DD'),'DT003',0);
Insert into ACCNUT_DEALINGS_ACCOUNT_BOOK (DEALINGS_ACCOUNT_BOOK_CODE,SECTION,TYPES_OF_TRANSACTION,AMOUNT,VAT_ALTERNATIVE,DEALINGS_CONTENTS,DEAL_DATE,DEPARTMENT,COMPANY_NUM) values ('66','EE02','AC08',100000,'Y','A회사 미지급금 지급1',to_date('25/02/14','RR/MM/DD'),'DT003',0);
Insert into ACCNUT_DEALINGS_ACCOUNT_BOOK (DEALINGS_ACCOUNT_BOOK_CODE,SECTION,TYPES_OF_TRANSACTION,AMOUNT,VAT_ALTERNATIVE,DEALINGS_CONTENTS,DEAL_DATE,DEPARTMENT,COMPANY_NUM) values ('67','EE04','AC08',100000,'Y','A회사 미지급금1',to_date('25/02/14','RR/MM/DD'),'DT003',0);
Insert into ACCNUT_DEALINGS_ACCOUNT_BOOK (DEALINGS_ACCOUNT_BOOK_CODE,SECTION,TYPES_OF_TRANSACTION,AMOUNT,VAT_ALTERNATIVE,DEALINGS_CONTENTS,DEAL_DATE,DEPARTMENT,COMPANY_NUM) values ('68','EE01','AC02',10000,'N','통장으로 꼽히는 수익1',to_date('25/02/14','RR/MM/DD'),'DT003',0);
Insert into ACCNUT_DEALINGS_ACCOUNT_BOOK (DEALINGS_ACCOUNT_BOOK_CODE,SECTION,TYPES_OF_TRANSACTION,AMOUNT,VAT_ALTERNATIVE,DEALINGS_CONTENTS,DEAL_DATE,DEPARTMENT,COMPANY_NUM) values ('69','EE02','AC08',100000,'Y','A회사 미지급금 지급1',to_date('25/02/14','RR/MM/DD'),'DT003',0);
Insert into ACCNUT_DEALINGS_ACCOUNT_BOOK (DEALINGS_ACCOUNT_BOOK_CODE,SECTION,TYPES_OF_TRANSACTION,AMOUNT,VAT_ALTERNATIVE,DEALINGS_CONTENTS,DEAL_DATE,DEPARTMENT,COMPANY_NUM) values ('70','EE04','AC08',100000,'Y','A회사 미지급금1',to_date('25/02/14','RR/MM/DD'),'DT003',0);
Insert into ACCNUT_DEALINGS_ACCOUNT_BOOK (DEALINGS_ACCOUNT_BOOK_CODE,SECTION,TYPES_OF_TRANSACTION,AMOUNT,VAT_ALTERNATIVE,DEALINGS_CONTENTS,DEAL_DATE,DEPARTMENT,COMPANY_NUM) values ('71','EE01','AC02',10000,'N','통장으로 꼽히는 수익1',to_date('25/02/14','RR/MM/DD'),'DT003',0);
Insert into ACCNUT_DEALINGS_ACCOUNT_BOOK (DEALINGS_ACCOUNT_BOOK_CODE,SECTION,TYPES_OF_TRANSACTION,AMOUNT,VAT_ALTERNATIVE,DEALINGS_CONTENTS,DEAL_DATE,DEPARTMENT,COMPANY_NUM) values ('72','EE02','AC08',100000,'Y','A회사 미지급금 지급1',to_date('25/02/14','RR/MM/DD'),'DT003',0);
Insert into ACCNUT_DEALINGS_ACCOUNT_BOOK (DEALINGS_ACCOUNT_BOOK_CODE,SECTION,TYPES_OF_TRANSACTION,AMOUNT,VAT_ALTERNATIVE,DEALINGS_CONTENTS,DEAL_DATE,DEPARTMENT,COMPANY_NUM) values ('73','EE04','AC08',100000,'Y','A회사 미지급금1',to_date('25/02/14','RR/MM/DD'),'DT003',0);
Insert into ACCNUT_DEALINGS_ACCOUNT_BOOK (DEALINGS_ACCOUNT_BOOK_CODE,SECTION,TYPES_OF_TRANSACTION,AMOUNT,VAT_ALTERNATIVE,DEALINGS_CONTENTS,DEAL_DATE,DEPARTMENT,COMPANY_NUM) values ('74','EE01','AC02',10000,'N','통장으로 꼽히는 수익1',to_date('25/02/14','RR/MM/DD'),'DT003',0);
Insert into ACCNUT_DEALINGS_ACCOUNT_BOOK (DEALINGS_ACCOUNT_BOOK_CODE,SECTION,TYPES_OF_TRANSACTION,AMOUNT,VAT_ALTERNATIVE,DEALINGS_CONTENTS,DEAL_DATE,DEPARTMENT,COMPANY_NUM) values ('75','EE02','AC08',100000,'Y','A회사 미지급금 지급1',to_date('25/02/14','RR/MM/DD'),'DT003',0);
Insert into ACCNUT_DEALINGS_ACCOUNT_BOOK (DEALINGS_ACCOUNT_BOOK_CODE,SECTION,TYPES_OF_TRANSACTION,AMOUNT,VAT_ALTERNATIVE,DEALINGS_CONTENTS,DEAL_DATE,DEPARTMENT,COMPANY_NUM) values ('76','EE04','AC08',100000,'Y','A회사 미지급금1',to_date('25/02/14','RR/MM/DD'),'DT003',1);
Insert into ACCNUT_DEALINGS_ACCOUNT_BOOK (DEALINGS_ACCOUNT_BOOK_CODE,SECTION,TYPES_OF_TRANSACTION,AMOUNT,VAT_ALTERNATIVE,DEALINGS_CONTENTS,DEAL_DATE,DEPARTMENT,COMPANY_NUM) values ('77','EE01','AC02',10000,'N','통장으로 꼽히는 수익1',to_date('25/02/14','RR/MM/DD'),'DT003',1);
Insert into ACCNUT_DEALINGS_ACCOUNT_BOOK (DEALINGS_ACCOUNT_BOOK_CODE,SECTION,TYPES_OF_TRANSACTION,AMOUNT,VAT_ALTERNATIVE,DEALINGS_CONTENTS,DEAL_DATE,DEPARTMENT,COMPANY_NUM) values ('78','EE02','AC08',100000,'Y','A회사 미지급금 지급1',to_date('25/02/14','RR/MM/DD'),'DT003',0);
Insert into ACCNUT_DEALINGS_ACCOUNT_BOOK (DEALINGS_ACCOUNT_BOOK_CODE,SECTION,TYPES_OF_TRANSACTION,AMOUNT,VAT_ALTERNATIVE,DEALINGS_CONTENTS,DEAL_DATE,DEPARTMENT,COMPANY_NUM) values ('79','EE04','AC08',100000,'Y','A회사 미지급금1',to_date('25/02/14','RR/MM/DD'),'DT003',1);
Insert into ACCNUT_DEALINGS_ACCOUNT_BOOK (DEALINGS_ACCOUNT_BOOK_CODE,SECTION,TYPES_OF_TRANSACTION,AMOUNT,VAT_ALTERNATIVE,DEALINGS_CONTENTS,DEAL_DATE,DEPARTMENT,COMPANY_NUM) values ('80','EE01','AC02',10000,'N','통장으로 꼽히는 수익1',to_date('25/02/14','RR/MM/DD'),'DT003',0);
Insert into ACCNUT_DEALINGS_ACCOUNT_BOOK (DEALINGS_ACCOUNT_BOOK_CODE,SECTION,TYPES_OF_TRANSACTION,AMOUNT,VAT_ALTERNATIVE,DEALINGS_CONTENTS,DEAL_DATE,DEPARTMENT,COMPANY_NUM) values ('81','EE02','AC08',100000,'Y','A회사 미지급금 지급1',to_date('25/02/14','RR/MM/DD'),'DT003',1);
Insert into ACCNUT_DEALINGS_ACCOUNT_BOOK (DEALINGS_ACCOUNT_BOOK_CODE,SECTION,TYPES_OF_TRANSACTION,AMOUNT,VAT_ALTERNATIVE,DEALINGS_CONTENTS,DEAL_DATE,DEPARTMENT,COMPANY_NUM) values ('82','EE04','AC08',100000,'Y','A회사 미지급금1',to_date('25/02/14','RR/MM/DD'),'DT003',0);
Insert into ACCNUT_DEALINGS_ACCOUNT_BOOK (DEALINGS_ACCOUNT_BOOK_CODE,SECTION,TYPES_OF_TRANSACTION,AMOUNT,VAT_ALTERNATIVE,DEALINGS_CONTENTS,DEAL_DATE,DEPARTMENT,COMPANY_NUM) values ('83','EE01','AC02',10000,'N','통장으로 꼽히는 수익1',to_date('25/02/14','RR/MM/DD'),'DT003',1);
Insert into ACCNUT_DEALINGS_ACCOUNT_BOOK (DEALINGS_ACCOUNT_BOOK_CODE,SECTION,TYPES_OF_TRANSACTION,AMOUNT,VAT_ALTERNATIVE,DEALINGS_CONTENTS,DEAL_DATE,DEPARTMENT,COMPANY_NUM) values ('84','EE02','AC08',100000,'Y','A회사 미지급금 지급1',to_date('25/02/14','RR/MM/DD'),'DT003',0);
Insert into ACCNUT_DEALINGS_ACCOUNT_BOOK (DEALINGS_ACCOUNT_BOOK_CODE,SECTION,TYPES_OF_TRANSACTION,AMOUNT,VAT_ALTERNATIVE,DEALINGS_CONTENTS,DEAL_DATE,DEPARTMENT,COMPANY_NUM) values ('85','EE04','AC08',100000,'Y','A회사 미지급금1',to_date('25/02/14','RR/MM/DD'),'DT003',0);
Insert into ACCNUT_DEALINGS_ACCOUNT_BOOK (DEALINGS_ACCOUNT_BOOK_CODE,SECTION,TYPES_OF_TRANSACTION,AMOUNT,VAT_ALTERNATIVE,DEALINGS_CONTENTS,DEAL_DATE,DEPARTMENT,COMPANY_NUM) values ('86','EE01','AC02',10000,'N','통장으로 꼽히는 수익1',to_date('25/02/14','RR/MM/DD'),'DT003',0);
Insert into ACCNUT_DEALINGS_ACCOUNT_BOOK (DEALINGS_ACCOUNT_BOOK_CODE,SECTION,TYPES_OF_TRANSACTION,AMOUNT,VAT_ALTERNATIVE,DEALINGS_CONTENTS,DEAL_DATE,DEPARTMENT,COMPANY_NUM) values ('87','EE02','AC08',100000,'Y','A회사 미지급금 지급1',to_date('25/02/14','RR/MM/DD'),'DT003',0);
Insert into ACCNUT_DEALINGS_ACCOUNT_BOOK (DEALINGS_ACCOUNT_BOOK_CODE,SECTION,TYPES_OF_TRANSACTION,AMOUNT,VAT_ALTERNATIVE,DEALINGS_CONTENTS,DEAL_DATE,DEPARTMENT,COMPANY_NUM) values ('88','EE04','AC08',100000,'Y','A회사 미지급금1',to_date('25/02/14','RR/MM/DD'),'DT003',0);
Insert into ACCNUT_DEALINGS_ACCOUNT_BOOK (DEALINGS_ACCOUNT_BOOK_CODE,SECTION,TYPES_OF_TRANSACTION,AMOUNT,VAT_ALTERNATIVE,DEALINGS_CONTENTS,DEAL_DATE,DEPARTMENT,COMPANY_NUM) values ('89','EE01','AC02',10000,'N','통장으로 꼽히는 수익1',to_date('25/02/14','RR/MM/DD'),'DT003',0);
Insert into ACCNUT_DEALINGS_ACCOUNT_BOOK (DEALINGS_ACCOUNT_BOOK_CODE,SECTION,TYPES_OF_TRANSACTION,AMOUNT,VAT_ALTERNATIVE,DEALINGS_CONTENTS,DEAL_DATE,DEPARTMENT,COMPANY_NUM) values ('90','EE02','AC08',100000,'Y','A회사 미지급금 지급1',to_date('25/02/14','RR/MM/DD'),'DT003',0);
Insert into ACCNUT_DEALINGS_ACCOUNT_BOOK (DEALINGS_ACCOUNT_BOOK_CODE,SECTION,TYPES_OF_TRANSACTION,AMOUNT,VAT_ALTERNATIVE,DEALINGS_CONTENTS,DEAL_DATE,DEPARTMENT,COMPANY_NUM) values ('91','EE04','AC08',100000,'Y','A회사 미지급금1',to_date('25/02/14','RR/MM/DD'),'DT003',0);
Insert into ACCNUT_DEALINGS_ACCOUNT_BOOK (DEALINGS_ACCOUNT_BOOK_CODE,SECTION,TYPES_OF_TRANSACTION,AMOUNT,VAT_ALTERNATIVE,DEALINGS_CONTENTS,DEAL_DATE,DEPARTMENT,COMPANY_NUM) values ('92','EE01','AC02',10000,'N','통장으로 꼽히는 수익1',to_date('25/02/14','RR/MM/DD'),'DT003',0);
Insert into ACCNUT_DEALINGS_ACCOUNT_BOOK (DEALINGS_ACCOUNT_BOOK_CODE,SECTION,TYPES_OF_TRANSACTION,AMOUNT,VAT_ALTERNATIVE,DEALINGS_CONTENTS,DEAL_DATE,DEPARTMENT,COMPANY_NUM) values ('93','EE02','AC08',100000,'Y','A회사 미지급금 지급1',to_date('25/02/14','RR/MM/DD'),'DT003',0);
Insert into ACCNUT_DEALINGS_ACCOUNT_BOOK (DEALINGS_ACCOUNT_BOOK_CODE,SECTION,TYPES_OF_TRANSACTION,AMOUNT,VAT_ALTERNATIVE,DEALINGS_CONTENTS,DEAL_DATE,DEPARTMENT,COMPANY_NUM) values ('94','EE04','AC08',100000,'Y','A회사 미지급금1',to_date('25/02/14','RR/MM/DD'),'DT003',0);
Insert into ACCNUT_DEALINGS_ACCOUNT_BOOK (DEALINGS_ACCOUNT_BOOK_CODE,SECTION,TYPES_OF_TRANSACTION,AMOUNT,VAT_ALTERNATIVE,DEALINGS_CONTENTS,DEAL_DATE,DEPARTMENT,COMPANY_NUM) values ('95','EE01','AC02',10000,'N','통장으로 꼽히는 수익1',to_date('25/02/14','RR/MM/DD'),'DT003',0);
Insert into ACCNUT_DEALINGS_ACCOUNT_BOOK (DEALINGS_ACCOUNT_BOOK_CODE,SECTION,TYPES_OF_TRANSACTION,AMOUNT,VAT_ALTERNATIVE,DEALINGS_CONTENTS,DEAL_DATE,DEPARTMENT,COMPANY_NUM) values ('96','EE02','AC08',100000,'Y','A회사 미지급금 지급1',to_date('25/02/14','RR/MM/DD'),'DT003',0);
Insert into ACCNUT_DEALINGS_ACCOUNT_BOOK (DEALINGS_ACCOUNT_BOOK_CODE,SECTION,TYPES_OF_TRANSACTION,AMOUNT,VAT_ALTERNATIVE,DEALINGS_CONTENTS,DEAL_DATE,DEPARTMENT,COMPANY_NUM) values ('97','EE04','AC08',100000,'Y','A회사 미지급금1',to_date('25/02/14','RR/MM/DD'),'DT003',0);
Insert into ACCNUT_DEALINGS_ACCOUNT_BOOK (DEALINGS_ACCOUNT_BOOK_CODE,SECTION,TYPES_OF_TRANSACTION,AMOUNT,VAT_ALTERNATIVE,DEALINGS_CONTENTS,DEAL_DATE,DEPARTMENT,COMPANY_NUM) values ('123','EE01','AC01',111,'N','20일 테스트',to_date('25/02/20','RR/MM/DD'),'DT003',0);
Insert into ACCNUT_DEALINGS_ACCOUNT_BOOK (DEALINGS_ACCOUNT_BOOK_CODE,SECTION,TYPES_OF_TRANSACTION,AMOUNT,VAT_ALTERNATIVE,DEALINGS_CONTENTS,DEAL_DATE,DEPARTMENT,COMPANY_NUM) values ('124','EE02','AC01',121,'N','진짜 테스트',to_date('25/02/20','RR/MM/DD'),'DT003',0);
Insert into ACCNUT_DEALINGS_ACCOUNT_BOOK (DEALINGS_ACCOUNT_BOOK_CODE,SECTION,TYPES_OF_TRANSACTION,AMOUNT,VAT_ALTERNATIVE,DEALINGS_CONTENTS,DEAL_DATE,DEPARTMENT,COMPANY_NUM) values ('141','EE01','AC01',12314,'N','암난어니',to_date('25/02/20','RR/MM/DD'),'DT003',0);
Insert into ACCNUT_DEALINGS_ACCOUNT_BOOK (DEALINGS_ACCOUNT_BOOK_CODE,SECTION,TYPES_OF_TRANSACTION,AMOUNT,VAT_ALTERNATIVE,DEALINGS_CONTENTS,DEAL_DATE,DEPARTMENT,COMPANY_NUM) values ('167','EE02','AC01',1111,'Y','테스트',to_date('25/03/04','RR/MM/DD'),'DT003',1);
Insert into ACCNUT_DEALINGS_ACCOUNT_BOOK (DEALINGS_ACCOUNT_BOOK_CODE,SECTION,TYPES_OF_TRANSACTION,AMOUNT,VAT_ALTERNATIVE,DEALINGS_CONTENTS,DEAL_DATE,DEPARTMENT,COMPANY_NUM) values ('241','EE02','AC19',36981632,'N','2월 급여 지출',to_date('25/03/10','RR/MM/DD'),'DT003',45);
Insert into ACCNUT_DEALINGS_ACCOUNT_BOOK (DEALINGS_ACCOUNT_BOOK_CODE,SECTION,TYPES_OF_TRANSACTION,AMOUNT,VAT_ALTERNATIVE,DEALINGS_CONTENTS,DEAL_DATE,DEPARTMENT,COMPANY_NUM) values ('242','EE02','AC08',42442400,'N','2월 더브릿지 미지급금 지출',to_date('25/03/10','RR/MM/DD'),'DT003',45);
Insert into ACCNUT_DEALINGS_ACCOUNT_BOOK (DEALINGS_ACCOUNT_BOOK_CODE,SECTION,TYPES_OF_TRANSACTION,AMOUNT,VAT_ALTERNATIVE,DEALINGS_CONTENTS,DEAL_DATE,DEPARTMENT,COMPANY_NUM) values ('282','EE01','AC02',2533000,'Y','2025-03-02 대구점 마감정산',to_date('25/03/02','RR/MM/DD'),'DT004',45);
Insert into ACCNUT_DEALINGS_ACCOUNT_BOOK (DEALINGS_ACCOUNT_BOOK_CODE,SECTION,TYPES_OF_TRANSACTION,AMOUNT,VAT_ALTERNATIVE,DEALINGS_CONTENTS,DEAL_DATE,DEPARTMENT,COMPANY_NUM) values ('321','EE02','AC19',5001540,'N','2025년 2월 분 직원 급여',to_date('25/03/11','RR/MM/DD'),'DT001',1);
Insert into ACCNUT_DEALINGS_ACCOUNT_BOOK (DEALINGS_ACCOUNT_BOOK_CODE,SECTION,TYPES_OF_TRANSACTION,AMOUNT,VAT_ALTERNATIVE,DEALINGS_CONTENTS,DEAL_DATE,DEPARTMENT,COMPANY_NUM) values ('324','EE02','AC08',11,'N','2025년 2월 분 미지급급',to_date('25/03/11','RR/MM/DD'),'DT001',0);
Insert into ACCNUT_DEALINGS_ACCOUNT_BOOK (DEALINGS_ACCOUNT_BOOK_CODE,SECTION,TYPES_OF_TRANSACTION,AMOUNT,VAT_ALTERNATIVE,DEALINGS_CONTENTS,DEAL_DATE,DEPARTMENT,COMPANY_NUM) values ('328','EE02','AC08',11,'N','2025년 2월 분 미지급급',to_date('25/03/11','RR/MM/DD'),'DT001',1);
Insert into ACCNUT_DEALINGS_ACCOUNT_BOOK (DEALINGS_ACCOUNT_BOOK_CODE,SECTION,TYPES_OF_TRANSACTION,AMOUNT,VAT_ALTERNATIVE,DEALINGS_CONTENTS,DEAL_DATE,DEPARTMENT,COMPANY_NUM) values ('329','EE02','AC08',11,'N','2025년 2월 분 미지급급',to_date('25/03/11','RR/MM/DD'),'DT001',1);
Insert into ACCNUT_DEALINGS_ACCOUNT_BOOK (DEALINGS_ACCOUNT_BOOK_CODE,SECTION,TYPES_OF_TRANSACTION,AMOUNT,VAT_ALTERNATIVE,DEALINGS_CONTENTS,DEAL_DATE,DEPARTMENT,COMPANY_NUM) values ('341','EE02','AC08',163318400,'N','2025년 2월 분 미지급급',to_date('25/03/11','RR/MM/DD'),'DT001',45);
Insert into ACCNUT_DEALINGS_ACCOUNT_BOOK (DEALINGS_ACCOUNT_BOOK_CODE,SECTION,TYPES_OF_TRANSACTION,AMOUNT,VAT_ALTERNATIVE,DEALINGS_CONTENTS,DEAL_DATE,DEPARTMENT,COMPANY_NUM) values ('347','EE02','AC19',5166392,'N','2025년 2월 분 직원 급여',to_date('25/03/12','RR/MM/DD'),'DT001',45);
Insert into ACCNUT_DEALINGS_ACCOUNT_BOOK (DEALINGS_ACCOUNT_BOOK_CODE,SECTION,TYPES_OF_TRANSACTION,AMOUNT,VAT_ALTERNATIVE,DEALINGS_CONTENTS,DEAL_DATE,DEPARTMENT,COMPANY_NUM) values ('261','EE01','AC02',30000,'Y','2025-03-11 부산점 마감정산',to_date('25/03/11','RR/MM/DD'),'DT004',1);
Insert into ACCNUT_DEALINGS_ACCOUNT_BOOK (DEALINGS_ACCOUNT_BOOK_CODE,SECTION,TYPES_OF_TRANSACTION,AMOUNT,VAT_ALTERNATIVE,DEALINGS_CONTENTS,DEAL_DATE,DEPARTMENT,COMPANY_NUM) values ('323','EE02','AC08',11,'N','2025년 2월 분 미지급급',to_date('25/03/11','RR/MM/DD'),'DT001',0);
Insert into ACCNUT_DEALINGS_ACCOUNT_BOOK (DEALINGS_ACCOUNT_BOOK_CODE,SECTION,TYPES_OF_TRANSACTION,AMOUNT,VAT_ALTERNATIVE,DEALINGS_CONTENTS,DEAL_DATE,DEPARTMENT,COMPANY_NUM) values ('325','EE02','AC08',11,'N','2025년 2월 분 미지급급',to_date('25/03/11','RR/MM/DD'),'DT001',0);
Insert into ACCNUT_DEALINGS_ACCOUNT_BOOK (DEALINGS_ACCOUNT_BOOK_CODE,SECTION,TYPES_OF_TRANSACTION,AMOUNT,VAT_ALTERNATIVE,DEALINGS_CONTENTS,DEAL_DATE,DEPARTMENT,COMPANY_NUM) values ('326','EE02','AC08',11,'N','2025년 2월 분 미지급급',to_date('25/03/11','RR/MM/DD'),'DT001',0);
Insert into ACCNUT_DEALINGS_ACCOUNT_BOOK (DEALINGS_ACCOUNT_BOOK_CODE,SECTION,TYPES_OF_TRANSACTION,AMOUNT,VAT_ALTERNATIVE,DEALINGS_CONTENTS,DEAL_DATE,DEPARTMENT,COMPANY_NUM) values ('342','EE01','AC02',2126000,'Y','2025-03-14 대구점 마감정산',to_date('25/03/14','RR/MM/DD'),'DT004',45);
Insert into ACCNUT_DEALINGS_ACCOUNT_BOOK (DEALINGS_ACCOUNT_BOOK_CODE,SECTION,TYPES_OF_TRANSACTION,AMOUNT,VAT_ALTERNATIVE,DEALINGS_CONTENTS,DEAL_DATE,DEPARTMENT,COMPANY_NUM) values ('348','EE02','AC08',405720000,'N','2025년 2월 분 미지급급',to_date('25/03/12','RR/MM/DD'),'DT001',1);
Insert into ACCNUT_DEALINGS_ACCOUNT_BOOK (DEALINGS_ACCOUNT_BOOK_CODE,SECTION,TYPES_OF_TRANSACTION,AMOUNT,VAT_ALTERNATIVE,DEALINGS_CONTENTS,DEAL_DATE,DEPARTMENT,COMPANY_NUM) values ('221','EE03','AC01',150000000,'N','초기 자산 등록',to_date('25/03/07','RR/MM/DD'),'DT003',1);
Insert into ACCNUT_DEALINGS_ACCOUNT_BOOK (DEALINGS_ACCOUNT_BOOK_CODE,SECTION,TYPES_OF_TRANSACTION,AMOUNT,VAT_ALTERNATIVE,DEALINGS_CONTENTS,DEAL_DATE,DEPARTMENT,COMPANY_NUM) values ('327','EE02','AC08',11,'N','2025년 2월 분 미지급급',to_date('25/03/11','RR/MM/DD'),'DT001',1);
Insert into ACCNUT_DEALINGS_ACCOUNT_BOOK (DEALINGS_ACCOUNT_BOOK_CODE,SECTION,TYPES_OF_TRANSACTION,AMOUNT,VAT_ALTERNATIVE,DEALINGS_CONTENTS,DEAL_DATE,DEPARTMENT,COMPANY_NUM) values ('330','EE02','AC08',100000,'N','2025년 2월 분 미지급급',to_date('25/03/11','RR/MM/DD'),'DT001',1);
Insert into ACCNUT_DEALINGS_ACCOUNT_BOOK (DEALINGS_ACCOUNT_BOOK_CODE,SECTION,TYPES_OF_TRANSACTION,AMOUNT,VAT_ALTERNATIVE,DEALINGS_CONTENTS,DEAL_DATE,DEPARTMENT,COMPANY_NUM) values ('331','EE02','AC08',11150915400,'N','2025년 2월 분 미지급급',to_date('25/03/11','RR/MM/DD'),'DT001',45);
Insert into ACCNUT_DEALINGS_ACCOUNT_BOOK (DEALINGS_ACCOUNT_BOOK_CODE,SECTION,TYPES_OF_TRANSACTION,AMOUNT,VAT_ALTERNATIVE,DEALINGS_CONTENTS,DEAL_DATE,DEPARTMENT,COMPANY_NUM) values ('101','EE01','AC01',123,'N','내용',to_date('25/02/18','RR/MM/DD'),'DT003',0);
Insert into ACCNUT_DEALINGS_ACCOUNT_BOOK (DEALINGS_ACCOUNT_BOOK_CODE,SECTION,TYPES_OF_TRANSACTION,AMOUNT,VAT_ALTERNATIVE,DEALINGS_CONTENTS,DEAL_DATE,DEPARTMENT,COMPANY_NUM) values ('102','EE02','AC02',432,'N','내용2',to_date('25/02/18','RR/MM/DD'),'DT003',0);
Insert into ACCNUT_DEALINGS_ACCOUNT_BOOK (DEALINGS_ACCOUNT_BOOK_CODE,SECTION,TYPES_OF_TRANSACTION,AMOUNT,VAT_ALTERNATIVE,DEALINGS_CONTENTS,DEAL_DATE,DEPARTMENT,COMPANY_NUM) values ('103','EE01','AC02',2145,'N','내용3',to_date('25/02/18','RR/MM/DD'),'DT003',0);
Insert into ACCNUT_DEALINGS_ACCOUNT_BOOK (DEALINGS_ACCOUNT_BOOK_CODE,SECTION,TYPES_OF_TRANSACTION,AMOUNT,VAT_ALTERNATIVE,DEALINGS_CONTENTS,DEAL_DATE,DEPARTMENT,COMPANY_NUM) values ('104','EE02','AC02',11547,'N','내용4',to_date('25/02/18','RR/MM/DD'),'DT003',0);
Insert into ACCNUT_DEALINGS_ACCOUNT_BOOK (DEALINGS_ACCOUNT_BOOK_CODE,SECTION,TYPES_OF_TRANSACTION,AMOUNT,VAT_ALTERNATIVE,DEALINGS_CONTENTS,DEAL_DATE,DEPARTMENT,COMPANY_NUM) values ('106','EE01','AC02',1241,'N','11ㅁㅇ',to_date('25/02/18','RR/MM/DD'),'DT003',0);
Insert into ACCNUT_DEALINGS_ACCOUNT_BOOK (DEALINGS_ACCOUNT_BOOK_CODE,SECTION,TYPES_OF_TRANSACTION,AMOUNT,VAT_ALTERNATIVE,DEALINGS_CONTENTS,DEAL_DATE,DEPARTMENT,COMPANY_NUM) values ('161','EE01','AC01',111,'N','테스트',to_date('25/03/04','RR/MM/DD'),'DT003',0);
Insert into ACCNUT_DEALINGS_ACCOUNT_BOOK (DEALINGS_ACCOUNT_BOOK_CODE,SECTION,TYPES_OF_TRANSACTION,AMOUNT,VAT_ALTERNATIVE,DEALINGS_CONTENTS,DEAL_DATE,DEPARTMENT,COMPANY_NUM) values ('165','EE01','AC01',111,'Y','테스트',to_date('25/03/04','RR/MM/DD'),'DT003',0);
Insert into ACCNUT_DEALINGS_ACCOUNT_BOOK (DEALINGS_ACCOUNT_BOOK_CODE,SECTION,TYPES_OF_TRANSACTION,AMOUNT,VAT_ALTERNATIVE,DEALINGS_CONTENTS,DEAL_DATE,DEPARTMENT,COMPANY_NUM) values ('343','EE02','AC19',2505413,'N','2025년 2월 분 직원 급여',to_date('25/03/11','RR/MM/DD'),'DT001',1);
Insert into ACCNUT_DEALINGS_ACCOUNT_BOOK (DEALINGS_ACCOUNT_BOOK_CODE,SECTION,TYPES_OF_TRANSACTION,AMOUNT,VAT_ALTERNATIVE,DEALINGS_CONTENTS,DEAL_DATE,DEPARTMENT,COMPANY_NUM) values ('344','EE02','AC19',10255300,'N','2025년 2월 분 직원 급여',to_date('25/03/11','RR/MM/DD'),'DT001',1);
Insert into ACCNUT_DEALINGS_ACCOUNT_BOOK (DEALINGS_ACCOUNT_BOOK_CODE,SECTION,TYPES_OF_TRANSACTION,AMOUNT,VAT_ALTERNATIVE,DEALINGS_CONTENTS,DEAL_DATE,DEPARTMENT,COMPANY_NUM) values ('345','EE02','AC08',127914150,'N','2025년 2월 분 미지급급',to_date('25/03/12','RR/MM/DD'),'DT001',45);
Insert into ACCNUT_DEALINGS_ACCOUNT_BOOK (DEALINGS_ACCOUNT_BOOK_CODE,SECTION,TYPES_OF_TRANSACTION,AMOUNT,VAT_ALTERNATIVE,DEALINGS_CONTENTS,DEAL_DATE,DEPARTMENT,COMPANY_NUM) values ('346','EE02','AC08',52952900,'N','2025년 2월 분 미지급급',to_date('25/03/12','RR/MM/DD'),'DT001',45);
Insert into ACCNUT_DEALINGS_ACCOUNT_BOOK (DEALINGS_ACCOUNT_BOOK_CODE,SECTION,TYPES_OF_TRANSACTION,AMOUNT,VAT_ALTERNATIVE,DEALINGS_CONTENTS,DEAL_DATE,DEPARTMENT,COMPANY_NUM) values ('162','EE01','AC01',11234,'N','테스트',to_date('25/03/04','RR/MM/DD'),'DT003',0);
Insert into ACCNUT_DEALINGS_ACCOUNT_BOOK (DEALINGS_ACCOUNT_BOOK_CODE,SECTION,TYPES_OF_TRANSACTION,AMOUNT,VAT_ALTERNATIVE,DEALINGS_CONTENTS,DEAL_DATE,DEPARTMENT,COMPANY_NUM) values ('163','EE01','AC01',111,'N','231',to_date('25/03/04','RR/MM/DD'),'DT003',0);
Insert into ACCNUT_DEALINGS_ACCOUNT_BOOK (DEALINGS_ACCOUNT_BOOK_CODE,SECTION,TYPES_OF_TRANSACTION,AMOUNT,VAT_ALTERNATIVE,DEALINGS_CONTENTS,DEAL_DATE,DEPARTMENT,COMPANY_NUM) values ('164','EE02','AC01',111,'N','테스트',to_date('25/03/04','RR/MM/DD'),'DT003',0);
Insert into ACCNUT_DEALINGS_ACCOUNT_BOOK (DEALINGS_ACCOUNT_BOOK_CODE,SECTION,TYPES_OF_TRANSACTION,AMOUNT,VAT_ALTERNATIVE,DEALINGS_CONTENTS,DEAL_DATE,DEPARTMENT,COMPANY_NUM) values ('166','EE01','AC01',1000,'N','테스트',to_date('25/03/04','RR/MM/DD'),'DT003',1);
Insert into ACCNUT_DEALINGS_ACCOUNT_BOOK (DEALINGS_ACCOUNT_BOOK_CODE,SECTION,TYPES_OF_TRANSACTION,AMOUNT,VAT_ALTERNATIVE,DEALINGS_CONTENTS,DEAL_DATE,DEPARTMENT,COMPANY_NUM) values ('181','EE02','AC01',10000,'N','비품구매',to_date('25/03/05','RR/MM/DD'),'DT003',1);
Insert into ACCNUT_DEALINGS_ACCOUNT_BOOK (DEALINGS_ACCOUNT_BOOK_CODE,SECTION,TYPES_OF_TRANSACTION,AMOUNT,VAT_ALTERNATIVE,DEALINGS_CONTENTS,DEAL_DATE,DEPARTMENT,COMPANY_NUM) values ('182','EE03','AC01',10000,'N','비품 확보',to_date('25/03/05','RR/MM/DD'),'DT003',1);
Insert into ACCNUT_DEALINGS_ACCOUNT_BOOK (DEALINGS_ACCOUNT_BOOK_CODE,SECTION,TYPES_OF_TRANSACTION,AMOUNT,VAT_ALTERNATIVE,DEALINGS_CONTENTS,DEAL_DATE,DEPARTMENT,COMPANY_NUM) values ('201','EE01','AC01',11,'N','주소 바꿈 테스트',to_date('25/03/06','RR/MM/DD'),'DT003',1);
Insert into ACCNUT_DEALINGS_ACCOUNT_BOOK (DEALINGS_ACCOUNT_BOOK_CODE,SECTION,TYPES_OF_TRANSACTION,AMOUNT,VAT_ALTERNATIVE,DEALINGS_CONTENTS,DEAL_DATE,DEPARTMENT,COMPANY_NUM) values ('281','EE01','AC02',2533000,'Y','2025-03-01 대구점 마감정산',to_date('25/03/01','RR/MM/DD'),'DT004',45);
Insert into ACCNUT_DEALINGS_ACCOUNT_BOOK (DEALINGS_ACCOUNT_BOOK_CODE,SECTION,TYPES_OF_TRANSACTION,AMOUNT,VAT_ALTERNATIVE,DEALINGS_CONTENTS,DEAL_DATE,DEPARTMENT,COMPANY_NUM) values ('301','EE01','AC02',3060000,'Y','2025-03-04 대구점 마감정산',to_date('25/03/04','RR/MM/DD'),'DT004',45);
Insert into ACCNUT_DEALINGS_ACCOUNT_BOOK (DEALINGS_ACCOUNT_BOOK_CODE,SECTION,TYPES_OF_TRANSACTION,AMOUNT,VAT_ALTERNATIVE,DEALINGS_CONTENTS,DEAL_DATE,DEPARTMENT,COMPANY_NUM) values ('322','EE01','AC02',2126000,'Y','2025-03-13 대구점 마감정산',to_date('25/03/13','RR/MM/DD'),'DT004',45);
REM INSERTING into ACCNUT_DEBT
SET DEFINE OFF;
Insert into ACCNUT_DEBT (DEBT_CODE,DEBT_NAME,SECTION,REGISTER_DATE,CREDITOR,AMOUNT,INTEREST,TIME_LIMIT,PREARRANGEMENT_DUE_DATE,COMPANY_NUM,WARE_NUM) values ('1','대출금1','AC07',to_date('25/02/13','RR/MM/DD'),'농협',100000,0.5,to_date('25/05/14','RR/MM/DD'),to_date('25/04/04','RR/MM/DD'),0,null);
Insert into ACCNUT_DEBT (DEBT_CODE,DEBT_NAME,SECTION,REGISTER_DATE,CREDITOR,AMOUNT,INTEREST,TIME_LIMIT,PREARRANGEMENT_DUE_DATE,COMPANY_NUM,WARE_NUM) values ('2','대출금2','AC07',to_date('25/02/13','RR/MM/DD'),'농협',100000,0.5,to_date('25/05/14','RR/MM/DD'),to_date('25/04/04','RR/MM/DD'),0,null);
Insert into ACCNUT_DEBT (DEBT_CODE,DEBT_NAME,SECTION,REGISTER_DATE,CREDITOR,AMOUNT,INTEREST,TIME_LIMIT,PREARRANGEMENT_DUE_DATE,COMPANY_NUM,WARE_NUM) values ('3','대출금3','AC07',to_date('25/02/13','RR/MM/DD'),'농협',100000,0.5,to_date('25/05/14','RR/MM/DD'),to_date('25/04/04','RR/MM/DD'),0,null);
Insert into ACCNUT_DEBT (DEBT_CODE,DEBT_NAME,SECTION,REGISTER_DATE,CREDITOR,AMOUNT,INTEREST,TIME_LIMIT,PREARRANGEMENT_DUE_DATE,COMPANY_NUM,WARE_NUM) values ('4','대출금4','AC07',to_date('25/02/13','RR/MM/DD'),'농협',100000,0.5,to_date('25/05/14','RR/MM/DD'),to_date('25/04/04','RR/MM/DD'),0,null);
Insert into ACCNUT_DEBT (DEBT_CODE,DEBT_NAME,SECTION,REGISTER_DATE,CREDITOR,AMOUNT,INTEREST,TIME_LIMIT,PREARRANGEMENT_DUE_DATE,COMPANY_NUM,WARE_NUM) values ('5','대출금5','AC07',to_date('25/02/13','RR/MM/DD'),'농협',100000,0.5,to_date('25/05/14','RR/MM/DD'),to_date('25/04/04','RR/MM/DD'),0,null);
Insert into ACCNUT_DEBT (DEBT_CODE,DEBT_NAME,SECTION,REGISTER_DATE,CREDITOR,AMOUNT,INTEREST,TIME_LIMIT,PREARRANGEMENT_DUE_DATE,COMPANY_NUM,WARE_NUM) values ('6','미지급급1','AC08',to_date('25/02/13','RR/MM/DD'),'A회사',100000,0,to_date('25/05/14','RR/MM/DD'),to_date('25/04/04','RR/MM/DD'),0,null);
Insert into ACCNUT_DEBT (DEBT_CODE,DEBT_NAME,SECTION,REGISTER_DATE,CREDITOR,AMOUNT,INTEREST,TIME_LIMIT,PREARRANGEMENT_DUE_DATE,COMPANY_NUM,WARE_NUM) values ('7','미지급급2','AC08',to_date('25/02/13','RR/MM/DD'),'A회사',100000,0,to_date('25/05/14','RR/MM/DD'),to_date('25/04/04','RR/MM/DD'),0,null);
Insert into ACCNUT_DEBT (DEBT_CODE,DEBT_NAME,SECTION,REGISTER_DATE,CREDITOR,AMOUNT,INTEREST,TIME_LIMIT,PREARRANGEMENT_DUE_DATE,COMPANY_NUM,WARE_NUM) values ('8','미지급급3','AC08',to_date('25/02/13','RR/MM/DD'),'A회사',100000,0,to_date('25/05/14','RR/MM/DD'),to_date('25/04/04','RR/MM/DD'),0,null);
Insert into ACCNUT_DEBT (DEBT_CODE,DEBT_NAME,SECTION,REGISTER_DATE,CREDITOR,AMOUNT,INTEREST,TIME_LIMIT,PREARRANGEMENT_DUE_DATE,COMPANY_NUM,WARE_NUM) values ('9','미지급급4','AC08',to_date('25/02/13','RR/MM/DD'),'A회사',100000,0,to_date('25/05/14','RR/MM/DD'),to_date('25/04/04','RR/MM/DD'),0,null);
Insert into ACCNUT_DEBT (DEBT_CODE,DEBT_NAME,SECTION,REGISTER_DATE,CREDITOR,AMOUNT,INTEREST,TIME_LIMIT,PREARRANGEMENT_DUE_DATE,COMPANY_NUM,WARE_NUM) values ('10','대출금1','AC07',to_date('25/02/13','RR/MM/DD'),'농협',100000,0.5,to_date('25/05/14','RR/MM/DD'),to_date('25/04/04','RR/MM/DD'),0,null);
Insert into ACCNUT_DEBT (DEBT_CODE,DEBT_NAME,SECTION,REGISTER_DATE,CREDITOR,AMOUNT,INTEREST,TIME_LIMIT,PREARRANGEMENT_DUE_DATE,COMPANY_NUM,WARE_NUM) values ('11','대출금2','AC07',to_date('25/02/13','RR/MM/DD'),'농협',100000,0.5,to_date('25/05/14','RR/MM/DD'),to_date('25/04/04','RR/MM/DD'),0,null);
Insert into ACCNUT_DEBT (DEBT_CODE,DEBT_NAME,SECTION,REGISTER_DATE,CREDITOR,AMOUNT,INTEREST,TIME_LIMIT,PREARRANGEMENT_DUE_DATE,COMPANY_NUM,WARE_NUM) values ('12','대출금3','AC07',to_date('25/02/13','RR/MM/DD'),'농협',100000,0.5,to_date('25/05/14','RR/MM/DD'),to_date('25/04/04','RR/MM/DD'),0,null);
Insert into ACCNUT_DEBT (DEBT_CODE,DEBT_NAME,SECTION,REGISTER_DATE,CREDITOR,AMOUNT,INTEREST,TIME_LIMIT,PREARRANGEMENT_DUE_DATE,COMPANY_NUM,WARE_NUM) values ('13','대출금4','AC07',to_date('25/02/13','RR/MM/DD'),'농협',100000,0.5,to_date('25/05/14','RR/MM/DD'),to_date('25/04/04','RR/MM/DD'),0,null);
Insert into ACCNUT_DEBT (DEBT_CODE,DEBT_NAME,SECTION,REGISTER_DATE,CREDITOR,AMOUNT,INTEREST,TIME_LIMIT,PREARRANGEMENT_DUE_DATE,COMPANY_NUM,WARE_NUM) values ('14','대출금5','AC07',to_date('25/02/13','RR/MM/DD'),'농협',100000,0.5,to_date('25/05/14','RR/MM/DD'),to_date('25/04/04','RR/MM/DD'),0,null);
Insert into ACCNUT_DEBT (DEBT_CODE,DEBT_NAME,SECTION,REGISTER_DATE,CREDITOR,AMOUNT,INTEREST,TIME_LIMIT,PREARRANGEMENT_DUE_DATE,COMPANY_NUM,WARE_NUM) values ('15','미지급급1','AC08',to_date('25/02/13','RR/MM/DD'),'A회사',100000,0,to_date('25/05/14','RR/MM/DD'),to_date('25/04/04','RR/MM/DD'),0,null);
Insert into ACCNUT_DEBT (DEBT_CODE,DEBT_NAME,SECTION,REGISTER_DATE,CREDITOR,AMOUNT,INTEREST,TIME_LIMIT,PREARRANGEMENT_DUE_DATE,COMPANY_NUM,WARE_NUM) values ('16','미지급급2','AC08',to_date('25/02/13','RR/MM/DD'),'A회사',100000,0,to_date('25/05/14','RR/MM/DD'),to_date('25/04/04','RR/MM/DD'),0,null);
Insert into ACCNUT_DEBT (DEBT_CODE,DEBT_NAME,SECTION,REGISTER_DATE,CREDITOR,AMOUNT,INTEREST,TIME_LIMIT,PREARRANGEMENT_DUE_DATE,COMPANY_NUM,WARE_NUM) values ('17','미지급급3','AC08',to_date('25/02/13','RR/MM/DD'),'A회사',100000,0,to_date('25/05/14','RR/MM/DD'),to_date('25/04/04','RR/MM/DD'),0,null);
Insert into ACCNUT_DEBT (DEBT_CODE,DEBT_NAME,SECTION,REGISTER_DATE,CREDITOR,AMOUNT,INTEREST,TIME_LIMIT,PREARRANGEMENT_DUE_DATE,COMPANY_NUM,WARE_NUM) values ('18','미지급급4','AC08',to_date('25/02/13','RR/MM/DD'),'A회사',100000,0,to_date('25/05/14','RR/MM/DD'),to_date('25/04/04','RR/MM/DD'),0,null);
Insert into ACCNUT_DEBT (DEBT_CODE,DEBT_NAME,SECTION,REGISTER_DATE,CREDITOR,AMOUNT,INTEREST,TIME_LIMIT,PREARRANGEMENT_DUE_DATE,COMPANY_NUM,WARE_NUM) values ('19','대출금1','AC07',to_date('25/02/13','RR/MM/DD'),'농협',100000,0.5,to_date('25/05/14','RR/MM/DD'),to_date('25/04/04','RR/MM/DD'),0,null);
Insert into ACCNUT_DEBT (DEBT_CODE,DEBT_NAME,SECTION,REGISTER_DATE,CREDITOR,AMOUNT,INTEREST,TIME_LIMIT,PREARRANGEMENT_DUE_DATE,COMPANY_NUM,WARE_NUM) values ('20','대출금2','AC07',to_date('25/02/13','RR/MM/DD'),'농협',100000,0.5,to_date('25/05/14','RR/MM/DD'),to_date('25/04/04','RR/MM/DD'),0,null);
Insert into ACCNUT_DEBT (DEBT_CODE,DEBT_NAME,SECTION,REGISTER_DATE,CREDITOR,AMOUNT,INTEREST,TIME_LIMIT,PREARRANGEMENT_DUE_DATE,COMPANY_NUM,WARE_NUM) values ('21','대출금3','AC07',to_date('25/02/13','RR/MM/DD'),'농협',100000,0.5,to_date('25/05/14','RR/MM/DD'),to_date('25/04/04','RR/MM/DD'),0,null);
Insert into ACCNUT_DEBT (DEBT_CODE,DEBT_NAME,SECTION,REGISTER_DATE,CREDITOR,AMOUNT,INTEREST,TIME_LIMIT,PREARRANGEMENT_DUE_DATE,COMPANY_NUM,WARE_NUM) values ('22','대출금4','AC07',to_date('25/02/13','RR/MM/DD'),'농협',100000,0.5,to_date('25/05/14','RR/MM/DD'),to_date('25/04/04','RR/MM/DD'),0,null);
Insert into ACCNUT_DEBT (DEBT_CODE,DEBT_NAME,SECTION,REGISTER_DATE,CREDITOR,AMOUNT,INTEREST,TIME_LIMIT,PREARRANGEMENT_DUE_DATE,COMPANY_NUM,WARE_NUM) values ('23','대출금5','AC07',to_date('25/02/13','RR/MM/DD'),'농협',100000,0.5,to_date('25/05/14','RR/MM/DD'),to_date('25/04/04','RR/MM/DD'),0,null);
Insert into ACCNUT_DEBT (DEBT_CODE,DEBT_NAME,SECTION,REGISTER_DATE,CREDITOR,AMOUNT,INTEREST,TIME_LIMIT,PREARRANGEMENT_DUE_DATE,COMPANY_NUM,WARE_NUM) values ('24','미지급급1','AC08',to_date('25/02/13','RR/MM/DD'),'A회사',100000,0,to_date('25/05/14','RR/MM/DD'),to_date('25/04/04','RR/MM/DD'),0,null);
Insert into ACCNUT_DEBT (DEBT_CODE,DEBT_NAME,SECTION,REGISTER_DATE,CREDITOR,AMOUNT,INTEREST,TIME_LIMIT,PREARRANGEMENT_DUE_DATE,COMPANY_NUM,WARE_NUM) values ('25','미지급급2','AC08',to_date('25/02/13','RR/MM/DD'),'A회사',100000,0,to_date('25/05/14','RR/MM/DD'),to_date('25/04/04','RR/MM/DD'),0,null);
Insert into ACCNUT_DEBT (DEBT_CODE,DEBT_NAME,SECTION,REGISTER_DATE,CREDITOR,AMOUNT,INTEREST,TIME_LIMIT,PREARRANGEMENT_DUE_DATE,COMPANY_NUM,WARE_NUM) values ('26','미지급급3','AC08',to_date('25/02/13','RR/MM/DD'),'A회사',100000,0,to_date('25/05/14','RR/MM/DD'),to_date('25/04/04','RR/MM/DD'),0,null);
Insert into ACCNUT_DEBT (DEBT_CODE,DEBT_NAME,SECTION,REGISTER_DATE,CREDITOR,AMOUNT,INTEREST,TIME_LIMIT,PREARRANGEMENT_DUE_DATE,COMPANY_NUM,WARE_NUM) values ('27','미지급급4','AC08',to_date('25/02/13','RR/MM/DD'),'A회사',100000,0,to_date('25/05/14','RR/MM/DD'),to_date('25/04/04','RR/MM/DD'),0,null);
Insert into ACCNUT_DEBT (DEBT_CODE,DEBT_NAME,SECTION,REGISTER_DATE,CREDITOR,AMOUNT,INTEREST,TIME_LIMIT,PREARRANGEMENT_DUE_DATE,COMPANY_NUM,WARE_NUM) values ('28','대출금1','AC07',to_date('25/02/13','RR/MM/DD'),'농협',100000,0.5,to_date('25/05/14','RR/MM/DD'),to_date('25/04/04','RR/MM/DD'),0,null);
Insert into ACCNUT_DEBT (DEBT_CODE,DEBT_NAME,SECTION,REGISTER_DATE,CREDITOR,AMOUNT,INTEREST,TIME_LIMIT,PREARRANGEMENT_DUE_DATE,COMPANY_NUM,WARE_NUM) values ('29','대출금2','AC07',to_date('25/02/13','RR/MM/DD'),'농협',100000,0.5,to_date('25/05/14','RR/MM/DD'),to_date('25/04/04','RR/MM/DD'),0,null);
Insert into ACCNUT_DEBT (DEBT_CODE,DEBT_NAME,SECTION,REGISTER_DATE,CREDITOR,AMOUNT,INTEREST,TIME_LIMIT,PREARRANGEMENT_DUE_DATE,COMPANY_NUM,WARE_NUM) values ('30','대출금3','AC07',to_date('25/02/13','RR/MM/DD'),'농협',100000,0.5,to_date('25/05/14','RR/MM/DD'),to_date('25/04/04','RR/MM/DD'),1,null);
Insert into ACCNUT_DEBT (DEBT_CODE,DEBT_NAME,SECTION,REGISTER_DATE,CREDITOR,AMOUNT,INTEREST,TIME_LIMIT,PREARRANGEMENT_DUE_DATE,COMPANY_NUM,WARE_NUM) values ('31','대출금4','AC07',to_date('25/02/13','RR/MM/DD'),'농협',100000,0.5,to_date('25/05/14','RR/MM/DD'),to_date('25/04/04','RR/MM/DD'),0,null);
Insert into ACCNUT_DEBT (DEBT_CODE,DEBT_NAME,SECTION,REGISTER_DATE,CREDITOR,AMOUNT,INTEREST,TIME_LIMIT,PREARRANGEMENT_DUE_DATE,COMPANY_NUM,WARE_NUM) values ('32','대출금5','AC07',to_date('25/02/13','RR/MM/DD'),'농협',100000,0.5,to_date('25/05/14','RR/MM/DD'),to_date('25/04/04','RR/MM/DD'),0,null);
Insert into ACCNUT_DEBT (DEBT_CODE,DEBT_NAME,SECTION,REGISTER_DATE,CREDITOR,AMOUNT,INTEREST,TIME_LIMIT,PREARRANGEMENT_DUE_DATE,COMPANY_NUM,WARE_NUM) values ('33','미지급급1','AC08',to_date('25/02/13','RR/MM/DD'),'A회사',100000,0,to_date('25/05/14','RR/MM/DD'),to_date('25/04/04','RR/MM/DD'),0,null);
Insert into ACCNUT_DEBT (DEBT_CODE,DEBT_NAME,SECTION,REGISTER_DATE,CREDITOR,AMOUNT,INTEREST,TIME_LIMIT,PREARRANGEMENT_DUE_DATE,COMPANY_NUM,WARE_NUM) values ('34','미지급급2','AC08',to_date('25/02/13','RR/MM/DD'),'A회사',100000,0,to_date('25/05/14','RR/MM/DD'),to_date('25/04/04','RR/MM/DD'),0,null);
Insert into ACCNUT_DEBT (DEBT_CODE,DEBT_NAME,SECTION,REGISTER_DATE,CREDITOR,AMOUNT,INTEREST,TIME_LIMIT,PREARRANGEMENT_DUE_DATE,COMPANY_NUM,WARE_NUM) values ('35','미지급급3','AC08',to_date('25/02/13','RR/MM/DD'),'A회사',100000,0,to_date('25/05/14','RR/MM/DD'),to_date('25/04/04','RR/MM/DD'),0,null);
Insert into ACCNUT_DEBT (DEBT_CODE,DEBT_NAME,SECTION,REGISTER_DATE,CREDITOR,AMOUNT,INTEREST,TIME_LIMIT,PREARRANGEMENT_DUE_DATE,COMPANY_NUM,WARE_NUM) values ('36','미지급급4','AC08',to_date('25/02/13','RR/MM/DD'),'A회사',100000,0,to_date('25/05/14','RR/MM/DD'),to_date('25/04/04','RR/MM/DD'),0,null);
Insert into ACCNUT_DEBT (DEBT_CODE,DEBT_NAME,SECTION,REGISTER_DATE,CREDITOR,AMOUNT,INTEREST,TIME_LIMIT,PREARRANGEMENT_DUE_DATE,COMPANY_NUM,WARE_NUM) values ('37','대출금1','AC07',to_date('25/02/13','RR/MM/DD'),'농협',100000,0.5,to_date('25/05/14','RR/MM/DD'),to_date('25/04/04','RR/MM/DD'),0,null);
Insert into ACCNUT_DEBT (DEBT_CODE,DEBT_NAME,SECTION,REGISTER_DATE,CREDITOR,AMOUNT,INTEREST,TIME_LIMIT,PREARRANGEMENT_DUE_DATE,COMPANY_NUM,WARE_NUM) values ('38','대출금2','AC07',to_date('25/02/13','RR/MM/DD'),'농협',100000,0.5,to_date('25/05/14','RR/MM/DD'),to_date('25/04/04','RR/MM/DD'),0,null);
Insert into ACCNUT_DEBT (DEBT_CODE,DEBT_NAME,SECTION,REGISTER_DATE,CREDITOR,AMOUNT,INTEREST,TIME_LIMIT,PREARRANGEMENT_DUE_DATE,COMPANY_NUM,WARE_NUM) values ('39','대출금3','AC07',to_date('25/02/13','RR/MM/DD'),'농협',100000,0.5,to_date('25/05/14','RR/MM/DD'),to_date('25/04/04','RR/MM/DD'),0,null);
Insert into ACCNUT_DEBT (DEBT_CODE,DEBT_NAME,SECTION,REGISTER_DATE,CREDITOR,AMOUNT,INTEREST,TIME_LIMIT,PREARRANGEMENT_DUE_DATE,COMPANY_NUM,WARE_NUM) values ('40','대출금4','AC07',to_date('25/02/13','RR/MM/DD'),'농협',100000,0.5,to_date('25/05/14','RR/MM/DD'),to_date('25/04/04','RR/MM/DD'),0,null);
Insert into ACCNUT_DEBT (DEBT_CODE,DEBT_NAME,SECTION,REGISTER_DATE,CREDITOR,AMOUNT,INTEREST,TIME_LIMIT,PREARRANGEMENT_DUE_DATE,COMPANY_NUM,WARE_NUM) values ('41','대출금5','AC07',to_date('25/02/13','RR/MM/DD'),'농협',100000,0.5,to_date('25/05/14','RR/MM/DD'),to_date('25/04/04','RR/MM/DD'),1,null);
Insert into ACCNUT_DEBT (DEBT_CODE,DEBT_NAME,SECTION,REGISTER_DATE,CREDITOR,AMOUNT,INTEREST,TIME_LIMIT,PREARRANGEMENT_DUE_DATE,COMPANY_NUM,WARE_NUM) values ('42','미지급급1','AC08',to_date('25/02/13','RR/MM/DD'),'A회사',100000,0,to_date('25/05/14','RR/MM/DD'),to_date('25/04/04','RR/MM/DD'),0,null);
Insert into ACCNUT_DEBT (DEBT_CODE,DEBT_NAME,SECTION,REGISTER_DATE,CREDITOR,AMOUNT,INTEREST,TIME_LIMIT,PREARRANGEMENT_DUE_DATE,COMPANY_NUM,WARE_NUM) values ('43','미지급급2','AC08',to_date('25/02/13','RR/MM/DD'),'A회사',0,0,to_date('25/05/14','RR/MM/DD'),to_date('25/04/04','RR/MM/DD'),1,null);
Insert into ACCNUT_DEBT (DEBT_CODE,DEBT_NAME,SECTION,REGISTER_DATE,CREDITOR,AMOUNT,INTEREST,TIME_LIMIT,PREARRANGEMENT_DUE_DATE,COMPANY_NUM,WARE_NUM) values ('44','미지급급3','AC08',to_date('25/02/13','RR/MM/DD'),'A회사',100000,0,to_date('25/05/14','RR/MM/DD'),to_date('25/04/04','RR/MM/DD'),0,null);
Insert into ACCNUT_DEBT (DEBT_CODE,DEBT_NAME,SECTION,REGISTER_DATE,CREDITOR,AMOUNT,INTEREST,TIME_LIMIT,PREARRANGEMENT_DUE_DATE,COMPANY_NUM,WARE_NUM) values ('45','미지급급4','AC08',to_date('25/02/13','RR/MM/DD'),'A회사',100000,0,to_date('25/05/14','RR/MM/DD'),to_date('25/04/04','RR/MM/DD'),0,null);
Insert into ACCNUT_DEBT (DEBT_CODE,DEBT_NAME,SECTION,REGISTER_DATE,CREDITOR,AMOUNT,INTEREST,TIME_LIMIT,PREARRANGEMENT_DUE_DATE,COMPANY_NUM,WARE_NUM) values ('46','대출금1','AC07',to_date('25/02/13','RR/MM/DD'),'농협',100000,0.5,to_date('25/05/14','RR/MM/DD'),to_date('25/04/04','RR/MM/DD'),0,null);
Insert into ACCNUT_DEBT (DEBT_CODE,DEBT_NAME,SECTION,REGISTER_DATE,CREDITOR,AMOUNT,INTEREST,TIME_LIMIT,PREARRANGEMENT_DUE_DATE,COMPANY_NUM,WARE_NUM) values ('47','대출금2','AC07',to_date('25/02/13','RR/MM/DD'),'농협',100000,0.5,to_date('25/05/14','RR/MM/DD'),to_date('25/04/04','RR/MM/DD'),0,null);
Insert into ACCNUT_DEBT (DEBT_CODE,DEBT_NAME,SECTION,REGISTER_DATE,CREDITOR,AMOUNT,INTEREST,TIME_LIMIT,PREARRANGEMENT_DUE_DATE,COMPANY_NUM,WARE_NUM) values ('48','대출금3','AC07',to_date('25/02/13','RR/MM/DD'),'농협',100000,0.5,to_date('25/05/14','RR/MM/DD'),to_date('25/04/04','RR/MM/DD'),1,null);
Insert into ACCNUT_DEBT (DEBT_CODE,DEBT_NAME,SECTION,REGISTER_DATE,CREDITOR,AMOUNT,INTEREST,TIME_LIMIT,PREARRANGEMENT_DUE_DATE,COMPANY_NUM,WARE_NUM) values ('49','대출금4','AC07',to_date('25/02/13','RR/MM/DD'),'농협',100000,0.5,to_date('25/05/14','RR/MM/DD'),to_date('25/04/04','RR/MM/DD'),0,null);
Insert into ACCNUT_DEBT (DEBT_CODE,DEBT_NAME,SECTION,REGISTER_DATE,CREDITOR,AMOUNT,INTEREST,TIME_LIMIT,PREARRANGEMENT_DUE_DATE,COMPANY_NUM,WARE_NUM) values ('50','대출금5','AC07',to_date('25/02/13','RR/MM/DD'),'농협',100000,0.5,to_date('25/05/14','RR/MM/DD'),to_date('25/04/04','RR/MM/DD'),0,null);
Insert into ACCNUT_DEBT (DEBT_CODE,DEBT_NAME,SECTION,REGISTER_DATE,CREDITOR,AMOUNT,INTEREST,TIME_LIMIT,PREARRANGEMENT_DUE_DATE,COMPANY_NUM,WARE_NUM) values ('51','미지급급1','AC08',to_date('25/02/13','RR/MM/DD'),'A회사',100000,0,to_date('25/05/14','RR/MM/DD'),to_date('25/04/04','RR/MM/DD'),0,null);
Insert into ACCNUT_DEBT (DEBT_CODE,DEBT_NAME,SECTION,REGISTER_DATE,CREDITOR,AMOUNT,INTEREST,TIME_LIMIT,PREARRANGEMENT_DUE_DATE,COMPANY_NUM,WARE_NUM) values ('52','미지급급2','AC08',to_date('25/02/13','RR/MM/DD'),'A회사',100000,0,to_date('25/05/14','RR/MM/DD'),to_date('25/04/04','RR/MM/DD'),0,null);
Insert into ACCNUT_DEBT (DEBT_CODE,DEBT_NAME,SECTION,REGISTER_DATE,CREDITOR,AMOUNT,INTEREST,TIME_LIMIT,PREARRANGEMENT_DUE_DATE,COMPANY_NUM,WARE_NUM) values ('53','미지급급3','AC08',to_date('25/02/13','RR/MM/DD'),'A회사',100000,0,to_date('25/05/14','RR/MM/DD'),to_date('25/04/04','RR/MM/DD'),0,null);
Insert into ACCNUT_DEBT (DEBT_CODE,DEBT_NAME,SECTION,REGISTER_DATE,CREDITOR,AMOUNT,INTEREST,TIME_LIMIT,PREARRANGEMENT_DUE_DATE,COMPANY_NUM,WARE_NUM) values ('54','미지급급4','AC08',to_date('25/02/13','RR/MM/DD'),'A회사',100000,0,to_date('25/05/14','RR/MM/DD'),to_date('25/04/04','RR/MM/DD'),0,null);
Insert into ACCNUT_DEBT (DEBT_CODE,DEBT_NAME,SECTION,REGISTER_DATE,CREDITOR,AMOUNT,INTEREST,TIME_LIMIT,PREARRANGEMENT_DUE_DATE,COMPANY_NUM,WARE_NUM) values ('55','대출금1','AC07',to_date('25/02/13','RR/MM/DD'),'농협',100000,0.5,to_date('25/05/14','RR/MM/DD'),to_date('25/04/04','RR/MM/DD'),0,null);
Insert into ACCNUT_DEBT (DEBT_CODE,DEBT_NAME,SECTION,REGISTER_DATE,CREDITOR,AMOUNT,INTEREST,TIME_LIMIT,PREARRANGEMENT_DUE_DATE,COMPANY_NUM,WARE_NUM) values ('56','대출금2','AC07',to_date('25/02/13','RR/MM/DD'),'농협',100000,0.5,to_date('25/05/14','RR/MM/DD'),to_date('25/04/04','RR/MM/DD'),0,null);
Insert into ACCNUT_DEBT (DEBT_CODE,DEBT_NAME,SECTION,REGISTER_DATE,CREDITOR,AMOUNT,INTEREST,TIME_LIMIT,PREARRANGEMENT_DUE_DATE,COMPANY_NUM,WARE_NUM) values ('57','대출금3','AC07',to_date('25/02/13','RR/MM/DD'),'농협',100000,0.5,to_date('25/05/14','RR/MM/DD'),to_date('25/04/04','RR/MM/DD'),0,null);
Insert into ACCNUT_DEBT (DEBT_CODE,DEBT_NAME,SECTION,REGISTER_DATE,CREDITOR,AMOUNT,INTEREST,TIME_LIMIT,PREARRANGEMENT_DUE_DATE,COMPANY_NUM,WARE_NUM) values ('58','대출금4','AC07',to_date('25/02/13','RR/MM/DD'),'농협',100000,0.5,to_date('25/05/14','RR/MM/DD'),to_date('25/04/04','RR/MM/DD'),0,null);
Insert into ACCNUT_DEBT (DEBT_CODE,DEBT_NAME,SECTION,REGISTER_DATE,CREDITOR,AMOUNT,INTEREST,TIME_LIMIT,PREARRANGEMENT_DUE_DATE,COMPANY_NUM,WARE_NUM) values ('59','대출금5','AC07',to_date('25/02/13','RR/MM/DD'),'농협',100000,0.5,to_date('25/05/14','RR/MM/DD'),to_date('25/04/04','RR/MM/DD'),0,null);
Insert into ACCNUT_DEBT (DEBT_CODE,DEBT_NAME,SECTION,REGISTER_DATE,CREDITOR,AMOUNT,INTEREST,TIME_LIMIT,PREARRANGEMENT_DUE_DATE,COMPANY_NUM,WARE_NUM) values ('60','미지급급1','AC08',to_date('25/02/13','RR/MM/DD'),'A회사',100000,0,to_date('25/05/14','RR/MM/DD'),to_date('25/04/04','RR/MM/DD'),0,null);
Insert into ACCNUT_DEBT (DEBT_CODE,DEBT_NAME,SECTION,REGISTER_DATE,CREDITOR,AMOUNT,INTEREST,TIME_LIMIT,PREARRANGEMENT_DUE_DATE,COMPANY_NUM,WARE_NUM) values ('61','미지급급2','AC08',to_date('25/02/13','RR/MM/DD'),'A회사',100000,0,to_date('25/05/14','RR/MM/DD'),to_date('25/04/04','RR/MM/DD'),0,null);
Insert into ACCNUT_DEBT (DEBT_CODE,DEBT_NAME,SECTION,REGISTER_DATE,CREDITOR,AMOUNT,INTEREST,TIME_LIMIT,PREARRANGEMENT_DUE_DATE,COMPANY_NUM,WARE_NUM) values ('62','미지급급3','AC08',to_date('25/02/13','RR/MM/DD'),'A회사',100000,0,to_date('25/05/14','RR/MM/DD'),to_date('25/04/04','RR/MM/DD'),0,null);
Insert into ACCNUT_DEBT (DEBT_CODE,DEBT_NAME,SECTION,REGISTER_DATE,CREDITOR,AMOUNT,INTEREST,TIME_LIMIT,PREARRANGEMENT_DUE_DATE,COMPANY_NUM,WARE_NUM) values ('63','미지급급4','AC08',to_date('25/02/13','RR/MM/DD'),'A회사',100000,0,to_date('25/05/14','RR/MM/DD'),to_date('25/04/04','RR/MM/DD'),0,null);
Insert into ACCNUT_DEBT (DEBT_CODE,DEBT_NAME,SECTION,REGISTER_DATE,CREDITOR,AMOUNT,INTEREST,TIME_LIMIT,PREARRANGEMENT_DUE_DATE,COMPANY_NUM,WARE_NUM) values ('64','대출금1','AC07',to_date('25/02/13','RR/MM/DD'),'농협',100000,0.5,to_date('25/05/14','RR/MM/DD'),to_date('25/04/04','RR/MM/DD'),0,null);
Insert into ACCNUT_DEBT (DEBT_CODE,DEBT_NAME,SECTION,REGISTER_DATE,CREDITOR,AMOUNT,INTEREST,TIME_LIMIT,PREARRANGEMENT_DUE_DATE,COMPANY_NUM,WARE_NUM) values ('65','대출금2','AC07',to_date('25/02/13','RR/MM/DD'),'농협',100000,0.5,to_date('25/05/14','RR/MM/DD'),to_date('25/04/04','RR/MM/DD'),0,null);
Insert into ACCNUT_DEBT (DEBT_CODE,DEBT_NAME,SECTION,REGISTER_DATE,CREDITOR,AMOUNT,INTEREST,TIME_LIMIT,PREARRANGEMENT_DUE_DATE,COMPANY_NUM,WARE_NUM) values ('66','대출금3','AC07',to_date('25/02/13','RR/MM/DD'),'농협',100000,0.5,to_date('25/05/14','RR/MM/DD'),to_date('25/04/04','RR/MM/DD'),0,null);
Insert into ACCNUT_DEBT (DEBT_CODE,DEBT_NAME,SECTION,REGISTER_DATE,CREDITOR,AMOUNT,INTEREST,TIME_LIMIT,PREARRANGEMENT_DUE_DATE,COMPANY_NUM,WARE_NUM) values ('67','대출금4','AC07',to_date('25/02/13','RR/MM/DD'),'농협',100000,0.5,to_date('25/05/14','RR/MM/DD'),to_date('25/04/04','RR/MM/DD'),0,null);
Insert into ACCNUT_DEBT (DEBT_CODE,DEBT_NAME,SECTION,REGISTER_DATE,CREDITOR,AMOUNT,INTEREST,TIME_LIMIT,PREARRANGEMENT_DUE_DATE,COMPANY_NUM,WARE_NUM) values ('68','대출금5','AC07',to_date('25/02/13','RR/MM/DD'),'농협',100000,0.5,to_date('25/05/14','RR/MM/DD'),to_date('25/04/04','RR/MM/DD'),0,null);
Insert into ACCNUT_DEBT (DEBT_CODE,DEBT_NAME,SECTION,REGISTER_DATE,CREDITOR,AMOUNT,INTEREST,TIME_LIMIT,PREARRANGEMENT_DUE_DATE,COMPANY_NUM,WARE_NUM) values ('69','미지급급1','AC08',to_date('25/02/13','RR/MM/DD'),'A회사',100000,0,to_date('25/05/14','RR/MM/DD'),to_date('25/04/04','RR/MM/DD'),0,null);
Insert into ACCNUT_DEBT (DEBT_CODE,DEBT_NAME,SECTION,REGISTER_DATE,CREDITOR,AMOUNT,INTEREST,TIME_LIMIT,PREARRANGEMENT_DUE_DATE,COMPANY_NUM,WARE_NUM) values ('70','미지급급2','AC08',to_date('25/02/13','RR/MM/DD'),'A회사',100000,0,to_date('25/05/14','RR/MM/DD'),to_date('25/04/04','RR/MM/DD'),0,null);
Insert into ACCNUT_DEBT (DEBT_CODE,DEBT_NAME,SECTION,REGISTER_DATE,CREDITOR,AMOUNT,INTEREST,TIME_LIMIT,PREARRANGEMENT_DUE_DATE,COMPANY_NUM,WARE_NUM) values ('71','미지급급3','AC08',to_date('25/02/13','RR/MM/DD'),'A회사',100000,0,to_date('25/05/14','RR/MM/DD'),to_date('25/04/04','RR/MM/DD'),0,null);
Insert into ACCNUT_DEBT (DEBT_CODE,DEBT_NAME,SECTION,REGISTER_DATE,CREDITOR,AMOUNT,INTEREST,TIME_LIMIT,PREARRANGEMENT_DUE_DATE,COMPANY_NUM,WARE_NUM) values ('72','미지급급4','AC08',to_date('25/02/13','RR/MM/DD'),'A회사',100000,0,to_date('25/05/14','RR/MM/DD'),to_date('25/04/04','RR/MM/DD'),0,null);
Insert into ACCNUT_DEBT (DEBT_CODE,DEBT_NAME,SECTION,REGISTER_DATE,CREDITOR,AMOUNT,INTEREST,TIME_LIMIT,PREARRANGEMENT_DUE_DATE,COMPANY_NUM,WARE_NUM) values ('73','대출금1','AC07',to_date('25/02/13','RR/MM/DD'),'농협',100000,0.5,to_date('25/05/14','RR/MM/DD'),to_date('25/04/04','RR/MM/DD'),0,null);
Insert into ACCNUT_DEBT (DEBT_CODE,DEBT_NAME,SECTION,REGISTER_DATE,CREDITOR,AMOUNT,INTEREST,TIME_LIMIT,PREARRANGEMENT_DUE_DATE,COMPANY_NUM,WARE_NUM) values ('74','대출금2','AC07',to_date('25/02/13','RR/MM/DD'),'농협',100000,0.5,to_date('25/05/14','RR/MM/DD'),to_date('25/04/04','RR/MM/DD'),0,null);
Insert into ACCNUT_DEBT (DEBT_CODE,DEBT_NAME,SECTION,REGISTER_DATE,CREDITOR,AMOUNT,INTEREST,TIME_LIMIT,PREARRANGEMENT_DUE_DATE,COMPANY_NUM,WARE_NUM) values ('75','대출금3','AC07',to_date('25/02/13','RR/MM/DD'),'농협',100000,0.5,to_date('25/05/14','RR/MM/DD'),to_date('25/04/04','RR/MM/DD'),0,null);
Insert into ACCNUT_DEBT (DEBT_CODE,DEBT_NAME,SECTION,REGISTER_DATE,CREDITOR,AMOUNT,INTEREST,TIME_LIMIT,PREARRANGEMENT_DUE_DATE,COMPANY_NUM,WARE_NUM) values ('76','대출금4','AC07',to_date('25/02/13','RR/MM/DD'),'농협',100000,0.5,to_date('25/05/14','RR/MM/DD'),to_date('25/04/04','RR/MM/DD'),0,null);
Insert into ACCNUT_DEBT (DEBT_CODE,DEBT_NAME,SECTION,REGISTER_DATE,CREDITOR,AMOUNT,INTEREST,TIME_LIMIT,PREARRANGEMENT_DUE_DATE,COMPANY_NUM,WARE_NUM) values ('77','대출금5','AC07',to_date('25/02/13','RR/MM/DD'),'농협',100000,0.5,to_date('25/05/14','RR/MM/DD'),to_date('25/04/04','RR/MM/DD'),0,null);
Insert into ACCNUT_DEBT (DEBT_CODE,DEBT_NAME,SECTION,REGISTER_DATE,CREDITOR,AMOUNT,INTEREST,TIME_LIMIT,PREARRANGEMENT_DUE_DATE,COMPANY_NUM,WARE_NUM) values ('78','미지급급1','AC08',to_date('25/02/13','RR/MM/DD'),'A회사',100000,0,to_date('25/05/14','RR/MM/DD'),to_date('25/04/04','RR/MM/DD'),0,null);
Insert into ACCNUT_DEBT (DEBT_CODE,DEBT_NAME,SECTION,REGISTER_DATE,CREDITOR,AMOUNT,INTEREST,TIME_LIMIT,PREARRANGEMENT_DUE_DATE,COMPANY_NUM,WARE_NUM) values ('79','미지급급2','AC08',to_date('25/02/13','RR/MM/DD'),'A회사',100000,0,to_date('25/05/14','RR/MM/DD'),to_date('25/04/04','RR/MM/DD'),0,null);
Insert into ACCNUT_DEBT (DEBT_CODE,DEBT_NAME,SECTION,REGISTER_DATE,CREDITOR,AMOUNT,INTEREST,TIME_LIMIT,PREARRANGEMENT_DUE_DATE,COMPANY_NUM,WARE_NUM) values ('80','미지급급3','AC08',to_date('25/02/13','RR/MM/DD'),'A회사',100000,0,to_date('25/05/14','RR/MM/DD'),to_date('25/04/04','RR/MM/DD'),0,null);
Insert into ACCNUT_DEBT (DEBT_CODE,DEBT_NAME,SECTION,REGISTER_DATE,CREDITOR,AMOUNT,INTEREST,TIME_LIMIT,PREARRANGEMENT_DUE_DATE,COMPANY_NUM,WARE_NUM) values ('81','미지급급4','AC08',to_date('25/02/13','RR/MM/DD'),'A회사',100000,0,to_date('25/05/14','RR/MM/DD'),to_date('25/04/04','RR/MM/DD'),0,null);
Insert into ACCNUT_DEBT (DEBT_CODE,DEBT_NAME,SECTION,REGISTER_DATE,CREDITOR,AMOUNT,INTEREST,TIME_LIMIT,PREARRANGEMENT_DUE_DATE,COMPANY_NUM,WARE_NUM) values ('82','대출금1','AC07',to_date('25/02/13','RR/MM/DD'),'농협',100000,0.5,to_date('25/05/14','RR/MM/DD'),to_date('25/04/04','RR/MM/DD'),0,null);
Insert into ACCNUT_DEBT (DEBT_CODE,DEBT_NAME,SECTION,REGISTER_DATE,CREDITOR,AMOUNT,INTEREST,TIME_LIMIT,PREARRANGEMENT_DUE_DATE,COMPANY_NUM,WARE_NUM) values ('83','대출금2','AC07',to_date('25/02/13','RR/MM/DD'),'농협',100000,0.5,to_date('25/05/14','RR/MM/DD'),to_date('25/04/04','RR/MM/DD'),0,null);
Insert into ACCNUT_DEBT (DEBT_CODE,DEBT_NAME,SECTION,REGISTER_DATE,CREDITOR,AMOUNT,INTEREST,TIME_LIMIT,PREARRANGEMENT_DUE_DATE,COMPANY_NUM,WARE_NUM) values ('84','대출금3','AC07',to_date('25/02/13','RR/MM/DD'),'농협',100000,0.5,to_date('25/05/14','RR/MM/DD'),to_date('25/04/04','RR/MM/DD'),0,null);
Insert into ACCNUT_DEBT (DEBT_CODE,DEBT_NAME,SECTION,REGISTER_DATE,CREDITOR,AMOUNT,INTEREST,TIME_LIMIT,PREARRANGEMENT_DUE_DATE,COMPANY_NUM,WARE_NUM) values ('85','대출금4','AC07',to_date('25/02/13','RR/MM/DD'),'농협',100000,0.5,to_date('25/05/14','RR/MM/DD'),to_date('25/04/04','RR/MM/DD'),0,null);
Insert into ACCNUT_DEBT (DEBT_CODE,DEBT_NAME,SECTION,REGISTER_DATE,CREDITOR,AMOUNT,INTEREST,TIME_LIMIT,PREARRANGEMENT_DUE_DATE,COMPANY_NUM,WARE_NUM) values ('86','대출금5','AC07',to_date('25/02/13','RR/MM/DD'),'농협',100000,0.5,to_date('25/05/14','RR/MM/DD'),to_date('25/04/04','RR/MM/DD'),0,null);
Insert into ACCNUT_DEBT (DEBT_CODE,DEBT_NAME,SECTION,REGISTER_DATE,CREDITOR,AMOUNT,INTEREST,TIME_LIMIT,PREARRANGEMENT_DUE_DATE,COMPANY_NUM,WARE_NUM) values ('87','미지급급1','AC08',to_date('25/02/13','RR/MM/DD'),'A회사',100000,0,to_date('25/05/14','RR/MM/DD'),to_date('25/04/04','RR/MM/DD'),0,null);
Insert into ACCNUT_DEBT (DEBT_CODE,DEBT_NAME,SECTION,REGISTER_DATE,CREDITOR,AMOUNT,INTEREST,TIME_LIMIT,PREARRANGEMENT_DUE_DATE,COMPANY_NUM,WARE_NUM) values ('88','미지급급2','AC08',to_date('25/02/13','RR/MM/DD'),'A회사',100000,0,to_date('25/05/14','RR/MM/DD'),to_date('25/04/04','RR/MM/DD'),0,null);
Insert into ACCNUT_DEBT (DEBT_CODE,DEBT_NAME,SECTION,REGISTER_DATE,CREDITOR,AMOUNT,INTEREST,TIME_LIMIT,PREARRANGEMENT_DUE_DATE,COMPANY_NUM,WARE_NUM) values ('89','미지급급3','AC08',to_date('25/02/13','RR/MM/DD'),'A회사',100000,0,to_date('25/05/14','RR/MM/DD'),to_date('25/04/04','RR/MM/DD'),0,null);
Insert into ACCNUT_DEBT (DEBT_CODE,DEBT_NAME,SECTION,REGISTER_DATE,CREDITOR,AMOUNT,INTEREST,TIME_LIMIT,PREARRANGEMENT_DUE_DATE,COMPANY_NUM,WARE_NUM) values ('90','미지급급4','AC08',to_date('25/02/13','RR/MM/DD'),'A회사',100000,0,to_date('25/05/14','RR/MM/DD'),to_date('25/04/04','RR/MM/DD'),0,null);
Insert into ACCNUT_DEBT (DEBT_CODE,DEBT_NAME,SECTION,REGISTER_DATE,CREDITOR,AMOUNT,INTEREST,TIME_LIMIT,PREARRANGEMENT_DUE_DATE,COMPANY_NUM,WARE_NUM) values ('91','대출금1','AC07',to_date('25/02/13','RR/MM/DD'),'농협',100000,0.5,to_date('25/05/14','RR/MM/DD'),to_date('25/04/04','RR/MM/DD'),0,null);
Insert into ACCNUT_DEBT (DEBT_CODE,DEBT_NAME,SECTION,REGISTER_DATE,CREDITOR,AMOUNT,INTEREST,TIME_LIMIT,PREARRANGEMENT_DUE_DATE,COMPANY_NUM,WARE_NUM) values ('92','대출금2','AC07',to_date('25/02/13','RR/MM/DD'),'농협',100000,0.5,to_date('25/05/14','RR/MM/DD'),to_date('25/04/04','RR/MM/DD'),0,null);
Insert into ACCNUT_DEBT (DEBT_CODE,DEBT_NAME,SECTION,REGISTER_DATE,CREDITOR,AMOUNT,INTEREST,TIME_LIMIT,PREARRANGEMENT_DUE_DATE,COMPANY_NUM,WARE_NUM) values ('93','대출금3','AC07',to_date('25/02/13','RR/MM/DD'),'농협',100000,0.5,to_date('25/05/14','RR/MM/DD'),to_date('25/04/04','RR/MM/DD'),0,null);
Insert into ACCNUT_DEBT (DEBT_CODE,DEBT_NAME,SECTION,REGISTER_DATE,CREDITOR,AMOUNT,INTEREST,TIME_LIMIT,PREARRANGEMENT_DUE_DATE,COMPANY_NUM,WARE_NUM) values ('94','대출금4','AC07',to_date('25/02/13','RR/MM/DD'),'농협',100000,0.5,to_date('25/05/14','RR/MM/DD'),to_date('25/04/04','RR/MM/DD'),0,null);
Insert into ACCNUT_DEBT (DEBT_CODE,DEBT_NAME,SECTION,REGISTER_DATE,CREDITOR,AMOUNT,INTEREST,TIME_LIMIT,PREARRANGEMENT_DUE_DATE,COMPANY_NUM,WARE_NUM) values ('95','대출금5','AC07',to_date('25/02/13','RR/MM/DD'),'농협',100000,0.5,to_date('25/05/14','RR/MM/DD'),to_date('25/04/04','RR/MM/DD'),0,null);
Insert into ACCNUT_DEBT (DEBT_CODE,DEBT_NAME,SECTION,REGISTER_DATE,CREDITOR,AMOUNT,INTEREST,TIME_LIMIT,PREARRANGEMENT_DUE_DATE,COMPANY_NUM,WARE_NUM) values ('96','미지급급1','AC08',to_date('25/02/13','RR/MM/DD'),'A회사',100000,0,to_date('25/05/14','RR/MM/DD'),to_date('25/04/04','RR/MM/DD'),0,null);
Insert into ACCNUT_DEBT (DEBT_CODE,DEBT_NAME,SECTION,REGISTER_DATE,CREDITOR,AMOUNT,INTEREST,TIME_LIMIT,PREARRANGEMENT_DUE_DATE,COMPANY_NUM,WARE_NUM) values ('97','미지급급2','AC08',to_date('25/02/13','RR/MM/DD'),'A회사',100000,0,to_date('25/05/14','RR/MM/DD'),to_date('25/04/04','RR/MM/DD'),0,null);
Insert into ACCNUT_DEBT (DEBT_CODE,DEBT_NAME,SECTION,REGISTER_DATE,CREDITOR,AMOUNT,INTEREST,TIME_LIMIT,PREARRANGEMENT_DUE_DATE,COMPANY_NUM,WARE_NUM) values ('98','미지급급3','AC08',to_date('25/02/13','RR/MM/DD'),'A회사',100000,0,to_date('25/05/14','RR/MM/DD'),to_date('25/04/04','RR/MM/DD'),0,null);
Insert into ACCNUT_DEBT (DEBT_CODE,DEBT_NAME,SECTION,REGISTER_DATE,CREDITOR,AMOUNT,INTEREST,TIME_LIMIT,PREARRANGEMENT_DUE_DATE,COMPANY_NUM,WARE_NUM) values ('99','미지급급4','AC08',to_date('25/02/13','RR/MM/DD'),'A회사',100000,0,to_date('25/05/14','RR/MM/DD'),to_date('25/04/04','RR/MM/DD'),0,null);
Insert into ACCNUT_DEBT (DEBT_CODE,DEBT_NAME,SECTION,REGISTER_DATE,CREDITOR,AMOUNT,INTEREST,TIME_LIMIT,PREARRANGEMENT_DUE_DATE,COMPANY_NUM,WARE_NUM) values ('100','대출금1','AC07',to_date('25/02/13','RR/MM/DD'),'농협',100000,0.5,to_date('25/05/14','RR/MM/DD'),to_date('25/04/04','RR/MM/DD'),0,null);
Insert into ACCNUT_DEBT (DEBT_CODE,DEBT_NAME,SECTION,REGISTER_DATE,CREDITOR,AMOUNT,INTEREST,TIME_LIMIT,PREARRANGEMENT_DUE_DATE,COMPANY_NUM,WARE_NUM) values ('101','대출금2','AC07',to_date('25/02/13','RR/MM/DD'),'농협',100000,0.5,to_date('25/05/14','RR/MM/DD'),to_date('25/04/04','RR/MM/DD'),0,null);
Insert into ACCNUT_DEBT (DEBT_CODE,DEBT_NAME,SECTION,REGISTER_DATE,CREDITOR,AMOUNT,INTEREST,TIME_LIMIT,PREARRANGEMENT_DUE_DATE,COMPANY_NUM,WARE_NUM) values ('102','대출금3','AC07',to_date('25/02/13','RR/MM/DD'),'농협',100000,0.5,to_date('25/05/14','RR/MM/DD'),to_date('25/04/04','RR/MM/DD'),0,null);
Insert into ACCNUT_DEBT (DEBT_CODE,DEBT_NAME,SECTION,REGISTER_DATE,CREDITOR,AMOUNT,INTEREST,TIME_LIMIT,PREARRANGEMENT_DUE_DATE,COMPANY_NUM,WARE_NUM) values ('103','대출금4','AC07',to_date('25/02/13','RR/MM/DD'),'농협',100000,0.5,to_date('25/05/14','RR/MM/DD'),to_date('25/04/04','RR/MM/DD'),0,null);
Insert into ACCNUT_DEBT (DEBT_CODE,DEBT_NAME,SECTION,REGISTER_DATE,CREDITOR,AMOUNT,INTEREST,TIME_LIMIT,PREARRANGEMENT_DUE_DATE,COMPANY_NUM,WARE_NUM) values ('104','대출금5','AC07',to_date('25/02/13','RR/MM/DD'),'농협',100000,0.5,to_date('25/05/14','RR/MM/DD'),to_date('25/04/04','RR/MM/DD'),0,null);
Insert into ACCNUT_DEBT (DEBT_CODE,DEBT_NAME,SECTION,REGISTER_DATE,CREDITOR,AMOUNT,INTEREST,TIME_LIMIT,PREARRANGEMENT_DUE_DATE,COMPANY_NUM,WARE_NUM) values ('105','미지급급1','AC08',to_date('25/02/13','RR/MM/DD'),'A회사',100000,0,to_date('25/05/14','RR/MM/DD'),to_date('25/04/04','RR/MM/DD'),0,null);
Insert into ACCNUT_DEBT (DEBT_CODE,DEBT_NAME,SECTION,REGISTER_DATE,CREDITOR,AMOUNT,INTEREST,TIME_LIMIT,PREARRANGEMENT_DUE_DATE,COMPANY_NUM,WARE_NUM) values ('106','미지급급2','AC08',to_date('25/02/13','RR/MM/DD'),'A회사',100000,0,to_date('25/05/14','RR/MM/DD'),to_date('25/04/04','RR/MM/DD'),0,null);
Insert into ACCNUT_DEBT (DEBT_CODE,DEBT_NAME,SECTION,REGISTER_DATE,CREDITOR,AMOUNT,INTEREST,TIME_LIMIT,PREARRANGEMENT_DUE_DATE,COMPANY_NUM,WARE_NUM) values ('107','미지급급3','AC08',to_date('25/02/13','RR/MM/DD'),'A회사',100000,0,to_date('25/05/14','RR/MM/DD'),to_date('25/04/04','RR/MM/DD'),0,null);
Insert into ACCNUT_DEBT (DEBT_CODE,DEBT_NAME,SECTION,REGISTER_DATE,CREDITOR,AMOUNT,INTEREST,TIME_LIMIT,PREARRANGEMENT_DUE_DATE,COMPANY_NUM,WARE_NUM) values ('108','미지급급4','AC08',to_date('25/02/13','RR/MM/DD'),'A회사',100000,0,to_date('25/05/14','RR/MM/DD'),to_date('25/04/04','RR/MM/DD'),0,null);
Insert into ACCNUT_DEBT (DEBT_CODE,DEBT_NAME,SECTION,REGISTER_DATE,CREDITOR,AMOUNT,INTEREST,TIME_LIMIT,PREARRANGEMENT_DUE_DATE,COMPANY_NUM,WARE_NUM) values ('109','대출금1','AC07',to_date('25/02/13','RR/MM/DD'),'농협',100000,0.5,to_date('25/05/14','RR/MM/DD'),to_date('25/04/04','RR/MM/DD'),0,null);
Insert into ACCNUT_DEBT (DEBT_CODE,DEBT_NAME,SECTION,REGISTER_DATE,CREDITOR,AMOUNT,INTEREST,TIME_LIMIT,PREARRANGEMENT_DUE_DATE,COMPANY_NUM,WARE_NUM) values ('110','대출금2','AC07',to_date('25/02/13','RR/MM/DD'),'농협',100000,0.5,to_date('25/05/14','RR/MM/DD'),to_date('25/04/04','RR/MM/DD'),0,null);
Insert into ACCNUT_DEBT (DEBT_CODE,DEBT_NAME,SECTION,REGISTER_DATE,CREDITOR,AMOUNT,INTEREST,TIME_LIMIT,PREARRANGEMENT_DUE_DATE,COMPANY_NUM,WARE_NUM) values ('111','대출금3','AC07',to_date('25/02/13','RR/MM/DD'),'농협',100000,0.5,to_date('25/05/14','RR/MM/DD'),to_date('25/04/04','RR/MM/DD'),0,null);
Insert into ACCNUT_DEBT (DEBT_CODE,DEBT_NAME,SECTION,REGISTER_DATE,CREDITOR,AMOUNT,INTEREST,TIME_LIMIT,PREARRANGEMENT_DUE_DATE,COMPANY_NUM,WARE_NUM) values ('112','대출금4','AC07',to_date('25/02/13','RR/MM/DD'),'농협',100000,0.5,to_date('25/05/14','RR/MM/DD'),to_date('25/04/04','RR/MM/DD'),0,null);
Insert into ACCNUT_DEBT (DEBT_CODE,DEBT_NAME,SECTION,REGISTER_DATE,CREDITOR,AMOUNT,INTEREST,TIME_LIMIT,PREARRANGEMENT_DUE_DATE,COMPANY_NUM,WARE_NUM) values ('113','대출금5','AC07',to_date('25/02/13','RR/MM/DD'),'농협',100000,0.5,to_date('25/05/14','RR/MM/DD'),to_date('25/04/04','RR/MM/DD'),0,null);
Insert into ACCNUT_DEBT (DEBT_CODE,DEBT_NAME,SECTION,REGISTER_DATE,CREDITOR,AMOUNT,INTEREST,TIME_LIMIT,PREARRANGEMENT_DUE_DATE,COMPANY_NUM,WARE_NUM) values ('114','미지급급1','AC08',to_date('25/02/13','RR/MM/DD'),'A회사',100000,0,to_date('25/05/14','RR/MM/DD'),to_date('25/04/04','RR/MM/DD'),0,null);
Insert into ACCNUT_DEBT (DEBT_CODE,DEBT_NAME,SECTION,REGISTER_DATE,CREDITOR,AMOUNT,INTEREST,TIME_LIMIT,PREARRANGEMENT_DUE_DATE,COMPANY_NUM,WARE_NUM) values ('115','미지급급2','AC08',to_date('25/02/13','RR/MM/DD'),'A회사',100000,0,to_date('25/05/14','RR/MM/DD'),to_date('25/04/04','RR/MM/DD'),0,null);
Insert into ACCNUT_DEBT (DEBT_CODE,DEBT_NAME,SECTION,REGISTER_DATE,CREDITOR,AMOUNT,INTEREST,TIME_LIMIT,PREARRANGEMENT_DUE_DATE,COMPANY_NUM,WARE_NUM) values ('116','미지급급3','AC08',to_date('25/02/13','RR/MM/DD'),'A회사',100000,0,to_date('25/05/14','RR/MM/DD'),to_date('25/04/04','RR/MM/DD'),0,null);
Insert into ACCNUT_DEBT (DEBT_CODE,DEBT_NAME,SECTION,REGISTER_DATE,CREDITOR,AMOUNT,INTEREST,TIME_LIMIT,PREARRANGEMENT_DUE_DATE,COMPANY_NUM,WARE_NUM) values ('117','미지급급4','AC08',to_date('25/02/13','RR/MM/DD'),'A회사',100000,0,to_date('25/05/14','RR/MM/DD'),to_date('25/04/04','RR/MM/DD'),0,null);
Insert into ACCNUT_DEBT (DEBT_CODE,DEBT_NAME,SECTION,REGISTER_DATE,CREDITOR,AMOUNT,INTEREST,TIME_LIMIT,PREARRANGEMENT_DUE_DATE,COMPANY_NUM,WARE_NUM) values ('118','대출금1','AC07',to_date('25/02/13','RR/MM/DD'),'농협',100000,0.5,to_date('25/05/14','RR/MM/DD'),to_date('25/04/04','RR/MM/DD'),0,null);
Insert into ACCNUT_DEBT (DEBT_CODE,DEBT_NAME,SECTION,REGISTER_DATE,CREDITOR,AMOUNT,INTEREST,TIME_LIMIT,PREARRANGEMENT_DUE_DATE,COMPANY_NUM,WARE_NUM) values ('119','대출금2','AC07',to_date('25/02/13','RR/MM/DD'),'농협',100000,0.5,to_date('25/05/14','RR/MM/DD'),to_date('25/04/04','RR/MM/DD'),0,null);
Insert into ACCNUT_DEBT (DEBT_CODE,DEBT_NAME,SECTION,REGISTER_DATE,CREDITOR,AMOUNT,INTEREST,TIME_LIMIT,PREARRANGEMENT_DUE_DATE,COMPANY_NUM,WARE_NUM) values ('120','대출금3','AC07',to_date('25/02/13','RR/MM/DD'),'농협',100000,0.5,to_date('25/05/14','RR/MM/DD'),to_date('25/04/04','RR/MM/DD'),0,null);
Insert into ACCNUT_DEBT (DEBT_CODE,DEBT_NAME,SECTION,REGISTER_DATE,CREDITOR,AMOUNT,INTEREST,TIME_LIMIT,PREARRANGEMENT_DUE_DATE,COMPANY_NUM,WARE_NUM) values ('121','대출금4','AC07',to_date('25/02/13','RR/MM/DD'),'농협',100000,0.5,to_date('25/05/14','RR/MM/DD'),to_date('25/04/04','RR/MM/DD'),0,null);
Insert into ACCNUT_DEBT (DEBT_CODE,DEBT_NAME,SECTION,REGISTER_DATE,CREDITOR,AMOUNT,INTEREST,TIME_LIMIT,PREARRANGEMENT_DUE_DATE,COMPANY_NUM,WARE_NUM) values ('122','대출금5','AC07',to_date('25/02/13','RR/MM/DD'),'농협',100000,0.5,to_date('25/05/14','RR/MM/DD'),to_date('25/04/04','RR/MM/DD'),0,null);
Insert into ACCNUT_DEBT (DEBT_CODE,DEBT_NAME,SECTION,REGISTER_DATE,CREDITOR,AMOUNT,INTEREST,TIME_LIMIT,PREARRANGEMENT_DUE_DATE,COMPANY_NUM,WARE_NUM) values ('123','미지급급1','AC08',to_date('25/02/13','RR/MM/DD'),'A회사',100000,0,to_date('25/05/14','RR/MM/DD'),to_date('25/04/04','RR/MM/DD'),0,null);
Insert into ACCNUT_DEBT (DEBT_CODE,DEBT_NAME,SECTION,REGISTER_DATE,CREDITOR,AMOUNT,INTEREST,TIME_LIMIT,PREARRANGEMENT_DUE_DATE,COMPANY_NUM,WARE_NUM) values ('124','미지급급2','AC08',to_date('25/02/13','RR/MM/DD'),'A회사',100000,0,to_date('25/05/14','RR/MM/DD'),to_date('25/04/04','RR/MM/DD'),0,null);
Insert into ACCNUT_DEBT (DEBT_CODE,DEBT_NAME,SECTION,REGISTER_DATE,CREDITOR,AMOUNT,INTEREST,TIME_LIMIT,PREARRANGEMENT_DUE_DATE,COMPANY_NUM,WARE_NUM) values ('125','미지급급3','AC08',to_date('25/02/13','RR/MM/DD'),'A회사',100000,0,to_date('25/05/14','RR/MM/DD'),to_date('25/04/04','RR/MM/DD'),0,null);
Insert into ACCNUT_DEBT (DEBT_CODE,DEBT_NAME,SECTION,REGISTER_DATE,CREDITOR,AMOUNT,INTEREST,TIME_LIMIT,PREARRANGEMENT_DUE_DATE,COMPANY_NUM,WARE_NUM) values ('126','미지급급4','AC08',to_date('25/02/13','RR/MM/DD'),'A회사',100000,0,to_date('25/05/14','RR/MM/DD'),to_date('25/04/04','RR/MM/DD'),0,null);
Insert into ACCNUT_DEBT (DEBT_CODE,DEBT_NAME,SECTION,REGISTER_DATE,CREDITOR,AMOUNT,INTEREST,TIME_LIMIT,PREARRANGEMENT_DUE_DATE,COMPANY_NUM,WARE_NUM) values ('127','대출금1','AC07',to_date('25/02/13','RR/MM/DD'),'농협',100000,0.5,to_date('25/05/14','RR/MM/DD'),to_date('25/04/04','RR/MM/DD'),0,null);
Insert into ACCNUT_DEBT (DEBT_CODE,DEBT_NAME,SECTION,REGISTER_DATE,CREDITOR,AMOUNT,INTEREST,TIME_LIMIT,PREARRANGEMENT_DUE_DATE,COMPANY_NUM,WARE_NUM) values ('128','대출금2','AC07',to_date('25/02/13','RR/MM/DD'),'농협',100000,0.5,to_date('25/05/14','RR/MM/DD'),to_date('25/04/04','RR/MM/DD'),0,null);
Insert into ACCNUT_DEBT (DEBT_CODE,DEBT_NAME,SECTION,REGISTER_DATE,CREDITOR,AMOUNT,INTEREST,TIME_LIMIT,PREARRANGEMENT_DUE_DATE,COMPANY_NUM,WARE_NUM) values ('129','대출금3','AC07',to_date('25/02/13','RR/MM/DD'),'농협',100000,0.5,to_date('25/05/14','RR/MM/DD'),to_date('25/04/04','RR/MM/DD'),0,null);
Insert into ACCNUT_DEBT (DEBT_CODE,DEBT_NAME,SECTION,REGISTER_DATE,CREDITOR,AMOUNT,INTEREST,TIME_LIMIT,PREARRANGEMENT_DUE_DATE,COMPANY_NUM,WARE_NUM) values ('130','대출금4','AC07',to_date('25/02/13','RR/MM/DD'),'농협',100000,0.5,to_date('25/05/14','RR/MM/DD'),to_date('25/04/04','RR/MM/DD'),0,null);
Insert into ACCNUT_DEBT (DEBT_CODE,DEBT_NAME,SECTION,REGISTER_DATE,CREDITOR,AMOUNT,INTEREST,TIME_LIMIT,PREARRANGEMENT_DUE_DATE,COMPANY_NUM,WARE_NUM) values ('131','대출금5','AC07',to_date('25/02/13','RR/MM/DD'),'농협',100000,0.5,to_date('25/05/14','RR/MM/DD'),to_date('25/04/04','RR/MM/DD'),0,null);
Insert into ACCNUT_DEBT (DEBT_CODE,DEBT_NAME,SECTION,REGISTER_DATE,CREDITOR,AMOUNT,INTEREST,TIME_LIMIT,PREARRANGEMENT_DUE_DATE,COMPANY_NUM,WARE_NUM) values ('132','미지급급1','AC08',to_date('25/02/13','RR/MM/DD'),'A회사',100000,0,to_date('25/05/14','RR/MM/DD'),to_date('25/04/04','RR/MM/DD'),0,null);
Insert into ACCNUT_DEBT (DEBT_CODE,DEBT_NAME,SECTION,REGISTER_DATE,CREDITOR,AMOUNT,INTEREST,TIME_LIMIT,PREARRANGEMENT_DUE_DATE,COMPANY_NUM,WARE_NUM) values ('133','미지급급2','AC08',to_date('25/02/13','RR/MM/DD'),'A회사',100000,0,to_date('25/05/14','RR/MM/DD'),to_date('25/04/04','RR/MM/DD'),0,null);
Insert into ACCNUT_DEBT (DEBT_CODE,DEBT_NAME,SECTION,REGISTER_DATE,CREDITOR,AMOUNT,INTEREST,TIME_LIMIT,PREARRANGEMENT_DUE_DATE,COMPANY_NUM,WARE_NUM) values ('134','미지급급3','AC08',to_date('25/02/13','RR/MM/DD'),'A회사',100000,0,to_date('25/05/14','RR/MM/DD'),to_date('25/04/04','RR/MM/DD'),0,null);
Insert into ACCNUT_DEBT (DEBT_CODE,DEBT_NAME,SECTION,REGISTER_DATE,CREDITOR,AMOUNT,INTEREST,TIME_LIMIT,PREARRANGEMENT_DUE_DATE,COMPANY_NUM,WARE_NUM) values ('135','미지급급4','AC08',to_date('25/02/13','RR/MM/DD'),'A회사',100000,0,to_date('25/05/14','RR/MM/DD'),to_date('25/04/04','RR/MM/DD'),0,null);
Insert into ACCNUT_DEBT (DEBT_CODE,DEBT_NAME,SECTION,REGISTER_DATE,CREDITOR,AMOUNT,INTEREST,TIME_LIMIT,PREARRANGEMENT_DUE_DATE,COMPANY_NUM,WARE_NUM) values ('136','대출금1','AC07',to_date('25/02/13','RR/MM/DD'),'농협',100000,0.5,to_date('25/05/14','RR/MM/DD'),to_date('25/04/04','RR/MM/DD'),0,null);
Insert into ACCNUT_DEBT (DEBT_CODE,DEBT_NAME,SECTION,REGISTER_DATE,CREDITOR,AMOUNT,INTEREST,TIME_LIMIT,PREARRANGEMENT_DUE_DATE,COMPANY_NUM,WARE_NUM) values ('137','대출금2','AC07',to_date('25/02/13','RR/MM/DD'),'농협',100000,0.5,to_date('25/05/14','RR/MM/DD'),to_date('25/04/04','RR/MM/DD'),0,null);
Insert into ACCNUT_DEBT (DEBT_CODE,DEBT_NAME,SECTION,REGISTER_DATE,CREDITOR,AMOUNT,INTEREST,TIME_LIMIT,PREARRANGEMENT_DUE_DATE,COMPANY_NUM,WARE_NUM) values ('138','대출금3','AC07',to_date('25/02/13','RR/MM/DD'),'농협',100000,0.5,to_date('25/05/14','RR/MM/DD'),to_date('25/04/04','RR/MM/DD'),0,null);
Insert into ACCNUT_DEBT (DEBT_CODE,DEBT_NAME,SECTION,REGISTER_DATE,CREDITOR,AMOUNT,INTEREST,TIME_LIMIT,PREARRANGEMENT_DUE_DATE,COMPANY_NUM,WARE_NUM) values ('139','대출금4','AC07',to_date('25/02/13','RR/MM/DD'),'농협',100000,0.5,to_date('25/05/14','RR/MM/DD'),to_date('25/04/04','RR/MM/DD'),0,null);
Insert into ACCNUT_DEBT (DEBT_CODE,DEBT_NAME,SECTION,REGISTER_DATE,CREDITOR,AMOUNT,INTEREST,TIME_LIMIT,PREARRANGEMENT_DUE_DATE,COMPANY_NUM,WARE_NUM) values ('140','대출금5','AC07',to_date('25/02/13','RR/MM/DD'),'농협',100000,0.5,to_date('25/05/14','RR/MM/DD'),to_date('25/04/04','RR/MM/DD'),0,null);
Insert into ACCNUT_DEBT (DEBT_CODE,DEBT_NAME,SECTION,REGISTER_DATE,CREDITOR,AMOUNT,INTEREST,TIME_LIMIT,PREARRANGEMENT_DUE_DATE,COMPANY_NUM,WARE_NUM) values ('141','미지급급1','AC08',to_date('25/02/13','RR/MM/DD'),'A회사',100000,0,to_date('25/05/14','RR/MM/DD'),to_date('25/04/04','RR/MM/DD'),0,null);
Insert into ACCNUT_DEBT (DEBT_CODE,DEBT_NAME,SECTION,REGISTER_DATE,CREDITOR,AMOUNT,INTEREST,TIME_LIMIT,PREARRANGEMENT_DUE_DATE,COMPANY_NUM,WARE_NUM) values ('142','미지급급2','AC08',to_date('25/02/13','RR/MM/DD'),'A회사',100000,0,to_date('25/05/14','RR/MM/DD'),to_date('25/04/04','RR/MM/DD'),0,null);
Insert into ACCNUT_DEBT (DEBT_CODE,DEBT_NAME,SECTION,REGISTER_DATE,CREDITOR,AMOUNT,INTEREST,TIME_LIMIT,PREARRANGEMENT_DUE_DATE,COMPANY_NUM,WARE_NUM) values ('143','미지급급3','AC08',to_date('25/02/13','RR/MM/DD'),'A회사',100000,0,to_date('25/05/14','RR/MM/DD'),to_date('25/04/04','RR/MM/DD'),0,null);
Insert into ACCNUT_DEBT (DEBT_CODE,DEBT_NAME,SECTION,REGISTER_DATE,CREDITOR,AMOUNT,INTEREST,TIME_LIMIT,PREARRANGEMENT_DUE_DATE,COMPANY_NUM,WARE_NUM) values ('144','미지급급4','AC08',to_date('25/02/13','RR/MM/DD'),'A회사',100000,0,to_date('25/05/14','RR/MM/DD'),to_date('25/04/04','RR/MM/DD'),0,null);
Insert into ACCNUT_DEBT (DEBT_CODE,DEBT_NAME,SECTION,REGISTER_DATE,CREDITOR,AMOUNT,INTEREST,TIME_LIMIT,PREARRANGEMENT_DUE_DATE,COMPANY_NUM,WARE_NUM) values ('205','2025-03-07 더브릿지 미지급금','AC08',to_date('25/03/07','RR/MM/DD'),'더브릿지',0,0,null,to_date('25/04/10','RR/MM/DD'),45,null);
Insert into ACCNUT_DEBT (DEBT_CODE,DEBT_NAME,SECTION,REGISTER_DATE,CREDITOR,AMOUNT,INTEREST,TIME_LIMIT,PREARRANGEMENT_DUE_DATE,COMPANY_NUM,WARE_NUM) values ('265','테스트','미지급금',to_date('25/03/04','RR/MM/DD'),'나',11,0,null,to_date('25/03/07','RR/MM/DD'),1,null);
Insert into ACCNUT_DEBT (DEBT_CODE,DEBT_NAME,SECTION,REGISTER_DATE,CREDITOR,AMOUNT,INTEREST,TIME_LIMIT,PREARRANGEMENT_DUE_DATE,COMPANY_NUM,WARE_NUM) values ('241','2025-03-11 네이처블룸 미지급금','AC08',to_date('25/03/11','RR/MM/DD'),'네이처블룸',0,0,null,to_date('25/04/10','RR/MM/DD'),45,60);
Insert into ACCNUT_DEBT (DEBT_CODE,DEBT_NAME,SECTION,REGISTER_DATE,CREDITOR,AMOUNT,INTEREST,TIME_LIMIT,PREARRANGEMENT_DUE_DATE,COMPANY_NUM,WARE_NUM) values ('201','2025-03-10 네이처블룸 미지급금','AC08',to_date('25/03/10','RR/MM/DD'),'네이처블룸',0,0,null,to_date('25/04/10','RR/MM/DD'),45,null);
Insert into ACCNUT_DEBT (DEBT_CODE,DEBT_NAME,SECTION,REGISTER_DATE,CREDITOR,AMOUNT,INTEREST,TIME_LIMIT,PREARRANGEMENT_DUE_DATE,COMPANY_NUM,WARE_NUM) values ('202','2025-03-10 더브릿지 미지급금','AC08',to_date('25/03/10','RR/MM/DD'),'더브릿지',0,0,null,to_date('25/04/10','RR/MM/DD'),45,null);
Insert into ACCNUT_DEBT (DEBT_CODE,DEBT_NAME,SECTION,REGISTER_DATE,CREDITOR,AMOUNT,INTEREST,TIME_LIMIT,PREARRANGEMENT_DUE_DATE,COMPANY_NUM,WARE_NUM) values ('242','2025-03-11 더브릿지 미지급금','AC08',to_date('25/03/11','RR/MM/DD'),'더브릿지',0,0,null,to_date('25/04/10','RR/MM/DD'),45,61);
Insert into ACCNUT_DEBT (DEBT_CODE,DEBT_NAME,SECTION,REGISTER_DATE,CREDITOR,AMOUNT,INTEREST,TIME_LIMIT,PREARRANGEMENT_DUE_DATE,COMPANY_NUM,WARE_NUM) values ('243','2025-03-11 네이처블룸 미지급금','AC08',to_date('25/03/11','RR/MM/DD'),'네이처블룸',0,0,null,to_date('25/04/10','RR/MM/DD'),45,62);
Insert into ACCNUT_DEBT (DEBT_CODE,DEBT_NAME,SECTION,REGISTER_DATE,CREDITOR,AMOUNT,INTEREST,TIME_LIMIT,PREARRANGEMENT_DUE_DATE,COMPANY_NUM,WARE_NUM) values ('244','2025-03-11 뷰티앤코 미지급금','AC08',to_date('25/03/11','RR/MM/DD'),'뷰티앤코',0,0,null,to_date('25/04/10','RR/MM/DD'),45,63);
Insert into ACCNUT_DEBT (DEBT_CODE,DEBT_NAME,SECTION,REGISTER_DATE,CREDITOR,AMOUNT,INTEREST,TIME_LIMIT,PREARRANGEMENT_DUE_DATE,COMPANY_NUM,WARE_NUM) values ('262','테스트','미지급금',to_date('25/03/04','RR/MM/DD'),'나',11,0,null,to_date('25/03/07','RR/MM/DD'),0,null);
Insert into ACCNUT_DEBT (DEBT_CODE,DEBT_NAME,SECTION,REGISTER_DATE,CREDITOR,AMOUNT,INTEREST,TIME_LIMIT,PREARRANGEMENT_DUE_DATE,COMPANY_NUM,WARE_NUM) values ('266','테스트','미지급금',to_date('25/03/04','RR/MM/DD'),'나',11,0,null,to_date('25/03/07','RR/MM/DD'),1,null);
Insert into ACCNUT_DEBT (DEBT_CODE,DEBT_NAME,SECTION,REGISTER_DATE,CREDITOR,AMOUNT,INTEREST,TIME_LIMIT,PREARRANGEMENT_DUE_DATE,COMPANY_NUM,WARE_NUM) values ('161','대출1','AC07',to_date('25/02/20','RR/MM/DD'),'농협',100,1.1,null,to_date('25/02/28','RR/MM/DD'),1,null);
Insert into ACCNUT_DEBT (DEBT_CODE,DEBT_NAME,SECTION,REGISTER_DATE,CREDITOR,AMOUNT,INTEREST,TIME_LIMIT,PREARRANGEMENT_DUE_DATE,COMPANY_NUM,WARE_NUM) values ('181','테스트','AC08',to_date('25/03/04','RR/MM/DD'),'나',0,0,null,to_date('25/03/07','RR/MM/DD'),1,null);
Insert into ACCNUT_DEBT (DEBT_CODE,DEBT_NAME,SECTION,REGISTER_DATE,CREDITOR,AMOUNT,INTEREST,TIME_LIMIT,PREARRANGEMENT_DUE_DATE,COMPANY_NUM,WARE_NUM) values ('261','테스트','미지급금',to_date('25/03/04','RR/MM/DD'),'나',11,0,null,to_date('25/03/07','RR/MM/DD'),0,null);
Insert into ACCNUT_DEBT (DEBT_CODE,DEBT_NAME,SECTION,REGISTER_DATE,CREDITOR,AMOUNT,INTEREST,TIME_LIMIT,PREARRANGEMENT_DUE_DATE,COMPANY_NUM,WARE_NUM) values ('263','테스트','미지급금',to_date('25/03/04','RR/MM/DD'),'나',11,0,null,to_date('25/03/07','RR/MM/DD'),0,null);
Insert into ACCNUT_DEBT (DEBT_CODE,DEBT_NAME,SECTION,REGISTER_DATE,CREDITOR,AMOUNT,INTEREST,TIME_LIMIT,PREARRANGEMENT_DUE_DATE,COMPANY_NUM,WARE_NUM) values ('264','테스트','미지급금',to_date('25/03/04','RR/MM/DD'),'나',11,0,null,to_date('25/03/07','RR/MM/DD'),0,null);
Insert into ACCNUT_DEBT (DEBT_CODE,DEBT_NAME,SECTION,REGISTER_DATE,CREDITOR,AMOUNT,INTEREST,TIME_LIMIT,PREARRANGEMENT_DUE_DATE,COMPANY_NUM,WARE_NUM) values ('281','2025-03-12 네이처블룸 미지급금','AC08',to_date('25/03/12','RR/MM/DD'),'네이처블룸',0,0,null,to_date('25/04/10','RR/MM/DD'),45,64);
Insert into ACCNUT_DEBT (DEBT_CODE,DEBT_NAME,SECTION,REGISTER_DATE,CREDITOR,AMOUNT,INTEREST,TIME_LIMIT,PREARRANGEMENT_DUE_DATE,COMPANY_NUM,WARE_NUM) values ('282','2025-03-12 뷰티앤코 미지급금','AC08',to_date('25/03/12','RR/MM/DD'),'뷰티앤코',0,0,null,to_date('25/04/10','RR/MM/DD'),1,65);
REM INSERTING into ACCNUT_DEDUCTION_DETAILS
SET DEFINE OFF;
REM INSERTING into ACCNUT_ETC_PAYMENT
SET DEFINE OFF;
Insert into ACCNUT_ETC_PAYMENT (ETC_PAYMENT_CODE,SECTION,DEPARTMENT,TIME_LIMIT,AMOUNT,PAYMENT_ALTERNATIVE,GIRO_NUM,COMPANY_NUM) values ('1','AC20',null,to_date('25/02/17','RR/MM/DD'),5000,'PY01',null,0);
Insert into ACCNUT_ETC_PAYMENT (ETC_PAYMENT_CODE,SECTION,DEPARTMENT,TIME_LIMIT,AMOUNT,PAYMENT_ALTERNATIVE,GIRO_NUM,COMPANY_NUM) values ('2','AC20',null,to_date('25/02/17','RR/MM/DD'),5000,'PY01',null,1);
Insert into ACCNUT_ETC_PAYMENT (ETC_PAYMENT_CODE,SECTION,DEPARTMENT,TIME_LIMIT,AMOUNT,PAYMENT_ALTERNATIVE,GIRO_NUM,COMPANY_NUM) values ('3','AC20',null,to_date('25/02/17','RR/MM/DD'),5000,'PY01',null,0);
Insert into ACCNUT_ETC_PAYMENT (ETC_PAYMENT_CODE,SECTION,DEPARTMENT,TIME_LIMIT,AMOUNT,PAYMENT_ALTERNATIVE,GIRO_NUM,COMPANY_NUM) values ('4','AC20',null,to_date('25/02/17','RR/MM/DD'),5000,'PY01',null,0);
Insert into ACCNUT_ETC_PAYMENT (ETC_PAYMENT_CODE,SECTION,DEPARTMENT,TIME_LIMIT,AMOUNT,PAYMENT_ALTERNATIVE,GIRO_NUM,COMPANY_NUM) values ('5','AC20',null,to_date('25/02/17','RR/MM/DD'),5000,'PY01',null,0);
Insert into ACCNUT_ETC_PAYMENT (ETC_PAYMENT_CODE,SECTION,DEPARTMENT,TIME_LIMIT,AMOUNT,PAYMENT_ALTERNATIVE,GIRO_NUM,COMPANY_NUM) values ('6','AC20',null,to_date('25/02/17','RR/MM/DD'),5000,'PY01',null,1);
Insert into ACCNUT_ETC_PAYMENT (ETC_PAYMENT_CODE,SECTION,DEPARTMENT,TIME_LIMIT,AMOUNT,PAYMENT_ALTERNATIVE,GIRO_NUM,COMPANY_NUM) values ('7','AC20',null,to_date('25/02/17','RR/MM/DD'),5000,'PY01',null,0);
Insert into ACCNUT_ETC_PAYMENT (ETC_PAYMENT_CODE,SECTION,DEPARTMENT,TIME_LIMIT,AMOUNT,PAYMENT_ALTERNATIVE,GIRO_NUM,COMPANY_NUM) values ('8','AC20',null,to_date('25/02/17','RR/MM/DD'),5000,'PY01',null,1);
Insert into ACCNUT_ETC_PAYMENT (ETC_PAYMENT_CODE,SECTION,DEPARTMENT,TIME_LIMIT,AMOUNT,PAYMENT_ALTERNATIVE,GIRO_NUM,COMPANY_NUM) values ('9','AC20',null,to_date('25/02/17','RR/MM/DD'),5000,'PY01',null,0);
REM INSERTING into ACCNUT_INCIDENTAL_COST
SET DEFINE OFF;
Insert into ACCNUT_INCIDENTAL_COST (INCIDENTAL_COST_CODE,DEPARTMENT,SECTION,CARD_NUM,AMOUNT,CONTENTS,REGISTER_DATE,PAY_DATE,IMAGE,PROCESS_ALTERNATIVE,EMPLOYEE_NUM,EMPLOYEE_NAME,ACCOUNT_CATEGORY,CONFIRMER,COMPANY_NUM) values ('1',null,'CA02','123456789',1000,null,to_date('25/02/17','RR/MM/DD'),to_date('25/02/17','RR/MM/DD'),null,'PC01',null,null,null,null,0);
Insert into ACCNUT_INCIDENTAL_COST (INCIDENTAL_COST_CODE,DEPARTMENT,SECTION,CARD_NUM,AMOUNT,CONTENTS,REGISTER_DATE,PAY_DATE,IMAGE,PROCESS_ALTERNATIVE,EMPLOYEE_NUM,EMPLOYEE_NAME,ACCOUNT_CATEGORY,CONFIRMER,COMPANY_NUM) values ('2',null,'CA02','123456789',1000,null,to_date('25/02/17','RR/MM/DD'),to_date('25/02/17','RR/MM/DD'),null,'PC01',null,null,null,null,1);
Insert into ACCNUT_INCIDENTAL_COST (INCIDENTAL_COST_CODE,DEPARTMENT,SECTION,CARD_NUM,AMOUNT,CONTENTS,REGISTER_DATE,PAY_DATE,IMAGE,PROCESS_ALTERNATIVE,EMPLOYEE_NUM,EMPLOYEE_NAME,ACCOUNT_CATEGORY,CONFIRMER,COMPANY_NUM) values ('3',null,'CA02','123456789',1000,null,to_date('25/02/17','RR/MM/DD'),to_date('25/02/17','RR/MM/DD'),null,'PC01',null,null,null,null,0);
Insert into ACCNUT_INCIDENTAL_COST (INCIDENTAL_COST_CODE,DEPARTMENT,SECTION,CARD_NUM,AMOUNT,CONTENTS,REGISTER_DATE,PAY_DATE,IMAGE,PROCESS_ALTERNATIVE,EMPLOYEE_NUM,EMPLOYEE_NAME,ACCOUNT_CATEGORY,CONFIRMER,COMPANY_NUM) values ('4',null,'CA02','123456789',1000,null,to_date('25/02/17','RR/MM/DD'),to_date('25/02/17','RR/MM/DD'),null,'PC01',null,null,null,null,0);
Insert into ACCNUT_INCIDENTAL_COST (INCIDENTAL_COST_CODE,DEPARTMENT,SECTION,CARD_NUM,AMOUNT,CONTENTS,REGISTER_DATE,PAY_DATE,IMAGE,PROCESS_ALTERNATIVE,EMPLOYEE_NUM,EMPLOYEE_NAME,ACCOUNT_CATEGORY,CONFIRMER,COMPANY_NUM) values ('5',null,'CA02','123456789',1000,null,to_date('25/02/17','RR/MM/DD'),to_date('25/02/17','RR/MM/DD'),null,'PC01',null,null,null,null,1);
Insert into ACCNUT_INCIDENTAL_COST (INCIDENTAL_COST_CODE,DEPARTMENT,SECTION,CARD_NUM,AMOUNT,CONTENTS,REGISTER_DATE,PAY_DATE,IMAGE,PROCESS_ALTERNATIVE,EMPLOYEE_NUM,EMPLOYEE_NAME,ACCOUNT_CATEGORY,CONFIRMER,COMPANY_NUM) values ('6',null,'CA02','123456789',1000,null,to_date('25/02/17','RR/MM/DD'),to_date('25/02/17','RR/MM/DD'),null,'PC01',null,null,null,null,1);
Insert into ACCNUT_INCIDENTAL_COST (INCIDENTAL_COST_CODE,DEPARTMENT,SECTION,CARD_NUM,AMOUNT,CONTENTS,REGISTER_DATE,PAY_DATE,IMAGE,PROCESS_ALTERNATIVE,EMPLOYEE_NUM,EMPLOYEE_NAME,ACCOUNT_CATEGORY,CONFIRMER,COMPANY_NUM) values ('7',null,'CA02','123456789',1000,null,to_date('25/02/17','RR/MM/DD'),to_date('25/02/17','RR/MM/DD'),null,'PC01',null,null,null,null,0);
Insert into ACCNUT_INCIDENTAL_COST (INCIDENTAL_COST_CODE,DEPARTMENT,SECTION,CARD_NUM,AMOUNT,CONTENTS,REGISTER_DATE,PAY_DATE,IMAGE,PROCESS_ALTERNATIVE,EMPLOYEE_NUM,EMPLOYEE_NAME,ACCOUNT_CATEGORY,CONFIRMER,COMPANY_NUM) values ('8',null,'CA02','123456789',1000,null,to_date('25/02/17','RR/MM/DD'),to_date('25/02/17','RR/MM/DD'),null,'PC01',null,null,null,null,0);
Insert into ACCNUT_INCIDENTAL_COST (INCIDENTAL_COST_CODE,DEPARTMENT,SECTION,CARD_NUM,AMOUNT,CONTENTS,REGISTER_DATE,PAY_DATE,IMAGE,PROCESS_ALTERNATIVE,EMPLOYEE_NUM,EMPLOYEE_NAME,ACCOUNT_CATEGORY,CONFIRMER,COMPANY_NUM) values ('9',null,'CA02','123456789',1000,null,to_date('25/02/17','RR/MM/DD'),to_date('25/02/17','RR/MM/DD'),null,'PC01',null,null,null,null,0);
Insert into ACCNUT_INCIDENTAL_COST (INCIDENTAL_COST_CODE,DEPARTMENT,SECTION,CARD_NUM,AMOUNT,CONTENTS,REGISTER_DATE,PAY_DATE,IMAGE,PROCESS_ALTERNATIVE,EMPLOYEE_NUM,EMPLOYEE_NAME,ACCOUNT_CATEGORY,CONFIRMER,COMPANY_NUM) values ('10',null,'CA02','123456789',1000,null,to_date('25/02/17','RR/MM/DD'),to_date('25/02/17','RR/MM/DD'),null,'PC01',null,null,null,null,0);
Insert into ACCNUT_INCIDENTAL_COST (INCIDENTAL_COST_CODE,DEPARTMENT,SECTION,CARD_NUM,AMOUNT,CONTENTS,REGISTER_DATE,PAY_DATE,IMAGE,PROCESS_ALTERNATIVE,EMPLOYEE_NUM,EMPLOYEE_NAME,ACCOUNT_CATEGORY,CONFIRMER,COMPANY_NUM) values ('11',null,'CA02','123456789',1000,null,to_date('25/02/17','RR/MM/DD'),to_date('25/02/17','RR/MM/DD'),null,'PC01',null,null,null,null,0);
Insert into ACCNUT_INCIDENTAL_COST (INCIDENTAL_COST_CODE,DEPARTMENT,SECTION,CARD_NUM,AMOUNT,CONTENTS,REGISTER_DATE,PAY_DATE,IMAGE,PROCESS_ALTERNATIVE,EMPLOYEE_NUM,EMPLOYEE_NAME,ACCOUNT_CATEGORY,CONFIRMER,COMPANY_NUM) values ('12',null,'CA02','123456789',1000,null,to_date('25/02/17','RR/MM/DD'),to_date('25/02/17','RR/MM/DD'),null,'PC01',null,null,null,null,0);
Insert into ACCNUT_INCIDENTAL_COST (INCIDENTAL_COST_CODE,DEPARTMENT,SECTION,CARD_NUM,AMOUNT,CONTENTS,REGISTER_DATE,PAY_DATE,IMAGE,PROCESS_ALTERNATIVE,EMPLOYEE_NUM,EMPLOYEE_NAME,ACCOUNT_CATEGORY,CONFIRMER,COMPANY_NUM) values ('13',null,'CA02','123456789',1000,null,to_date('25/02/17','RR/MM/DD'),to_date('25/02/17','RR/MM/DD'),null,'PC01',null,null,null,null,1);
Insert into ACCNUT_INCIDENTAL_COST (INCIDENTAL_COST_CODE,DEPARTMENT,SECTION,CARD_NUM,AMOUNT,CONTENTS,REGISTER_DATE,PAY_DATE,IMAGE,PROCESS_ALTERNATIVE,EMPLOYEE_NUM,EMPLOYEE_NAME,ACCOUNT_CATEGORY,CONFIRMER,COMPANY_NUM) values ('14',null,'CA02','123456789',1000,null,to_date('25/02/17','RR/MM/DD'),to_date('25/02/17','RR/MM/DD'),null,'PC01',null,null,null,null,0);
REM INSERTING into ACCNUT_SALARY_ACCOUNT_BOOK
SET DEFINE OFF;
Insert into ACCNUT_SALARY_ACCOUNT_BOOK (SALARY_ACCOUNT_BOOK_CODE,EMPLOYEE_CODE,EMPLOYEE_NAME,DEPARTMENT,SALARY,EXCESS_ALLOWANCE,BONUS,INCIDENTAL_COST,DEDUCTION_ITEM,PAYMENT_AMOUNT,PAYMENT_PREARRANGED_DATE,PAYMENT_ALTERNATIVE,PAYER,COMPANY_NUM) values ('1','250304025','권나윤','30',2345555,0,0,0,0,2345555,to_date('25/03/25','RR/MM/DD'),'PY01',null,45);
Insert into ACCNUT_SALARY_ACCOUNT_BOOK (SALARY_ACCOUNT_BOOK_CODE,EMPLOYEE_CODE,EMPLOYEE_NAME,DEPARTMENT,SALARY,EXCESS_ALLOWANCE,BONUS,INCIDENTAL_COST,DEDUCTION_ITEM,PAYMENT_AMOUNT,PAYMENT_PREARRANGED_DATE,PAYMENT_ALTERNATIVE,PAYER,COMPANY_NUM) values ('2','250305028','유재석','14',2345555,0,0,0,0,2345555,to_date('25/03/25','RR/MM/DD'),'PY01',null,45);
Insert into ACCNUT_SALARY_ACCOUNT_BOOK (SALARY_ACCOUNT_BOOK_CODE,EMPLOYEE_CODE,EMPLOYEE_NAME,DEPARTMENT,SALARY,EXCESS_ALLOWANCE,BONUS,INCIDENTAL_COST,DEDUCTION_ITEM,PAYMENT_AMOUNT,PAYMENT_PREARRANGED_DATE,PAYMENT_ALTERNATIVE,PAYER,COMPANY_NUM) values ('3','250305027','배서진','14',4166667,0,0,0,80333,4086334,to_date('25/03/25','RR/MM/DD'),'PY01',null,45);
Insert into ACCNUT_SALARY_ACCOUNT_BOOK (SALARY_ACCOUNT_BOOK_CODE,EMPLOYEE_CODE,EMPLOYEE_NAME,DEPARTMENT,SALARY,EXCESS_ALLOWANCE,BONUS,INCIDENTAL_COST,DEDUCTION_ITEM,PAYMENT_AMOUNT,PAYMENT_PREARRANGED_DATE,PAYMENT_ALTERNATIVE,PAYER,COMPANY_NUM) values ('4','250228017','황예린','15',2398555,0,0,0,0,2398555,to_date('25/03/25','RR/MM/DD'),'PY01',null,45);
Insert into ACCNUT_SALARY_ACCOUNT_BOOK (SALARY_ACCOUNT_BOOK_CODE,EMPLOYEE_CODE,EMPLOYEE_NAME,DEPARTMENT,SALARY,EXCESS_ALLOWANCE,BONUS,INCIDENTAL_COST,DEDUCTION_ITEM,PAYMENT_AMOUNT,PAYMENT_PREARRANGED_DATE,PAYMENT_ALTERNATIVE,PAYER,COMPANY_NUM) values ('5','250304001','권순범','15',2468795,0,0,0,0,2468795,to_date('25/03/25','RR/MM/DD'),'PY01',null,45);
Insert into ACCNUT_SALARY_ACCOUNT_BOOK (SALARY_ACCOUNT_BOOK_CODE,EMPLOYEE_CODE,EMPLOYEE_NAME,DEPARTMENT,SALARY,EXCESS_ALLOWANCE,BONUS,INCIDENTAL_COST,DEDUCTION_ITEM,PAYMENT_AMOUNT,PAYMENT_PREARRANGED_DATE,PAYMENT_ALTERNATIVE,PAYER,COMPANY_NUM) values ('6','250305030','강동원','16',2468795,0,0,0,0,2468795,to_date('25/03/25','RR/MM/DD'),'PY02',100000,45);
Insert into ACCNUT_SALARY_ACCOUNT_BOOK (SALARY_ACCOUNT_BOOK_CODE,EMPLOYEE_CODE,EMPLOYEE_NAME,DEPARTMENT,SALARY,EXCESS_ALLOWANCE,BONUS,INCIDENTAL_COST,DEDUCTION_ITEM,PAYMENT_AMOUNT,PAYMENT_PREARRANGED_DATE,PAYMENT_ALTERNATIVE,PAYER,COMPANY_NUM) values ('7','250305029','최시훈','16',2697597,0,0,0,0,2697597,to_date('25/03/25','RR/MM/DD'),'PY01',null,45);
Insert into ACCNUT_SALARY_ACCOUNT_BOOK (SALARY_ACCOUNT_BOOK_CODE,EMPLOYEE_CODE,EMPLOYEE_NAME,DEPARTMENT,SALARY,EXCESS_ALLOWANCE,BONUS,INCIDENTAL_COST,DEDUCTION_ITEM,PAYMENT_AMOUNT,PAYMENT_PREARRANGED_DATE,PAYMENT_ALTERNATIVE,PAYER,COMPANY_NUM) values ('8','250228018','송지호','21',2697597,0,0,0,0,2697597,to_date('25/03/25','RR/MM/DD'),'PY02',100000,45);
Insert into ACCNUT_SALARY_ACCOUNT_BOOK (SALARY_ACCOUNT_BOOK_CODE,EMPLOYEE_CODE,EMPLOYEE_NAME,DEPARTMENT,SALARY,EXCESS_ALLOWANCE,BONUS,INCIDENTAL_COST,DEDUCTION_ITEM,PAYMENT_AMOUNT,PAYMENT_PREARRANGED_DATE,PAYMENT_ALTERNATIVE,PAYER,COMPANY_NUM) values ('9','250228016','이신화','21',3333333,0,0,0,66666,3266667,to_date('25/03/25','RR/MM/DD'),'PY01',null,45);
Insert into ACCNUT_SALARY_ACCOUNT_BOOK (SALARY_ACCOUNT_BOOK_CODE,EMPLOYEE_CODE,EMPLOYEE_NAME,DEPARTMENT,SALARY,EXCESS_ALLOWANCE,BONUS,INCIDENTAL_COST,DEDUCTION_ITEM,PAYMENT_AMOUNT,PAYMENT_PREARRANGED_DATE,PAYMENT_ALTERNATIVE,PAYER,COMPANY_NUM) values ('21','250305026','유다현','29',4166667,0,0,0,124999,4041668,to_date('25/03/25','RR/MM/DD'),'PY01',null,45);
Insert into ACCNUT_SALARY_ACCOUNT_BOOK (SALARY_ACCOUNT_BOOK_CODE,EMPLOYEE_CODE,EMPLOYEE_NAME,DEPARTMENT,SALARY,EXCESS_ALLOWANCE,BONUS,INCIDENTAL_COST,DEDUCTION_ITEM,PAYMENT_AMOUNT,PAYMENT_PREARRANGED_DATE,PAYMENT_ALTERNATIVE,PAYER,COMPANY_NUM) values ('22','250304024','정은채','29',2583691,0,0,0,77511,2506180,to_date('25/03/25','RR/MM/DD'),'PY01',null,45);
Insert into ACCNUT_SALARY_ACCOUNT_BOOK (SALARY_ACCOUNT_BOOK_CODE,EMPLOYEE_CODE,EMPLOYEE_NAME,DEPARTMENT,SALARY,EXCESS_ALLOWANCE,BONUS,INCIDENTAL_COST,DEDUCTION_ITEM,PAYMENT_AMOUNT,PAYMENT_PREARRANGED_DATE,PAYMENT_ALTERNATIVE,PAYER,COMPANY_NUM) values ('23','250306031','김다영','23',2500000,0,0,0,75000,2425000,to_date('25/03/25','RR/MM/DD'),'PY01',null,45);
Insert into ACCNUT_SALARY_ACCOUNT_BOOK (SALARY_ACCOUNT_BOOK_CODE,EMPLOYEE_CODE,EMPLOYEE_NAME,DEPARTMENT,SALARY,EXCESS_ALLOWANCE,BONUS,INCIDENTAL_COST,DEDUCTION_ITEM,PAYMENT_AMOUNT,PAYMENT_PREARRANGED_DATE,PAYMENT_ALTERNATIVE,PAYER,COMPANY_NUM) values ('24','20221512','김길동','23',3333333,0,0,0,99999,3233334,to_date('25/03/25','RR/MM/DD'),'PY01',null,45);
Insert into ACCNUT_SALARY_ACCOUNT_BOOK (SALARY_ACCOUNT_BOOK_CODE,EMPLOYEE_CODE,EMPLOYEE_NAME,DEPARTMENT,SALARY,EXCESS_ALLOWANCE,BONUS,INCIDENTAL_COST,DEDUCTION_ITEM,PAYMENT_AMOUNT,PAYMENT_PREARRANGED_DATE,PAYMENT_ALTERNATIVE,PAYER,COMPANY_NUM) values ('25','emp005','아무무','30',5001540,0,0,0,0,5001540,to_date('25/03/25','RR/MM/DD'),'PY01',null,1);
Insert into ACCNUT_SALARY_ACCOUNT_BOOK (SALARY_ACCOUNT_BOOK_CODE,EMPLOYEE_CODE,EMPLOYEE_NAME,DEPARTMENT,SALARY,EXCESS_ALLOWANCE,BONUS,INCIDENTAL_COST,DEDUCTION_ITEM,PAYMENT_AMOUNT,PAYMENT_PREARRANGED_DATE,PAYMENT_ALTERNATIVE,PAYER,COMPANY_NUM) values ('26','emp006','김철수','14',5004520,0,0,0,0,5004520,to_date('25/03/25','RR/MM/DD'),'PY01',null,1);
Insert into ACCNUT_SALARY_ACCOUNT_BOOK (SALARY_ACCOUNT_BOOK_CODE,EMPLOYEE_CODE,EMPLOYEE_NAME,DEPARTMENT,SALARY,EXCESS_ALLOWANCE,BONUS,INCIDENTAL_COST,DEDUCTION_ITEM,PAYMENT_AMOUNT,PAYMENT_PREARRANGED_DATE,PAYMENT_ALTERNATIVE,PAYER,COMPANY_NUM) values ('27','emp007','이영희','15',4875000,0,0,0,0,4875000,to_date('25/03/25','RR/MM/DD'),'PY01',null,1);
Insert into ACCNUT_SALARY_ACCOUNT_BOOK (SALARY_ACCOUNT_BOOK_CODE,EMPLOYEE_CODE,EMPLOYEE_NAME,DEPARTMENT,SALARY,EXCESS_ALLOWANCE,BONUS,INCIDENTAL_COST,DEDUCTION_ITEM,PAYMENT_AMOUNT,PAYMENT_PREARRANGED_DATE,PAYMENT_ALTERNATIVE,PAYER,COMPANY_NUM) values ('28','emp008','상상바','16',5098300,0,0,0,0,5098300,to_date('25/03/25','RR/MM/DD'),'PY01',null,1);
Insert into ACCNUT_SALARY_ACCOUNT_BOOK (SALARY_ACCOUNT_BOOK_CODE,EMPLOYEE_CODE,EMPLOYEE_NAME,DEPARTMENT,SALARY,EXCESS_ALLOWANCE,BONUS,INCIDENTAL_COST,DEDUCTION_ITEM,PAYMENT_AMOUNT,PAYMENT_PREARRANGED_DATE,PAYMENT_ALTERNATIVE,PAYER,COMPANY_NUM) values ('29','emp009','최창수','17',5157000,0,0,0,0,5157000,to_date('25/03/25','RR/MM/DD'),'PY01',null,1);
Insert into ACCNUT_SALARY_ACCOUNT_BOOK (SALARY_ACCOUNT_BOOK_CODE,EMPLOYEE_CODE,EMPLOYEE_NAME,DEPARTMENT,SALARY,EXCESS_ALLOWANCE,BONUS,INCIDENTAL_COST,DEDUCTION_ITEM,PAYMENT_AMOUNT,PAYMENT_PREARRANGED_DATE,PAYMENT_ALTERNATIVE,PAYER,COMPANY_NUM) values ('30','emp001','최시훈','19',1500000,0,0,0,0,1500000,to_date('25/03/25','RR/MM/DD'),'PY01',null,1);
Insert into ACCNUT_SALARY_ACCOUNT_BOOK (SALARY_ACCOUNT_BOOK_CODE,EMPLOYEE_CODE,EMPLOYEE_NAME,DEPARTMENT,SALARY,EXCESS_ALLOWANCE,BONUS,INCIDENTAL_COST,DEDUCTION_ITEM,PAYMENT_AMOUNT,PAYMENT_PREARRANGED_DATE,PAYMENT_ALTERNATIVE,PAYER,COMPANY_NUM) values ('31','emp002','권순범','20',1500001,0,0,0,0,1500001,to_date('25/03/25','RR/MM/DD'),'PY01',null,1);
Insert into ACCNUT_SALARY_ACCOUNT_BOOK (SALARY_ACCOUNT_BOOK_CODE,EMPLOYEE_CODE,EMPLOYEE_NAME,DEPARTMENT,SALARY,EXCESS_ALLOWANCE,BONUS,INCIDENTAL_COST,DEDUCTION_ITEM,PAYMENT_AMOUNT,PAYMENT_PREARRANGED_DATE,PAYMENT_ALTERNATIVE,PAYER,COMPANY_NUM) values ('32','emp003','홍길동','21',1005412,0,0,0,0,1005412,to_date('25/03/25','RR/MM/DD'),'PY01',null,1);
Insert into ACCNUT_SALARY_ACCOUNT_BOOK (SALARY_ACCOUNT_BOOK_CODE,EMPLOYEE_CODE,EMPLOYEE_NAME,DEPARTMENT,SALARY,EXCESS_ALLOWANCE,BONUS,INCIDENTAL_COST,DEDUCTION_ITEM,PAYMENT_AMOUNT,PAYMENT_PREARRANGED_DATE,PAYMENT_ALTERNATIVE,PAYER,COMPANY_NUM) values ('33','emp004','아무개','29',1235487,0,0,0,0,1235487,to_date('25/03/25','RR/MM/DD'),'PY01',null,1);
Insert into ACCNUT_SALARY_ACCOUNT_BOOK (SALARY_ACCOUNT_BOOK_CODE,EMPLOYEE_CODE,EMPLOYEE_NAME,DEPARTMENT,SALARY,EXCESS_ALLOWANCE,BONUS,INCIDENTAL_COST,DEDUCTION_ITEM,PAYMENT_AMOUNT,PAYMENT_PREARRANGED_DATE,PAYMENT_ALTERNATIVE,PAYER,COMPANY_NUM) values ('34','emp005','아무무','23',5001540,0,0,0,0,5001540,to_date('25/03/25','RR/MM/DD'),'PY01',null,1);
Insert into ACCNUT_SALARY_ACCOUNT_BOOK (SALARY_ACCOUNT_BOOK_CODE,EMPLOYEE_CODE,EMPLOYEE_NAME,DEPARTMENT,SALARY,EXCESS_ALLOWANCE,BONUS,INCIDENTAL_COST,DEDUCTION_ITEM,PAYMENT_AMOUNT,PAYMENT_PREARRANGED_DATE,PAYMENT_ALTERNATIVE,PAYER,COMPANY_NUM) values ('35','emp006','김철수','25',5004520,0,0,0,0,5004520,to_date('25/03/25','RR/MM/DD'),'PY01',null,1);
Insert into ACCNUT_SALARY_ACCOUNT_BOOK (SALARY_ACCOUNT_BOOK_CODE,EMPLOYEE_CODE,EMPLOYEE_NAME,DEPARTMENT,SALARY,EXCESS_ALLOWANCE,BONUS,INCIDENTAL_COST,DEDUCTION_ITEM,PAYMENT_AMOUNT,PAYMENT_PREARRANGED_DATE,PAYMENT_ALTERNATIVE,PAYER,COMPANY_NUM) values ('36','emp007','이영희','38',4875000,0,0,0,0,4875000,to_date('25/03/25','RR/MM/DD'),'PY01',null,1);
Insert into ACCNUT_SALARY_ACCOUNT_BOOK (SALARY_ACCOUNT_BOOK_CODE,EMPLOYEE_CODE,EMPLOYEE_NAME,DEPARTMENT,SALARY,EXCESS_ALLOWANCE,BONUS,INCIDENTAL_COST,DEDUCTION_ITEM,PAYMENT_AMOUNT,PAYMENT_PREARRANGED_DATE,PAYMENT_ALTERNATIVE,PAYER,COMPANY_NUM) values ('37','emp008','상상바','39',5098300,0,0,0,0,5098300,to_date('25/03/25','RR/MM/DD'),'PY01',null,1);
Insert into ACCNUT_SALARY_ACCOUNT_BOOK (SALARY_ACCOUNT_BOOK_CODE,EMPLOYEE_CODE,EMPLOYEE_NAME,DEPARTMENT,SALARY,EXCESS_ALLOWANCE,BONUS,INCIDENTAL_COST,DEDUCTION_ITEM,PAYMENT_AMOUNT,PAYMENT_PREARRANGED_DATE,PAYMENT_ALTERNATIVE,PAYER,COMPANY_NUM) values ('38','emp009','최창수','30',5157000,0,0,0,0,5157000,to_date('25/03/25','RR/MM/DD'),'PY01',null,1);
Insert into ACCNUT_SALARY_ACCOUNT_BOOK (SALARY_ACCOUNT_BOOK_CODE,EMPLOYEE_CODE,EMPLOYEE_NAME,DEPARTMENT,SALARY,EXCESS_ALLOWANCE,BONUS,INCIDENTAL_COST,DEDUCTION_ITEM,PAYMENT_AMOUNT,PAYMENT_PREARRANGED_DATE,PAYMENT_ALTERNATIVE,PAYER,COMPANY_NUM) values ('39','emp001','최시훈','14',1500000,0,0,0,0,1500000,to_date('25/03/25','RR/MM/DD'),'PY01',null,1);
Insert into ACCNUT_SALARY_ACCOUNT_BOOK (SALARY_ACCOUNT_BOOK_CODE,EMPLOYEE_CODE,EMPLOYEE_NAME,DEPARTMENT,SALARY,EXCESS_ALLOWANCE,BONUS,INCIDENTAL_COST,DEDUCTION_ITEM,PAYMENT_AMOUNT,PAYMENT_PREARRANGED_DATE,PAYMENT_ALTERNATIVE,PAYER,COMPANY_NUM) values ('40','emp002','권순범','15',1500001,0,0,0,0,1500001,to_date('25/03/25','RR/MM/DD'),'PY01',null,1);
Insert into ACCNUT_SALARY_ACCOUNT_BOOK (SALARY_ACCOUNT_BOOK_CODE,EMPLOYEE_CODE,EMPLOYEE_NAME,DEPARTMENT,SALARY,EXCESS_ALLOWANCE,BONUS,INCIDENTAL_COST,DEDUCTION_ITEM,PAYMENT_AMOUNT,PAYMENT_PREARRANGED_DATE,PAYMENT_ALTERNATIVE,PAYER,COMPANY_NUM) values ('41','emp003','홍길동','16',1005412,0,0,0,0,1005412,to_date('25/03/25','RR/MM/DD'),'PY01',null,1);
Insert into ACCNUT_SALARY_ACCOUNT_BOOK (SALARY_ACCOUNT_BOOK_CODE,EMPLOYEE_CODE,EMPLOYEE_NAME,DEPARTMENT,SALARY,EXCESS_ALLOWANCE,BONUS,INCIDENTAL_COST,DEDUCTION_ITEM,PAYMENT_AMOUNT,PAYMENT_PREARRANGED_DATE,PAYMENT_ALTERNATIVE,PAYER,COMPANY_NUM) values ('42','emp004','아무개','17',1235487,0,0,0,0,1235487,to_date('25/03/25','RR/MM/DD'),'PY01',null,1);
Insert into ACCNUT_SALARY_ACCOUNT_BOOK (SALARY_ACCOUNT_BOOK_CODE,EMPLOYEE_CODE,EMPLOYEE_NAME,DEPARTMENT,SALARY,EXCESS_ALLOWANCE,BONUS,INCIDENTAL_COST,DEDUCTION_ITEM,PAYMENT_AMOUNT,PAYMENT_PREARRANGED_DATE,PAYMENT_ALTERNATIVE,PAYER,COMPANY_NUM) values ('43','emp005','아무무','19',5001540,0,0,0,0,5001540,to_date('25/03/25','RR/MM/DD'),'PY01',null,1);
Insert into ACCNUT_SALARY_ACCOUNT_BOOK (SALARY_ACCOUNT_BOOK_CODE,EMPLOYEE_CODE,EMPLOYEE_NAME,DEPARTMENT,SALARY,EXCESS_ALLOWANCE,BONUS,INCIDENTAL_COST,DEDUCTION_ITEM,PAYMENT_AMOUNT,PAYMENT_PREARRANGED_DATE,PAYMENT_ALTERNATIVE,PAYER,COMPANY_NUM) values ('44','emp006','김철수','20',5004520,0,0,0,0,5004520,to_date('25/03/25','RR/MM/DD'),'PY01',null,1);
Insert into ACCNUT_SALARY_ACCOUNT_BOOK (SALARY_ACCOUNT_BOOK_CODE,EMPLOYEE_CODE,EMPLOYEE_NAME,DEPARTMENT,SALARY,EXCESS_ALLOWANCE,BONUS,INCIDENTAL_COST,DEDUCTION_ITEM,PAYMENT_AMOUNT,PAYMENT_PREARRANGED_DATE,PAYMENT_ALTERNATIVE,PAYER,COMPANY_NUM) values ('45','emp007','이영희','21',4875000,0,0,0,0,4875000,to_date('25/03/25','RR/MM/DD'),'PY01',null,1);
Insert into ACCNUT_SALARY_ACCOUNT_BOOK (SALARY_ACCOUNT_BOOK_CODE,EMPLOYEE_CODE,EMPLOYEE_NAME,DEPARTMENT,SALARY,EXCESS_ALLOWANCE,BONUS,INCIDENTAL_COST,DEDUCTION_ITEM,PAYMENT_AMOUNT,PAYMENT_PREARRANGED_DATE,PAYMENT_ALTERNATIVE,PAYER,COMPANY_NUM) values ('46','emp008','상상바','29',5098300,0,0,0,0,5098300,to_date('25/03/25','RR/MM/DD'),'PY01',null,1);
Insert into ACCNUT_SALARY_ACCOUNT_BOOK (SALARY_ACCOUNT_BOOK_CODE,EMPLOYEE_CODE,EMPLOYEE_NAME,DEPARTMENT,SALARY,EXCESS_ALLOWANCE,BONUS,INCIDENTAL_COST,DEDUCTION_ITEM,PAYMENT_AMOUNT,PAYMENT_PREARRANGED_DATE,PAYMENT_ALTERNATIVE,PAYER,COMPANY_NUM) values ('47','emp009','최창수','23',5157000,0,0,0,0,5157000,to_date('25/03/25','RR/MM/DD'),'PY01',null,1);
Insert into ACCNUT_SALARY_ACCOUNT_BOOK (SALARY_ACCOUNT_BOOK_CODE,EMPLOYEE_CODE,EMPLOYEE_NAME,DEPARTMENT,SALARY,EXCESS_ALLOWANCE,BONUS,INCIDENTAL_COST,DEDUCTION_ITEM,PAYMENT_AMOUNT,PAYMENT_PREARRANGED_DATE,PAYMENT_ALTERNATIVE,PAYER,COMPANY_NUM) values ('48','emp001','최시훈','25',1500000,0,0,0,0,1500000,to_date('25/03/25','RR/MM/DD'),'PY01',null,1);
Insert into ACCNUT_SALARY_ACCOUNT_BOOK (SALARY_ACCOUNT_BOOK_CODE,EMPLOYEE_CODE,EMPLOYEE_NAME,DEPARTMENT,SALARY,EXCESS_ALLOWANCE,BONUS,INCIDENTAL_COST,DEDUCTION_ITEM,PAYMENT_AMOUNT,PAYMENT_PREARRANGED_DATE,PAYMENT_ALTERNATIVE,PAYER,COMPANY_NUM) values ('49','emp002','권순범','38',1500001,0,0,0,0,1500001,to_date('25/03/25','RR/MM/DD'),'PY01',null,1);
Insert into ACCNUT_SALARY_ACCOUNT_BOOK (SALARY_ACCOUNT_BOOK_CODE,EMPLOYEE_CODE,EMPLOYEE_NAME,DEPARTMENT,SALARY,EXCESS_ALLOWANCE,BONUS,INCIDENTAL_COST,DEDUCTION_ITEM,PAYMENT_AMOUNT,PAYMENT_PREARRANGED_DATE,PAYMENT_ALTERNATIVE,PAYER,COMPANY_NUM) values ('50','emp003','홍길동','39',1005412,0,0,0,0,1005412,to_date('25/03/25','RR/MM/DD'),'PY01',null,1);
Insert into ACCNUT_SALARY_ACCOUNT_BOOK (SALARY_ACCOUNT_BOOK_CODE,EMPLOYEE_CODE,EMPLOYEE_NAME,DEPARTMENT,SALARY,EXCESS_ALLOWANCE,BONUS,INCIDENTAL_COST,DEDUCTION_ITEM,PAYMENT_AMOUNT,PAYMENT_PREARRANGED_DATE,PAYMENT_ALTERNATIVE,PAYER,COMPANY_NUM) values ('51','emp004','아무개','30',1235487,0,0,0,0,1235487,to_date('25/03/25','RR/MM/DD'),'PY01',null,1);
Insert into ACCNUT_SALARY_ACCOUNT_BOOK (SALARY_ACCOUNT_BOOK_CODE,EMPLOYEE_CODE,EMPLOYEE_NAME,DEPARTMENT,SALARY,EXCESS_ALLOWANCE,BONUS,INCIDENTAL_COST,DEDUCTION_ITEM,PAYMENT_AMOUNT,PAYMENT_PREARRANGED_DATE,PAYMENT_ALTERNATIVE,PAYER,COMPANY_NUM) values ('52','emp005','아무무','14',5001540,0,0,0,0,5001540,to_date('25/03/25','RR/MM/DD'),'PY01',null,1);
Insert into ACCNUT_SALARY_ACCOUNT_BOOK (SALARY_ACCOUNT_BOOK_CODE,EMPLOYEE_CODE,EMPLOYEE_NAME,DEPARTMENT,SALARY,EXCESS_ALLOWANCE,BONUS,INCIDENTAL_COST,DEDUCTION_ITEM,PAYMENT_AMOUNT,PAYMENT_PREARRANGED_DATE,PAYMENT_ALTERNATIVE,PAYER,COMPANY_NUM) values ('53','emp006','김철수','15',5004520,0,0,0,0,5004520,to_date('25/03/25','RR/MM/DD'),'PY01',null,1);
Insert into ACCNUT_SALARY_ACCOUNT_BOOK (SALARY_ACCOUNT_BOOK_CODE,EMPLOYEE_CODE,EMPLOYEE_NAME,DEPARTMENT,SALARY,EXCESS_ALLOWANCE,BONUS,INCIDENTAL_COST,DEDUCTION_ITEM,PAYMENT_AMOUNT,PAYMENT_PREARRANGED_DATE,PAYMENT_ALTERNATIVE,PAYER,COMPANY_NUM) values ('54','emp007','이영희','16',4875000,0,0,0,0,4875000,to_date('25/03/25','RR/MM/DD'),'PY01',null,1);
Insert into ACCNUT_SALARY_ACCOUNT_BOOK (SALARY_ACCOUNT_BOOK_CODE,EMPLOYEE_CODE,EMPLOYEE_NAME,DEPARTMENT,SALARY,EXCESS_ALLOWANCE,BONUS,INCIDENTAL_COST,DEDUCTION_ITEM,PAYMENT_AMOUNT,PAYMENT_PREARRANGED_DATE,PAYMENT_ALTERNATIVE,PAYER,COMPANY_NUM) values ('55','emp008','상상바','17',5098300,0,0,0,0,5098300,to_date('25/03/25','RR/MM/DD'),'PY01',null,1);
Insert into ACCNUT_SALARY_ACCOUNT_BOOK (SALARY_ACCOUNT_BOOK_CODE,EMPLOYEE_CODE,EMPLOYEE_NAME,DEPARTMENT,SALARY,EXCESS_ALLOWANCE,BONUS,INCIDENTAL_COST,DEDUCTION_ITEM,PAYMENT_AMOUNT,PAYMENT_PREARRANGED_DATE,PAYMENT_ALTERNATIVE,PAYER,COMPANY_NUM) values ('56','emp009','최창수','19',5157000,0,0,0,0,5157000,to_date('25/03/25','RR/MM/DD'),'PY01',null,1);
Insert into ACCNUT_SALARY_ACCOUNT_BOOK (SALARY_ACCOUNT_BOOK_CODE,EMPLOYEE_CODE,EMPLOYEE_NAME,DEPARTMENT,SALARY,EXCESS_ALLOWANCE,BONUS,INCIDENTAL_COST,DEDUCTION_ITEM,PAYMENT_AMOUNT,PAYMENT_PREARRANGED_DATE,PAYMENT_ALTERNATIVE,PAYER,COMPANY_NUM) values ('57','emp001','최시훈','20',1500000,0,0,0,0,1500000,to_date('25/03/25','RR/MM/DD'),'PY01',null,1);
Insert into ACCNUT_SALARY_ACCOUNT_BOOK (SALARY_ACCOUNT_BOOK_CODE,EMPLOYEE_CODE,EMPLOYEE_NAME,DEPARTMENT,SALARY,EXCESS_ALLOWANCE,BONUS,INCIDENTAL_COST,DEDUCTION_ITEM,PAYMENT_AMOUNT,PAYMENT_PREARRANGED_DATE,PAYMENT_ALTERNATIVE,PAYER,COMPANY_NUM) values ('58','emp002','권순범','21',1500001,0,0,0,0,1500001,to_date('25/03/25','RR/MM/DD'),'PY01',null,1);
Insert into ACCNUT_SALARY_ACCOUNT_BOOK (SALARY_ACCOUNT_BOOK_CODE,EMPLOYEE_CODE,EMPLOYEE_NAME,DEPARTMENT,SALARY,EXCESS_ALLOWANCE,BONUS,INCIDENTAL_COST,DEDUCTION_ITEM,PAYMENT_AMOUNT,PAYMENT_PREARRANGED_DATE,PAYMENT_ALTERNATIVE,PAYER,COMPANY_NUM) values ('59','emp003','홍길동','29',1005412,0,0,0,0,1005412,to_date('25/03/25','RR/MM/DD'),'PY01',null,1);
Insert into ACCNUT_SALARY_ACCOUNT_BOOK (SALARY_ACCOUNT_BOOK_CODE,EMPLOYEE_CODE,EMPLOYEE_NAME,DEPARTMENT,SALARY,EXCESS_ALLOWANCE,BONUS,INCIDENTAL_COST,DEDUCTION_ITEM,PAYMENT_AMOUNT,PAYMENT_PREARRANGED_DATE,PAYMENT_ALTERNATIVE,PAYER,COMPANY_NUM) values ('60','emp004','아무개','23',1235487,0,0,0,0,1235487,to_date('25/03/25','RR/MM/DD'),'PY01',null,1);
Insert into ACCNUT_SALARY_ACCOUNT_BOOK (SALARY_ACCOUNT_BOOK_CODE,EMPLOYEE_CODE,EMPLOYEE_NAME,DEPARTMENT,SALARY,EXCESS_ALLOWANCE,BONUS,INCIDENTAL_COST,DEDUCTION_ITEM,PAYMENT_AMOUNT,PAYMENT_PREARRANGED_DATE,PAYMENT_ALTERNATIVE,PAYER,COMPANY_NUM) values ('61','emp005','아무무','25',5001540,0,0,0,0,5001540,to_date('25/03/25','RR/MM/DD'),'PY01',null,1);
Insert into ACCNUT_SALARY_ACCOUNT_BOOK (SALARY_ACCOUNT_BOOK_CODE,EMPLOYEE_CODE,EMPLOYEE_NAME,DEPARTMENT,SALARY,EXCESS_ALLOWANCE,BONUS,INCIDENTAL_COST,DEDUCTION_ITEM,PAYMENT_AMOUNT,PAYMENT_PREARRANGED_DATE,PAYMENT_ALTERNATIVE,PAYER,COMPANY_NUM) values ('62','emp006','김철수','38',5004520,0,0,0,0,5004520,to_date('25/03/25','RR/MM/DD'),'PY01',null,1);
Insert into ACCNUT_SALARY_ACCOUNT_BOOK (SALARY_ACCOUNT_BOOK_CODE,EMPLOYEE_CODE,EMPLOYEE_NAME,DEPARTMENT,SALARY,EXCESS_ALLOWANCE,BONUS,INCIDENTAL_COST,DEDUCTION_ITEM,PAYMENT_AMOUNT,PAYMENT_PREARRANGED_DATE,PAYMENT_ALTERNATIVE,PAYER,COMPANY_NUM) values ('63','emp007','이영희','30',4875000,0,0,0,0,4875000,to_date('25/03/25','RR/MM/DD'),'PY01',null,1);
Insert into ACCNUT_SALARY_ACCOUNT_BOOK (SALARY_ACCOUNT_BOOK_CODE,EMPLOYEE_CODE,EMPLOYEE_NAME,DEPARTMENT,SALARY,EXCESS_ALLOWANCE,BONUS,INCIDENTAL_COST,DEDUCTION_ITEM,PAYMENT_AMOUNT,PAYMENT_PREARRANGED_DATE,PAYMENT_ALTERNATIVE,PAYER,COMPANY_NUM) values ('64','emp008','상상바','14',5098300,0,0,0,0,5098300,to_date('25/03/25','RR/MM/DD'),'PY01',null,1);
Insert into ACCNUT_SALARY_ACCOUNT_BOOK (SALARY_ACCOUNT_BOOK_CODE,EMPLOYEE_CODE,EMPLOYEE_NAME,DEPARTMENT,SALARY,EXCESS_ALLOWANCE,BONUS,INCIDENTAL_COST,DEDUCTION_ITEM,PAYMENT_AMOUNT,PAYMENT_PREARRANGED_DATE,PAYMENT_ALTERNATIVE,PAYER,COMPANY_NUM) values ('65','emp009','최창수','15',5157000,0,0,0,0,5157000,to_date('25/03/25','RR/MM/DD'),'PY01',null,1);
Insert into ACCNUT_SALARY_ACCOUNT_BOOK (SALARY_ACCOUNT_BOOK_CODE,EMPLOYEE_CODE,EMPLOYEE_NAME,DEPARTMENT,SALARY,EXCESS_ALLOWANCE,BONUS,INCIDENTAL_COST,DEDUCTION_ITEM,PAYMENT_AMOUNT,PAYMENT_PREARRANGED_DATE,PAYMENT_ALTERNATIVE,PAYER,COMPANY_NUM) values ('66','emp001','최시훈','16',1500000,0,0,0,0,1500000,to_date('25/03/25','RR/MM/DD'),'PY01',null,1);
Insert into ACCNUT_SALARY_ACCOUNT_BOOK (SALARY_ACCOUNT_BOOK_CODE,EMPLOYEE_CODE,EMPLOYEE_NAME,DEPARTMENT,SALARY,EXCESS_ALLOWANCE,BONUS,INCIDENTAL_COST,DEDUCTION_ITEM,PAYMENT_AMOUNT,PAYMENT_PREARRANGED_DATE,PAYMENT_ALTERNATIVE,PAYER,COMPANY_NUM) values ('67','emp002','권순범','17',1500001,0,0,0,0,1500001,to_date('25/03/25','RR/MM/DD'),'PY01',null,1);
Insert into ACCNUT_SALARY_ACCOUNT_BOOK (SALARY_ACCOUNT_BOOK_CODE,EMPLOYEE_CODE,EMPLOYEE_NAME,DEPARTMENT,SALARY,EXCESS_ALLOWANCE,BONUS,INCIDENTAL_COST,DEDUCTION_ITEM,PAYMENT_AMOUNT,PAYMENT_PREARRANGED_DATE,PAYMENT_ALTERNATIVE,PAYER,COMPANY_NUM) values ('68','emp003','홍길동','19',1005412,0,0,0,0,1005412,to_date('25/03/25','RR/MM/DD'),'PY01',null,1);
Insert into ACCNUT_SALARY_ACCOUNT_BOOK (SALARY_ACCOUNT_BOOK_CODE,EMPLOYEE_CODE,EMPLOYEE_NAME,DEPARTMENT,SALARY,EXCESS_ALLOWANCE,BONUS,INCIDENTAL_COST,DEDUCTION_ITEM,PAYMENT_AMOUNT,PAYMENT_PREARRANGED_DATE,PAYMENT_ALTERNATIVE,PAYER,COMPANY_NUM) values ('69','emp004','아무개','20',1235487,0,0,0,0,1235487,to_date('25/03/25','RR/MM/DD'),'PY01',null,1);
Insert into ACCNUT_SALARY_ACCOUNT_BOOK (SALARY_ACCOUNT_BOOK_CODE,EMPLOYEE_CODE,EMPLOYEE_NAME,DEPARTMENT,SALARY,EXCESS_ALLOWANCE,BONUS,INCIDENTAL_COST,DEDUCTION_ITEM,PAYMENT_AMOUNT,PAYMENT_PREARRANGED_DATE,PAYMENT_ALTERNATIVE,PAYER,COMPANY_NUM) values ('70','emp005','아무무','21',5001540,0,0,0,0,5001540,to_date('25/03/25','RR/MM/DD'),'PY01',null,1);
Insert into ACCNUT_SALARY_ACCOUNT_BOOK (SALARY_ACCOUNT_BOOK_CODE,EMPLOYEE_CODE,EMPLOYEE_NAME,DEPARTMENT,SALARY,EXCESS_ALLOWANCE,BONUS,INCIDENTAL_COST,DEDUCTION_ITEM,PAYMENT_AMOUNT,PAYMENT_PREARRANGED_DATE,PAYMENT_ALTERNATIVE,PAYER,COMPANY_NUM) values ('71','emp006','김철수','29',5004520,0,0,0,0,5004520,to_date('25/03/25','RR/MM/DD'),'PY01',null,1);
Insert into ACCNUT_SALARY_ACCOUNT_BOOK (SALARY_ACCOUNT_BOOK_CODE,EMPLOYEE_CODE,EMPLOYEE_NAME,DEPARTMENT,SALARY,EXCESS_ALLOWANCE,BONUS,INCIDENTAL_COST,DEDUCTION_ITEM,PAYMENT_AMOUNT,PAYMENT_PREARRANGED_DATE,PAYMENT_ALTERNATIVE,PAYER,COMPANY_NUM) values ('72','emp007','이영희','23',4875000,0,0,0,0,4875000,to_date('25/03/25','RR/MM/DD'),'PY01',null,1);
Insert into ACCNUT_SALARY_ACCOUNT_BOOK (SALARY_ACCOUNT_BOOK_CODE,EMPLOYEE_CODE,EMPLOYEE_NAME,DEPARTMENT,SALARY,EXCESS_ALLOWANCE,BONUS,INCIDENTAL_COST,DEDUCTION_ITEM,PAYMENT_AMOUNT,PAYMENT_PREARRANGED_DATE,PAYMENT_ALTERNATIVE,PAYER,COMPANY_NUM) values ('73','emp008','상상바','25',5098300,0,0,0,0,5098300,to_date('25/03/25','RR/MM/DD'),'PY02',99977,1);
Insert into ACCNUT_SALARY_ACCOUNT_BOOK (SALARY_ACCOUNT_BOOK_CODE,EMPLOYEE_CODE,EMPLOYEE_NAME,DEPARTMENT,SALARY,EXCESS_ALLOWANCE,BONUS,INCIDENTAL_COST,DEDUCTION_ITEM,PAYMENT_AMOUNT,PAYMENT_PREARRANGED_DATE,PAYMENT_ALTERNATIVE,PAYER,COMPANY_NUM) values ('74','emp009','최창수','38',5157000,0,0,0,0,5157000,to_date('25/03/25','RR/MM/DD'),'PY02',99977,1);
Insert into ACCNUT_SALARY_ACCOUNT_BOOK (SALARY_ACCOUNT_BOOK_CODE,EMPLOYEE_CODE,EMPLOYEE_NAME,DEPARTMENT,SALARY,EXCESS_ALLOWANCE,BONUS,INCIDENTAL_COST,DEDUCTION_ITEM,PAYMENT_AMOUNT,PAYMENT_PREARRANGED_DATE,PAYMENT_ALTERNATIVE,PAYER,COMPANY_NUM) values ('75','emp001','최시훈','39',1500000,0,0,0,0,1500000,to_date('25/03/25','RR/MM/DD'),'PY01',null,1);
Insert into ACCNUT_SALARY_ACCOUNT_BOOK (SALARY_ACCOUNT_BOOK_CODE,EMPLOYEE_CODE,EMPLOYEE_NAME,DEPARTMENT,SALARY,EXCESS_ALLOWANCE,BONUS,INCIDENTAL_COST,DEDUCTION_ITEM,PAYMENT_AMOUNT,PAYMENT_PREARRANGED_DATE,PAYMENT_ALTERNATIVE,PAYER,COMPANY_NUM) values ('76','emp002','권순범','30',1500001,0,0,0,0,1500001,to_date('25/03/25','RR/MM/DD'),'PY02',99977,1);
Insert into ACCNUT_SALARY_ACCOUNT_BOOK (SALARY_ACCOUNT_BOOK_CODE,EMPLOYEE_CODE,EMPLOYEE_NAME,DEPARTMENT,SALARY,EXCESS_ALLOWANCE,BONUS,INCIDENTAL_COST,DEDUCTION_ITEM,PAYMENT_AMOUNT,PAYMENT_PREARRANGED_DATE,PAYMENT_ALTERNATIVE,PAYER,COMPANY_NUM) values ('77','emp003','홍길동','14',1005412,0,0,0,0,1005412,to_date('25/03/25','RR/MM/DD'),'PY02',99977,1);
Insert into ACCNUT_SALARY_ACCOUNT_BOOK (SALARY_ACCOUNT_BOOK_CODE,EMPLOYEE_CODE,EMPLOYEE_NAME,DEPARTMENT,SALARY,EXCESS_ALLOWANCE,BONUS,INCIDENTAL_COST,DEDUCTION_ITEM,PAYMENT_AMOUNT,PAYMENT_PREARRANGED_DATE,PAYMENT_ALTERNATIVE,PAYER,COMPANY_NUM) values ('78','emp004','아무개','15',1235487,0,0,0,0,1235487,to_date('25/03/25','RR/MM/DD'),'PY01',null,1);
Insert into ACCNUT_SALARY_ACCOUNT_BOOK (SALARY_ACCOUNT_BOOK_CODE,EMPLOYEE_CODE,EMPLOYEE_NAME,DEPARTMENT,SALARY,EXCESS_ALLOWANCE,BONUS,INCIDENTAL_COST,DEDUCTION_ITEM,PAYMENT_AMOUNT,PAYMENT_PREARRANGED_DATE,PAYMENT_ALTERNATIVE,PAYER,COMPANY_NUM) values ('79','emp005','아무무','16',5001540,0,0,0,0,5001540,to_date('25/03/25','RR/MM/DD'),'PY02',99977,1);
Insert into ACCNUT_SALARY_ACCOUNT_BOOK (SALARY_ACCOUNT_BOOK_CODE,EMPLOYEE_CODE,EMPLOYEE_NAME,DEPARTMENT,SALARY,EXCESS_ALLOWANCE,BONUS,INCIDENTAL_COST,DEDUCTION_ITEM,PAYMENT_AMOUNT,PAYMENT_PREARRANGED_DATE,PAYMENT_ALTERNATIVE,PAYER,COMPANY_NUM) values ('80','emp006','김철수','17',5004520,0,0,0,0,5004520,to_date('25/03/25','RR/MM/DD'),'PY02',100000,1);
Insert into ACCNUT_SALARY_ACCOUNT_BOOK (SALARY_ACCOUNT_BOOK_CODE,EMPLOYEE_CODE,EMPLOYEE_NAME,DEPARTMENT,SALARY,EXCESS_ALLOWANCE,BONUS,INCIDENTAL_COST,DEDUCTION_ITEM,PAYMENT_AMOUNT,PAYMENT_PREARRANGED_DATE,PAYMENT_ALTERNATIVE,PAYER,COMPANY_NUM) values ('81','emp007','이영희','19',4875000,0,0,0,0,4875000,to_date('25/03/25','RR/MM/DD'),'PY02',100000,1);
Insert into ACCNUT_SALARY_ACCOUNT_BOOK (SALARY_ACCOUNT_BOOK_CODE,EMPLOYEE_CODE,EMPLOYEE_NAME,DEPARTMENT,SALARY,EXCESS_ALLOWANCE,BONUS,INCIDENTAL_COST,DEDUCTION_ITEM,PAYMENT_AMOUNT,PAYMENT_PREARRANGED_DATE,PAYMENT_ALTERNATIVE,PAYER,COMPANY_NUM) values ('82','emp008','상상바','20',5098300,0,0,0,0,5098300,to_date('25/03/25','RR/MM/DD'),'PY02',100000,1);
Insert into ACCNUT_SALARY_ACCOUNT_BOOK (SALARY_ACCOUNT_BOOK_CODE,EMPLOYEE_CODE,EMPLOYEE_NAME,DEPARTMENT,SALARY,EXCESS_ALLOWANCE,BONUS,INCIDENTAL_COST,DEDUCTION_ITEM,PAYMENT_AMOUNT,PAYMENT_PREARRANGED_DATE,PAYMENT_ALTERNATIVE,PAYER,COMPANY_NUM) values ('83','emp009','최창수','21',5157000,0,0,0,0,5157000,to_date('25/03/25','RR/MM/DD'),'PY02',100000,1);
REM INSERTING into ACCNUT_TAX_DETAIL
SET DEFINE OFF;
Insert into ACCNUT_TAX_DETAIL (TAX_DETAIL_NUM,TAX_NUM,MONTH,DAY,OPTION_CODE,STANDARD,QUANTITY,AMOUNT,TOTAL,SUPPLY_PRICE,TAX,NOTE) values (206,11,3,11,'코오롱향수-단건','1box 6piece',15,82667,1240005,1116005,124001,null);
Insert into ACCNUT_TAX_DETAIL (TAX_DETAIL_NUM,TAX_NUM,MONTH,DAY,OPTION_CODE,STANDARD,QUANTITY,AMOUNT,TOTAL,SUPPLY_PRICE,TAX,NOTE) values (207,11,3,11,'향수-단건','1box 2piece',8,69000,552000,496800,55200,null);
Insert into ACCNUT_TAX_DETAIL (TAX_DETAIL_NUM,TAX_NUM,MONTH,DAY,OPTION_CODE,STANDARD,QUANTITY,AMOUNT,TOTAL,SUPPLY_PRICE,TAX,NOTE) values (208,11,3,11,'히알루론산세럼-단건','1box 6piece',13,22000,286000,257400,28600,null);
Insert into ACCNUT_TAX_DETAIL (TAX_DETAIL_NUM,TAX_NUM,MONTH,DAY,OPTION_CODE,STANDARD,QUANTITY,AMOUNT,TOTAL,SUPPLY_PRICE,TAX,NOTE) values (209,11,3,11,'볼류밍글로스-캔디','1box 6piece',5,18000,90000,81000,9000,null);
Insert into ACCNUT_TAX_DETAIL (TAX_DETAIL_NUM,TAX_NUM,MONTH,DAY,OPTION_CODE,STANDARD,QUANTITY,AMOUNT,TOTAL,SUPPLY_PRICE,TAX,NOTE) values (210,11,3,11,'볼류밍글로스-앵두','1box 6piece',20,18000,360000,324000,36000,null);
Insert into ACCNUT_TAX_DETAIL (TAX_DETAIL_NUM,TAX_NUM,MONTH,DAY,OPTION_CODE,STANDARD,QUANTITY,AMOUNT,TOTAL,SUPPLY_PRICE,TAX,NOTE) values (221,13,3,13,'코오롱향수-단건','1box 6piece',15,82000,1230000,1107000,123000,null);
Insert into ACCNUT_TAX_DETAIL (TAX_DETAIL_NUM,TAX_NUM,MONTH,DAY,OPTION_CODE,STANDARD,QUANTITY,AMOUNT,TOTAL,SUPPLY_PRICE,TAX,NOTE) values (222,13,3,13,'스위트 라이크 캔디 향수-단건','1box 2piece',8,69000,552000,496800,55200,null);
Insert into ACCNUT_TAX_DETAIL (TAX_DETAIL_NUM,TAX_NUM,MONTH,DAY,OPTION_CODE,STANDARD,QUANTITY,AMOUNT,TOTAL,SUPPLY_PRICE,TAX,NOTE) values (223,13,3,13,'히알루론산세럼-단건','1box 6piece',13,22000,286000,257400,28600,null);
Insert into ACCNUT_TAX_DETAIL (TAX_DETAIL_NUM,TAX_NUM,MONTH,DAY,OPTION_CODE,STANDARD,QUANTITY,AMOUNT,TOTAL,SUPPLY_PRICE,TAX,NOTE) values (224,13,3,13,'볼류밍글로스-캔디','1box 6piece',5,18000,90000,81000,9000,null);
Insert into ACCNUT_TAX_DETAIL (TAX_DETAIL_NUM,TAX_NUM,MONTH,DAY,OPTION_CODE,STANDARD,QUANTITY,AMOUNT,TOTAL,SUPPLY_PRICE,TAX,NOTE) values (140,7,3,5,'립글로스-2호','1box 6piece',74,9333,690642,621578,69064,null);
Insert into ACCNUT_TAX_DETAIL (TAX_DETAIL_NUM,TAX_NUM,MONTH,DAY,OPTION_CODE,STANDARD,QUANTITY,AMOUNT,TOTAL,SUPPLY_PRICE,TAX,NOTE) values (141,7,3,5,'아이라이너-블랙','1box 4piece',16,11250,180000,162000,18000,null);
Insert into ACCNUT_TAX_DETAIL (TAX_DETAIL_NUM,TAX_NUM,MONTH,DAY,OPTION_CODE,STANDARD,QUANTITY,AMOUNT,TOTAL,SUPPLY_PRICE,TAX,NOTE) values (142,7,3,5,'블러글로이립틴트- 222 피아트 룩스','1box 6piece',4,10833,43332,38999,4333,null);
Insert into ACCNUT_TAX_DETAIL (TAX_DETAIL_NUM,TAX_NUM,MONTH,DAY,OPTION_CODE,STANDARD,QUANTITY,AMOUNT,TOTAL,SUPPLY_PRICE,TAX,NOTE) values (143,7,3,5,'헤라글로우틴트-422호스피치리스','1box6piece',51,9800,499800,449820,49980,null);
Insert into ACCNUT_TAX_DETAIL (TAX_DETAIL_NUM,TAX_NUM,MONTH,DAY,OPTION_CODE,STANDARD,QUANTITY,AMOUNT,TOTAL,SUPPLY_PRICE,TAX,NOTE) values (144,7,3,5,'립밤-단건','1box 4piece',82,12500,1025000,922500,102500,null);
Insert into ACCNUT_TAX_DETAIL (TAX_DETAIL_NUM,TAX_NUM,MONTH,DAY,OPTION_CODE,STANDARD,QUANTITY,AMOUNT,TOTAL,SUPPLY_PRICE,TAX,NOTE) values (145,7,3,5,'향수-플로럴','1box 2piece',14,15000,210000,189000,21000,null);
Insert into ACCNUT_TAX_DETAIL (TAX_DETAIL_NUM,TAX_NUM,MONTH,DAY,OPTION_CODE,STANDARD,QUANTITY,AMOUNT,TOTAL,SUPPLY_PRICE,TAX,NOTE) values (146,7,3,5,'향수-단건','1box 4piece',36,17500,630000,567000,63000,null);
Insert into ACCNUT_TAX_DETAIL (TAX_DETAIL_NUM,TAX_NUM,MONTH,DAY,OPTION_CODE,STANDARD,QUANTITY,AMOUNT,TOTAL,SUPPLY_PRICE,TAX,NOTE) values (147,7,3,5,'립글로스-1호','1box 6piece',93,9333,867969,781172,86797,null);
Insert into ACCNUT_TAX_DETAIL (TAX_DETAIL_NUM,TAX_NUM,MONTH,DAY,OPTION_CODE,STANDARD,QUANTITY,AMOUNT,TOTAL,SUPPLY_PRICE,TAX,NOTE) values (148,7,3,5,'아이라이너-브라운','1box 4piece',6,11250,67500,60750,6750,null);
Insert into ACCNUT_TAX_DETAIL (TAX_DETAIL_NUM,TAX_NUM,MONTH,DAY,OPTION_CODE,STANDARD,QUANTITY,AMOUNT,TOTAL,SUPPLY_PRICE,TAX,NOTE) values (149,7,3,5,'블러글로이립틴트- 225 파시오','1box 6piece',48,10833,519984,467986,51998,null);
Insert into ACCNUT_TAX_DETAIL (TAX_DETAIL_NUM,TAX_NUM,MONTH,DAY,OPTION_CODE,STANDARD,QUANTITY,AMOUNT,TOTAL,SUPPLY_PRICE,TAX,NOTE) values (150,7,3,5,'블러글로이립틴트-221 테메트 노스케','1box 6piece',15,10833,162495,146246,16250,null);
Insert into ACCNUT_TAX_DETAIL (TAX_DETAIL_NUM,TAX_NUM,MONTH,DAY,OPTION_CODE,STANDARD,QUANTITY,AMOUNT,TOTAL,SUPPLY_PRICE,TAX,NOTE) values (151,7,3,5,'헤라글로우틴트-123호딸기잼','1box6piece',98,9800,960400,864360,96040,null);
Insert into ACCNUT_TAX_DETAIL (TAX_DETAIL_NUM,TAX_NUM,MONTH,DAY,OPTION_CODE,STANDARD,QUANTITY,AMOUNT,TOTAL,SUPPLY_PRICE,TAX,NOTE) values (152,7,3,5,'헤라글로우틴트-111호사과잼','1box6piece',54,9800,529200,476280,52920,null);
Insert into ACCNUT_TAX_DETAIL (TAX_DETAIL_NUM,TAX_NUM,MONTH,DAY,OPTION_CODE,STANDARD,QUANTITY,AMOUNT,TOTAL,SUPPLY_PRICE,TAX,NOTE) values (153,7,3,5,'헤라글로우틴트-308호체리쉬','1box6piece',30,9800,294000,264600,29400,null);
Insert into ACCNUT_TAX_DETAIL (TAX_DETAIL_NUM,TAX_NUM,MONTH,DAY,OPTION_CODE,STANDARD,QUANTITY,AMOUNT,TOTAL,SUPPLY_PRICE,TAX,NOTE) values (154,7,3,5,'향수-우디','1box 2piece',75,15000,1125000,1012500,112500,null);
Insert into ACCNUT_TAX_DETAIL (TAX_DETAIL_NUM,TAX_NUM,MONTH,DAY,OPTION_CODE,STANDARD,QUANTITY,AMOUNT,TOTAL,SUPPLY_PRICE,TAX,NOTE) values (155,7,3,5,' 히알루론산 세럼 -단건','1box 6piece',8,9333,74664,67198,7466,null);
Insert into ACCNUT_TAX_DETAIL (TAX_DETAIL_NUM,TAX_NUM,MONTH,DAY,OPTION_CODE,STANDARD,QUANTITY,AMOUNT,TOTAL,SUPPLY_PRICE,TAX,NOTE) values (156,7,3,5,'프로아이팔레트-03 핑크페어링','1box 4piece',74,11250,832500,749250,83250,null);
Insert into ACCNUT_TAX_DETAIL (TAX_DETAIL_NUM,TAX_NUM,MONTH,DAY,OPTION_CODE,STANDARD,QUANTITY,AMOUNT,TOTAL,SUPPLY_PRICE,TAX,NOTE) values (157,7,3,5,'프로아이팔레트-02 로즈커넥트','1box 4piece',75,11250,843750,759375,84375,null);
Insert into ACCNUT_TAX_DETAIL (TAX_DETAIL_NUM,TAX_NUM,MONTH,DAY,OPTION_CODE,STANDARD,QUANTITY,AMOUNT,TOTAL,SUPPLY_PRICE,TAX,NOTE) values (158,7,3,5,'프로아이팔레트-01 로즈다이어리','1box 4piece',59,11250,663750,597375,66375,null);
Insert into ACCNUT_TAX_DETAIL (TAX_DETAIL_NUM,TAX_NUM,MONTH,DAY,OPTION_CODE,STANDARD,QUANTITY,AMOUNT,TOTAL,SUPPLY_PRICE,TAX,NOTE) values (61,3,3,4,'헤라글로우틴트-422호스피치리스','1box6piece',1000,66667,66667000,60000300,6666700,null);
Insert into ACCNUT_TAX_DETAIL (TAX_DETAIL_NUM,TAX_NUM,MONTH,DAY,OPTION_CODE,STANDARD,QUANTITY,AMOUNT,TOTAL,SUPPLY_PRICE,TAX,NOTE) values (62,3,3,4,'헤라글로우틴트-308호체리쉬','1box6piece',80,66667,5333360,4800024,533336,null);
Insert into ACCNUT_TAX_DETAIL (TAX_DETAIL_NUM,TAX_NUM,MONTH,DAY,OPTION_CODE,STANDARD,QUANTITY,AMOUNT,TOTAL,SUPPLY_PRICE,TAX,NOTE) values (63,3,3,4,'프로아이팔레트-01 로즈다이어리','1box 4piece',150,112500,16875000,15187500,1687500,null);
Insert into ACCNUT_TAX_DETAIL (TAX_DETAIL_NUM,TAX_NUM,MONTH,DAY,OPTION_CODE,STANDARD,QUANTITY,AMOUNT,TOTAL,SUPPLY_PRICE,TAX,NOTE) values (101,5,3,5,'헤라글로우틴트-422호스피치리스','1box6piece',50,66667,3333350,3000015,333335,null);
Insert into ACCNUT_TAX_DETAIL (TAX_DETAIL_NUM,TAX_NUM,MONTH,DAY,OPTION_CODE,STANDARD,QUANTITY,AMOUNT,TOTAL,SUPPLY_PRICE,TAX,NOTE) values (102,5,3,5,'헤라글로우틴트-308호체리쉬','1box6piece',30,66667,2000010,1800009,200001,null);
Insert into ACCNUT_TAX_DETAIL (TAX_DETAIL_NUM,TAX_NUM,MONTH,DAY,OPTION_CODE,STANDARD,QUANTITY,AMOUNT,TOTAL,SUPPLY_PRICE,TAX,NOTE) values (103,5,3,5,'프로아이팔레트-01 로즈다이어리','1box 4piece',80,112500,9000000,8100000,900000,null);
Insert into ACCNUT_TAX_DETAIL (TAX_DETAIL_NUM,TAX_NUM,MONTH,DAY,OPTION_CODE,STANDARD,QUANTITY,AMOUNT,TOTAL,SUPPLY_PRICE,TAX,NOTE) values (104,5,3,5,'프로아이팔레트-01 로즈다이어리','1box 4piece',20,112500,2250000,2025000,225000,null);
Insert into ACCNUT_TAX_DETAIL (TAX_DETAIL_NUM,TAX_NUM,MONTH,DAY,OPTION_CODE,STANDARD,QUANTITY,AMOUNT,TOTAL,SUPPLY_PRICE,TAX,NOTE) values (105,5,3,5,'프로아이팔레트-02 로즈커넥트','1box 4piece',10,112500,1125000,1012500,112500,null);
Insert into ACCNUT_TAX_DETAIL (TAX_DETAIL_NUM,TAX_NUM,MONTH,DAY,OPTION_CODE,STANDARD,QUANTITY,AMOUNT,TOTAL,SUPPLY_PRICE,TAX,NOTE) values (106,5,3,5,'test상품-test옵션',null,1,null,null,null,null,null);
Insert into ACCNUT_TAX_DETAIL (TAX_DETAIL_NUM,TAX_NUM,MONTH,DAY,OPTION_CODE,STANDARD,QUANTITY,AMOUNT,TOTAL,SUPPLY_PRICE,TAX,NOTE) values (161,8,3,4,'립글로스-2호','1box 6piece',99,9333,923967,831570,92397,null);
Insert into ACCNUT_TAX_DETAIL (TAX_DETAIL_NUM,TAX_NUM,MONTH,DAY,OPTION_CODE,STANDARD,QUANTITY,AMOUNT,TOTAL,SUPPLY_PRICE,TAX,NOTE) values (162,8,3,4,'아이라이너-블랙','1box 4piece',37,11250,416250,374625,41625,null);
Insert into ACCNUT_TAX_DETAIL (TAX_DETAIL_NUM,TAX_NUM,MONTH,DAY,OPTION_CODE,STANDARD,QUANTITY,AMOUNT,TOTAL,SUPPLY_PRICE,TAX,NOTE) values (163,8,3,4,'블러글로이립틴트- 222 피아트 룩스','1box 6piece',36,10833,389988,350989,38999,null);
Insert into ACCNUT_TAX_DETAIL (TAX_DETAIL_NUM,TAX_NUM,MONTH,DAY,OPTION_CODE,STANDARD,QUANTITY,AMOUNT,TOTAL,SUPPLY_PRICE,TAX,NOTE) values (164,8,3,4,'헤라글로우틴트-422호스피치리스','1box6piece',7,9800,68600,61740,6860,null);
Insert into ACCNUT_TAX_DETAIL (TAX_DETAIL_NUM,TAX_NUM,MONTH,DAY,OPTION_CODE,STANDARD,QUANTITY,AMOUNT,TOTAL,SUPPLY_PRICE,TAX,NOTE) values (165,8,3,4,'립밤-단건','1box 4piece',78,12500,975000,877500,97500,null);
Insert into ACCNUT_TAX_DETAIL (TAX_DETAIL_NUM,TAX_NUM,MONTH,DAY,OPTION_CODE,STANDARD,QUANTITY,AMOUNT,TOTAL,SUPPLY_PRICE,TAX,NOTE) values (166,8,3,4,'향수-플로럴','1box 2piece',63,15000,945000,850500,94500,null);
Insert into ACCNUT_TAX_DETAIL (TAX_DETAIL_NUM,TAX_NUM,MONTH,DAY,OPTION_CODE,STANDARD,QUANTITY,AMOUNT,TOTAL,SUPPLY_PRICE,TAX,NOTE) values (167,8,3,4,'향수-단건','1box 4piece',97,17500,1697500,1527750,169750,null);
Insert into ACCNUT_TAX_DETAIL (TAX_DETAIL_NUM,TAX_NUM,MONTH,DAY,OPTION_CODE,STANDARD,QUANTITY,AMOUNT,TOTAL,SUPPLY_PRICE,TAX,NOTE) values (168,8,3,4,'립글로스-1호','1box 6piece',59,9333,550647,495582,55065,null);
Insert into ACCNUT_TAX_DETAIL (TAX_DETAIL_NUM,TAX_NUM,MONTH,DAY,OPTION_CODE,STANDARD,QUANTITY,AMOUNT,TOTAL,SUPPLY_PRICE,TAX,NOTE) values (169,8,3,4,'아이라이너-브라운','1box 4piece',82,11250,922500,830250,92250,null);
Insert into ACCNUT_TAX_DETAIL (TAX_DETAIL_NUM,TAX_NUM,MONTH,DAY,OPTION_CODE,STANDARD,QUANTITY,AMOUNT,TOTAL,SUPPLY_PRICE,TAX,NOTE) values (170,8,3,4,'블러글로이립틴트- 225 파시오','1box 6piece',33,10833,357489,321740,35749,null);
Insert into ACCNUT_TAX_DETAIL (TAX_DETAIL_NUM,TAX_NUM,MONTH,DAY,OPTION_CODE,STANDARD,QUANTITY,AMOUNT,TOTAL,SUPPLY_PRICE,TAX,NOTE) values (171,8,3,4,'블러글로이립틴트-221 테메트 노스케','1box 6piece',21,10833,227493,204744,22749,null);
Insert into ACCNUT_TAX_DETAIL (TAX_DETAIL_NUM,TAX_NUM,MONTH,DAY,OPTION_CODE,STANDARD,QUANTITY,AMOUNT,TOTAL,SUPPLY_PRICE,TAX,NOTE) values (172,8,3,4,'헤라글로우틴트-123호딸기잼','1box6piece',2,9800,19600,17640,1960,null);
Insert into ACCNUT_TAX_DETAIL (TAX_DETAIL_NUM,TAX_NUM,MONTH,DAY,OPTION_CODE,STANDARD,QUANTITY,AMOUNT,TOTAL,SUPPLY_PRICE,TAX,NOTE) values (173,8,3,4,'헤라글로우틴트-111호사과잼','1box6piece',96,9800,940800,846720,94080,null);
Insert into ACCNUT_TAX_DETAIL (TAX_DETAIL_NUM,TAX_NUM,MONTH,DAY,OPTION_CODE,STANDARD,QUANTITY,AMOUNT,TOTAL,SUPPLY_PRICE,TAX,NOTE) values (174,8,3,4,'헤라글로우틴트-308호체리쉬','1box6piece',10,9800,98000,88200,9800,null);
Insert into ACCNUT_TAX_DETAIL (TAX_DETAIL_NUM,TAX_NUM,MONTH,DAY,OPTION_CODE,STANDARD,QUANTITY,AMOUNT,TOTAL,SUPPLY_PRICE,TAX,NOTE) values (175,8,3,4,'향수-우디','1box 2piece',96,15000,1440000,1296000,144000,null);
Insert into ACCNUT_TAX_DETAIL (TAX_DETAIL_NUM,TAX_NUM,MONTH,DAY,OPTION_CODE,STANDARD,QUANTITY,AMOUNT,TOTAL,SUPPLY_PRICE,TAX,NOTE) values (176,8,3,4,' 히알루론산 세럼 -단건','1box 6piece',20,9333,186660,167994,18666,null);
Insert into ACCNUT_TAX_DETAIL (TAX_DETAIL_NUM,TAX_NUM,MONTH,DAY,OPTION_CODE,STANDARD,QUANTITY,AMOUNT,TOTAL,SUPPLY_PRICE,TAX,NOTE) values (177,8,3,4,'프로아이팔레트-03 핑크페어링','1box 4piece',64,11250,720000,648000,72000,null);
Insert into ACCNUT_TAX_DETAIL (TAX_DETAIL_NUM,TAX_NUM,MONTH,DAY,OPTION_CODE,STANDARD,QUANTITY,AMOUNT,TOTAL,SUPPLY_PRICE,TAX,NOTE) values (178,8,3,4,'프로아이팔레트-02 로즈커넥트','1box 4piece',96,11250,1080000,972000,108000,null);
Insert into ACCNUT_TAX_DETAIL (TAX_DETAIL_NUM,TAX_NUM,MONTH,DAY,OPTION_CODE,STANDARD,QUANTITY,AMOUNT,TOTAL,SUPPLY_PRICE,TAX,NOTE) values (179,8,3,4,'프로아이팔레트-01 로즈다이어리','1box 4piece',49,11250,551250,496125,55125,null);
Insert into ACCNUT_TAX_DETAIL (TAX_DETAIL_NUM,TAX_NUM,MONTH,DAY,OPTION_CODE,STANDARD,QUANTITY,AMOUNT,TOTAL,SUPPLY_PRICE,TAX,NOTE) values (181,9,3,11,'코오롱향수-단건','1box 6piece',15,82667,1240005,1116005,124001,null);
Insert into ACCNUT_TAX_DETAIL (TAX_DETAIL_NUM,TAX_NUM,MONTH,DAY,OPTION_CODE,STANDARD,QUANTITY,AMOUNT,TOTAL,SUPPLY_PRICE,TAX,NOTE) values (182,9,3,11,'향수-단건','1box 2piece',8,69000,552000,496800,55200,null);
Insert into ACCNUT_TAX_DETAIL (TAX_DETAIL_NUM,TAX_NUM,MONTH,DAY,OPTION_CODE,STANDARD,QUANTITY,AMOUNT,TOTAL,SUPPLY_PRICE,TAX,NOTE) values (183,9,3,11,'히알루론산세럼-단건','1box 6piece',13,22000,286000,257400,28600,null);
Insert into ACCNUT_TAX_DETAIL (TAX_DETAIL_NUM,TAX_NUM,MONTH,DAY,OPTION_CODE,STANDARD,QUANTITY,AMOUNT,TOTAL,SUPPLY_PRICE,TAX,NOTE) values (184,9,3,11,'볼류밍글로스-캔디','1box 6piece',5,18000,90000,81000,9000,null);
Insert into ACCNUT_TAX_DETAIL (TAX_DETAIL_NUM,TAX_NUM,MONTH,DAY,OPTION_CODE,STANDARD,QUANTITY,AMOUNT,TOTAL,SUPPLY_PRICE,TAX,NOTE) values (185,9,3,11,'볼류밍글로스-앵두','1box 6piece',20,18000,360000,324000,36000,null);
Insert into ACCNUT_TAX_DETAIL (TAX_DETAIL_NUM,TAX_NUM,MONTH,DAY,OPTION_CODE,STANDARD,QUANTITY,AMOUNT,TOTAL,SUPPLY_PRICE,TAX,NOTE) values (21,1,3,1,'BSHC179433','1box 6piece',1,75000,75000,67500,7500,null);
Insert into ACCNUT_TAX_DETAIL (TAX_DETAIL_NUM,TAX_NUM,MONTH,DAY,OPTION_CODE,STANDARD,QUANTITY,AMOUNT,TOTAL,SUPPLY_PRICE,TAX,NOTE) values (22,1,3,2,'MLIS180437','1box 6piece',2,93333,186666,167999,18667,null);
Insert into ACCNUT_TAX_DETAIL (TAX_DETAIL_NUM,TAX_NUM,MONTH,DAY,OPTION_CODE,STANDARD,QUANTITY,AMOUNT,TOTAL,SUPPLY_PRICE,TAX,NOTE) values (41,2,3,4,'MLHR1119','1box 6piece',3,10833,32499,29249,3250,null);
Insert into ACCNUT_TAX_DETAIL (TAX_DETAIL_NUM,TAX_NUM,MONTH,DAY,OPTION_CODE,STANDARD,QUANTITY,AMOUNT,TOTAL,SUPPLY_PRICE,TAX,NOTE) values (42,2,3,5,'BFHR3265','1box 4piece',5,112500,562500,506250,56250,null);
Insert into ACCNUT_TAX_DETAIL (TAX_DETAIL_NUM,TAX_NUM,MONTH,DAY,OPTION_CODE,STANDARD,QUANTITY,AMOUNT,TOTAL,SUPPLY_PRICE,TAX,NOTE) values (81,4,3,5,'헤라글로우틴트-422호스피치리스','1box6piece',1000,66667,66667000,60000300,6666700,null);
Insert into ACCNUT_TAX_DETAIL (TAX_DETAIL_NUM,TAX_NUM,MONTH,DAY,OPTION_CODE,STANDARD,QUANTITY,AMOUNT,TOTAL,SUPPLY_PRICE,TAX,NOTE) values (82,4,3,5,'헤라글로우틴트-308호체리쉬','1box6piece',80,66667,5333360,4800024,533336,null);
Insert into ACCNUT_TAX_DETAIL (TAX_DETAIL_NUM,TAX_NUM,MONTH,DAY,OPTION_CODE,STANDARD,QUANTITY,AMOUNT,TOTAL,SUPPLY_PRICE,TAX,NOTE) values (83,4,3,5,'프로아이팔레트-01 로즈다이어리','1box 4piece',150,112500,16875000,15187500,1687500,null);
Insert into ACCNUT_TAX_DETAIL (TAX_DETAIL_NUM,TAX_NUM,MONTH,DAY,OPTION_CODE,STANDARD,QUANTITY,AMOUNT,TOTAL,SUPPLY_PRICE,TAX,NOTE) values (121,6,3,6,'립글로스-2호','1box 6piece',9,9333,83997,75597,8400,null);
Insert into ACCNUT_TAX_DETAIL (TAX_DETAIL_NUM,TAX_NUM,MONTH,DAY,OPTION_CODE,STANDARD,QUANTITY,AMOUNT,TOTAL,SUPPLY_PRICE,TAX,NOTE) values (122,6,3,6,'아이라이너-블랙','1box 4piece',43,11250,483750,435375,48375,null);
Insert into ACCNUT_TAX_DETAIL (TAX_DETAIL_NUM,TAX_NUM,MONTH,DAY,OPTION_CODE,STANDARD,QUANTITY,AMOUNT,TOTAL,SUPPLY_PRICE,TAX,NOTE) values (123,6,3,6,'블러글로이립틴트- 222 피아트 룩스','1box 6piece',93,10833,1007469,906722,100747,null);
Insert into ACCNUT_TAX_DETAIL (TAX_DETAIL_NUM,TAX_NUM,MONTH,DAY,OPTION_CODE,STANDARD,QUANTITY,AMOUNT,TOTAL,SUPPLY_PRICE,TAX,NOTE) values (124,6,3,6,'헤라글로우틴트-422호스피치리스','1box6piece',10,9800,98000,88200,9800,null);
Insert into ACCNUT_TAX_DETAIL (TAX_DETAIL_NUM,TAX_NUM,MONTH,DAY,OPTION_CODE,STANDARD,QUANTITY,AMOUNT,TOTAL,SUPPLY_PRICE,TAX,NOTE) values (125,6,3,6,'립밤-단건','1box 4piece',78,12500,975000,877500,97500,null);
Insert into ACCNUT_TAX_DETAIL (TAX_DETAIL_NUM,TAX_NUM,MONTH,DAY,OPTION_CODE,STANDARD,QUANTITY,AMOUNT,TOTAL,SUPPLY_PRICE,TAX,NOTE) values (126,6,3,6,'향수-플로럴','1box 2piece',34,15000,510000,459000,51000,null);
Insert into ACCNUT_TAX_DETAIL (TAX_DETAIL_NUM,TAX_NUM,MONTH,DAY,OPTION_CODE,STANDARD,QUANTITY,AMOUNT,TOTAL,SUPPLY_PRICE,TAX,NOTE) values (127,6,3,6,'향수-단건','1box 4piece',39,17500,682500,614250,68250,null);
Insert into ACCNUT_TAX_DETAIL (TAX_DETAIL_NUM,TAX_NUM,MONTH,DAY,OPTION_CODE,STANDARD,QUANTITY,AMOUNT,TOTAL,SUPPLY_PRICE,TAX,NOTE) values (128,6,3,6,'립글로스-1호','1box 6piece',59,9333,550647,495582,55065,null);
Insert into ACCNUT_TAX_DETAIL (TAX_DETAIL_NUM,TAX_NUM,MONTH,DAY,OPTION_CODE,STANDARD,QUANTITY,AMOUNT,TOTAL,SUPPLY_PRICE,TAX,NOTE) values (129,6,3,6,'아이라이너-브라운','1box 4piece',2,11250,22500,20250,2250,null);
Insert into ACCNUT_TAX_DETAIL (TAX_DETAIL_NUM,TAX_NUM,MONTH,DAY,OPTION_CODE,STANDARD,QUANTITY,AMOUNT,TOTAL,SUPPLY_PRICE,TAX,NOTE) values (130,6,3,6,'블러글로이립틴트- 225 파시오','1box 6piece',19,10833,205827,185244,20583,null);
Insert into ACCNUT_TAX_DETAIL (TAX_DETAIL_NUM,TAX_NUM,MONTH,DAY,OPTION_CODE,STANDARD,QUANTITY,AMOUNT,TOTAL,SUPPLY_PRICE,TAX,NOTE) values (131,6,3,6,'블러글로이립틴트-221 테메트 노스케','1box 6piece',90,10833,974970,877473,97497,null);
Insert into ACCNUT_TAX_DETAIL (TAX_DETAIL_NUM,TAX_NUM,MONTH,DAY,OPTION_CODE,STANDARD,QUANTITY,AMOUNT,TOTAL,SUPPLY_PRICE,TAX,NOTE) values (132,6,3,6,'헤라글로우틴트-123호딸기잼','1box6piece',67,9800,656600,590940,65660,null);
Insert into ACCNUT_TAX_DETAIL (TAX_DETAIL_NUM,TAX_NUM,MONTH,DAY,OPTION_CODE,STANDARD,QUANTITY,AMOUNT,TOTAL,SUPPLY_PRICE,TAX,NOTE) values (133,6,3,6,'헤라글로우틴트-111호사과잼','1box6piece',56,9800,548800,493920,54880,null);
Insert into ACCNUT_TAX_DETAIL (TAX_DETAIL_NUM,TAX_NUM,MONTH,DAY,OPTION_CODE,STANDARD,QUANTITY,AMOUNT,TOTAL,SUPPLY_PRICE,TAX,NOTE) values (134,6,3,6,'헤라글로우틴트-308호체리쉬','1box6piece',74,9800,725200,652680,72520,null);
Insert into ACCNUT_TAX_DETAIL (TAX_DETAIL_NUM,TAX_NUM,MONTH,DAY,OPTION_CODE,STANDARD,QUANTITY,AMOUNT,TOTAL,SUPPLY_PRICE,TAX,NOTE) values (135,6,3,6,'향수-우디','1box 2piece',14,15000,210000,189000,21000,null);
Insert into ACCNUT_TAX_DETAIL (TAX_DETAIL_NUM,TAX_NUM,MONTH,DAY,OPTION_CODE,STANDARD,QUANTITY,AMOUNT,TOTAL,SUPPLY_PRICE,TAX,NOTE) values (136,6,3,6,' 히알루론산 세럼 -단건','1box 6piece',96,9333,895968,806371,89597,null);
Insert into ACCNUT_TAX_DETAIL (TAX_DETAIL_NUM,TAX_NUM,MONTH,DAY,OPTION_CODE,STANDARD,QUANTITY,AMOUNT,TOTAL,SUPPLY_PRICE,TAX,NOTE) values (137,6,3,6,'프로아이팔레트-03 핑크페어링','1box 4piece',94,11250,1057500,951750,105750,null);
Insert into ACCNUT_TAX_DETAIL (TAX_DETAIL_NUM,TAX_NUM,MONTH,DAY,OPTION_CODE,STANDARD,QUANTITY,AMOUNT,TOTAL,SUPPLY_PRICE,TAX,NOTE) values (138,6,3,6,'프로아이팔레트-02 로즈커넥트','1box 4piece',93,11250,1046250,941625,104625,null);
Insert into ACCNUT_TAX_DETAIL (TAX_DETAIL_NUM,TAX_NUM,MONTH,DAY,OPTION_CODE,STANDARD,QUANTITY,AMOUNT,TOTAL,SUPPLY_PRICE,TAX,NOTE) values (139,6,3,6,'프로아이팔레트-01 로즈다이어리','1box 4piece',14,11250,157500,141750,15750,null);
Insert into ACCNUT_TAX_DETAIL (TAX_DETAIL_NUM,TAX_NUM,MONTH,DAY,OPTION_CODE,STANDARD,QUANTITY,AMOUNT,TOTAL,SUPPLY_PRICE,TAX,NOTE) values (201,10,3,7,'향수-단건','1box 2piece',8,69000,552000,496800,55200,null);
Insert into ACCNUT_TAX_DETAIL (TAX_DETAIL_NUM,TAX_NUM,MONTH,DAY,OPTION_CODE,STANDARD,QUANTITY,AMOUNT,TOTAL,SUPPLY_PRICE,TAX,NOTE) values (202,10,3,7,'히알루론산세럼-단건','1box 6piece',13,22000,286000,257400,28600,null);
Insert into ACCNUT_TAX_DETAIL (TAX_DETAIL_NUM,TAX_NUM,MONTH,DAY,OPTION_CODE,STANDARD,QUANTITY,AMOUNT,TOTAL,SUPPLY_PRICE,TAX,NOTE) values (203,10,3,7,'볼류밍글로스-캔디','1box 6piece',5,18000,90000,81000,9000,null);
Insert into ACCNUT_TAX_DETAIL (TAX_DETAIL_NUM,TAX_NUM,MONTH,DAY,OPTION_CODE,STANDARD,QUANTITY,AMOUNT,TOTAL,SUPPLY_PRICE,TAX,NOTE) values (204,10,3,7,'볼류밍글로스-앵두','1box 6piece',20,18000,360000,324000,36000,null);
Insert into ACCNUT_TAX_DETAIL (TAX_DETAIL_NUM,TAX_NUM,MONTH,DAY,OPTION_CODE,STANDARD,QUANTITY,AMOUNT,TOTAL,SUPPLY_PRICE,TAX,NOTE) values (205,10,3,7,'코오롱향수-단건','1box 6piece',15,82667,1240005,1116005,124001,null);
Insert into ACCNUT_TAX_DETAIL (TAX_DETAIL_NUM,TAX_NUM,MONTH,DAY,OPTION_CODE,STANDARD,QUANTITY,AMOUNT,TOTAL,SUPPLY_PRICE,TAX,NOTE) values (211,12,3,7,'향수-단건','1box 2piece',8,69000,552000,496800,55200,null);
Insert into ACCNUT_TAX_DETAIL (TAX_DETAIL_NUM,TAX_NUM,MONTH,DAY,OPTION_CODE,STANDARD,QUANTITY,AMOUNT,TOTAL,SUPPLY_PRICE,TAX,NOTE) values (212,12,3,7,'히알루론산세럼-단건','1box 6piece',13,22000,286000,257400,28600,null);
Insert into ACCNUT_TAX_DETAIL (TAX_DETAIL_NUM,TAX_NUM,MONTH,DAY,OPTION_CODE,STANDARD,QUANTITY,AMOUNT,TOTAL,SUPPLY_PRICE,TAX,NOTE) values (213,12,3,7,'볼류밍글로스-캔디','1box 6piece',5,18000,90000,81000,9000,null);
Insert into ACCNUT_TAX_DETAIL (TAX_DETAIL_NUM,TAX_NUM,MONTH,DAY,OPTION_CODE,STANDARD,QUANTITY,AMOUNT,TOTAL,SUPPLY_PRICE,TAX,NOTE) values (214,12,3,7,'볼류밍글로스-앵두','1box 6piece',20,18000,360000,324000,36000,null);
Insert into ACCNUT_TAX_DETAIL (TAX_DETAIL_NUM,TAX_NUM,MONTH,DAY,OPTION_CODE,STANDARD,QUANTITY,AMOUNT,TOTAL,SUPPLY_PRICE,TAX,NOTE) values (215,12,3,7,'코오롱향수-단건','1box 6piece',15,82667,1240005,1116005,124001,null);
REM INSERTING into ACCNUT_TAX_HEADER
SET DEFINE OFF;
Insert into ACCNUT_TAX_HEADER (TAX_NUM,FROM_RGNO,FROM_CO_NAME,FROM_NAME,FROM_ADDRESS,FROM_STATUS,FROM_CATE,FROM_EMAIL,TO_RGNO,TO_CO_NAME,TO_NAME,TO_ADDRESS,TO_STATUS,TO_CATE,TO_EMAIL1,TO_EMAIL2,RGDATE,NOTE,TOTAL,SUPPLY,TAX,COMPANY_NUM) values (11,'123-12-45621','뷰티인사이드(beautyinside)','나최고','대구 군위군 군위읍 개봉길 23-72 (내량리) 123123','도소매 및 소비자용품 수리업','화장품','djfiosdjfio@djkslfjlk.com','31','대구점','대구점','대구 중구 동성로 123','도소매','화장품','@','@',to_date('25/03/07','RR/MM/DD'),null,2528005,2275205,252801,45);
Insert into ACCNUT_TAX_HEADER (TAX_NUM,FROM_RGNO,FROM_CO_NAME,FROM_NAME,FROM_ADDRESS,FROM_STATUS,FROM_CATE,FROM_EMAIL,TO_RGNO,TO_CO_NAME,TO_NAME,TO_ADDRESS,TO_STATUS,TO_CATE,TO_EMAIL1,TO_EMAIL2,RGDATE,NOTE,TOTAL,SUPPLY,TAX,COMPANY_NUM) values (13,'123-12-45621','뷰티인사이드(beautyinside)','나최고','대구 군위군 군위읍 개봉길 23-72 (내량리) 123123','도소매 및 소비자용품 수리업','화장품','djfiosdjfio@djkslfjlk.com','31','대구점','대구점','대구 중구 동성로 123','도소매','화장품','buatuy1nside@serping.com@','@',to_date('25/03/12','RR/MM/DD'),null,2158000,1942200,215800,45);
Insert into ACCNUT_TAX_HEADER (TAX_NUM,FROM_RGNO,FROM_CO_NAME,FROM_NAME,FROM_ADDRESS,FROM_STATUS,FROM_CATE,FROM_EMAIL,TO_RGNO,TO_CO_NAME,TO_NAME,TO_ADDRESS,TO_STATUS,TO_CATE,TO_EMAIL1,TO_EMAIL2,RGDATE,NOTE,TOTAL,SUPPLY,TAX,COMPANY_NUM) values (7,'809-81-01574','올리브영(oliveyoung)','이선정','서울특별시 용산구 한강대로 372, 24층','도소매 및 소비자용품 수리업','화장품','lee@abc.com','18','부산점','부산점','부산 남구 남포동 2548','도소매','화장품','@','@',to_date('25/03/07','RR/MM/DD'),null,10219986,9197987,1021999,1);
Insert into ACCNUT_TAX_HEADER (TAX_NUM,FROM_RGNO,FROM_CO_NAME,FROM_NAME,FROM_ADDRESS,FROM_STATUS,FROM_CATE,FROM_EMAIL,TO_RGNO,TO_CO_NAME,TO_NAME,TO_ADDRESS,TO_STATUS,TO_CATE,TO_EMAIL1,TO_EMAIL2,RGDATE,NOTE,TOTAL,SUPPLY,TAX,COMPANY_NUM) values (3,'809-81-01574','올리브영(oliveyoung)','이선정','서울특별시 용산구 한강대로 372, 24층','도소매 및 소비자용품 수리업','화장품','lee@abc.com','18','부산점','부산점','부산 남구 남포동 2548','도소매','화장품','@','@',to_date('25/03/05','RR/MM/DD'),null,88875360,79987824,8887536,1);
Insert into ACCNUT_TAX_HEADER (TAX_NUM,FROM_RGNO,FROM_CO_NAME,FROM_NAME,FROM_ADDRESS,FROM_STATUS,FROM_CATE,FROM_EMAIL,TO_RGNO,TO_CO_NAME,TO_NAME,TO_ADDRESS,TO_STATUS,TO_CATE,TO_EMAIL1,TO_EMAIL2,RGDATE,NOTE,TOTAL,SUPPLY,TAX,COMPANY_NUM) values (5,'809-81-01574','올리브영(oliveyoung)','이선정','서울특별시 용산구 한강대로 372, 24층','도소매 및 소비자용품 수리업','화장품','lee@abc.com','18','부산점','부산점','부산 남구 남포동 2548','도소매','화장품','@','@',to_date('25/03/06','RR/MM/DD'),null,17708360,15937524,1770836,1);
Insert into ACCNUT_TAX_HEADER (TAX_NUM,FROM_RGNO,FROM_CO_NAME,FROM_NAME,FROM_ADDRESS,FROM_STATUS,FROM_CATE,FROM_EMAIL,TO_RGNO,TO_CO_NAME,TO_NAME,TO_ADDRESS,TO_STATUS,TO_CATE,TO_EMAIL1,TO_EMAIL2,RGDATE,NOTE,TOTAL,SUPPLY,TAX,COMPANY_NUM) values (8,'809-81-01574','올리브영(oliveyoung)','이선정','서울특별시 용산구 한강대로 372, 24층','도소매 및 소비자용품 수리업','화장품','lee@abc.com','18','부산점','부산점','부산 남구 남포동 2548','도소매','화장품','@','@',to_date('25/03/07','RR/MM/DD'),null,12510744,11259670,1251074,1);
Insert into ACCNUT_TAX_HEADER (TAX_NUM,FROM_RGNO,FROM_CO_NAME,FROM_NAME,FROM_ADDRESS,FROM_STATUS,FROM_CATE,FROM_EMAIL,TO_RGNO,TO_CO_NAME,TO_NAME,TO_ADDRESS,TO_STATUS,TO_CATE,TO_EMAIL1,TO_EMAIL2,RGDATE,NOTE,TOTAL,SUPPLY,TAX,COMPANY_NUM) values (9,'123-12-45621','뷰티인사이드(beautyinside)','나최고','대구 군위군 군위읍 개봉길 23-72 (내량리) 123123','도소매 및 소비자용품 수리업','화장품','djfiosdjfio@djkslfjlk.com','31','대구점','대구점','대구 중구 동성로 123','도소매','화장품','@','@',to_date('25/03/08','RR/MM/DD'),null,2528005,2275205,252801,45);
Insert into ACCNUT_TAX_HEADER (TAX_NUM,FROM_RGNO,FROM_CO_NAME,FROM_NAME,FROM_ADDRESS,FROM_STATUS,FROM_CATE,FROM_EMAIL,TO_RGNO,TO_CO_NAME,TO_NAME,TO_ADDRESS,TO_STATUS,TO_CATE,TO_EMAIL1,TO_EMAIL2,RGDATE,NOTE,TOTAL,SUPPLY,TAX,COMPANY_NUM) values (1,'123-12-45621','뷰티인사이드(beautyinside)','나최고','대구 군위군 군위읍 개봉길 23-72 (내량리) 123123','도소매 및 소비자용품 수리업','화장품','djfiosdjfio@djkslfjlk.com','29','용산점','용산점','서울 용산구 한강대로 600','도소매','화장품','dkdk123@naver.com','dksu2w1@gmail.com',to_date('25/03/12','RR/MM/DD'),null,261666,235499,26167,45);
Insert into ACCNUT_TAX_HEADER (TAX_NUM,FROM_RGNO,FROM_CO_NAME,FROM_NAME,FROM_ADDRESS,FROM_STATUS,FROM_CATE,FROM_EMAIL,TO_RGNO,TO_CO_NAME,TO_NAME,TO_ADDRESS,TO_STATUS,TO_CATE,TO_EMAIL1,TO_EMAIL2,RGDATE,NOTE,TOTAL,SUPPLY,TAX,COMPANY_NUM) values (2,'809-81-01574','올리브영(oliveyoung)','이선정','서울특별시 용산구 한강대로 372, 24층','도소매 및 소비자용품 수리업','화장품','lee@abc.com','19','강남점','강남점','서울특별시 강남구 테헤란로 123','도소매','화장품','dkdk12@gmail.com','dkasi12@naver.com',to_date('25/03/05','RR/MM/DD'),null,594999,535499,59500,1);
Insert into ACCNUT_TAX_HEADER (TAX_NUM,FROM_RGNO,FROM_CO_NAME,FROM_NAME,FROM_ADDRESS,FROM_STATUS,FROM_CATE,FROM_EMAIL,TO_RGNO,TO_CO_NAME,TO_NAME,TO_ADDRESS,TO_STATUS,TO_CATE,TO_EMAIL1,TO_EMAIL2,RGDATE,NOTE,TOTAL,SUPPLY,TAX,COMPANY_NUM) values (4,'809-81-01574','올리브영(oliveyoung)','이선정','서울특별시 용산구 한강대로 372, 24층','도소매 및 소비자용품 수리업','화장품','lee@abc.com','18','부산점','부산점','부산 남구 남포동 2548','도소매','화장품','@','@',to_date('25/03/06','RR/MM/DD'),null,88875360,79987824,8887536,1);
Insert into ACCNUT_TAX_HEADER (TAX_NUM,FROM_RGNO,FROM_CO_NAME,FROM_NAME,FROM_ADDRESS,FROM_STATUS,FROM_CATE,FROM_EMAIL,TO_RGNO,TO_CO_NAME,TO_NAME,TO_ADDRESS,TO_STATUS,TO_CATE,TO_EMAIL1,TO_EMAIL2,RGDATE,NOTE,TOTAL,SUPPLY,TAX,COMPANY_NUM) values (6,'809-81-01574','올리브영(oliveyoung)','이선정','서울특별시 용산구 한강대로 372, 24층','도소매 및 소비자용품 수리업','화장품','lee@abc.com','18','부산점','부산점','부산 남구 남포동 2548','도소매','화장품','@','@',to_date('25/03/07','RR/MM/DD'),null,10892478,9803230,1089248,1);
Insert into ACCNUT_TAX_HEADER (TAX_NUM,FROM_RGNO,FROM_CO_NAME,FROM_NAME,FROM_ADDRESS,FROM_STATUS,FROM_CATE,FROM_EMAIL,TO_RGNO,TO_CO_NAME,TO_NAME,TO_ADDRESS,TO_STATUS,TO_CATE,TO_EMAIL1,TO_EMAIL2,RGDATE,NOTE,TOTAL,SUPPLY,TAX,COMPANY_NUM) values (10,'123-12-45621','뷰티인사이드(beautyinside)','나최고','대구 군위군 군위읍 개봉길 23-72 (내량리) 123123','도소매 및 소비자용품 수리업','화장품','djfiosdjfio@djkslfjlk.com','31','대구점','대구점','대구 중구 동성로 123','도소매','화장품','@','@',to_date('25/03/07','RR/MM/DD'),null,2528005,2275205,252801,45);
Insert into ACCNUT_TAX_HEADER (TAX_NUM,FROM_RGNO,FROM_CO_NAME,FROM_NAME,FROM_ADDRESS,FROM_STATUS,FROM_CATE,FROM_EMAIL,TO_RGNO,TO_CO_NAME,TO_NAME,TO_ADDRESS,TO_STATUS,TO_CATE,TO_EMAIL1,TO_EMAIL2,RGDATE,NOTE,TOTAL,SUPPLY,TAX,COMPANY_NUM) values (12,'123-12-45621','뷰티인사이드(beautyinside)','나최고','대구 군위군 군위읍 개봉길 23-72 (내량리) 123123','도소매 및 소비자용품 수리업','화장품','djfiosdjfio@djkslfjlk.com','31','대구점','대구점','대구 중구 동성로 123','도소매','화장품','dkdk12@naver.com','asdhj12@gmail.com',to_date('25/03/08','RR/MM/DD'),null,2528005,2275205,252801,45);
REM INSERTING into BHF_CLOSING
SET DEFINE OFF;
Insert into BHF_CLOSING (CLOSING_CODE,BRANCH_OFFICE_ID,CLOSING_DATE,BUSINESS_RESERVES,CASH_AMOUNT,CASH_PRESENT,CARD_AMOUNT,SALE_AMOUNT,TRANSFER_AMOUNT,COMPANY_NUM) values ('bhf_close101','부산점',to_date('25/02/27','RR/MM/DD'),10000,5000,2000,15000,30000,5000,1);
Insert into BHF_CLOSING (CLOSING_CODE,BRANCH_OFFICE_ID,CLOSING_DATE,BUSINESS_RESERVES,CASH_AMOUNT,CASH_PRESENT,CARD_AMOUNT,SALE_AMOUNT,TRANSFER_AMOUNT,COMPANY_NUM) values ('bhf_close265','대구점',to_date('25/03/07','RR/MM/DD'),100000,1245000,1345000,1288000,2533000,0,45);
Insert into BHF_CLOSING (CLOSING_CODE,BRANCH_OFFICE_ID,CLOSING_DATE,BUSINESS_RESERVES,CASH_AMOUNT,CASH_PRESENT,CARD_AMOUNT,SALE_AMOUNT,TRANSFER_AMOUNT,COMPANY_NUM) values ('bhf_close268','대구점',to_date('25/03/02','RR/MM/DD'),100000,1245000,1345000,1288000,2533000,0,45);
Insert into BHF_CLOSING (CLOSING_CODE,BRANCH_OFFICE_ID,CLOSING_DATE,BUSINESS_RESERVES,CASH_AMOUNT,CASH_PRESENT,CARD_AMOUNT,SALE_AMOUNT,TRANSFER_AMOUNT,COMPANY_NUM) values ('bhf_close1','YEDAM',to_date('25/02/24','RR/MM/DD'),10000,110000,120000,110000,220000,1000,1);
Insert into BHF_CLOSING (CLOSING_CODE,BRANCH_OFFICE_ID,CLOSING_DATE,BUSINESS_RESERVES,CASH_AMOUNT,CASH_PRESENT,CARD_AMOUNT,SALE_AMOUNT,TRANSFER_AMOUNT,COMPANY_NUM) values ('bhf_close61',null,to_date('25/02/27','RR/MM/DD'),10000,5000,2000,15000,30000,5000,1);
Insert into BHF_CLOSING (CLOSING_CODE,BRANCH_OFFICE_ID,CLOSING_DATE,BUSINESS_RESERVES,CASH_AMOUNT,CASH_PRESENT,CARD_AMOUNT,SALE_AMOUNT,TRANSFER_AMOUNT,COMPANY_NUM) values ('bhf_close81','yedam',to_date('25/02/22','RR/MM/DD'),100000,100000,200000,500000,600000,0,1);
Insert into BHF_CLOSING (CLOSING_CODE,BRANCH_OFFICE_ID,CLOSING_DATE,BUSINESS_RESERVES,CASH_AMOUNT,CASH_PRESENT,CARD_AMOUNT,SALE_AMOUNT,TRANSFER_AMOUNT,COMPANY_NUM) values ('bhf_close82','yedam',to_date('25/02/24','RR/MM/DD'),100000,100000,200000,500000,600000,0,1);
Insert into BHF_CLOSING (CLOSING_CODE,BRANCH_OFFICE_ID,CLOSING_DATE,BUSINESS_RESERVES,CASH_AMOUNT,CASH_PRESENT,CARD_AMOUNT,SALE_AMOUNT,TRANSFER_AMOUNT,COMPANY_NUM) values ('bhf_close83','yedam',to_date('25/02/25','RR/MM/DD'),10000,5000,2000,15000,30000,5000,1);
Insert into BHF_CLOSING (CLOSING_CODE,BRANCH_OFFICE_ID,CLOSING_DATE,BUSINESS_RESERVES,CASH_AMOUNT,CASH_PRESENT,CARD_AMOUNT,SALE_AMOUNT,TRANSFER_AMOUNT,COMPANY_NUM) values ('bhf_close84','yedam',to_date('25/02/26','RR/MM/DD'),100000,100000,200000,500000,600000,0,1);
Insert into BHF_CLOSING (CLOSING_CODE,BRANCH_OFFICE_ID,CLOSING_DATE,BUSINESS_RESERVES,CASH_AMOUNT,CASH_PRESENT,CARD_AMOUNT,SALE_AMOUNT,TRANSFER_AMOUNT,COMPANY_NUM) values ('bhf_close161','부산점',to_date('25/03/04','RR/MM/DD'),10000,5000,2000,15000,30000,5000,1);
Insert into BHF_CLOSING (CLOSING_CODE,BRANCH_OFFICE_ID,CLOSING_DATE,BUSINESS_RESERVES,CASH_AMOUNT,CASH_PRESENT,CARD_AMOUNT,SALE_AMOUNT,TRANSFER_AMOUNT,COMPANY_NUM) values ('bhf_close162','부산점',to_date('25/03/04','RR/MM/DD'),10000,5000,2000,15000,30000,5000,1);
Insert into BHF_CLOSING (CLOSING_CODE,BRANCH_OFFICE_ID,CLOSING_DATE,BUSINESS_RESERVES,CASH_AMOUNT,CASH_PRESENT,CARD_AMOUNT,SALE_AMOUNT,TRANSFER_AMOUNT,COMPANY_NUM) values ('bhf_close181','부산점',to_date('25/03/05','RR/MM/DD'),10000,5000,2000,15000,30000,5000,1);
Insert into BHF_CLOSING (CLOSING_CODE,BRANCH_OFFICE_ID,CLOSING_DATE,BUSINESS_RESERVES,CASH_AMOUNT,CASH_PRESENT,CARD_AMOUNT,SALE_AMOUNT,TRANSFER_AMOUNT,COMPANY_NUM) values ('bhf_close201','부산점',to_date('25/03/04','RR/MM/DD'),10000,5000,2000,15000,30000,5000,1);
Insert into BHF_CLOSING (CLOSING_CODE,BRANCH_OFFICE_ID,CLOSING_DATE,BUSINESS_RESERVES,CASH_AMOUNT,CASH_PRESENT,CARD_AMOUNT,SALE_AMOUNT,TRANSFER_AMOUNT,COMPANY_NUM) values ('bhf_close264','대구점',to_date('25/03/11','RR/MM/DD'),100000,1245000,1345000,1288000,2533000,0,45);
Insert into BHF_CLOSING (CLOSING_CODE,BRANCH_OFFICE_ID,CLOSING_DATE,BUSINESS_RESERVES,CASH_AMOUNT,CASH_PRESENT,CARD_AMOUNT,SALE_AMOUNT,TRANSFER_AMOUNT,COMPANY_NUM) values ('bhf_close266','부산점',to_date('25/03/11','RR/MM/DD'),10000,5000,2000,15000,30000,5000,1);
Insert into BHF_CLOSING (CLOSING_CODE,BRANCH_OFFICE_ID,CLOSING_DATE,BUSINESS_RESERVES,CASH_AMOUNT,CASH_PRESENT,CARD_AMOUNT,SALE_AMOUNT,TRANSFER_AMOUNT,COMPANY_NUM) values ('bhf_close271','대구점',to_date('25/03/14','RR/MM/DD'),187000,605000,792000,1521000,2126000,0,45);
Insert into BHF_CLOSING (CLOSING_CODE,BRANCH_OFFICE_ID,CLOSING_DATE,BUSINESS_RESERVES,CASH_AMOUNT,CASH_PRESENT,CARD_AMOUNT,SALE_AMOUNT,TRANSFER_AMOUNT,COMPANY_NUM) values ('bhf_close21','yedam',to_date('25/02/26','RR/MM/DD'),10000,5000,2000,15000,30000,5000,1);
Insert into BHF_CLOSING (CLOSING_CODE,BRANCH_OFFICE_ID,CLOSING_DATE,BUSINESS_RESERVES,CASH_AMOUNT,CASH_PRESENT,CARD_AMOUNT,SALE_AMOUNT,TRANSFER_AMOUNT,COMPANY_NUM) values ('bhf_close141','부산점',to_date('25/03/04','RR/MM/DD'),100000,100000,200000,500000,600000,0,1);
Insert into BHF_CLOSING (CLOSING_CODE,BRANCH_OFFICE_ID,CLOSING_DATE,BUSINESS_RESERVES,CASH_AMOUNT,CASH_PRESENT,CARD_AMOUNT,SALE_AMOUNT,TRANSFER_AMOUNT,COMPANY_NUM) values ('bhf_close142','부산점',to_date('25/03/04','RR/MM/DD'),10000,5000,2000,15000,30000,5000,1);
Insert into BHF_CLOSING (CLOSING_CODE,BRANCH_OFFICE_ID,CLOSING_DATE,BUSINESS_RESERVES,CASH_AMOUNT,CASH_PRESENT,CARD_AMOUNT,SALE_AMOUNT,TRANSFER_AMOUNT,COMPANY_NUM) values ('bhf_close2','yedam',to_date('25/02/26','RR/MM/DD'),100000,100000,200000,500000,600000,0,1);
Insert into BHF_CLOSING (CLOSING_CODE,BRANCH_OFFICE_ID,CLOSING_DATE,BUSINESS_RESERVES,CASH_AMOUNT,CASH_PRESENT,CARD_AMOUNT,SALE_AMOUNT,TRANSFER_AMOUNT,COMPANY_NUM) values ('bhf_close221','부산점',to_date('25/03/05','RR/MM/DD'),100000,100000,200000,500000,600000,0,1);
Insert into BHF_CLOSING (CLOSING_CODE,BRANCH_OFFICE_ID,CLOSING_DATE,BUSINESS_RESERVES,CASH_AMOUNT,CASH_PRESENT,CARD_AMOUNT,SALE_AMOUNT,TRANSFER_AMOUNT,COMPANY_NUM) values ('bhf_close222','부산점',to_date('25/03/05','RR/MM/DD'),100000,100000,200000,500000,600000,0,1);
Insert into BHF_CLOSING (CLOSING_CODE,BRANCH_OFFICE_ID,CLOSING_DATE,BUSINESS_RESERVES,CASH_AMOUNT,CASH_PRESENT,CARD_AMOUNT,SALE_AMOUNT,TRANSFER_AMOUNT,COMPANY_NUM) values ('bhf_close41',null,to_date('25/02/26','RR/MM/DD'),0,0,0,0,0,0,1);
Insert into BHF_CLOSING (CLOSING_CODE,BRANCH_OFFICE_ID,CLOSING_DATE,BUSINESS_RESERVES,CASH_AMOUNT,CASH_PRESENT,CARD_AMOUNT,SALE_AMOUNT,TRANSFER_AMOUNT,COMPANY_NUM) values ('bhf_close42','yedam',to_date('25/02/26','RR/MM/DD'),10000,5000,2000,15000,30000,5000,1);
Insert into BHF_CLOSING (CLOSING_CODE,BRANCH_OFFICE_ID,CLOSING_DATE,BUSINESS_RESERVES,CASH_AMOUNT,CASH_PRESENT,CARD_AMOUNT,SALE_AMOUNT,TRANSFER_AMOUNT,COMPANY_NUM) values ('bhf_close121','부산점',to_date('25/02/28','RR/MM/DD'),10000,5000,2000,15000,30000,5000,1);
Insert into BHF_CLOSING (CLOSING_CODE,BRANCH_OFFICE_ID,CLOSING_DATE,BUSINESS_RESERVES,CASH_AMOUNT,CASH_PRESENT,CARD_AMOUNT,SALE_AMOUNT,TRANSFER_AMOUNT,COMPANY_NUM) values ('bhf_close224','홍대점',to_date('25/03/01','RR/MM/DD'),200000,200000,2387360,2899478,2741075,2727403,1);
Insert into BHF_CLOSING (CLOSING_CODE,BRANCH_OFFICE_ID,CLOSING_DATE,BUSINESS_RESERVES,CASH_AMOUNT,CASH_PRESENT,CARD_AMOUNT,SALE_AMOUNT,TRANSFER_AMOUNT,COMPANY_NUM) values ('bhf_close225','부산점',to_date('25/03/01','RR/MM/DD'),200000,200000,2554452,1120027,2745410,2969208,1);
Insert into BHF_CLOSING (CLOSING_CODE,BRANCH_OFFICE_ID,CLOSING_DATE,BUSINESS_RESERVES,CASH_AMOUNT,CASH_PRESENT,CARD_AMOUNT,SALE_AMOUNT,TRANSFER_AMOUNT,COMPANY_NUM) values ('bhf_close226','대구점',to_date('25/03/01','RR/MM/DD'),200000,200000,2726497,2031119,1306695,2585517,1);
Insert into BHF_CLOSING (CLOSING_CODE,BRANCH_OFFICE_ID,CLOSING_DATE,BUSINESS_RESERVES,CASH_AMOUNT,CASH_PRESENT,CARD_AMOUNT,SALE_AMOUNT,TRANSFER_AMOUNT,COMPANY_NUM) values ('bhf_close227','대구중구점',to_date('25/03/01','RR/MM/DD'),200000,200000,1239050,1009583,2596558,2362244,1);
Insert into BHF_CLOSING (CLOSING_CODE,BRANCH_OFFICE_ID,CLOSING_DATE,BUSINESS_RESERVES,CASH_AMOUNT,CASH_PRESENT,CARD_AMOUNT,SALE_AMOUNT,TRANSFER_AMOUNT,COMPANY_NUM) values ('bhf_close228','서대문점',to_date('25/03/01','RR/MM/DD'),200000,200000,2583981,2649472,1820841,1755527,1);
Insert into BHF_CLOSING (CLOSING_CODE,BRANCH_OFFICE_ID,CLOSING_DATE,BUSINESS_RESERVES,CASH_AMOUNT,CASH_PRESENT,CARD_AMOUNT,SALE_AMOUNT,TRANSFER_AMOUNT,COMPANY_NUM) values ('bhf_close229','태전동점',to_date('25/03/01','RR/MM/DD'),200000,200000,1287740,1936532,2562466,2134067,1);
Insert into BHF_CLOSING (CLOSING_CODE,BRANCH_OFFICE_ID,CLOSING_DATE,BUSINESS_RESERVES,CASH_AMOUNT,CASH_PRESENT,CARD_AMOUNT,SALE_AMOUNT,TRANSFER_AMOUNT,COMPANY_NUM) values ('bhf_close230','홍대점',to_date('25/03/02','RR/MM/DD'),200000,200000,2369551,2491991,2172088,1339350,1);
Insert into BHF_CLOSING (CLOSING_CODE,BRANCH_OFFICE_ID,CLOSING_DATE,BUSINESS_RESERVES,CASH_AMOUNT,CASH_PRESENT,CARD_AMOUNT,SALE_AMOUNT,TRANSFER_AMOUNT,COMPANY_NUM) values ('bhf_close231','부산점',to_date('25/03/02','RR/MM/DD'),200000,200000,1230475,1051715,2125770,2140027,1);
Insert into BHF_CLOSING (CLOSING_CODE,BRANCH_OFFICE_ID,CLOSING_DATE,BUSINESS_RESERVES,CASH_AMOUNT,CASH_PRESENT,CARD_AMOUNT,SALE_AMOUNT,TRANSFER_AMOUNT,COMPANY_NUM) values ('bhf_close232','대구점',to_date('25/03/02','RR/MM/DD'),200000,200000,1245908,1652221,1319770,2357235,1);
Insert into BHF_CLOSING (CLOSING_CODE,BRANCH_OFFICE_ID,CLOSING_DATE,BUSINESS_RESERVES,CASH_AMOUNT,CASH_PRESENT,CARD_AMOUNT,SALE_AMOUNT,TRANSFER_AMOUNT,COMPANY_NUM) values ('bhf_close233','대구중구점',to_date('25/03/02','RR/MM/DD'),200000,200000,1903777,1437520,2878727,2486406,1);
Insert into BHF_CLOSING (CLOSING_CODE,BRANCH_OFFICE_ID,CLOSING_DATE,BUSINESS_RESERVES,CASH_AMOUNT,CASH_PRESENT,CARD_AMOUNT,SALE_AMOUNT,TRANSFER_AMOUNT,COMPANY_NUM) values ('bhf_close234','서대문점',to_date('25/03/02','RR/MM/DD'),200000,200000,1916088,2245630,1200004,1245931,1);
Insert into BHF_CLOSING (CLOSING_CODE,BRANCH_OFFICE_ID,CLOSING_DATE,BUSINESS_RESERVES,CASH_AMOUNT,CASH_PRESENT,CARD_AMOUNT,SALE_AMOUNT,TRANSFER_AMOUNT,COMPANY_NUM) values ('bhf_close235','태전동점',to_date('25/03/02','RR/MM/DD'),200000,200000,1797196,2238901,2712567,2114127,1);
Insert into BHF_CLOSING (CLOSING_CODE,BRANCH_OFFICE_ID,CLOSING_DATE,BUSINESS_RESERVES,CASH_AMOUNT,CASH_PRESENT,CARD_AMOUNT,SALE_AMOUNT,TRANSFER_AMOUNT,COMPANY_NUM) values ('bhf_close236','홍대점',to_date('25/03/03','RR/MM/DD'),200000,200000,1397849,1670767,1074660,2720904,1);
Insert into BHF_CLOSING (CLOSING_CODE,BRANCH_OFFICE_ID,CLOSING_DATE,BUSINESS_RESERVES,CASH_AMOUNT,CASH_PRESENT,CARD_AMOUNT,SALE_AMOUNT,TRANSFER_AMOUNT,COMPANY_NUM) values ('bhf_close237','부산점',to_date('25/03/03','RR/MM/DD'),200000,200000,1169327,1530371,1358162,2606305,1);
Insert into BHF_CLOSING (CLOSING_CODE,BRANCH_OFFICE_ID,CLOSING_DATE,BUSINESS_RESERVES,CASH_AMOUNT,CASH_PRESENT,CARD_AMOUNT,SALE_AMOUNT,TRANSFER_AMOUNT,COMPANY_NUM) values ('bhf_close238','대구점',to_date('25/03/03','RR/MM/DD'),200000,200000,2270416,2826302,1288657,1361251,1);
Insert into BHF_CLOSING (CLOSING_CODE,BRANCH_OFFICE_ID,CLOSING_DATE,BUSINESS_RESERVES,CASH_AMOUNT,CASH_PRESENT,CARD_AMOUNT,SALE_AMOUNT,TRANSFER_AMOUNT,COMPANY_NUM) values ('bhf_close239','대구중구점',to_date('25/03/03','RR/MM/DD'),200000,200000,2387215,1753636,2277234,2663793,1);
Insert into BHF_CLOSING (CLOSING_CODE,BRANCH_OFFICE_ID,CLOSING_DATE,BUSINESS_RESERVES,CASH_AMOUNT,CASH_PRESENT,CARD_AMOUNT,SALE_AMOUNT,TRANSFER_AMOUNT,COMPANY_NUM) values ('bhf_close240','서대문점',to_date('25/03/03','RR/MM/DD'),200000,200000,1596850,2582041,1092015,1580519,1);
Insert into BHF_CLOSING (CLOSING_CODE,BRANCH_OFFICE_ID,CLOSING_DATE,BUSINESS_RESERVES,CASH_AMOUNT,CASH_PRESENT,CARD_AMOUNT,SALE_AMOUNT,TRANSFER_AMOUNT,COMPANY_NUM) values ('bhf_close241','태전동점',to_date('25/03/03','RR/MM/DD'),200000,200000,1993131,1808938,2006773,1145950,1);
Insert into BHF_CLOSING (CLOSING_CODE,BRANCH_OFFICE_ID,CLOSING_DATE,BUSINESS_RESERVES,CASH_AMOUNT,CASH_PRESENT,CARD_AMOUNT,SALE_AMOUNT,TRANSFER_AMOUNT,COMPANY_NUM) values ('bhf_close242','홍대점',to_date('25/03/04','RR/MM/DD'),200000,200000,2435295,1400522,2471085,2106800,1);
Insert into BHF_CLOSING (CLOSING_CODE,BRANCH_OFFICE_ID,CLOSING_DATE,BUSINESS_RESERVES,CASH_AMOUNT,CASH_PRESENT,CARD_AMOUNT,SALE_AMOUNT,TRANSFER_AMOUNT,COMPANY_NUM) values ('bhf_close243','부산점',to_date('25/03/04','RR/MM/DD'),200000,200000,1045666,1228892,1350514,1037925,1);
Insert into BHF_CLOSING (CLOSING_CODE,BRANCH_OFFICE_ID,CLOSING_DATE,BUSINESS_RESERVES,CASH_AMOUNT,CASH_PRESENT,CARD_AMOUNT,SALE_AMOUNT,TRANSFER_AMOUNT,COMPANY_NUM) values ('bhf_close244','대구점',to_date('25/03/04','RR/MM/DD'),200000,200000,1587630,1165409,1050800,1251080,1);
Insert into BHF_CLOSING (CLOSING_CODE,BRANCH_OFFICE_ID,CLOSING_DATE,BUSINESS_RESERVES,CASH_AMOUNT,CASH_PRESENT,CARD_AMOUNT,SALE_AMOUNT,TRANSFER_AMOUNT,COMPANY_NUM) values ('bhf_close245','대구중구점',to_date('25/03/04','RR/MM/DD'),200000,200000,2181832,2530845,1373181,2680760,1);
Insert into BHF_CLOSING (CLOSING_CODE,BRANCH_OFFICE_ID,CLOSING_DATE,BUSINESS_RESERVES,CASH_AMOUNT,CASH_PRESENT,CARD_AMOUNT,SALE_AMOUNT,TRANSFER_AMOUNT,COMPANY_NUM) values ('bhf_close246','서대문점',to_date('25/03/04','RR/MM/DD'),200000,200000,2205433,1185063,1292503,2608318,1);
Insert into BHF_CLOSING (CLOSING_CODE,BRANCH_OFFICE_ID,CLOSING_DATE,BUSINESS_RESERVES,CASH_AMOUNT,CASH_PRESENT,CARD_AMOUNT,SALE_AMOUNT,TRANSFER_AMOUNT,COMPANY_NUM) values ('bhf_close247','태전동점',to_date('25/03/04','RR/MM/DD'),200000,200000,1097633,2990587,2912999,1560494,1);
Insert into BHF_CLOSING (CLOSING_CODE,BRANCH_OFFICE_ID,CLOSING_DATE,BUSINESS_RESERVES,CASH_AMOUNT,CASH_PRESENT,CARD_AMOUNT,SALE_AMOUNT,TRANSFER_AMOUNT,COMPANY_NUM) values ('bhf_close248','홍대점',to_date('25/03/05','RR/MM/DD'),200000,200000,2631730,1314561,1457212,2013212,1);
Insert into BHF_CLOSING (CLOSING_CODE,BRANCH_OFFICE_ID,CLOSING_DATE,BUSINESS_RESERVES,CASH_AMOUNT,CASH_PRESENT,CARD_AMOUNT,SALE_AMOUNT,TRANSFER_AMOUNT,COMPANY_NUM) values ('bhf_close249','부산점',to_date('25/03/05','RR/MM/DD'),200000,200000,1837084,1848206,1321254,1254670,1);
Insert into BHF_CLOSING (CLOSING_CODE,BRANCH_OFFICE_ID,CLOSING_DATE,BUSINESS_RESERVES,CASH_AMOUNT,CASH_PRESENT,CARD_AMOUNT,SALE_AMOUNT,TRANSFER_AMOUNT,COMPANY_NUM) values ('bhf_close250','대구점',to_date('25/03/05','RR/MM/DD'),200000,200000,1645635,1589287,2605355,1915766,1);
Insert into BHF_CLOSING (CLOSING_CODE,BRANCH_OFFICE_ID,CLOSING_DATE,BUSINESS_RESERVES,CASH_AMOUNT,CASH_PRESENT,CARD_AMOUNT,SALE_AMOUNT,TRANSFER_AMOUNT,COMPANY_NUM) values ('bhf_close251','대구중구점',to_date('25/03/05','RR/MM/DD'),200000,200000,1669222,2782829,2455922,2634380,1);
Insert into BHF_CLOSING (CLOSING_CODE,BRANCH_OFFICE_ID,CLOSING_DATE,BUSINESS_RESERVES,CASH_AMOUNT,CASH_PRESENT,CARD_AMOUNT,SALE_AMOUNT,TRANSFER_AMOUNT,COMPANY_NUM) values ('bhf_close252','서대문점',to_date('25/03/05','RR/MM/DD'),200000,200000,2859646,2457029,2264828,2726490,1);
Insert into BHF_CLOSING (CLOSING_CODE,BRANCH_OFFICE_ID,CLOSING_DATE,BUSINESS_RESERVES,CASH_AMOUNT,CASH_PRESENT,CARD_AMOUNT,SALE_AMOUNT,TRANSFER_AMOUNT,COMPANY_NUM) values ('bhf_close253','태전동점',to_date('25/03/05','RR/MM/DD'),200000,200000,1684292,2824749,2762069,2100464,1);
Insert into BHF_CLOSING (CLOSING_CODE,BRANCH_OFFICE_ID,CLOSING_DATE,BUSINESS_RESERVES,CASH_AMOUNT,CASH_PRESENT,CARD_AMOUNT,SALE_AMOUNT,TRANSFER_AMOUNT,COMPANY_NUM) values ('bhf_close254','홍대점',to_date('25/03/06','RR/MM/DD'),200000,200000,1585700,1548672,2967670,2475050,1);
Insert into BHF_CLOSING (CLOSING_CODE,BRANCH_OFFICE_ID,CLOSING_DATE,BUSINESS_RESERVES,CASH_AMOUNT,CASH_PRESENT,CARD_AMOUNT,SALE_AMOUNT,TRANSFER_AMOUNT,COMPANY_NUM) values ('bhf_close255','부산점',to_date('25/03/06','RR/MM/DD'),200000,200000,1576926,1182128,1306763,1767083,1);
Insert into BHF_CLOSING (CLOSING_CODE,BRANCH_OFFICE_ID,CLOSING_DATE,BUSINESS_RESERVES,CASH_AMOUNT,CASH_PRESENT,CARD_AMOUNT,SALE_AMOUNT,TRANSFER_AMOUNT,COMPANY_NUM) values ('bhf_close256','대구점',to_date('25/03/06','RR/MM/DD'),200000,200000,1477702,1267284,2227669,1973985,1);
Insert into BHF_CLOSING (CLOSING_CODE,BRANCH_OFFICE_ID,CLOSING_DATE,BUSINESS_RESERVES,CASH_AMOUNT,CASH_PRESENT,CARD_AMOUNT,SALE_AMOUNT,TRANSFER_AMOUNT,COMPANY_NUM) values ('bhf_close257','대구중구점',to_date('25/03/06','RR/MM/DD'),200000,200000,2089462,2209390,2635787,1098844,1);
Insert into BHF_CLOSING (CLOSING_CODE,BRANCH_OFFICE_ID,CLOSING_DATE,BUSINESS_RESERVES,CASH_AMOUNT,CASH_PRESENT,CARD_AMOUNT,SALE_AMOUNT,TRANSFER_AMOUNT,COMPANY_NUM) values ('bhf_close258','서대문점',to_date('25/03/06','RR/MM/DD'),200000,200000,1157935,2720464,1461126,1174061,1);
Insert into BHF_CLOSING (CLOSING_CODE,BRANCH_OFFICE_ID,CLOSING_DATE,BUSINESS_RESERVES,CASH_AMOUNT,CASH_PRESENT,CARD_AMOUNT,SALE_AMOUNT,TRANSFER_AMOUNT,COMPANY_NUM) values ('bhf_close259','태전동점',to_date('25/03/06','RR/MM/DD'),200000,200000,2648274,2659798,2634296,2894811,1);
Insert into BHF_CLOSING (CLOSING_CODE,BRANCH_OFFICE_ID,CLOSING_DATE,BUSINESS_RESERVES,CASH_AMOUNT,CASH_PRESENT,CARD_AMOUNT,SALE_AMOUNT,TRANSFER_AMOUNT,COMPANY_NUM) values ('bhf_close267','대구점',to_date('25/03/01','RR/MM/DD'),100000,1245000,1345000,1288000,2533000,0,45);
Insert into BHF_CLOSING (CLOSING_CODE,BRANCH_OFFICE_ID,CLOSING_DATE,BUSINESS_RESERVES,CASH_AMOUNT,CASH_PRESENT,CARD_AMOUNT,SALE_AMOUNT,TRANSFER_AMOUNT,COMPANY_NUM) values ('bhf_close269','대구점',to_date('25/03/04','RR/MM/DD'),100000,1740000,1840000,1320000,3060000,0,45);
Insert into BHF_CLOSING (CLOSING_CODE,BRANCH_OFFICE_ID,CLOSING_DATE,BUSINESS_RESERVES,CASH_AMOUNT,CASH_PRESENT,CARD_AMOUNT,SALE_AMOUNT,TRANSFER_AMOUNT,COMPANY_NUM) values ('bhf_close262','대구점',to_date('25/03/09','RR/MM/DD'),100000,1740000,1840000,1320000,3060000,0,45);
Insert into BHF_CLOSING (CLOSING_CODE,BRANCH_OFFICE_ID,CLOSING_DATE,BUSINESS_RESERVES,CASH_AMOUNT,CASH_PRESENT,CARD_AMOUNT,SALE_AMOUNT,TRANSFER_AMOUNT,COMPANY_NUM) values ('bhf_close263','대구점',to_date('25/03/10','RR/MM/DD'),100000,1245000,1345000,1288000,2533000,0,45);
Insert into BHF_CLOSING (CLOSING_CODE,BRANCH_OFFICE_ID,CLOSING_DATE,BUSINESS_RESERVES,CASH_AMOUNT,CASH_PRESENT,CARD_AMOUNT,SALE_AMOUNT,TRANSFER_AMOUNT,COMPANY_NUM) values ('bhf_close270','대구점',to_date('25/03/13','RR/MM/DD'),187000,605000,792000,1521000,2126000,0,45);
REM INSERTING into BHF_CLOSING_DETAIL
SET DEFINE OFF;
Insert into BHF_CLOSING_DETAIL (CLOSING_DETAIL_CODE,CLOSING_CODE,BNF_SLE_QY,GOODS_CODE,GOODS_NAME,OPTION_CODE,OPTION_NAME) values ('bhf_close_dtl121','bhf_close101',10,'LH001','헤라글로우틴트','LH0011','422호스피치리스');
Insert into BHF_CLOSING_DETAIL (CLOSING_DETAIL_CODE,CLOSING_CODE,BNF_SLE_QY,GOODS_CODE,GOODS_NAME,OPTION_CODE,OPTION_NAME) values ('bhf_close_dtl122','bhf_close101',8,'LH001','헤라글로우틴트','LH0012','308호체리쉬');
Insert into BHF_CLOSING_DETAIL (CLOSING_DETAIL_CODE,CLOSING_CODE,BNF_SLE_QY,GOODS_CODE,GOODS_NAME,OPTION_CODE,OPTION_NAME) values ('bhf_close_dtl123','bhf_close101',15,'BFHR32','프로아이팔레트','BFHR3263','01 로즈다이어리');
Insert into BHF_CLOSING_DETAIL (CLOSING_DETAIL_CODE,CLOSING_CODE,BNF_SLE_QY,GOODS_CODE,GOODS_NAME,OPTION_CODE,OPTION_NAME) values ('bhf_close_dt1378','bhf_close227',30,'BFHR32','프로아이팔레트','BFHR3264','02 로즈커넥트');
Insert into BHF_CLOSING_DETAIL (CLOSING_DETAIL_CODE,CLOSING_CODE,BNF_SLE_QY,GOODS_CODE,GOODS_NAME,OPTION_CODE,OPTION_NAME) values ('bhf_close_dt1379','bhf_close227',6,'BFHR32','프로아이팔레트','BFHR3263','01 로즈다이어리');
Insert into BHF_CLOSING_DETAIL (CLOSING_DETAIL_CODE,CLOSING_CODE,BNF_SLE_QY,GOODS_CODE,GOODS_NAME,OPTION_CODE,OPTION_NAME) values ('bhf_close_dt1380','bhf_close228',68,'MLIS2','립글로스','MLIS24','2호');
Insert into BHF_CLOSING_DETAIL (CLOSING_DETAIL_CODE,CLOSING_CODE,BNF_SLE_QY,GOODS_CODE,GOODS_NAME,OPTION_CODE,OPTION_NAME) values ('bhf_close_dt1382','bhf_close228',90,'MLIS164','아이라이너','MLIS164406','블랙');
Insert into BHF_CLOSING_DETAIL (CLOSING_DETAIL_CODE,CLOSING_CODE,BNF_SLE_QY,GOODS_CODE,GOODS_NAME,OPTION_CODE,OPTION_NAME) values ('bhf_close_dt1383','bhf_close228',22,'MLHR11','블러글로이립틴트','MLHR1119',' 222 피아트 룩스');
Insert into BHF_CLOSING_DETAIL (CLOSING_DETAIL_CODE,CLOSING_CODE,BNF_SLE_QY,GOODS_CODE,GOODS_NAME,OPTION_CODE,OPTION_NAME) values ('bhf_close_dt1384','bhf_close228',17,'LH001','헤라글로우틴트','LH0011','422호스피치리스');
Insert into BHF_CLOSING_DETAIL (CLOSING_DETAIL_CODE,CLOSING_CODE,BNF_SLE_QY,GOODS_CODE,GOODS_NAME,OPTION_CODE,OPTION_NAME) values ('bhf_close_dt1385','bhf_close228',43,'BSIS167','립밤','BSIS167411','단건');
Insert into BHF_CLOSING_DETAIL (CLOSING_DETAIL_CODE,CLOSING_CODE,BNF_SLE_QY,GOODS_CODE,GOODS_NAME,OPTION_CODE,OPTION_NAME) values ('bhf_close_dt1386','bhf_close228',82,'BSIS165','향수','BSIS165408','플로럴');
Insert into BHF_CLOSING_DETAIL (CLOSING_DETAIL_CODE,CLOSING_CODE,BNF_SLE_QY,GOODS_CODE,GOODS_NAME,OPTION_CODE,OPTION_NAME) values ('bhf_close_dt1387','bhf_close228',82,'BFIS166','향수','BFIS166410','단건');
Insert into BHF_CLOSING_DETAIL (CLOSING_DETAIL_CODE,CLOSING_CODE,BNF_SLE_QY,GOODS_CODE,GOODS_NAME,OPTION_CODE,OPTION_NAME) values ('bhf_close_dt1388','bhf_close228',29,'MLIS2','립글로스','MLIS23','1호');
Insert into BHF_CLOSING_DETAIL (CLOSING_DETAIL_CODE,CLOSING_CODE,BNF_SLE_QY,GOODS_CODE,GOODS_NAME,OPTION_CODE,OPTION_NAME) values ('bhf_close_dt1389','bhf_close228',68,'MLIS164','아이라이너','MLIS164407','브라운');
Insert into BHF_CLOSING_DETAIL (CLOSING_DETAIL_CODE,CLOSING_CODE,BNF_SLE_QY,GOODS_CODE,GOODS_NAME,OPTION_CODE,OPTION_NAME) values ('bhf_close_dt1390','bhf_close228',84,'MLHR11','블러글로이립틴트','MLHR1120',' 225 파시오');
Insert into BHF_CLOSING_DETAIL (CLOSING_DETAIL_CODE,CLOSING_CODE,BNF_SLE_QY,GOODS_CODE,GOODS_NAME,OPTION_CODE,OPTION_NAME) values ('bhf_close_dt1391','bhf_close228',62,'MLHR11','블러글로이립틴트','MLHR1118','221 테메트 노스케');
Insert into BHF_CLOSING_DETAIL (CLOSING_DETAIL_CODE,CLOSING_CODE,BNF_SLE_QY,GOODS_CODE,GOODS_NAME,OPTION_CODE,OPTION_NAME) values ('bhf_close_dt1392','bhf_close228',38,'LH001','헤라글로우틴트','LH001324','123호딸기잼');
Insert into BHF_CLOSING_DETAIL (CLOSING_DETAIL_CODE,CLOSING_CODE,BNF_SLE_QY,GOODS_CODE,GOODS_NAME,OPTION_CODE,OPTION_NAME) values ('bhf_close_dt1393','bhf_close228',5,'LH001','헤라글로우틴트','LH001321','111호사과잼');
Insert into BHF_CLOSING_DETAIL (CLOSING_DETAIL_CODE,CLOSING_CODE,BNF_SLE_QY,GOODS_CODE,GOODS_NAME,OPTION_CODE,OPTION_NAME) values ('bhf_close_dt1394','bhf_close228',97,'LH001','헤라글로우틴트','LH0012','308호체리쉬');
Insert into BHF_CLOSING_DETAIL (CLOSING_DETAIL_CODE,CLOSING_CODE,BNF_SLE_QY,GOODS_CODE,GOODS_NAME,OPTION_CODE,OPTION_NAME) values ('bhf_close_dt1395','bhf_close228',29,'BSIS165','향수','BSIS165409','우디');
Insert into BHF_CLOSING_DETAIL (CLOSING_DETAIL_CODE,CLOSING_CODE,BNF_SLE_QY,GOODS_CODE,GOODS_NAME,OPTION_CODE,OPTION_NAME) values ('bhf_close_dt1396','bhf_close228',68,'BSIS10',' 히알루론산 세럼 ','BSIS1017','단건');
Insert into BHF_CLOSING_DETAIL (CLOSING_DETAIL_CODE,CLOSING_CODE,BNF_SLE_QY,GOODS_CODE,GOODS_NAME,OPTION_CODE,OPTION_NAME) values ('bhf_close_dt1397','bhf_close228',28,'BFHR32','프로아이팔레트','BFHR3265','03 핑크페어링');
Insert into BHF_CLOSING_DETAIL (CLOSING_DETAIL_CODE,CLOSING_CODE,BNF_SLE_QY,GOODS_CODE,GOODS_NAME,OPTION_CODE,OPTION_NAME) values ('bhf_close_dt1398','bhf_close228',99,'BFHR32','프로아이팔레트','BFHR3264','02 로즈커넥트');
Insert into BHF_CLOSING_DETAIL (CLOSING_DETAIL_CODE,CLOSING_CODE,BNF_SLE_QY,GOODS_CODE,GOODS_NAME,OPTION_CODE,OPTION_NAME) values ('bhf_close_dt1399','bhf_close228',27,'BFHR32','프로아이팔레트','BFHR3263','01 로즈다이어리');
Insert into BHF_CLOSING_DETAIL (CLOSING_DETAIL_CODE,CLOSING_CODE,BNF_SLE_QY,GOODS_CODE,GOODS_NAME,OPTION_CODE,OPTION_NAME) values ('bhf_close_dt1400','bhf_close229',78,'MLIS2','립글로스','MLIS24','2호');
Insert into BHF_CLOSING_DETAIL (CLOSING_DETAIL_CODE,CLOSING_CODE,BNF_SLE_QY,GOODS_CODE,GOODS_NAME,OPTION_CODE,OPTION_NAME) values ('bhf_close_dt1402','bhf_close229',44,'MLIS164','아이라이너','MLIS164406','블랙');
Insert into BHF_CLOSING_DETAIL (CLOSING_DETAIL_CODE,CLOSING_CODE,BNF_SLE_QY,GOODS_CODE,GOODS_NAME,OPTION_CODE,OPTION_NAME) values ('bhf_close_dt1403','bhf_close229',25,'MLHR11','블러글로이립틴트','MLHR1119',' 222 피아트 룩스');
Insert into BHF_CLOSING_DETAIL (CLOSING_DETAIL_CODE,CLOSING_CODE,BNF_SLE_QY,GOODS_CODE,GOODS_NAME,OPTION_CODE,OPTION_NAME) values ('bhf_close_dt1404','bhf_close229',19,'LH001','헤라글로우틴트','LH0011','422호스피치리스');
Insert into BHF_CLOSING_DETAIL (CLOSING_DETAIL_CODE,CLOSING_CODE,BNF_SLE_QY,GOODS_CODE,GOODS_NAME,OPTION_CODE,OPTION_NAME) values ('bhf_close_dt1405','bhf_close229',6,'BSIS167','립밤','BSIS167411','단건');
Insert into BHF_CLOSING_DETAIL (CLOSING_DETAIL_CODE,CLOSING_CODE,BNF_SLE_QY,GOODS_CODE,GOODS_NAME,OPTION_CODE,OPTION_NAME) values ('bhf_close_dt1406','bhf_close229',15,'BSIS165','향수','BSIS165408','플로럴');
Insert into BHF_CLOSING_DETAIL (CLOSING_DETAIL_CODE,CLOSING_CODE,BNF_SLE_QY,GOODS_CODE,GOODS_NAME,OPTION_CODE,OPTION_NAME) values ('bhf_close_dt1407','bhf_close229',72,'BFIS166','향수','BFIS166410','단건');
Insert into BHF_CLOSING_DETAIL (CLOSING_DETAIL_CODE,CLOSING_CODE,BNF_SLE_QY,GOODS_CODE,GOODS_NAME,OPTION_CODE,OPTION_NAME) values ('bhf_close_dt1408','bhf_close229',18,'MLIS2','립글로스','MLIS23','1호');
Insert into BHF_CLOSING_DETAIL (CLOSING_DETAIL_CODE,CLOSING_CODE,BNF_SLE_QY,GOODS_CODE,GOODS_NAME,OPTION_CODE,OPTION_NAME) values ('bhf_close_dt1409','bhf_close229',10,'MLIS164','아이라이너','MLIS164407','브라운');
Insert into BHF_CLOSING_DETAIL (CLOSING_DETAIL_CODE,CLOSING_CODE,BNF_SLE_QY,GOODS_CODE,GOODS_NAME,OPTION_CODE,OPTION_NAME) values ('bhf_close_dt1410','bhf_close229',6,'MLHR11','블러글로이립틴트','MLHR1120',' 225 파시오');
Insert into BHF_CLOSING_DETAIL (CLOSING_DETAIL_CODE,CLOSING_CODE,BNF_SLE_QY,GOODS_CODE,GOODS_NAME,OPTION_CODE,OPTION_NAME) values ('bhf_close_dt1411','bhf_close229',7,'MLHR11','블러글로이립틴트','MLHR1118','221 테메트 노스케');
Insert into BHF_CLOSING_DETAIL (CLOSING_DETAIL_CODE,CLOSING_CODE,BNF_SLE_QY,GOODS_CODE,GOODS_NAME,OPTION_CODE,OPTION_NAME) values ('bhf_close_dt1412','bhf_close229',1,'LH001','헤라글로우틴트','LH001324','123호딸기잼');
Insert into BHF_CLOSING_DETAIL (CLOSING_DETAIL_CODE,CLOSING_CODE,BNF_SLE_QY,GOODS_CODE,GOODS_NAME,OPTION_CODE,OPTION_NAME) values ('bhf_close_dt1413','bhf_close229',20,'LH001','헤라글로우틴트','LH001321','111호사과잼');
Insert into BHF_CLOSING_DETAIL (CLOSING_DETAIL_CODE,CLOSING_CODE,BNF_SLE_QY,GOODS_CODE,GOODS_NAME,OPTION_CODE,OPTION_NAME) values ('bhf_close_dt1414','bhf_close229',35,'LH001','헤라글로우틴트','LH0012','308호체리쉬');
Insert into BHF_CLOSING_DETAIL (CLOSING_DETAIL_CODE,CLOSING_CODE,BNF_SLE_QY,GOODS_CODE,GOODS_NAME,OPTION_CODE,OPTION_NAME) values ('bhf_close_dt1415','bhf_close229',52,'BSIS165','향수','BSIS165409','우디');
Insert into BHF_CLOSING_DETAIL (CLOSING_DETAIL_CODE,CLOSING_CODE,BNF_SLE_QY,GOODS_CODE,GOODS_NAME,OPTION_CODE,OPTION_NAME) values ('bhf_close_dt1416','bhf_close229',80,'BSIS10',' 히알루론산 세럼 ','BSIS1017','단건');
Insert into BHF_CLOSING_DETAIL (CLOSING_DETAIL_CODE,CLOSING_CODE,BNF_SLE_QY,GOODS_CODE,GOODS_NAME,OPTION_CODE,OPTION_NAME) values ('bhf_close_dt1417','bhf_close229',6,'BFHR32','프로아이팔레트','BFHR3265','03 핑크페어링');
Insert into BHF_CLOSING_DETAIL (CLOSING_DETAIL_CODE,CLOSING_CODE,BNF_SLE_QY,GOODS_CODE,GOODS_NAME,OPTION_CODE,OPTION_NAME) values ('bhf_close_dt1418','bhf_close229',55,'BFHR32','프로아이팔레트','BFHR3264','02 로즈커넥트');
Insert into BHF_CLOSING_DETAIL (CLOSING_DETAIL_CODE,CLOSING_CODE,BNF_SLE_QY,GOODS_CODE,GOODS_NAME,OPTION_CODE,OPTION_NAME) values ('bhf_close_dt1419','bhf_close229',41,'BFHR32','프로아이팔레트','BFHR3263','01 로즈다이어리');
Insert into BHF_CLOSING_DETAIL (CLOSING_DETAIL_CODE,CLOSING_CODE,BNF_SLE_QY,GOODS_CODE,GOODS_NAME,OPTION_CODE,OPTION_NAME) values ('bhf_close_dt1420','bhf_close230',30,'MLIS2','립글로스','MLIS24','2호');
Insert into BHF_CLOSING_DETAIL (CLOSING_DETAIL_CODE,CLOSING_CODE,BNF_SLE_QY,GOODS_CODE,GOODS_NAME,OPTION_CODE,OPTION_NAME) values ('bhf_close_dt1422','bhf_close230',23,'MLIS164','아이라이너','MLIS164406','블랙');
Insert into BHF_CLOSING_DETAIL (CLOSING_DETAIL_CODE,CLOSING_CODE,BNF_SLE_QY,GOODS_CODE,GOODS_NAME,OPTION_CODE,OPTION_NAME) values ('bhf_close_dt1423','bhf_close230',60,'MLHR11','블러글로이립틴트','MLHR1119',' 222 피아트 룩스');
Insert into BHF_CLOSING_DETAIL (CLOSING_DETAIL_CODE,CLOSING_CODE,BNF_SLE_QY,GOODS_CODE,GOODS_NAME,OPTION_CODE,OPTION_NAME) values ('bhf_close_dt1424','bhf_close230',22,'LH001','헤라글로우틴트','LH0011','422호스피치리스');
Insert into BHF_CLOSING_DETAIL (CLOSING_DETAIL_CODE,CLOSING_CODE,BNF_SLE_QY,GOODS_CODE,GOODS_NAME,OPTION_CODE,OPTION_NAME) values ('bhf_close_dt1425','bhf_close230',86,'BSIS167','립밤','BSIS167411','단건');
Insert into BHF_CLOSING_DETAIL (CLOSING_DETAIL_CODE,CLOSING_CODE,BNF_SLE_QY,GOODS_CODE,GOODS_NAME,OPTION_CODE,OPTION_NAME) values ('bhf_close_dt1426','bhf_close230',57,'BSIS165','향수','BSIS165408','플로럴');
Insert into BHF_CLOSING_DETAIL (CLOSING_DETAIL_CODE,CLOSING_CODE,BNF_SLE_QY,GOODS_CODE,GOODS_NAME,OPTION_CODE,OPTION_NAME) values ('bhf_close_dt1427','bhf_close230',74,'BFIS166','향수','BFIS166410','단건');
Insert into BHF_CLOSING_DETAIL (CLOSING_DETAIL_CODE,CLOSING_CODE,BNF_SLE_QY,GOODS_CODE,GOODS_NAME,OPTION_CODE,OPTION_NAME) values ('bhf_close_dt1428','bhf_close230',70,'MLIS2','립글로스','MLIS23','1호');
Insert into BHF_CLOSING_DETAIL (CLOSING_DETAIL_CODE,CLOSING_CODE,BNF_SLE_QY,GOODS_CODE,GOODS_NAME,OPTION_CODE,OPTION_NAME) values ('bhf_close_dt1429','bhf_close230',96,'MLIS164','아이라이너','MLIS164407','브라운');
Insert into BHF_CLOSING_DETAIL (CLOSING_DETAIL_CODE,CLOSING_CODE,BNF_SLE_QY,GOODS_CODE,GOODS_NAME,OPTION_CODE,OPTION_NAME) values ('bhf_close_dt1430','bhf_close230',69,'MLHR11','블러글로이립틴트','MLHR1120',' 225 파시오');
Insert into BHF_CLOSING_DETAIL (CLOSING_DETAIL_CODE,CLOSING_CODE,BNF_SLE_QY,GOODS_CODE,GOODS_NAME,OPTION_CODE,OPTION_NAME) values ('bhf_close_dt1431','bhf_close230',17,'MLHR11','블러글로이립틴트','MLHR1118','221 테메트 노스케');
Insert into BHF_CLOSING_DETAIL (CLOSING_DETAIL_CODE,CLOSING_CODE,BNF_SLE_QY,GOODS_CODE,GOODS_NAME,OPTION_CODE,OPTION_NAME) values ('bhf_close_dt1432','bhf_close230',16,'LH001','헤라글로우틴트','LH001324','123호딸기잼');
Insert into BHF_CLOSING_DETAIL (CLOSING_DETAIL_CODE,CLOSING_CODE,BNF_SLE_QY,GOODS_CODE,GOODS_NAME,OPTION_CODE,OPTION_NAME) values ('bhf_close_dt1433','bhf_close230',46,'LH001','헤라글로우틴트','LH001321','111호사과잼');
Insert into BHF_CLOSING_DETAIL (CLOSING_DETAIL_CODE,CLOSING_CODE,BNF_SLE_QY,GOODS_CODE,GOODS_NAME,OPTION_CODE,OPTION_NAME) values ('bhf_close_dt1434','bhf_close230',69,'LH001','헤라글로우틴트','LH0012','308호체리쉬');
Insert into BHF_CLOSING_DETAIL (CLOSING_DETAIL_CODE,CLOSING_CODE,BNF_SLE_QY,GOODS_CODE,GOODS_NAME,OPTION_CODE,OPTION_NAME) values ('bhf_close_dt1435','bhf_close230',8,'BSIS165','향수','BSIS165409','우디');
Insert into BHF_CLOSING_DETAIL (CLOSING_DETAIL_CODE,CLOSING_CODE,BNF_SLE_QY,GOODS_CODE,GOODS_NAME,OPTION_CODE,OPTION_NAME) values ('bhf_close_dt1436','bhf_close230',4,'BSIS10',' 히알루론산 세럼 ','BSIS1017','단건');
Insert into BHF_CLOSING_DETAIL (CLOSING_DETAIL_CODE,CLOSING_CODE,BNF_SLE_QY,GOODS_CODE,GOODS_NAME,OPTION_CODE,OPTION_NAME) values ('bhf_close_dt1437','bhf_close230',46,'BFHR32','프로아이팔레트','BFHR3265','03 핑크페어링');
Insert into BHF_CLOSING_DETAIL (CLOSING_DETAIL_CODE,CLOSING_CODE,BNF_SLE_QY,GOODS_CODE,GOODS_NAME,OPTION_CODE,OPTION_NAME) values ('bhf_close_dt1438','bhf_close230',36,'BFHR32','프로아이팔레트','BFHR3264','02 로즈커넥트');
Insert into BHF_CLOSING_DETAIL (CLOSING_DETAIL_CODE,CLOSING_CODE,BNF_SLE_QY,GOODS_CODE,GOODS_NAME,OPTION_CODE,OPTION_NAME) values ('bhf_close_dt1439','bhf_close230',71,'BFHR32','프로아이팔레트','BFHR3263','01 로즈다이어리');
Insert into BHF_CLOSING_DETAIL (CLOSING_DETAIL_CODE,CLOSING_CODE,BNF_SLE_QY,GOODS_CODE,GOODS_NAME,OPTION_CODE,OPTION_NAME) values ('bhf_close_dt1440','bhf_close231',94,'MLIS2','립글로스','MLIS24','2호');
Insert into BHF_CLOSING_DETAIL (CLOSING_DETAIL_CODE,CLOSING_CODE,BNF_SLE_QY,GOODS_CODE,GOODS_NAME,OPTION_CODE,OPTION_NAME) values ('bhf_close_dt1442','bhf_close231',89,'MLIS164','아이라이너','MLIS164406','블랙');
Insert into BHF_CLOSING_DETAIL (CLOSING_DETAIL_CODE,CLOSING_CODE,BNF_SLE_QY,GOODS_CODE,GOODS_NAME,OPTION_CODE,OPTION_NAME) values ('bhf_close_dt1443','bhf_close231',89,'MLHR11','블러글로이립틴트','MLHR1119',' 222 피아트 룩스');
Insert into BHF_CLOSING_DETAIL (CLOSING_DETAIL_CODE,CLOSING_CODE,BNF_SLE_QY,GOODS_CODE,GOODS_NAME,OPTION_CODE,OPTION_NAME) values ('bhf_close_dt1444','bhf_close231',93,'LH001','헤라글로우틴트','LH0011','422호스피치리스');
Insert into BHF_CLOSING_DETAIL (CLOSING_DETAIL_CODE,CLOSING_CODE,BNF_SLE_QY,GOODS_CODE,GOODS_NAME,OPTION_CODE,OPTION_NAME) values ('bhf_close_dt1445','bhf_close231',81,'BSIS167','립밤','BSIS167411','단건');
Insert into BHF_CLOSING_DETAIL (CLOSING_DETAIL_CODE,CLOSING_CODE,BNF_SLE_QY,GOODS_CODE,GOODS_NAME,OPTION_CODE,OPTION_NAME) values ('bhf_close_dt1446','bhf_close231',81,'BSIS165','향수','BSIS165408','플로럴');
Insert into BHF_CLOSING_DETAIL (CLOSING_DETAIL_CODE,CLOSING_CODE,BNF_SLE_QY,GOODS_CODE,GOODS_NAME,OPTION_CODE,OPTION_NAME) values ('bhf_close_dt1447','bhf_close231',8,'BFIS166','향수','BFIS166410','단건');
Insert into BHF_CLOSING_DETAIL (CLOSING_DETAIL_CODE,CLOSING_CODE,BNF_SLE_QY,GOODS_CODE,GOODS_NAME,OPTION_CODE,OPTION_NAME) values ('bhf_close_dt1448','bhf_close231',92,'MLIS2','립글로스','MLIS23','1호');
Insert into BHF_CLOSING_DETAIL (CLOSING_DETAIL_CODE,CLOSING_CODE,BNF_SLE_QY,GOODS_CODE,GOODS_NAME,OPTION_CODE,OPTION_NAME) values ('bhf_close_dt1449','bhf_close231',64,'MLIS164','아이라이너','MLIS164407','브라운');
Insert into BHF_CLOSING_DETAIL (CLOSING_DETAIL_CODE,CLOSING_CODE,BNF_SLE_QY,GOODS_CODE,GOODS_NAME,OPTION_CODE,OPTION_NAME) values ('bhf_close_dt1450','bhf_close231',61,'MLHR11','블러글로이립틴트','MLHR1120',' 225 파시오');
Insert into BHF_CLOSING_DETAIL (CLOSING_DETAIL_CODE,CLOSING_CODE,BNF_SLE_QY,GOODS_CODE,GOODS_NAME,OPTION_CODE,OPTION_NAME) values ('bhf_close_dt1451','bhf_close231',45,'MLHR11','블러글로이립틴트','MLHR1118','221 테메트 노스케');
Insert into BHF_CLOSING_DETAIL (CLOSING_DETAIL_CODE,CLOSING_CODE,BNF_SLE_QY,GOODS_CODE,GOODS_NAME,OPTION_CODE,OPTION_NAME) values ('bhf_close_dt1452','bhf_close231',57,'LH001','헤라글로우틴트','LH001324','123호딸기잼');
Insert into BHF_CLOSING_DETAIL (CLOSING_DETAIL_CODE,CLOSING_CODE,BNF_SLE_QY,GOODS_CODE,GOODS_NAME,OPTION_CODE,OPTION_NAME) values ('bhf_close_dt1453','bhf_close231',32,'LH001','헤라글로우틴트','LH001321','111호사과잼');
Insert into BHF_CLOSING_DETAIL (CLOSING_DETAIL_CODE,CLOSING_CODE,BNF_SLE_QY,GOODS_CODE,GOODS_NAME,OPTION_CODE,OPTION_NAME) values ('bhf_close_dt1454','bhf_close231',93,'LH001','헤라글로우틴트','LH0012','308호체리쉬');
Insert into BHF_CLOSING_DETAIL (CLOSING_DETAIL_CODE,CLOSING_CODE,BNF_SLE_QY,GOODS_CODE,GOODS_NAME,OPTION_CODE,OPTION_NAME) values ('bhf_close_dt1455','bhf_close231',85,'BSIS165','향수','BSIS165409','우디');
Insert into BHF_CLOSING_DETAIL (CLOSING_DETAIL_CODE,CLOSING_CODE,BNF_SLE_QY,GOODS_CODE,GOODS_NAME,OPTION_CODE,OPTION_NAME) values ('bhf_close_dt1456','bhf_close231',94,'BSIS10',' 히알루론산 세럼 ','BSIS1017','단건');
Insert into BHF_CLOSING_DETAIL (CLOSING_DETAIL_CODE,CLOSING_CODE,BNF_SLE_QY,GOODS_CODE,GOODS_NAME,OPTION_CODE,OPTION_NAME) values ('bhf_close_dt1457','bhf_close231',84,'BFHR32','프로아이팔레트','BFHR3265','03 핑크페어링');
Insert into BHF_CLOSING_DETAIL (CLOSING_DETAIL_CODE,CLOSING_CODE,BNF_SLE_QY,GOODS_CODE,GOODS_NAME,OPTION_CODE,OPTION_NAME) values ('bhf_close_dt1458','bhf_close231',6,'BFHR32','프로아이팔레트','BFHR3264','02 로즈커넥트');
Insert into BHF_CLOSING_DETAIL (CLOSING_DETAIL_CODE,CLOSING_CODE,BNF_SLE_QY,GOODS_CODE,GOODS_NAME,OPTION_CODE,OPTION_NAME) values ('bhf_close_dtl1','bhf_close1',5,'LH001','헤라글로우틴트','LH0011','422호스피치리스');
Insert into BHF_CLOSING_DETAIL (CLOSING_DETAIL_CODE,CLOSING_CODE,BNF_SLE_QY,GOODS_CODE,GOODS_NAME,OPTION_CODE,OPTION_NAME) values ('bhf_close_dtl2','bhf_close1',8,'BFHR32','프로아이팔레트','BFHR3263','01 로즈다이어리');
Insert into BHF_CLOSING_DETAIL (CLOSING_DETAIL_CODE,CLOSING_CODE,BNF_SLE_QY,GOODS_CODE,GOODS_NAME,OPTION_CODE,OPTION_NAME) values ('bhf_close_dtl61','bhf_close61',10,'LH001','헤라글로우틴트','LH0011','422호스피치리스');
Insert into BHF_CLOSING_DETAIL (CLOSING_DETAIL_CODE,CLOSING_CODE,BNF_SLE_QY,GOODS_CODE,GOODS_NAME,OPTION_CODE,OPTION_NAME) values ('bhf_close_dtl62','bhf_close61',8,'LH001','헤라글로우틴트','LH0012','308호체리쉬');
Insert into BHF_CLOSING_DETAIL (CLOSING_DETAIL_CODE,CLOSING_CODE,BNF_SLE_QY,GOODS_CODE,GOODS_NAME,OPTION_CODE,OPTION_NAME) values ('bhf_close_dtl63','bhf_close61',15,'BFHR32','프로아이팔레트','BFHR3263','01 로즈다이어리');
Insert into BHF_CLOSING_DETAIL (CLOSING_DETAIL_CODE,CLOSING_CODE,BNF_SLE_QY,GOODS_CODE,GOODS_NAME,OPTION_CODE,OPTION_NAME) values ('bhf_close_dtl81','bhf_close81',5,'LH001','헤라글로우틴트','LH0011','422호스피치리스');
Insert into BHF_CLOSING_DETAIL (CLOSING_DETAIL_CODE,CLOSING_CODE,BNF_SLE_QY,GOODS_CODE,GOODS_NAME,OPTION_CODE,OPTION_NAME) values ('bhf_close_dtl82','bhf_close81',3,'LH001','헤라글로우틴트','LH0012','308호체리쉬');
Insert into BHF_CLOSING_DETAIL (CLOSING_DETAIL_CODE,CLOSING_CODE,BNF_SLE_QY,GOODS_CODE,GOODS_NAME,OPTION_CODE,OPTION_NAME) values ('bhf_close_dtl83','bhf_close81',8,'BFHR32','프로아이팔레트','BFHR3263','01 로즈다이어리');
Insert into BHF_CLOSING_DETAIL (CLOSING_DETAIL_CODE,CLOSING_CODE,BNF_SLE_QY,GOODS_CODE,GOODS_NAME,OPTION_CODE,OPTION_NAME) values ('bhf_close_dtl84','bhf_close81',2,'BFHR32','프로아이팔레트','BFHR3263','01 로즈다이어리');
Insert into BHF_CLOSING_DETAIL (CLOSING_DETAIL_CODE,CLOSING_CODE,BNF_SLE_QY,GOODS_CODE,GOODS_NAME,OPTION_CODE,OPTION_NAME) values ('bhf_close_dtl85','bhf_close81',1,'BFHR32','프로아이팔레트','BFHR3264','02 로즈커넥트');
Insert into BHF_CLOSING_DETAIL (CLOSING_DETAIL_CODE,CLOSING_CODE,BNF_SLE_QY,GOODS_CODE,GOODS_NAME,OPTION_CODE,OPTION_NAME) values ('bhf_close_dtl87','bhf_close82',5,'LH001','헤라글로우틴트','LH0011','422호스피치리스');
Insert into BHF_CLOSING_DETAIL (CLOSING_DETAIL_CODE,CLOSING_CODE,BNF_SLE_QY,GOODS_CODE,GOODS_NAME,OPTION_CODE,OPTION_NAME) values ('bhf_close_dtl88','bhf_close82',3,'LH001','헤라글로우틴트','LH0012','308호체리쉬');
Insert into BHF_CLOSING_DETAIL (CLOSING_DETAIL_CODE,CLOSING_CODE,BNF_SLE_QY,GOODS_CODE,GOODS_NAME,OPTION_CODE,OPTION_NAME) values ('bhf_close_dtl89','bhf_close82',8,'BFHR32','프로아이팔레트','BFHR3263','01 로즈다이어리');
Insert into BHF_CLOSING_DETAIL (CLOSING_DETAIL_CODE,CLOSING_CODE,BNF_SLE_QY,GOODS_CODE,GOODS_NAME,OPTION_CODE,OPTION_NAME) values ('bhf_close_dtl90','bhf_close82',2,'BFHR32','프로아이팔레트','BFHR3263','01 로즈다이어리');
Insert into BHF_CLOSING_DETAIL (CLOSING_DETAIL_CODE,CLOSING_CODE,BNF_SLE_QY,GOODS_CODE,GOODS_NAME,OPTION_CODE,OPTION_NAME) values ('bhf_close_dtl91','bhf_close82',1,'BFHR32','프로아이팔레트','BFHR3264','02 로즈커넥트');
Insert into BHF_CLOSING_DETAIL (CLOSING_DETAIL_CODE,CLOSING_CODE,BNF_SLE_QY,GOODS_CODE,GOODS_NAME,OPTION_CODE,OPTION_NAME) values ('bhf_close_dtl93','bhf_close83',10,'LH001','헤라글로우틴트','LH0011','422호스피치리스');
Insert into BHF_CLOSING_DETAIL (CLOSING_DETAIL_CODE,CLOSING_CODE,BNF_SLE_QY,GOODS_CODE,GOODS_NAME,OPTION_CODE,OPTION_NAME) values ('bhf_close_dtl94','bhf_close83',8,'LH001','헤라글로우틴트','LH0012','308호체리쉬');
Insert into BHF_CLOSING_DETAIL (CLOSING_DETAIL_CODE,CLOSING_CODE,BNF_SLE_QY,GOODS_CODE,GOODS_NAME,OPTION_CODE,OPTION_NAME) values ('bhf_close_dtl95','bhf_close83',15,'BFHR32','프로아이팔레트','BFHR3263','01 로즈다이어리');
Insert into BHF_CLOSING_DETAIL (CLOSING_DETAIL_CODE,CLOSING_CODE,BNF_SLE_QY,GOODS_CODE,GOODS_NAME,OPTION_CODE,OPTION_NAME) values ('bhf_close_dtl96','bhf_close84',5,'LH001','헤라글로우틴트','LH0011','422호스피치리스');
Insert into BHF_CLOSING_DETAIL (CLOSING_DETAIL_CODE,CLOSING_CODE,BNF_SLE_QY,GOODS_CODE,GOODS_NAME,OPTION_CODE,OPTION_NAME) values ('bhf_close_dtl97','bhf_close84',3,'LH001','헤라글로우틴트','LH0012','308호체리쉬');
Insert into BHF_CLOSING_DETAIL (CLOSING_DETAIL_CODE,CLOSING_CODE,BNF_SLE_QY,GOODS_CODE,GOODS_NAME,OPTION_CODE,OPTION_NAME) values ('bhf_close_dtl98','bhf_close84',8,'BFHR32','프로아이팔레트','BFHR3263','01 로즈다이어리');
Insert into BHF_CLOSING_DETAIL (CLOSING_DETAIL_CODE,CLOSING_CODE,BNF_SLE_QY,GOODS_CODE,GOODS_NAME,OPTION_CODE,OPTION_NAME) values ('bhf_close_dtl99','bhf_close84',2,'BFHR32','프로아이팔레트','BFHR3263','01 로즈다이어리');
Insert into BHF_CLOSING_DETAIL (CLOSING_DETAIL_CODE,CLOSING_CODE,BNF_SLE_QY,GOODS_CODE,GOODS_NAME,OPTION_CODE,OPTION_NAME) values ('bhf_close_dtl100','bhf_close84',1,'BFHR32','프로아이팔레트','BFHR3264','02 로즈커넥트');
Insert into BHF_CLOSING_DETAIL (CLOSING_DETAIL_CODE,CLOSING_CODE,BNF_SLE_QY,GOODS_CODE,GOODS_NAME,OPTION_CODE,OPTION_NAME) values ('bhf_close_dtl181','bhf_close161',100,'LH001','헤라글로우틴트','LH0011','422호스피치리스');
Insert into BHF_CLOSING_DETAIL (CLOSING_DETAIL_CODE,CLOSING_CODE,BNF_SLE_QY,GOODS_CODE,GOODS_NAME,OPTION_CODE,OPTION_NAME) values ('bhf_close_dtl182','bhf_close161',8,'LH001','헤라글로우틴트','LH0012','308호체리쉬');
Insert into BHF_CLOSING_DETAIL (CLOSING_DETAIL_CODE,CLOSING_CODE,BNF_SLE_QY,GOODS_CODE,GOODS_NAME,OPTION_CODE,OPTION_NAME) values ('bhf_close_dtl183','bhf_close161',15,'BFHR32','프로아이팔레트','BFHR3263','01 로즈다이어리');
Insert into BHF_CLOSING_DETAIL (CLOSING_DETAIL_CODE,CLOSING_CODE,BNF_SLE_QY,GOODS_CODE,GOODS_NAME,OPTION_CODE,OPTION_NAME) values ('bhf_close_dtl184','bhf_close162',100,'LH001','헤라글로우틴트','LH0011','422호스피치리스');
Insert into BHF_CLOSING_DETAIL (CLOSING_DETAIL_CODE,CLOSING_CODE,BNF_SLE_QY,GOODS_CODE,GOODS_NAME,OPTION_CODE,OPTION_NAME) values ('bhf_close_dtl185','bhf_close162',8,'LH001','헤라글로우틴트','LH0012','308호체리쉬');
Insert into BHF_CLOSING_DETAIL (CLOSING_DETAIL_CODE,CLOSING_CODE,BNF_SLE_QY,GOODS_CODE,GOODS_NAME,OPTION_CODE,OPTION_NAME) values ('bhf_close_dtl186','bhf_close162',15,'BFHR32','프로아이팔레트','BFHR3263','01 로즈다이어리');
Insert into BHF_CLOSING_DETAIL (CLOSING_DETAIL_CODE,CLOSING_CODE,BNF_SLE_QY,GOODS_CODE,GOODS_NAME,OPTION_CODE,OPTION_NAME) values ('bhf_close_dtl201','bhf_close181',100,'LH001','헤라글로우틴트','LH0011','422호스피치리스');
Insert into BHF_CLOSING_DETAIL (CLOSING_DETAIL_CODE,CLOSING_CODE,BNF_SLE_QY,GOODS_CODE,GOODS_NAME,OPTION_CODE,OPTION_NAME) values ('bhf_close_dtl202','bhf_close181',8,'LH001','헤라글로우틴트','LH0012','308호체리쉬');
Insert into BHF_CLOSING_DETAIL (CLOSING_DETAIL_CODE,CLOSING_CODE,BNF_SLE_QY,GOODS_CODE,GOODS_NAME,OPTION_CODE,OPTION_NAME) values ('bhf_close_dtl203','bhf_close181',15,'BFHR32','프로아이팔레트','BFHR3263','01 로즈다이어리');
Insert into BHF_CLOSING_DETAIL (CLOSING_DETAIL_CODE,CLOSING_CODE,BNF_SLE_QY,GOODS_CODE,GOODS_NAME,OPTION_CODE,OPTION_NAME) values ('bhf_close_dtl221','bhf_close201',100,'LH001','헤라글로우틴트','LH0011','422호스피치리스');
Insert into BHF_CLOSING_DETAIL (CLOSING_DETAIL_CODE,CLOSING_CODE,BNF_SLE_QY,GOODS_CODE,GOODS_NAME,OPTION_CODE,OPTION_NAME) values ('bhf_close_dtl222','bhf_close201',8,'LH001','헤라글로우틴트','LH0012','308호체리쉬');
Insert into BHF_CLOSING_DETAIL (CLOSING_DETAIL_CODE,CLOSING_CODE,BNF_SLE_QY,GOODS_CODE,GOODS_NAME,OPTION_CODE,OPTION_NAME) values ('bhf_close_dtl223','bhf_close201',15,'BFHR32','프로아이팔레트','BFHR3263','01 로즈다이어리');
Insert into BHF_CLOSING_DETAIL (CLOSING_DETAIL_CODE,CLOSING_CODE,BNF_SLE_QY,GOODS_CODE,GOODS_NAME,OPTION_CODE,OPTION_NAME) values ('bhf_close_dt1459','bhf_close231',91,'BFHR32','프로아이팔레트','BFHR3263','01 로즈다이어리');
Insert into BHF_CLOSING_DETAIL (CLOSING_DETAIL_CODE,CLOSING_CODE,BNF_SLE_QY,GOODS_CODE,GOODS_NAME,OPTION_CODE,OPTION_NAME) values ('bhf_close_dt1460','bhf_close232',24,'MLIS2','립글로스','MLIS24','2호');
Insert into BHF_CLOSING_DETAIL (CLOSING_DETAIL_CODE,CLOSING_CODE,BNF_SLE_QY,GOODS_CODE,GOODS_NAME,OPTION_CODE,OPTION_NAME) values ('bhf_close_dt1462','bhf_close232',58,'MLIS164','아이라이너','MLIS164406','블랙');
Insert into BHF_CLOSING_DETAIL (CLOSING_DETAIL_CODE,CLOSING_CODE,BNF_SLE_QY,GOODS_CODE,GOODS_NAME,OPTION_CODE,OPTION_NAME) values ('bhf_close_dt1463','bhf_close232',17,'MLHR11','블러글로이립틴트','MLHR1119',' 222 피아트 룩스');
Insert into BHF_CLOSING_DETAIL (CLOSING_DETAIL_CODE,CLOSING_CODE,BNF_SLE_QY,GOODS_CODE,GOODS_NAME,OPTION_CODE,OPTION_NAME) values ('bhf_close_dt1464','bhf_close232',57,'LH001','헤라글로우틴트','LH0011','422호스피치리스');
Insert into BHF_CLOSING_DETAIL (CLOSING_DETAIL_CODE,CLOSING_CODE,BNF_SLE_QY,GOODS_CODE,GOODS_NAME,OPTION_CODE,OPTION_NAME) values ('bhf_close_dt1465','bhf_close232',21,'BSIS167','립밤','BSIS167411','단건');
Insert into BHF_CLOSING_DETAIL (CLOSING_DETAIL_CODE,CLOSING_CODE,BNF_SLE_QY,GOODS_CODE,GOODS_NAME,OPTION_CODE,OPTION_NAME) values ('bhf_close_dt1466','bhf_close232',62,'BSIS165','향수','BSIS165408','플로럴');
Insert into BHF_CLOSING_DETAIL (CLOSING_DETAIL_CODE,CLOSING_CODE,BNF_SLE_QY,GOODS_CODE,GOODS_NAME,OPTION_CODE,OPTION_NAME) values ('bhf_close_dt1467','bhf_close232',76,'BFIS166','향수','BFIS166410','단건');
Insert into BHF_CLOSING_DETAIL (CLOSING_DETAIL_CODE,CLOSING_CODE,BNF_SLE_QY,GOODS_CODE,GOODS_NAME,OPTION_CODE,OPTION_NAME) values ('bhf_close_dt1468','bhf_close232',86,'MLIS2','립글로스','MLIS23','1호');
Insert into BHF_CLOSING_DETAIL (CLOSING_DETAIL_CODE,CLOSING_CODE,BNF_SLE_QY,GOODS_CODE,GOODS_NAME,OPTION_CODE,OPTION_NAME) values ('bhf_close_dt1469','bhf_close232',76,'MLIS164','아이라이너','MLIS164407','브라운');
Insert into BHF_CLOSING_DETAIL (CLOSING_DETAIL_CODE,CLOSING_CODE,BNF_SLE_QY,GOODS_CODE,GOODS_NAME,OPTION_CODE,OPTION_NAME) values ('bhf_close_dt1470','bhf_close232',72,'MLHR11','블러글로이립틴트','MLHR1120',' 225 파시오');
Insert into BHF_CLOSING_DETAIL (CLOSING_DETAIL_CODE,CLOSING_CODE,BNF_SLE_QY,GOODS_CODE,GOODS_NAME,OPTION_CODE,OPTION_NAME) values ('bhf_close_dt1471','bhf_close232',3,'MLHR11','블러글로이립틴트','MLHR1118','221 테메트 노스케');
Insert into BHF_CLOSING_DETAIL (CLOSING_DETAIL_CODE,CLOSING_CODE,BNF_SLE_QY,GOODS_CODE,GOODS_NAME,OPTION_CODE,OPTION_NAME) values ('bhf_close_dt1472','bhf_close232',75,'LH001','헤라글로우틴트','LH001324','123호딸기잼');
Insert into BHF_CLOSING_DETAIL (CLOSING_DETAIL_CODE,CLOSING_CODE,BNF_SLE_QY,GOODS_CODE,GOODS_NAME,OPTION_CODE,OPTION_NAME) values ('bhf_close_dt1473','bhf_close232',1,'LH001','헤라글로우틴트','LH001321','111호사과잼');
Insert into BHF_CLOSING_DETAIL (CLOSING_DETAIL_CODE,CLOSING_CODE,BNF_SLE_QY,GOODS_CODE,GOODS_NAME,OPTION_CODE,OPTION_NAME) values ('bhf_close_dt1474','bhf_close232',24,'LH001','헤라글로우틴트','LH0012','308호체리쉬');
Insert into BHF_CLOSING_DETAIL (CLOSING_DETAIL_CODE,CLOSING_CODE,BNF_SLE_QY,GOODS_CODE,GOODS_NAME,OPTION_CODE,OPTION_NAME) values ('bhf_close_dt1475','bhf_close232',81,'BSIS165','향수','BSIS165409','우디');
Insert into BHF_CLOSING_DETAIL (CLOSING_DETAIL_CODE,CLOSING_CODE,BNF_SLE_QY,GOODS_CODE,GOODS_NAME,OPTION_CODE,OPTION_NAME) values ('bhf_close_dt1476','bhf_close232',90,'BSIS10',' 히알루론산 세럼 ','BSIS1017','단건');
Insert into BHF_CLOSING_DETAIL (CLOSING_DETAIL_CODE,CLOSING_CODE,BNF_SLE_QY,GOODS_CODE,GOODS_NAME,OPTION_CODE,OPTION_NAME) values ('bhf_close_dt1477','bhf_close232',72,'BFHR32','프로아이팔레트','BFHR3265','03 핑크페어링');
Insert into BHF_CLOSING_DETAIL (CLOSING_DETAIL_CODE,CLOSING_CODE,BNF_SLE_QY,GOODS_CODE,GOODS_NAME,OPTION_CODE,OPTION_NAME) values ('bhf_close_dt1478','bhf_close232',62,'BFHR32','프로아이팔레트','BFHR3264','02 로즈커넥트');
Insert into BHF_CLOSING_DETAIL (CLOSING_DETAIL_CODE,CLOSING_CODE,BNF_SLE_QY,GOODS_CODE,GOODS_NAME,OPTION_CODE,OPTION_NAME) values ('bhf_close_dt1479','bhf_close232',85,'BFHR32','프로아이팔레트','BFHR3263','01 로즈다이어리');
Insert into BHF_CLOSING_DETAIL (CLOSING_DETAIL_CODE,CLOSING_CODE,BNF_SLE_QY,GOODS_CODE,GOODS_NAME,OPTION_CODE,OPTION_NAME) values ('bhf_close_dt1480','bhf_close233',8,'MLIS2','립글로스','MLIS24','2호');
Insert into BHF_CLOSING_DETAIL (CLOSING_DETAIL_CODE,CLOSING_CODE,BNF_SLE_QY,GOODS_CODE,GOODS_NAME,OPTION_CODE,OPTION_NAME) values ('bhf_close_dt1482','bhf_close233',37,'MLIS164','아이라이너','MLIS164406','블랙');
Insert into BHF_CLOSING_DETAIL (CLOSING_DETAIL_CODE,CLOSING_CODE,BNF_SLE_QY,GOODS_CODE,GOODS_NAME,OPTION_CODE,OPTION_NAME) values ('bhf_close_dt1483','bhf_close233',13,'MLHR11','블러글로이립틴트','MLHR1119',' 222 피아트 룩스');
Insert into BHF_CLOSING_DETAIL (CLOSING_DETAIL_CODE,CLOSING_CODE,BNF_SLE_QY,GOODS_CODE,GOODS_NAME,OPTION_CODE,OPTION_NAME) values ('bhf_close_dt1484','bhf_close233',97,'LH001','헤라글로우틴트','LH0011','422호스피치리스');
Insert into BHF_CLOSING_DETAIL (CLOSING_DETAIL_CODE,CLOSING_CODE,BNF_SLE_QY,GOODS_CODE,GOODS_NAME,OPTION_CODE,OPTION_NAME) values ('bhf_close_dt1485','bhf_close233',56,'BSIS167','립밤','BSIS167411','단건');
Insert into BHF_CLOSING_DETAIL (CLOSING_DETAIL_CODE,CLOSING_CODE,BNF_SLE_QY,GOODS_CODE,GOODS_NAME,OPTION_CODE,OPTION_NAME) values ('bhf_close_dt1486','bhf_close233',51,'BSIS165','향수','BSIS165408','플로럴');
Insert into BHF_CLOSING_DETAIL (CLOSING_DETAIL_CODE,CLOSING_CODE,BNF_SLE_QY,GOODS_CODE,GOODS_NAME,OPTION_CODE,OPTION_NAME) values ('bhf_close_dt1487','bhf_close233',2,'BFIS166','향수','BFIS166410','단건');
Insert into BHF_CLOSING_DETAIL (CLOSING_DETAIL_CODE,CLOSING_CODE,BNF_SLE_QY,GOODS_CODE,GOODS_NAME,OPTION_CODE,OPTION_NAME) values ('bhf_close_dt1488','bhf_close233',44,'MLIS2','립글로스','MLIS23','1호');
Insert into BHF_CLOSING_DETAIL (CLOSING_DETAIL_CODE,CLOSING_CODE,BNF_SLE_QY,GOODS_CODE,GOODS_NAME,OPTION_CODE,OPTION_NAME) values ('bhf_close_dt1489','bhf_close233',90,'MLIS164','아이라이너','MLIS164407','브라운');
Insert into BHF_CLOSING_DETAIL (CLOSING_DETAIL_CODE,CLOSING_CODE,BNF_SLE_QY,GOODS_CODE,GOODS_NAME,OPTION_CODE,OPTION_NAME) values ('bhf_close_dt1490','bhf_close233',76,'MLHR11','블러글로이립틴트','MLHR1120',' 225 파시오');
Insert into BHF_CLOSING_DETAIL (CLOSING_DETAIL_CODE,CLOSING_CODE,BNF_SLE_QY,GOODS_CODE,GOODS_NAME,OPTION_CODE,OPTION_NAME) values ('bhf_close_dt1491','bhf_close233',96,'MLHR11','블러글로이립틴트','MLHR1118','221 테메트 노스케');
Insert into BHF_CLOSING_DETAIL (CLOSING_DETAIL_CODE,CLOSING_CODE,BNF_SLE_QY,GOODS_CODE,GOODS_NAME,OPTION_CODE,OPTION_NAME) values ('bhf_close_dt1492','bhf_close233',51,'LH001','헤라글로우틴트','LH001324','123호딸기잼');
Insert into BHF_CLOSING_DETAIL (CLOSING_DETAIL_CODE,CLOSING_CODE,BNF_SLE_QY,GOODS_CODE,GOODS_NAME,OPTION_CODE,OPTION_NAME) values ('bhf_close_dt1493','bhf_close233',66,'LH001','헤라글로우틴트','LH001321','111호사과잼');
Insert into BHF_CLOSING_DETAIL (CLOSING_DETAIL_CODE,CLOSING_CODE,BNF_SLE_QY,GOODS_CODE,GOODS_NAME,OPTION_CODE,OPTION_NAME) values ('bhf_close_dt1494','bhf_close233',28,'LH001','헤라글로우틴트','LH0012','308호체리쉬');
Insert into BHF_CLOSING_DETAIL (CLOSING_DETAIL_CODE,CLOSING_CODE,BNF_SLE_QY,GOODS_CODE,GOODS_NAME,OPTION_CODE,OPTION_NAME) values ('bhf_close_dt1495','bhf_close233',47,'BSIS165','향수','BSIS165409','우디');
Insert into BHF_CLOSING_DETAIL (CLOSING_DETAIL_CODE,CLOSING_CODE,BNF_SLE_QY,GOODS_CODE,GOODS_NAME,OPTION_CODE,OPTION_NAME) values ('bhf_close_dt1496','bhf_close233',82,'BSIS10',' 히알루론산 세럼 ','BSIS1017','단건');
Insert into BHF_CLOSING_DETAIL (CLOSING_DETAIL_CODE,CLOSING_CODE,BNF_SLE_QY,GOODS_CODE,GOODS_NAME,OPTION_CODE,OPTION_NAME) values ('bhf_close_dt1497','bhf_close233',58,'BFHR32','프로아이팔레트','BFHR3265','03 핑크페어링');
Insert into BHF_CLOSING_DETAIL (CLOSING_DETAIL_CODE,CLOSING_CODE,BNF_SLE_QY,GOODS_CODE,GOODS_NAME,OPTION_CODE,OPTION_NAME) values ('bhf_close_dt1498','bhf_close233',76,'BFHR32','프로아이팔레트','BFHR3264','02 로즈커넥트');
Insert into BHF_CLOSING_DETAIL (CLOSING_DETAIL_CODE,CLOSING_CODE,BNF_SLE_QY,GOODS_CODE,GOODS_NAME,OPTION_CODE,OPTION_NAME) values ('bhf_close_dt1499','bhf_close233',26,'BFHR32','프로아이팔레트','BFHR3263','01 로즈다이어리');
Insert into BHF_CLOSING_DETAIL (CLOSING_DETAIL_CODE,CLOSING_CODE,BNF_SLE_QY,GOODS_CODE,GOODS_NAME,OPTION_CODE,OPTION_NAME) values ('bhf_close_dt1500','bhf_close234',7,'MLIS2','립글로스','MLIS24','2호');
Insert into BHF_CLOSING_DETAIL (CLOSING_DETAIL_CODE,CLOSING_CODE,BNF_SLE_QY,GOODS_CODE,GOODS_NAME,OPTION_CODE,OPTION_NAME) values ('bhf_close_dt1502','bhf_close234',75,'MLIS164','아이라이너','MLIS164406','블랙');
Insert into BHF_CLOSING_DETAIL (CLOSING_DETAIL_CODE,CLOSING_CODE,BNF_SLE_QY,GOODS_CODE,GOODS_NAME,OPTION_CODE,OPTION_NAME) values ('bhf_close_dtl21','bhf_close21',10,'LH001','헤라글로우틴트','LH0011','422호스피치리스');
Insert into BHF_CLOSING_DETAIL (CLOSING_DETAIL_CODE,CLOSING_CODE,BNF_SLE_QY,GOODS_CODE,GOODS_NAME,OPTION_CODE,OPTION_NAME) values ('bhf_close_dtl22','bhf_close21',8,'LH001','헤라글로우틴트','LH0012','308호체리쉬');
Insert into BHF_CLOSING_DETAIL (CLOSING_DETAIL_CODE,CLOSING_CODE,BNF_SLE_QY,GOODS_CODE,GOODS_NAME,OPTION_CODE,OPTION_NAME) values ('bhf_close_dtl23','bhf_close21',15,'BFHR32','프로아이팔레트','BFHR3263','01 로즈다이어리');
Insert into BHF_CLOSING_DETAIL (CLOSING_DETAIL_CODE,CLOSING_CODE,BNF_SLE_QY,GOODS_CODE,GOODS_NAME,OPTION_CODE,OPTION_NAME) values ('bhf_close_dtl161','bhf_close141',5,'LH001','헤라글로우틴트','LH0011','422호스피치리스');
Insert into BHF_CLOSING_DETAIL (CLOSING_DETAIL_CODE,CLOSING_CODE,BNF_SLE_QY,GOODS_CODE,GOODS_NAME,OPTION_CODE,OPTION_NAME) values ('bhf_close_dtl162','bhf_close141',3,'LH001','헤라글로우틴트','LH0012','308호체리쉬');
Insert into BHF_CLOSING_DETAIL (CLOSING_DETAIL_CODE,CLOSING_CODE,BNF_SLE_QY,GOODS_CODE,GOODS_NAME,OPTION_CODE,OPTION_NAME) values ('bhf_close_dtl163','bhf_close141',8,'BFHR32','프로아이팔레트','BFHR3263','01 로즈다이어리');
Insert into BHF_CLOSING_DETAIL (CLOSING_DETAIL_CODE,CLOSING_CODE,BNF_SLE_QY,GOODS_CODE,GOODS_NAME,OPTION_CODE,OPTION_NAME) values ('bhf_close_dtl164','bhf_close141',2,'BFHR32','프로아이팔레트','BFHR3263','01 로즈다이어리');
Insert into BHF_CLOSING_DETAIL (CLOSING_DETAIL_CODE,CLOSING_CODE,BNF_SLE_QY,GOODS_CODE,GOODS_NAME,OPTION_CODE,OPTION_NAME) values ('bhf_close_dtl165','bhf_close141',1,'BFHR32','프로아이팔레트','BFHR3264','02 로즈커넥트');
Insert into BHF_CLOSING_DETAIL (CLOSING_DETAIL_CODE,CLOSING_CODE,BNF_SLE_QY,GOODS_CODE,GOODS_NAME,OPTION_CODE,OPTION_NAME) values ('bhf_close_dtl167','bhf_close142',100,'LH001','헤라글로우틴트','LH0011','422호스피치리스');
Insert into BHF_CLOSING_DETAIL (CLOSING_DETAIL_CODE,CLOSING_CODE,BNF_SLE_QY,GOODS_CODE,GOODS_NAME,OPTION_CODE,OPTION_NAME) values ('bhf_close_dtl168','bhf_close142',8,'LH001','헤라글로우틴트','LH0012','308호체리쉬');
Insert into BHF_CLOSING_DETAIL (CLOSING_DETAIL_CODE,CLOSING_CODE,BNF_SLE_QY,GOODS_CODE,GOODS_NAME,OPTION_CODE,OPTION_NAME) values ('bhf_close_dtl169','bhf_close142',15,'BFHR32','프로아이팔레트','BFHR3263','01 로즈다이어리');
Insert into BHF_CLOSING_DETAIL (CLOSING_DETAIL_CODE,CLOSING_CODE,BNF_SLE_QY,GOODS_CODE,GOODS_NAME,OPTION_CODE,OPTION_NAME) values ('bhf_close_dt1503','bhf_close234',47,'MLHR11','블러글로이립틴트','MLHR1119',' 222 피아트 룩스');
Insert into BHF_CLOSING_DETAIL (CLOSING_DETAIL_CODE,CLOSING_CODE,BNF_SLE_QY,GOODS_CODE,GOODS_NAME,OPTION_CODE,OPTION_NAME) values ('bhf_close_dt1504','bhf_close234',56,'LH001','헤라글로우틴트','LH0011','422호스피치리스');
Insert into BHF_CLOSING_DETAIL (CLOSING_DETAIL_CODE,CLOSING_CODE,BNF_SLE_QY,GOODS_CODE,GOODS_NAME,OPTION_CODE,OPTION_NAME) values ('bhf_close_dt1505','bhf_close234',50,'BSIS167','립밤','BSIS167411','단건');
Insert into BHF_CLOSING_DETAIL (CLOSING_DETAIL_CODE,CLOSING_CODE,BNF_SLE_QY,GOODS_CODE,GOODS_NAME,OPTION_CODE,OPTION_NAME) values ('bhf_close_dt1506','bhf_close234',75,'BSIS165','향수','BSIS165408','플로럴');
Insert into BHF_CLOSING_DETAIL (CLOSING_DETAIL_CODE,CLOSING_CODE,BNF_SLE_QY,GOODS_CODE,GOODS_NAME,OPTION_CODE,OPTION_NAME) values ('bhf_close_dt1507','bhf_close234',1,'BFIS166','향수','BFIS166410','단건');
Insert into BHF_CLOSING_DETAIL (CLOSING_DETAIL_CODE,CLOSING_CODE,BNF_SLE_QY,GOODS_CODE,GOODS_NAME,OPTION_CODE,OPTION_NAME) values ('bhf_close_dt1508','bhf_close234',90,'MLIS2','립글로스','MLIS23','1호');
Insert into BHF_CLOSING_DETAIL (CLOSING_DETAIL_CODE,CLOSING_CODE,BNF_SLE_QY,GOODS_CODE,GOODS_NAME,OPTION_CODE,OPTION_NAME) values ('bhf_close_dt1509','bhf_close234',56,'MLIS164','아이라이너','MLIS164407','브라운');
Insert into BHF_CLOSING_DETAIL (CLOSING_DETAIL_CODE,CLOSING_CODE,BNF_SLE_QY,GOODS_CODE,GOODS_NAME,OPTION_CODE,OPTION_NAME) values ('bhf_close_dt1510','bhf_close234',3,'MLHR11','블러글로이립틴트','MLHR1120',' 225 파시오');
Insert into BHF_CLOSING_DETAIL (CLOSING_DETAIL_CODE,CLOSING_CODE,BNF_SLE_QY,GOODS_CODE,GOODS_NAME,OPTION_CODE,OPTION_NAME) values ('bhf_close_dt1511','bhf_close234',85,'MLHR11','블러글로이립틴트','MLHR1118','221 테메트 노스케');
Insert into BHF_CLOSING_DETAIL (CLOSING_DETAIL_CODE,CLOSING_CODE,BNF_SLE_QY,GOODS_CODE,GOODS_NAME,OPTION_CODE,OPTION_NAME) values ('bhf_close_dt1512','bhf_close234',8,'LH001','헤라글로우틴트','LH001324','123호딸기잼');
Insert into BHF_CLOSING_DETAIL (CLOSING_DETAIL_CODE,CLOSING_CODE,BNF_SLE_QY,GOODS_CODE,GOODS_NAME,OPTION_CODE,OPTION_NAME) values ('bhf_close_dt1513','bhf_close234',63,'LH001','헤라글로우틴트','LH001321','111호사과잼');
Insert into BHF_CLOSING_DETAIL (CLOSING_DETAIL_CODE,CLOSING_CODE,BNF_SLE_QY,GOODS_CODE,GOODS_NAME,OPTION_CODE,OPTION_NAME) values ('bhf_close_dt1514','bhf_close234',79,'LH001','헤라글로우틴트','LH0012','308호체리쉬');
Insert into BHF_CLOSING_DETAIL (CLOSING_DETAIL_CODE,CLOSING_CODE,BNF_SLE_QY,GOODS_CODE,GOODS_NAME,OPTION_CODE,OPTION_NAME) values ('bhf_close_dt1515','bhf_close234',50,'BSIS165','향수','BSIS165409','우디');
Insert into BHF_CLOSING_DETAIL (CLOSING_DETAIL_CODE,CLOSING_CODE,BNF_SLE_QY,GOODS_CODE,GOODS_NAME,OPTION_CODE,OPTION_NAME) values ('bhf_close_dt1516','bhf_close234',3,'BSIS10',' 히알루론산 세럼 ','BSIS1017','단건');
Insert into BHF_CLOSING_DETAIL (CLOSING_DETAIL_CODE,CLOSING_CODE,BNF_SLE_QY,GOODS_CODE,GOODS_NAME,OPTION_CODE,OPTION_NAME) values ('bhf_close_dt1517','bhf_close234',67,'BFHR32','프로아이팔레트','BFHR3265','03 핑크페어링');
Insert into BHF_CLOSING_DETAIL (CLOSING_DETAIL_CODE,CLOSING_CODE,BNF_SLE_QY,GOODS_CODE,GOODS_NAME,OPTION_CODE,OPTION_NAME) values ('bhf_close_dt1518','bhf_close234',27,'BFHR32','프로아이팔레트','BFHR3264','02 로즈커넥트');
Insert into BHF_CLOSING_DETAIL (CLOSING_DETAIL_CODE,CLOSING_CODE,BNF_SLE_QY,GOODS_CODE,GOODS_NAME,OPTION_CODE,OPTION_NAME) values ('bhf_close_dt1519','bhf_close234',73,'BFHR32','프로아이팔레트','BFHR3263','01 로즈다이어리');
Insert into BHF_CLOSING_DETAIL (CLOSING_DETAIL_CODE,CLOSING_CODE,BNF_SLE_QY,GOODS_CODE,GOODS_NAME,OPTION_CODE,OPTION_NAME) values ('bhf_close_dt1520','bhf_close235',5,'MLIS2','립글로스','MLIS24','2호');
Insert into BHF_CLOSING_DETAIL (CLOSING_DETAIL_CODE,CLOSING_CODE,BNF_SLE_QY,GOODS_CODE,GOODS_NAME,OPTION_CODE,OPTION_NAME) values ('bhf_close_dt1522','bhf_close235',98,'MLIS164','아이라이너','MLIS164406','블랙');
Insert into BHF_CLOSING_DETAIL (CLOSING_DETAIL_CODE,CLOSING_CODE,BNF_SLE_QY,GOODS_CODE,GOODS_NAME,OPTION_CODE,OPTION_NAME) values ('bhf_close_dt1523','bhf_close235',24,'MLHR11','블러글로이립틴트','MLHR1119',' 222 피아트 룩스');
Insert into BHF_CLOSING_DETAIL (CLOSING_DETAIL_CODE,CLOSING_CODE,BNF_SLE_QY,GOODS_CODE,GOODS_NAME,OPTION_CODE,OPTION_NAME) values ('bhf_close_dt1524','bhf_close235',68,'LH001','헤라글로우틴트','LH0011','422호스피치리스');
Insert into BHF_CLOSING_DETAIL (CLOSING_DETAIL_CODE,CLOSING_CODE,BNF_SLE_QY,GOODS_CODE,GOODS_NAME,OPTION_CODE,OPTION_NAME) values ('bhf_close_dt1525','bhf_close235',69,'BSIS167','립밤','BSIS167411','단건');
Insert into BHF_CLOSING_DETAIL (CLOSING_DETAIL_CODE,CLOSING_CODE,BNF_SLE_QY,GOODS_CODE,GOODS_NAME,OPTION_CODE,OPTION_NAME) values ('bhf_close_dt1526','bhf_close235',59,'BSIS165','향수','BSIS165408','플로럴');
Insert into BHF_CLOSING_DETAIL (CLOSING_DETAIL_CODE,CLOSING_CODE,BNF_SLE_QY,GOODS_CODE,GOODS_NAME,OPTION_CODE,OPTION_NAME) values ('bhf_close_dt1527','bhf_close235',61,'BFIS166','향수','BFIS166410','단건');
Insert into BHF_CLOSING_DETAIL (CLOSING_DETAIL_CODE,CLOSING_CODE,BNF_SLE_QY,GOODS_CODE,GOODS_NAME,OPTION_CODE,OPTION_NAME) values ('bhf_close_dt1528','bhf_close235',74,'MLIS2','립글로스','MLIS23','1호');
Insert into BHF_CLOSING_DETAIL (CLOSING_DETAIL_CODE,CLOSING_CODE,BNF_SLE_QY,GOODS_CODE,GOODS_NAME,OPTION_CODE,OPTION_NAME) values ('bhf_close_dt1529','bhf_close235',92,'MLIS164','아이라이너','MLIS164407','브라운');
Insert into BHF_CLOSING_DETAIL (CLOSING_DETAIL_CODE,CLOSING_CODE,BNF_SLE_QY,GOODS_CODE,GOODS_NAME,OPTION_CODE,OPTION_NAME) values ('bhf_close_dt1530','bhf_close235',94,'MLHR11','블러글로이립틴트','MLHR1120',' 225 파시오');
Insert into BHF_CLOSING_DETAIL (CLOSING_DETAIL_CODE,CLOSING_CODE,BNF_SLE_QY,GOODS_CODE,GOODS_NAME,OPTION_CODE,OPTION_NAME) values ('bhf_close_dt1531','bhf_close235',72,'MLHR11','블러글로이립틴트','MLHR1118','221 테메트 노스케');
Insert into BHF_CLOSING_DETAIL (CLOSING_DETAIL_CODE,CLOSING_CODE,BNF_SLE_QY,GOODS_CODE,GOODS_NAME,OPTION_CODE,OPTION_NAME) values ('bhf_close_dt1532','bhf_close235',79,'LH001','헤라글로우틴트','LH001324','123호딸기잼');
Insert into BHF_CLOSING_DETAIL (CLOSING_DETAIL_CODE,CLOSING_CODE,BNF_SLE_QY,GOODS_CODE,GOODS_NAME,OPTION_CODE,OPTION_NAME) values ('bhf_close_dt1533','bhf_close235',58,'LH001','헤라글로우틴트','LH001321','111호사과잼');
Insert into BHF_CLOSING_DETAIL (CLOSING_DETAIL_CODE,CLOSING_CODE,BNF_SLE_QY,GOODS_CODE,GOODS_NAME,OPTION_CODE,OPTION_NAME) values ('bhf_close_dt1534','bhf_close235',50,'LH001','헤라글로우틴트','LH0012','308호체리쉬');
Insert into BHF_CLOSING_DETAIL (CLOSING_DETAIL_CODE,CLOSING_CODE,BNF_SLE_QY,GOODS_CODE,GOODS_NAME,OPTION_CODE,OPTION_NAME) values ('bhf_close_dt1535','bhf_close235',61,'BSIS165','향수','BSIS165409','우디');
Insert into BHF_CLOSING_DETAIL (CLOSING_DETAIL_CODE,CLOSING_CODE,BNF_SLE_QY,GOODS_CODE,GOODS_NAME,OPTION_CODE,OPTION_NAME) values ('bhf_close_dt1536','bhf_close235',26,'BSIS10',' 히알루론산 세럼 ','BSIS1017','단건');
Insert into BHF_CLOSING_DETAIL (CLOSING_DETAIL_CODE,CLOSING_CODE,BNF_SLE_QY,GOODS_CODE,GOODS_NAME,OPTION_CODE,OPTION_NAME) values ('bhf_close_dt1537','bhf_close235',31,'BFHR32','프로아이팔레트','BFHR3265','03 핑크페어링');
Insert into BHF_CLOSING_DETAIL (CLOSING_DETAIL_CODE,CLOSING_CODE,BNF_SLE_QY,GOODS_CODE,GOODS_NAME,OPTION_CODE,OPTION_NAME) values ('bhf_close_dt1538','bhf_close235',17,'BFHR32','프로아이팔레트','BFHR3264','02 로즈커넥트');
Insert into BHF_CLOSING_DETAIL (CLOSING_DETAIL_CODE,CLOSING_CODE,BNF_SLE_QY,GOODS_CODE,GOODS_NAME,OPTION_CODE,OPTION_NAME) values ('bhf_close_dt1539','bhf_close235',81,'BFHR32','프로아이팔레트','BFHR3263','01 로즈다이어리');
Insert into BHF_CLOSING_DETAIL (CLOSING_DETAIL_CODE,CLOSING_CODE,BNF_SLE_QY,GOODS_CODE,GOODS_NAME,OPTION_CODE,OPTION_NAME) values ('bhf_close_dt1540','bhf_close236',36,'MLIS2','립글로스','MLIS24','2호');
Insert into BHF_CLOSING_DETAIL (CLOSING_DETAIL_CODE,CLOSING_CODE,BNF_SLE_QY,GOODS_CODE,GOODS_NAME,OPTION_CODE,OPTION_NAME) values ('bhf_close_dt1542','bhf_close236',67,'MLIS164','아이라이너','MLIS164406','블랙');
Insert into BHF_CLOSING_DETAIL (CLOSING_DETAIL_CODE,CLOSING_CODE,BNF_SLE_QY,GOODS_CODE,GOODS_NAME,OPTION_CODE,OPTION_NAME) values ('bhf_close_dt1543','bhf_close236',12,'MLHR11','블러글로이립틴트','MLHR1119',' 222 피아트 룩스');
Insert into BHF_CLOSING_DETAIL (CLOSING_DETAIL_CODE,CLOSING_CODE,BNF_SLE_QY,GOODS_CODE,GOODS_NAME,OPTION_CODE,OPTION_NAME) values ('bhf_close_dt1544','bhf_close236',77,'LH001','헤라글로우틴트','LH0011','422호스피치리스');
Insert into BHF_CLOSING_DETAIL (CLOSING_DETAIL_CODE,CLOSING_CODE,BNF_SLE_QY,GOODS_CODE,GOODS_NAME,OPTION_CODE,OPTION_NAME) values ('bhf_close_dt1545','bhf_close236',48,'BSIS167','립밤','BSIS167411','단건');
Insert into BHF_CLOSING_DETAIL (CLOSING_DETAIL_CODE,CLOSING_CODE,BNF_SLE_QY,GOODS_CODE,GOODS_NAME,OPTION_CODE,OPTION_NAME) values ('bhf_close_dt1546','bhf_close236',38,'BSIS165','향수','BSIS165408','플로럴');
Insert into BHF_CLOSING_DETAIL (CLOSING_DETAIL_CODE,CLOSING_CODE,BNF_SLE_QY,GOODS_CODE,GOODS_NAME,OPTION_CODE,OPTION_NAME) values ('bhf_close_dt1547','bhf_close236',3,'BFIS166','향수','BFIS166410','단건');
Insert into BHF_CLOSING_DETAIL (CLOSING_DETAIL_CODE,CLOSING_CODE,BNF_SLE_QY,GOODS_CODE,GOODS_NAME,OPTION_CODE,OPTION_NAME) values ('bhf_close_dt1548','bhf_close236',47,'MLIS2','립글로스','MLIS23','1호');
Insert into BHF_CLOSING_DETAIL (CLOSING_DETAIL_CODE,CLOSING_CODE,BNF_SLE_QY,GOODS_CODE,GOODS_NAME,OPTION_CODE,OPTION_NAME) values ('bhf_close_dt1549','bhf_close236',27,'MLIS164','아이라이너','MLIS164407','브라운');
Insert into BHF_CLOSING_DETAIL (CLOSING_DETAIL_CODE,CLOSING_CODE,BNF_SLE_QY,GOODS_CODE,GOODS_NAME,OPTION_CODE,OPTION_NAME) values ('bhf_close_dt1550','bhf_close236',13,'MLHR11','블러글로이립틴트','MLHR1120',' 225 파시오');
Insert into BHF_CLOSING_DETAIL (CLOSING_DETAIL_CODE,CLOSING_CODE,BNF_SLE_QY,GOODS_CODE,GOODS_NAME,OPTION_CODE,OPTION_NAME) values ('bhf_close_dt1551','bhf_close236',10,'MLHR11','블러글로이립틴트','MLHR1118','221 테메트 노스케');
Insert into BHF_CLOSING_DETAIL (CLOSING_DETAIL_CODE,CLOSING_CODE,BNF_SLE_QY,GOODS_CODE,GOODS_NAME,OPTION_CODE,OPTION_NAME) values ('bhf_close_dt1552','bhf_close236',44,'LH001','헤라글로우틴트','LH001324','123호딸기잼');
Insert into BHF_CLOSING_DETAIL (CLOSING_DETAIL_CODE,CLOSING_CODE,BNF_SLE_QY,GOODS_CODE,GOODS_NAME,OPTION_CODE,OPTION_NAME) values ('bhf_close_dt1553','bhf_close236',26,'LH001','헤라글로우틴트','LH001321','111호사과잼');
Insert into BHF_CLOSING_DETAIL (CLOSING_DETAIL_CODE,CLOSING_CODE,BNF_SLE_QY,GOODS_CODE,GOODS_NAME,OPTION_CODE,OPTION_NAME) values ('bhf_close_dt1554','bhf_close236',79,'LH001','헤라글로우틴트','LH0012','308호체리쉬');
Insert into BHF_CLOSING_DETAIL (CLOSING_DETAIL_CODE,CLOSING_CODE,BNF_SLE_QY,GOODS_CODE,GOODS_NAME,OPTION_CODE,OPTION_NAME) values ('bhf_close_dt1555','bhf_close236',53,'BSIS165','향수','BSIS165409','우디');
Insert into BHF_CLOSING_DETAIL (CLOSING_DETAIL_CODE,CLOSING_CODE,BNF_SLE_QY,GOODS_CODE,GOODS_NAME,OPTION_CODE,OPTION_NAME) values ('bhf_close_dt1556','bhf_close236',75,'BSIS10',' 히알루론산 세럼 ','BSIS1017','단건');
Insert into BHF_CLOSING_DETAIL (CLOSING_DETAIL_CODE,CLOSING_CODE,BNF_SLE_QY,GOODS_CODE,GOODS_NAME,OPTION_CODE,OPTION_NAME) values ('bhf_close_dt1557','bhf_close236',66,'BFHR32','프로아이팔레트','BFHR3265','03 핑크페어링');
Insert into BHF_CLOSING_DETAIL (CLOSING_DETAIL_CODE,CLOSING_CODE,BNF_SLE_QY,GOODS_CODE,GOODS_NAME,OPTION_CODE,OPTION_NAME) values ('bhf_close_dt1558','bhf_close236',13,'BFHR32','프로아이팔레트','BFHR3264','02 로즈커넥트');
Insert into BHF_CLOSING_DETAIL (CLOSING_DETAIL_CODE,CLOSING_CODE,BNF_SLE_QY,GOODS_CODE,GOODS_NAME,OPTION_CODE,OPTION_NAME) values ('bhf_close_dt1559','bhf_close236',48,'BFHR32','프로아이팔레트','BFHR3263','01 로즈다이어리');
Insert into BHF_CLOSING_DETAIL (CLOSING_DETAIL_CODE,CLOSING_CODE,BNF_SLE_QY,GOODS_CODE,GOODS_NAME,OPTION_CODE,OPTION_NAME) values ('bhf_close_dt1560','bhf_close237',7,'MLIS2','립글로스','MLIS24','2호');
Insert into BHF_CLOSING_DETAIL (CLOSING_DETAIL_CODE,CLOSING_CODE,BNF_SLE_QY,GOODS_CODE,GOODS_NAME,OPTION_CODE,OPTION_NAME) values ('bhf_close_dt1562','bhf_close237',52,'MLIS164','아이라이너','MLIS164406','블랙');
Insert into BHF_CLOSING_DETAIL (CLOSING_DETAIL_CODE,CLOSING_CODE,BNF_SLE_QY,GOODS_CODE,GOODS_NAME,OPTION_CODE,OPTION_NAME) values ('bhf_close_dt1563','bhf_close237',22,'MLHR11','블러글로이립틴트','MLHR1119',' 222 피아트 룩스');
Insert into BHF_CLOSING_DETAIL (CLOSING_DETAIL_CODE,CLOSING_CODE,BNF_SLE_QY,GOODS_CODE,GOODS_NAME,OPTION_CODE,OPTION_NAME) values ('bhf_close_dt1564','bhf_close237',1,'LH001','헤라글로우틴트','LH0011','422호스피치리스');
Insert into BHF_CLOSING_DETAIL (CLOSING_DETAIL_CODE,CLOSING_CODE,BNF_SLE_QY,GOODS_CODE,GOODS_NAME,OPTION_CODE,OPTION_NAME) values ('bhf_close_dt1565','bhf_close237',87,'BSIS167','립밤','BSIS167411','단건');
Insert into BHF_CLOSING_DETAIL (CLOSING_DETAIL_CODE,CLOSING_CODE,BNF_SLE_QY,GOODS_CODE,GOODS_NAME,OPTION_CODE,OPTION_NAME) values ('bhf_close_dt1566','bhf_close237',84,'BSIS165','향수','BSIS165408','플로럴');
Insert into BHF_CLOSING_DETAIL (CLOSING_DETAIL_CODE,CLOSING_CODE,BNF_SLE_QY,GOODS_CODE,GOODS_NAME,OPTION_CODE,OPTION_NAME) values ('bhf_close_dt1567','bhf_close237',66,'BFIS166','향수','BFIS166410','단건');
Insert into BHF_CLOSING_DETAIL (CLOSING_DETAIL_CODE,CLOSING_CODE,BNF_SLE_QY,GOODS_CODE,GOODS_NAME,OPTION_CODE,OPTION_NAME) values ('bhf_close_dt1568','bhf_close237',32,'MLIS2','립글로스','MLIS23','1호');
Insert into BHF_CLOSING_DETAIL (CLOSING_DETAIL_CODE,CLOSING_CODE,BNF_SLE_QY,GOODS_CODE,GOODS_NAME,OPTION_CODE,OPTION_NAME) values ('bhf_close_dt1569','bhf_close237',89,'MLIS164','아이라이너','MLIS164407','브라운');
Insert into BHF_CLOSING_DETAIL (CLOSING_DETAIL_CODE,CLOSING_CODE,BNF_SLE_QY,GOODS_CODE,GOODS_NAME,OPTION_CODE,OPTION_NAME) values ('bhf_close_dt1570','bhf_close237',86,'MLHR11','블러글로이립틴트','MLHR1120',' 225 파시오');
Insert into BHF_CLOSING_DETAIL (CLOSING_DETAIL_CODE,CLOSING_CODE,BNF_SLE_QY,GOODS_CODE,GOODS_NAME,OPTION_CODE,OPTION_NAME) values ('bhf_close_dt1571','bhf_close237',30,'MLHR11','블러글로이립틴트','MLHR1118','221 테메트 노스케');
Insert into BHF_CLOSING_DETAIL (CLOSING_DETAIL_CODE,CLOSING_CODE,BNF_SLE_QY,GOODS_CODE,GOODS_NAME,OPTION_CODE,OPTION_NAME) values ('bhf_close_dt1572','bhf_close237',10,'LH001','헤라글로우틴트','LH001324','123호딸기잼');
Insert into BHF_CLOSING_DETAIL (CLOSING_DETAIL_CODE,CLOSING_CODE,BNF_SLE_QY,GOODS_CODE,GOODS_NAME,OPTION_CODE,OPTION_NAME) values ('bhf_close_dt1573','bhf_close237',19,'LH001','헤라글로우틴트','LH001321','111호사과잼');
Insert into BHF_CLOSING_DETAIL (CLOSING_DETAIL_CODE,CLOSING_CODE,BNF_SLE_QY,GOODS_CODE,GOODS_NAME,OPTION_CODE,OPTION_NAME) values ('bhf_close_dtl3','bhf_close2',5,'LH001','헤라글로우틴트','LH0011','422호스피치리스');
Insert into BHF_CLOSING_DETAIL (CLOSING_DETAIL_CODE,CLOSING_CODE,BNF_SLE_QY,GOODS_CODE,GOODS_NAME,OPTION_CODE,OPTION_NAME) values ('bhf_close_dtl4','bhf_close2',3,'LH001','헤라글로우틴트','LH0012','308호체리쉬');
Insert into BHF_CLOSING_DETAIL (CLOSING_DETAIL_CODE,CLOSING_CODE,BNF_SLE_QY,GOODS_CODE,GOODS_NAME,OPTION_CODE,OPTION_NAME) values ('bhf_close_dtl5','bhf_close2',8,'BFHR32','프로아이팔레트','BFHR3263','01 로즈다이어리');
Insert into BHF_CLOSING_DETAIL (CLOSING_DETAIL_CODE,CLOSING_CODE,BNF_SLE_QY,GOODS_CODE,GOODS_NAME,OPTION_CODE,OPTION_NAME) values ('bhf_close_dtl6','bhf_close2',2,'BFHR32','프로아이팔레트','BFHR3263','01 로즈다이어리');
Insert into BHF_CLOSING_DETAIL (CLOSING_DETAIL_CODE,CLOSING_CODE,BNF_SLE_QY,GOODS_CODE,GOODS_NAME,OPTION_CODE,OPTION_NAME) values ('bhf_close_dtl7','bhf_close2',1,'BFHR32','프로아이팔레트','BFHR3264','02 로즈커넥트');
Insert into BHF_CLOSING_DETAIL (CLOSING_DETAIL_CODE,CLOSING_CODE,BNF_SLE_QY,GOODS_CODE,GOODS_NAME,OPTION_CODE,OPTION_NAME) values ('bhf_close_dtl241','bhf_close221',5,'LH001','헤라글로우틴트','LH0011','422호스피치리스');
Insert into BHF_CLOSING_DETAIL (CLOSING_DETAIL_CODE,CLOSING_CODE,BNF_SLE_QY,GOODS_CODE,GOODS_NAME,OPTION_CODE,OPTION_NAME) values ('bhf_close_dtl242','bhf_close221',3,'LH001','헤라글로우틴트','LH0012','308호체리쉬');
Insert into BHF_CLOSING_DETAIL (CLOSING_DETAIL_CODE,CLOSING_CODE,BNF_SLE_QY,GOODS_CODE,GOODS_NAME,OPTION_CODE,OPTION_NAME) values ('bhf_close_dtl243','bhf_close221',8,'BFHR32','프로아이팔레트','BFHR3263','01 로즈다이어리');
Insert into BHF_CLOSING_DETAIL (CLOSING_DETAIL_CODE,CLOSING_CODE,BNF_SLE_QY,GOODS_CODE,GOODS_NAME,OPTION_CODE,OPTION_NAME) values ('bhf_close_dtl244','bhf_close221',2,'BFHR32','프로아이팔레트','BFHR3263','01 로즈다이어리');
Insert into BHF_CLOSING_DETAIL (CLOSING_DETAIL_CODE,CLOSING_CODE,BNF_SLE_QY,GOODS_CODE,GOODS_NAME,OPTION_CODE,OPTION_NAME) values ('bhf_close_dtl245','bhf_close221',1,'BFHR32','프로아이팔레트','BFHR3264','02 로즈커넥트');
Insert into BHF_CLOSING_DETAIL (CLOSING_DETAIL_CODE,CLOSING_CODE,BNF_SLE_QY,GOODS_CODE,GOODS_NAME,OPTION_CODE,OPTION_NAME) values ('bhf_close_dtl247','bhf_close222',5,'LH001','헤라글로우틴트','LH0011','422호스피치리스');
Insert into BHF_CLOSING_DETAIL (CLOSING_DETAIL_CODE,CLOSING_CODE,BNF_SLE_QY,GOODS_CODE,GOODS_NAME,OPTION_CODE,OPTION_NAME) values ('bhf_close_dtl248','bhf_close222',3,'LH001','헤라글로우틴트','LH0012','308호체리쉬');
Insert into BHF_CLOSING_DETAIL (CLOSING_DETAIL_CODE,CLOSING_CODE,BNF_SLE_QY,GOODS_CODE,GOODS_NAME,OPTION_CODE,OPTION_NAME) values ('bhf_close_dtl249','bhf_close222',8,'BFHR32','프로아이팔레트','BFHR3263','01 로즈다이어리');
Insert into BHF_CLOSING_DETAIL (CLOSING_DETAIL_CODE,CLOSING_CODE,BNF_SLE_QY,GOODS_CODE,GOODS_NAME,OPTION_CODE,OPTION_NAME) values ('bhf_close_dtl250','bhf_close222',2,'BFHR32','프로아이팔레트','BFHR3263','01 로즈다이어리');
Insert into BHF_CLOSING_DETAIL (CLOSING_DETAIL_CODE,CLOSING_CODE,BNF_SLE_QY,GOODS_CODE,GOODS_NAME,OPTION_CODE,OPTION_NAME) values ('bhf_close_dtl251','bhf_close222',1,'BFHR32','프로아이팔레트','BFHR3264','02 로즈커넥트');
Insert into BHF_CLOSING_DETAIL (CLOSING_DETAIL_CODE,CLOSING_CODE,BNF_SLE_QY,GOODS_CODE,GOODS_NAME,OPTION_CODE,OPTION_NAME) values ('bhf_close_dt1574','bhf_close237',12,'LH001','헤라글로우틴트','LH0012','308호체리쉬');
Insert into BHF_CLOSING_DETAIL (CLOSING_DETAIL_CODE,CLOSING_CODE,BNF_SLE_QY,GOODS_CODE,GOODS_NAME,OPTION_CODE,OPTION_NAME) values ('bhf_close_dt1575','bhf_close237',68,'BSIS165','향수','BSIS165409','우디');
Insert into BHF_CLOSING_DETAIL (CLOSING_DETAIL_CODE,CLOSING_CODE,BNF_SLE_QY,GOODS_CODE,GOODS_NAME,OPTION_CODE,OPTION_NAME) values ('bhf_close_dt1576','bhf_close237',66,'BSIS10',' 히알루론산 세럼 ','BSIS1017','단건');
Insert into BHF_CLOSING_DETAIL (CLOSING_DETAIL_CODE,CLOSING_CODE,BNF_SLE_QY,GOODS_CODE,GOODS_NAME,OPTION_CODE,OPTION_NAME) values ('bhf_close_dt1577','bhf_close237',59,'BFHR32','프로아이팔레트','BFHR3265','03 핑크페어링');
Insert into BHF_CLOSING_DETAIL (CLOSING_DETAIL_CODE,CLOSING_CODE,BNF_SLE_QY,GOODS_CODE,GOODS_NAME,OPTION_CODE,OPTION_NAME) values ('bhf_close_dt1578','bhf_close237',58,'BFHR32','프로아이팔레트','BFHR3264','02 로즈커넥트');
Insert into BHF_CLOSING_DETAIL (CLOSING_DETAIL_CODE,CLOSING_CODE,BNF_SLE_QY,GOODS_CODE,GOODS_NAME,OPTION_CODE,OPTION_NAME) values ('bhf_close_dt1579','bhf_close237',26,'BFHR32','프로아이팔레트','BFHR3263','01 로즈다이어리');
Insert into BHF_CLOSING_DETAIL (CLOSING_DETAIL_CODE,CLOSING_CODE,BNF_SLE_QY,GOODS_CODE,GOODS_NAME,OPTION_CODE,OPTION_NAME) values ('bhf_close_dt1580','bhf_close238',5,'MLIS2','립글로스','MLIS24','2호');
Insert into BHF_CLOSING_DETAIL (CLOSING_DETAIL_CODE,CLOSING_CODE,BNF_SLE_QY,GOODS_CODE,GOODS_NAME,OPTION_CODE,OPTION_NAME) values ('bhf_close_dt1582','bhf_close238',81,'MLIS164','아이라이너','MLIS164406','블랙');
Insert into BHF_CLOSING_DETAIL (CLOSING_DETAIL_CODE,CLOSING_CODE,BNF_SLE_QY,GOODS_CODE,GOODS_NAME,OPTION_CODE,OPTION_NAME) values ('bhf_close_dt1583','bhf_close238',58,'MLHR11','블러글로이립틴트','MLHR1119',' 222 피아트 룩스');
Insert into BHF_CLOSING_DETAIL (CLOSING_DETAIL_CODE,CLOSING_CODE,BNF_SLE_QY,GOODS_CODE,GOODS_NAME,OPTION_CODE,OPTION_NAME) values ('bhf_close_dt1584','bhf_close238',51,'LH001','헤라글로우틴트','LH0011','422호스피치리스');
Insert into BHF_CLOSING_DETAIL (CLOSING_DETAIL_CODE,CLOSING_CODE,BNF_SLE_QY,GOODS_CODE,GOODS_NAME,OPTION_CODE,OPTION_NAME) values ('bhf_close_dt1585','bhf_close238',60,'BSIS167','립밤','BSIS167411','단건');
Insert into BHF_CLOSING_DETAIL (CLOSING_DETAIL_CODE,CLOSING_CODE,BNF_SLE_QY,GOODS_CODE,GOODS_NAME,OPTION_CODE,OPTION_NAME) values ('bhf_close_dt1586','bhf_close238',94,'BSIS165','향수','BSIS165408','플로럴');
Insert into BHF_CLOSING_DETAIL (CLOSING_DETAIL_CODE,CLOSING_CODE,BNF_SLE_QY,GOODS_CODE,GOODS_NAME,OPTION_CODE,OPTION_NAME) values ('bhf_close_dt1587','bhf_close238',12,'BFIS166','향수','BFIS166410','단건');
Insert into BHF_CLOSING_DETAIL (CLOSING_DETAIL_CODE,CLOSING_CODE,BNF_SLE_QY,GOODS_CODE,GOODS_NAME,OPTION_CODE,OPTION_NAME) values ('bhf_close_dt1588','bhf_close238',66,'MLIS2','립글로스','MLIS23','1호');
Insert into BHF_CLOSING_DETAIL (CLOSING_DETAIL_CODE,CLOSING_CODE,BNF_SLE_QY,GOODS_CODE,GOODS_NAME,OPTION_CODE,OPTION_NAME) values ('bhf_close_dt1589','bhf_close238',17,'MLIS164','아이라이너','MLIS164407','브라운');
Insert into BHF_CLOSING_DETAIL (CLOSING_DETAIL_CODE,CLOSING_CODE,BNF_SLE_QY,GOODS_CODE,GOODS_NAME,OPTION_CODE,OPTION_NAME) values ('bhf_close_dt1590','bhf_close238',10,'MLHR11','블러글로이립틴트','MLHR1120',' 225 파시오');
Insert into BHF_CLOSING_DETAIL (CLOSING_DETAIL_CODE,CLOSING_CODE,BNF_SLE_QY,GOODS_CODE,GOODS_NAME,OPTION_CODE,OPTION_NAME) values ('bhf_close_dt1591','bhf_close238',27,'MLHR11','블러글로이립틴트','MLHR1118','221 테메트 노스케');
Insert into BHF_CLOSING_DETAIL (CLOSING_DETAIL_CODE,CLOSING_CODE,BNF_SLE_QY,GOODS_CODE,GOODS_NAME,OPTION_CODE,OPTION_NAME) values ('bhf_close_dt1592','bhf_close238',34,'LH001','헤라글로우틴트','LH001324','123호딸기잼');
Insert into BHF_CLOSING_DETAIL (CLOSING_DETAIL_CODE,CLOSING_CODE,BNF_SLE_QY,GOODS_CODE,GOODS_NAME,OPTION_CODE,OPTION_NAME) values ('bhf_close_dt1593','bhf_close238',44,'LH001','헤라글로우틴트','LH001321','111호사과잼');
Insert into BHF_CLOSING_DETAIL (CLOSING_DETAIL_CODE,CLOSING_CODE,BNF_SLE_QY,GOODS_CODE,GOODS_NAME,OPTION_CODE,OPTION_NAME) values ('bhf_close_dt1594','bhf_close238',28,'LH001','헤라글로우틴트','LH0012','308호체리쉬');
Insert into BHF_CLOSING_DETAIL (CLOSING_DETAIL_CODE,CLOSING_CODE,BNF_SLE_QY,GOODS_CODE,GOODS_NAME,OPTION_CODE,OPTION_NAME) values ('bhf_close_dt1595','bhf_close238',77,'BSIS165','향수','BSIS165409','우디');
Insert into BHF_CLOSING_DETAIL (CLOSING_DETAIL_CODE,CLOSING_CODE,BNF_SLE_QY,GOODS_CODE,GOODS_NAME,OPTION_CODE,OPTION_NAME) values ('bhf_close_dt1596','bhf_close238',13,'BSIS10',' 히알루론산 세럼 ','BSIS1017','단건');
Insert into BHF_CLOSING_DETAIL (CLOSING_DETAIL_CODE,CLOSING_CODE,BNF_SLE_QY,GOODS_CODE,GOODS_NAME,OPTION_CODE,OPTION_NAME) values ('bhf_close_dt1597','bhf_close238',74,'BFHR32','프로아이팔레트','BFHR3265','03 핑크페어링');
Insert into BHF_CLOSING_DETAIL (CLOSING_DETAIL_CODE,CLOSING_CODE,BNF_SLE_QY,GOODS_CODE,GOODS_NAME,OPTION_CODE,OPTION_NAME) values ('bhf_close_dt1598','bhf_close238',3,'BFHR32','프로아이팔레트','BFHR3264','02 로즈커넥트');
Insert into BHF_CLOSING_DETAIL (CLOSING_DETAIL_CODE,CLOSING_CODE,BNF_SLE_QY,GOODS_CODE,GOODS_NAME,OPTION_CODE,OPTION_NAME) values ('bhf_close_dt1599','bhf_close238',42,'BFHR32','프로아이팔레트','BFHR3263','01 로즈다이어리');
Insert into BHF_CLOSING_DETAIL (CLOSING_DETAIL_CODE,CLOSING_CODE,BNF_SLE_QY,GOODS_CODE,GOODS_NAME,OPTION_CODE,OPTION_NAME) values ('bhf_close_dt1600','bhf_close239',70,'MLIS2','립글로스','MLIS24','2호');
Insert into BHF_CLOSING_DETAIL (CLOSING_DETAIL_CODE,CLOSING_CODE,BNF_SLE_QY,GOODS_CODE,GOODS_NAME,OPTION_CODE,OPTION_NAME) values ('bhf_close_dt1602','bhf_close239',9,'MLIS164','아이라이너','MLIS164406','블랙');
Insert into BHF_CLOSING_DETAIL (CLOSING_DETAIL_CODE,CLOSING_CODE,BNF_SLE_QY,GOODS_CODE,GOODS_NAME,OPTION_CODE,OPTION_NAME) values ('bhf_close_dt1603','bhf_close239',67,'MLHR11','블러글로이립틴트','MLHR1119',' 222 피아트 룩스');
Insert into BHF_CLOSING_DETAIL (CLOSING_DETAIL_CODE,CLOSING_CODE,BNF_SLE_QY,GOODS_CODE,GOODS_NAME,OPTION_CODE,OPTION_NAME) values ('bhf_close_dt1604','bhf_close239',63,'LH001','헤라글로우틴트','LH0011','422호스피치리스');
Insert into BHF_CLOSING_DETAIL (CLOSING_DETAIL_CODE,CLOSING_CODE,BNF_SLE_QY,GOODS_CODE,GOODS_NAME,OPTION_CODE,OPTION_NAME) values ('bhf_close_dt1605','bhf_close239',28,'BSIS167','립밤','BSIS167411','단건');
Insert into BHF_CLOSING_DETAIL (CLOSING_DETAIL_CODE,CLOSING_CODE,BNF_SLE_QY,GOODS_CODE,GOODS_NAME,OPTION_CODE,OPTION_NAME) values ('bhf_close_dt1606','bhf_close239',20,'BSIS165','향수','BSIS165408','플로럴');
Insert into BHF_CLOSING_DETAIL (CLOSING_DETAIL_CODE,CLOSING_CODE,BNF_SLE_QY,GOODS_CODE,GOODS_NAME,OPTION_CODE,OPTION_NAME) values ('bhf_close_dt1607','bhf_close239',38,'BFIS166','향수','BFIS166410','단건');
Insert into BHF_CLOSING_DETAIL (CLOSING_DETAIL_CODE,CLOSING_CODE,BNF_SLE_QY,GOODS_CODE,GOODS_NAME,OPTION_CODE,OPTION_NAME) values ('bhf_close_dt1608','bhf_close239',69,'MLIS2','립글로스','MLIS23','1호');
Insert into BHF_CLOSING_DETAIL (CLOSING_DETAIL_CODE,CLOSING_CODE,BNF_SLE_QY,GOODS_CODE,GOODS_NAME,OPTION_CODE,OPTION_NAME) values ('bhf_close_dt1609','bhf_close239',34,'MLIS164','아이라이너','MLIS164407','브라운');
Insert into BHF_CLOSING_DETAIL (CLOSING_DETAIL_CODE,CLOSING_CODE,BNF_SLE_QY,GOODS_CODE,GOODS_NAME,OPTION_CODE,OPTION_NAME) values ('bhf_close_dt1610','bhf_close239',68,'MLHR11','블러글로이립틴트','MLHR1120',' 225 파시오');
Insert into BHF_CLOSING_DETAIL (CLOSING_DETAIL_CODE,CLOSING_CODE,BNF_SLE_QY,GOODS_CODE,GOODS_NAME,OPTION_CODE,OPTION_NAME) values ('bhf_close_dt1611','bhf_close239',53,'MLHR11','블러글로이립틴트','MLHR1118','221 테메트 노스케');
Insert into BHF_CLOSING_DETAIL (CLOSING_DETAIL_CODE,CLOSING_CODE,BNF_SLE_QY,GOODS_CODE,GOODS_NAME,OPTION_CODE,OPTION_NAME) values ('bhf_close_dt1612','bhf_close239',14,'LH001','헤라글로우틴트','LH001324','123호딸기잼');
Insert into BHF_CLOSING_DETAIL (CLOSING_DETAIL_CODE,CLOSING_CODE,BNF_SLE_QY,GOODS_CODE,GOODS_NAME,OPTION_CODE,OPTION_NAME) values ('bhf_close_dt1613','bhf_close239',7,'LH001','헤라글로우틴트','LH001321','111호사과잼');
Insert into BHF_CLOSING_DETAIL (CLOSING_DETAIL_CODE,CLOSING_CODE,BNF_SLE_QY,GOODS_CODE,GOODS_NAME,OPTION_CODE,OPTION_NAME) values ('bhf_close_dt1614','bhf_close239',96,'LH001','헤라글로우틴트','LH0012','308호체리쉬');
Insert into BHF_CLOSING_DETAIL (CLOSING_DETAIL_CODE,CLOSING_CODE,BNF_SLE_QY,GOODS_CODE,GOODS_NAME,OPTION_CODE,OPTION_NAME) values ('bhf_close_dt1615','bhf_close239',78,'BSIS165','향수','BSIS165409','우디');
Insert into BHF_CLOSING_DETAIL (CLOSING_DETAIL_CODE,CLOSING_CODE,BNF_SLE_QY,GOODS_CODE,GOODS_NAME,OPTION_CODE,OPTION_NAME) values ('bhf_close_dt1616','bhf_close239',49,'BSIS10',' 히알루론산 세럼 ','BSIS1017','단건');
Insert into BHF_CLOSING_DETAIL (CLOSING_DETAIL_CODE,CLOSING_CODE,BNF_SLE_QY,GOODS_CODE,GOODS_NAME,OPTION_CODE,OPTION_NAME) values ('bhf_close_dt1617','bhf_close239',13,'BFHR32','프로아이팔레트','BFHR3265','03 핑크페어링');
Insert into BHF_CLOSING_DETAIL (CLOSING_DETAIL_CODE,CLOSING_CODE,BNF_SLE_QY,GOODS_CODE,GOODS_NAME,OPTION_CODE,OPTION_NAME) values ('bhf_close_dt1618','bhf_close239',17,'BFHR32','프로아이팔레트','BFHR3264','02 로즈커넥트');
Insert into BHF_CLOSING_DETAIL (CLOSING_DETAIL_CODE,CLOSING_CODE,BNF_SLE_QY,GOODS_CODE,GOODS_NAME,OPTION_CODE,OPTION_NAME) values ('bhf_close_dt1619','bhf_close239',75,'BFHR32','프로아이팔레트','BFHR3263','01 로즈다이어리');
Insert into BHF_CLOSING_DETAIL (CLOSING_DETAIL_CODE,CLOSING_CODE,BNF_SLE_QY,GOODS_CODE,GOODS_NAME,OPTION_CODE,OPTION_NAME) values ('bhf_close_dt1620','bhf_close240',30,'MLIS2','립글로스','MLIS24','2호');
Insert into BHF_CLOSING_DETAIL (CLOSING_DETAIL_CODE,CLOSING_CODE,BNF_SLE_QY,GOODS_CODE,GOODS_NAME,OPTION_CODE,OPTION_NAME) values ('bhf_close_dt1622','bhf_close240',3,'MLIS164','아이라이너','MLIS164406','블랙');
Insert into BHF_CLOSING_DETAIL (CLOSING_DETAIL_CODE,CLOSING_CODE,BNF_SLE_QY,GOODS_CODE,GOODS_NAME,OPTION_CODE,OPTION_NAME) values ('bhf_close_dt1623','bhf_close240',47,'MLHR11','블러글로이립틴트','MLHR1119',' 222 피아트 룩스');
Insert into BHF_CLOSING_DETAIL (CLOSING_DETAIL_CODE,CLOSING_CODE,BNF_SLE_QY,GOODS_CODE,GOODS_NAME,OPTION_CODE,OPTION_NAME) values ('bhf_close_dt1624','bhf_close240',36,'LH001','헤라글로우틴트','LH0011','422호스피치리스');
Insert into BHF_CLOSING_DETAIL (CLOSING_DETAIL_CODE,CLOSING_CODE,BNF_SLE_QY,GOODS_CODE,GOODS_NAME,OPTION_CODE,OPTION_NAME) values ('bhf_close_dt1625','bhf_close240',62,'BSIS167','립밤','BSIS167411','단건');
Insert into BHF_CLOSING_DETAIL (CLOSING_DETAIL_CODE,CLOSING_CODE,BNF_SLE_QY,GOODS_CODE,GOODS_NAME,OPTION_CODE,OPTION_NAME) values ('bhf_close_dt1626','bhf_close240',92,'BSIS165','향수','BSIS165408','플로럴');
Insert into BHF_CLOSING_DETAIL (CLOSING_DETAIL_CODE,CLOSING_CODE,BNF_SLE_QY,GOODS_CODE,GOODS_NAME,OPTION_CODE,OPTION_NAME) values ('bhf_close_dt1627','bhf_close240',30,'BFIS166','향수','BFIS166410','단건');
Insert into BHF_CLOSING_DETAIL (CLOSING_DETAIL_CODE,CLOSING_CODE,BNF_SLE_QY,GOODS_CODE,GOODS_NAME,OPTION_CODE,OPTION_NAME) values ('bhf_close_dt1628','bhf_close240',89,'MLIS2','립글로스','MLIS23','1호');
Insert into BHF_CLOSING_DETAIL (CLOSING_DETAIL_CODE,CLOSING_CODE,BNF_SLE_QY,GOODS_CODE,GOODS_NAME,OPTION_CODE,OPTION_NAME) values ('bhf_close_dt1629','bhf_close240',37,'MLIS164','아이라이너','MLIS164407','브라운');
Insert into BHF_CLOSING_DETAIL (CLOSING_DETAIL_CODE,CLOSING_CODE,BNF_SLE_QY,GOODS_CODE,GOODS_NAME,OPTION_CODE,OPTION_NAME) values ('bhf_close_dt1630','bhf_close240',37,'MLHR11','블러글로이립틴트','MLHR1120',' 225 파시오');
Insert into BHF_CLOSING_DETAIL (CLOSING_DETAIL_CODE,CLOSING_CODE,BNF_SLE_QY,GOODS_CODE,GOODS_NAME,OPTION_CODE,OPTION_NAME) values ('bhf_close_dt1631','bhf_close240',1,'MLHR11','블러글로이립틴트','MLHR1118','221 테메트 노스케');
Insert into BHF_CLOSING_DETAIL (CLOSING_DETAIL_CODE,CLOSING_CODE,BNF_SLE_QY,GOODS_CODE,GOODS_NAME,OPTION_CODE,OPTION_NAME) values ('bhf_close_dt1632','bhf_close240',57,'LH001','헤라글로우틴트','LH001324','123호딸기잼');
Insert into BHF_CLOSING_DETAIL (CLOSING_DETAIL_CODE,CLOSING_CODE,BNF_SLE_QY,GOODS_CODE,GOODS_NAME,OPTION_CODE,OPTION_NAME) values ('bhf_close_dt1633','bhf_close240',8,'LH001','헤라글로우틴트','LH001321','111호사과잼');
Insert into BHF_CLOSING_DETAIL (CLOSING_DETAIL_CODE,CLOSING_CODE,BNF_SLE_QY,GOODS_CODE,GOODS_NAME,OPTION_CODE,OPTION_NAME) values ('bhf_close_dt1634','bhf_close240',12,'LH001','헤라글로우틴트','LH0012','308호체리쉬');
Insert into BHF_CLOSING_DETAIL (CLOSING_DETAIL_CODE,CLOSING_CODE,BNF_SLE_QY,GOODS_CODE,GOODS_NAME,OPTION_CODE,OPTION_NAME) values ('bhf_close_dt1635','bhf_close240',74,'BSIS165','향수','BSIS165409','우디');
Insert into BHF_CLOSING_DETAIL (CLOSING_DETAIL_CODE,CLOSING_CODE,BNF_SLE_QY,GOODS_CODE,GOODS_NAME,OPTION_CODE,OPTION_NAME) values ('bhf_close_dt1636','bhf_close240',53,'BSIS10',' 히알루론산 세럼 ','BSIS1017','단건');
Insert into BHF_CLOSING_DETAIL (CLOSING_DETAIL_CODE,CLOSING_CODE,BNF_SLE_QY,GOODS_CODE,GOODS_NAME,OPTION_CODE,OPTION_NAME) values ('bhf_close_dt1637','bhf_close240',50,'BFHR32','프로아이팔레트','BFHR3265','03 핑크페어링');
Insert into BHF_CLOSING_DETAIL (CLOSING_DETAIL_CODE,CLOSING_CODE,BNF_SLE_QY,GOODS_CODE,GOODS_NAME,OPTION_CODE,OPTION_NAME) values ('bhf_close_dt1638','bhf_close240',66,'BFHR32','프로아이팔레트','BFHR3264','02 로즈커넥트');
Insert into BHF_CLOSING_DETAIL (CLOSING_DETAIL_CODE,CLOSING_CODE,BNF_SLE_QY,GOODS_CODE,GOODS_NAME,OPTION_CODE,OPTION_NAME) values ('bhf_close_dtl41','bhf_close42',10,'LH001','헤라글로우틴트','LH0011','422호스피치리스');
Insert into BHF_CLOSING_DETAIL (CLOSING_DETAIL_CODE,CLOSING_CODE,BNF_SLE_QY,GOODS_CODE,GOODS_NAME,OPTION_CODE,OPTION_NAME) values ('bhf_close_dtl42','bhf_close42',8,'LH001','헤라글로우틴트','LH0012','308호체리쉬');
Insert into BHF_CLOSING_DETAIL (CLOSING_DETAIL_CODE,CLOSING_CODE,BNF_SLE_QY,GOODS_CODE,GOODS_NAME,OPTION_CODE,OPTION_NAME) values ('bhf_close_dtl43','bhf_close42',15,'BFHR32','프로아이팔레트','BFHR3263','01 로즈다이어리');
Insert into BHF_CLOSING_DETAIL (CLOSING_DETAIL_CODE,CLOSING_CODE,BNF_SLE_QY,GOODS_CODE,GOODS_NAME,OPTION_CODE,OPTION_NAME) values ('bhf_close_dtl141','bhf_close121',10,'LH001','헤라글로우틴트','LH0011','422호스피치리스');
Insert into BHF_CLOSING_DETAIL (CLOSING_DETAIL_CODE,CLOSING_CODE,BNF_SLE_QY,GOODS_CODE,GOODS_NAME,OPTION_CODE,OPTION_NAME) values ('bhf_close_dtl142','bhf_close121',8,'LH001','헤라글로우틴트','LH0012','308호체리쉬');
Insert into BHF_CLOSING_DETAIL (CLOSING_DETAIL_CODE,CLOSING_CODE,BNF_SLE_QY,GOODS_CODE,GOODS_NAME,OPTION_CODE,OPTION_NAME) values ('bhf_close_dtl143','bhf_close121',15,'BFHR32','프로아이팔레트','BFHR3263','01 로즈다이어리');
Insert into BHF_CLOSING_DETAIL (CLOSING_DETAIL_CODE,CLOSING_CODE,BNF_SLE_QY,GOODS_CODE,GOODS_NAME,OPTION_CODE,OPTION_NAME) values ('bhf_close_dt1300','bhf_close224',55,'MLIS2','립글로스','MLIS24','2호');
Insert into BHF_CLOSING_DETAIL (CLOSING_DETAIL_CODE,CLOSING_CODE,BNF_SLE_QY,GOODS_CODE,GOODS_NAME,OPTION_CODE,OPTION_NAME) values ('bhf_close_dt1302','bhf_close224',42,'MLIS164','아이라이너','MLIS164406','블랙');
Insert into BHF_CLOSING_DETAIL (CLOSING_DETAIL_CODE,CLOSING_CODE,BNF_SLE_QY,GOODS_CODE,GOODS_NAME,OPTION_CODE,OPTION_NAME) values ('bhf_close_dt1303','bhf_close224',99,'MLHR11','블러글로이립틴트','MLHR1119',' 222 피아트 룩스');
Insert into BHF_CLOSING_DETAIL (CLOSING_DETAIL_CODE,CLOSING_CODE,BNF_SLE_QY,GOODS_CODE,GOODS_NAME,OPTION_CODE,OPTION_NAME) values ('bhf_close_dt1304','bhf_close224',52,'LH001','헤라글로우틴트','LH0011','422호스피치리스');
Insert into BHF_CLOSING_DETAIL (CLOSING_DETAIL_CODE,CLOSING_CODE,BNF_SLE_QY,GOODS_CODE,GOODS_NAME,OPTION_CODE,OPTION_NAME) values ('bhf_close_dt1305','bhf_close224',64,'BSIS167','립밤','BSIS167411','단건');
Insert into BHF_CLOSING_DETAIL (CLOSING_DETAIL_CODE,CLOSING_CODE,BNF_SLE_QY,GOODS_CODE,GOODS_NAME,OPTION_CODE,OPTION_NAME) values ('bhf_close_dt1306','bhf_close224',93,'BSIS165','향수','BSIS165408','플로럴');
Insert into BHF_CLOSING_DETAIL (CLOSING_DETAIL_CODE,CLOSING_CODE,BNF_SLE_QY,GOODS_CODE,GOODS_NAME,OPTION_CODE,OPTION_NAME) values ('bhf_close_dt1307','bhf_close224',26,'BFIS166','향수','BFIS166410','단건');
Insert into BHF_CLOSING_DETAIL (CLOSING_DETAIL_CODE,CLOSING_CODE,BNF_SLE_QY,GOODS_CODE,GOODS_NAME,OPTION_CODE,OPTION_NAME) values ('bhf_close_dt1308','bhf_close224',22,'MLIS2','립글로스','MLIS23','1호');
Insert into BHF_CLOSING_DETAIL (CLOSING_DETAIL_CODE,CLOSING_CODE,BNF_SLE_QY,GOODS_CODE,GOODS_NAME,OPTION_CODE,OPTION_NAME) values ('bhf_close_dt1309','bhf_close224',87,'MLIS164','아이라이너','MLIS164407','브라운');
Insert into BHF_CLOSING_DETAIL (CLOSING_DETAIL_CODE,CLOSING_CODE,BNF_SLE_QY,GOODS_CODE,GOODS_NAME,OPTION_CODE,OPTION_NAME) values ('bhf_close_dt1310','bhf_close224',70,'MLHR11','블러글로이립틴트','MLHR1120',' 225 파시오');
Insert into BHF_CLOSING_DETAIL (CLOSING_DETAIL_CODE,CLOSING_CODE,BNF_SLE_QY,GOODS_CODE,GOODS_NAME,OPTION_CODE,OPTION_NAME) values ('bhf_close_dt1311','bhf_close224',95,'MLHR11','블러글로이립틴트','MLHR1118','221 테메트 노스케');
Insert into BHF_CLOSING_DETAIL (CLOSING_DETAIL_CODE,CLOSING_CODE,BNF_SLE_QY,GOODS_CODE,GOODS_NAME,OPTION_CODE,OPTION_NAME) values ('bhf_close_dt1312','bhf_close224',82,'LH001','헤라글로우틴트','LH001324','123호딸기잼');
Insert into BHF_CLOSING_DETAIL (CLOSING_DETAIL_CODE,CLOSING_CODE,BNF_SLE_QY,GOODS_CODE,GOODS_NAME,OPTION_CODE,OPTION_NAME) values ('bhf_close_dt1313','bhf_close224',15,'LH001','헤라글로우틴트','LH001321','111호사과잼');
Insert into BHF_CLOSING_DETAIL (CLOSING_DETAIL_CODE,CLOSING_CODE,BNF_SLE_QY,GOODS_CODE,GOODS_NAME,OPTION_CODE,OPTION_NAME) values ('bhf_close_dt1314','bhf_close224',24,'LH001','헤라글로우틴트','LH0012','308호체리쉬');
Insert into BHF_CLOSING_DETAIL (CLOSING_DETAIL_CODE,CLOSING_CODE,BNF_SLE_QY,GOODS_CODE,GOODS_NAME,OPTION_CODE,OPTION_NAME) values ('bhf_close_dt1315','bhf_close224',43,'BSIS165','향수','BSIS165409','우디');
Insert into BHF_CLOSING_DETAIL (CLOSING_DETAIL_CODE,CLOSING_CODE,BNF_SLE_QY,GOODS_CODE,GOODS_NAME,OPTION_CODE,OPTION_NAME) values ('bhf_close_dt1316','bhf_close224',97,'BSIS10',' 히알루론산 세럼 ','BSIS1017','단건');
Insert into BHF_CLOSING_DETAIL (CLOSING_DETAIL_CODE,CLOSING_CODE,BNF_SLE_QY,GOODS_CODE,GOODS_NAME,OPTION_CODE,OPTION_NAME) values ('bhf_close_dt1317','bhf_close224',1,'BFHR32','프로아이팔레트','BFHR3265','03 핑크페어링');
Insert into BHF_CLOSING_DETAIL (CLOSING_DETAIL_CODE,CLOSING_CODE,BNF_SLE_QY,GOODS_CODE,GOODS_NAME,OPTION_CODE,OPTION_NAME) values ('bhf_close_dt1318','bhf_close224',75,'BFHR32','프로아이팔레트','BFHR3264','02 로즈커넥트');
Insert into BHF_CLOSING_DETAIL (CLOSING_DETAIL_CODE,CLOSING_CODE,BNF_SLE_QY,GOODS_CODE,GOODS_NAME,OPTION_CODE,OPTION_NAME) values ('bhf_close_dt1319','bhf_close224',85,'BFHR32','프로아이팔레트','BFHR3263','01 로즈다이어리');
Insert into BHF_CLOSING_DETAIL (CLOSING_DETAIL_CODE,CLOSING_CODE,BNF_SLE_QY,GOODS_CODE,GOODS_NAME,OPTION_CODE,OPTION_NAME) values ('bhf_close_dt1320','bhf_close225',81,'MLIS2','립글로스','MLIS24','2호');
Insert into BHF_CLOSING_DETAIL (CLOSING_DETAIL_CODE,CLOSING_CODE,BNF_SLE_QY,GOODS_CODE,GOODS_NAME,OPTION_CODE,OPTION_NAME) values ('bhf_close_dt1322','bhf_close225',54,'MLIS164','아이라이너','MLIS164406','블랙');
Insert into BHF_CLOSING_DETAIL (CLOSING_DETAIL_CODE,CLOSING_CODE,BNF_SLE_QY,GOODS_CODE,GOODS_NAME,OPTION_CODE,OPTION_NAME) values ('bhf_close_dt1323','bhf_close225',38,'MLHR11','블러글로이립틴트','MLHR1119',' 222 피아트 룩스');
Insert into BHF_CLOSING_DETAIL (CLOSING_DETAIL_CODE,CLOSING_CODE,BNF_SLE_QY,GOODS_CODE,GOODS_NAME,OPTION_CODE,OPTION_NAME) values ('bhf_close_dt1324','bhf_close225',28,'LH001','헤라글로우틴트','LH0011','422호스피치리스');
Insert into BHF_CLOSING_DETAIL (CLOSING_DETAIL_CODE,CLOSING_CODE,BNF_SLE_QY,GOODS_CODE,GOODS_NAME,OPTION_CODE,OPTION_NAME) values ('bhf_close_dt1325','bhf_close225',41,'BSIS167','립밤','BSIS167411','단건');
Insert into BHF_CLOSING_DETAIL (CLOSING_DETAIL_CODE,CLOSING_CODE,BNF_SLE_QY,GOODS_CODE,GOODS_NAME,OPTION_CODE,OPTION_NAME) values ('bhf_close_dt1326','bhf_close225',95,'BSIS165','향수','BSIS165408','플로럴');
Insert into BHF_CLOSING_DETAIL (CLOSING_DETAIL_CODE,CLOSING_CODE,BNF_SLE_QY,GOODS_CODE,GOODS_NAME,OPTION_CODE,OPTION_NAME) values ('bhf_close_dt1327','bhf_close225',52,'BFIS166','향수','BFIS166410','단건');
Insert into BHF_CLOSING_DETAIL (CLOSING_DETAIL_CODE,CLOSING_CODE,BNF_SLE_QY,GOODS_CODE,GOODS_NAME,OPTION_CODE,OPTION_NAME) values ('bhf_close_dt1328','bhf_close225',13,'MLIS2','립글로스','MLIS23','1호');
Insert into BHF_CLOSING_DETAIL (CLOSING_DETAIL_CODE,CLOSING_CODE,BNF_SLE_QY,GOODS_CODE,GOODS_NAME,OPTION_CODE,OPTION_NAME) values ('bhf_close_dt1329','bhf_close225',71,'MLIS164','아이라이너','MLIS164407','브라운');
Insert into BHF_CLOSING_DETAIL (CLOSING_DETAIL_CODE,CLOSING_CODE,BNF_SLE_QY,GOODS_CODE,GOODS_NAME,OPTION_CODE,OPTION_NAME) values ('bhf_close_dt1330','bhf_close225',94,'MLHR11','블러글로이립틴트','MLHR1120',' 225 파시오');
Insert into BHF_CLOSING_DETAIL (CLOSING_DETAIL_CODE,CLOSING_CODE,BNF_SLE_QY,GOODS_CODE,GOODS_NAME,OPTION_CODE,OPTION_NAME) values ('bhf_close_dt1331','bhf_close225',80,'MLHR11','블러글로이립틴트','MLHR1118','221 테메트 노스케');
Insert into BHF_CLOSING_DETAIL (CLOSING_DETAIL_CODE,CLOSING_CODE,BNF_SLE_QY,GOODS_CODE,GOODS_NAME,OPTION_CODE,OPTION_NAME) values ('bhf_close_dt1332','bhf_close225',14,'LH001','헤라글로우틴트','LH001324','123호딸기잼');
Insert into BHF_CLOSING_DETAIL (CLOSING_DETAIL_CODE,CLOSING_CODE,BNF_SLE_QY,GOODS_CODE,GOODS_NAME,OPTION_CODE,OPTION_NAME) values ('bhf_close_dt1333','bhf_close225',43,'LH001','헤라글로우틴트','LH001321','111호사과잼');
Insert into BHF_CLOSING_DETAIL (CLOSING_DETAIL_CODE,CLOSING_CODE,BNF_SLE_QY,GOODS_CODE,GOODS_NAME,OPTION_CODE,OPTION_NAME) values ('bhf_close_dt1334','bhf_close225',85,'LH001','헤라글로우틴트','LH0012','308호체리쉬');
Insert into BHF_CLOSING_DETAIL (CLOSING_DETAIL_CODE,CLOSING_CODE,BNF_SLE_QY,GOODS_CODE,GOODS_NAME,OPTION_CODE,OPTION_NAME) values ('bhf_close_dt1335','bhf_close225',93,'BSIS165','향수','BSIS165409','우디');
Insert into BHF_CLOSING_DETAIL (CLOSING_DETAIL_CODE,CLOSING_CODE,BNF_SLE_QY,GOODS_CODE,GOODS_NAME,OPTION_CODE,OPTION_NAME) values ('bhf_close_dt1336','bhf_close225',9,'BSIS10',' 히알루론산 세럼 ','BSIS1017','단건');
Insert into BHF_CLOSING_DETAIL (CLOSING_DETAIL_CODE,CLOSING_CODE,BNF_SLE_QY,GOODS_CODE,GOODS_NAME,OPTION_CODE,OPTION_NAME) values ('bhf_close_dt1337','bhf_close225',91,'BFHR32','프로아이팔레트','BFHR3265','03 핑크페어링');
Insert into BHF_CLOSING_DETAIL (CLOSING_DETAIL_CODE,CLOSING_CODE,BNF_SLE_QY,GOODS_CODE,GOODS_NAME,OPTION_CODE,OPTION_NAME) values ('bhf_close_dt1338','bhf_close225',5,'BFHR32','프로아이팔레트','BFHR3264','02 로즈커넥트');
Insert into BHF_CLOSING_DETAIL (CLOSING_DETAIL_CODE,CLOSING_CODE,BNF_SLE_QY,GOODS_CODE,GOODS_NAME,OPTION_CODE,OPTION_NAME) values ('bhf_close_dt1339','bhf_close225',30,'BFHR32','프로아이팔레트','BFHR3263','01 로즈다이어리');
Insert into BHF_CLOSING_DETAIL (CLOSING_DETAIL_CODE,CLOSING_CODE,BNF_SLE_QY,GOODS_CODE,GOODS_NAME,OPTION_CODE,OPTION_NAME) values ('bhf_close_dt1340','bhf_close226',69,'MLIS2','립글로스','MLIS24','2호');
Insert into BHF_CLOSING_DETAIL (CLOSING_DETAIL_CODE,CLOSING_CODE,BNF_SLE_QY,GOODS_CODE,GOODS_NAME,OPTION_CODE,OPTION_NAME) values ('bhf_close_dt1342','bhf_close226',80,'MLIS164','아이라이너','MLIS164406','블랙');
Insert into BHF_CLOSING_DETAIL (CLOSING_DETAIL_CODE,CLOSING_CODE,BNF_SLE_QY,GOODS_CODE,GOODS_NAME,OPTION_CODE,OPTION_NAME) values ('bhf_close_dt1343','bhf_close226',75,'MLHR11','블러글로이립틴트','MLHR1119',' 222 피아트 룩스');
Insert into BHF_CLOSING_DETAIL (CLOSING_DETAIL_CODE,CLOSING_CODE,BNF_SLE_QY,GOODS_CODE,GOODS_NAME,OPTION_CODE,OPTION_NAME) values ('bhf_close_dt1344','bhf_close226',94,'LH001','헤라글로우틴트','LH0011','422호스피치리스');
Insert into BHF_CLOSING_DETAIL (CLOSING_DETAIL_CODE,CLOSING_CODE,BNF_SLE_QY,GOODS_CODE,GOODS_NAME,OPTION_CODE,OPTION_NAME) values ('bhf_close_dt1345','bhf_close226',65,'BSIS167','립밤','BSIS167411','단건');
Insert into BHF_CLOSING_DETAIL (CLOSING_DETAIL_CODE,CLOSING_CODE,BNF_SLE_QY,GOODS_CODE,GOODS_NAME,OPTION_CODE,OPTION_NAME) values ('bhf_close_dt1346','bhf_close226',50,'BSIS165','향수','BSIS165408','플로럴');
Insert into BHF_CLOSING_DETAIL (CLOSING_DETAIL_CODE,CLOSING_CODE,BNF_SLE_QY,GOODS_CODE,GOODS_NAME,OPTION_CODE,OPTION_NAME) values ('bhf_close_dt1347','bhf_close226',76,'BFIS166','향수','BFIS166410','단건');
Insert into BHF_CLOSING_DETAIL (CLOSING_DETAIL_CODE,CLOSING_CODE,BNF_SLE_QY,GOODS_CODE,GOODS_NAME,OPTION_CODE,OPTION_NAME) values ('bhf_close_dt1348','bhf_close226',49,'MLIS2','립글로스','MLIS23','1호');
Insert into BHF_CLOSING_DETAIL (CLOSING_DETAIL_CODE,CLOSING_CODE,BNF_SLE_QY,GOODS_CODE,GOODS_NAME,OPTION_CODE,OPTION_NAME) values ('bhf_close_dt1349','bhf_close226',95,'MLIS164','아이라이너','MLIS164407','브라운');
Insert into BHF_CLOSING_DETAIL (CLOSING_DETAIL_CODE,CLOSING_CODE,BNF_SLE_QY,GOODS_CODE,GOODS_NAME,OPTION_CODE,OPTION_NAME) values ('bhf_close_dt1350','bhf_close226',46,'MLHR11','블러글로이립틴트','MLHR1120',' 225 파시오');
Insert into BHF_CLOSING_DETAIL (CLOSING_DETAIL_CODE,CLOSING_CODE,BNF_SLE_QY,GOODS_CODE,GOODS_NAME,OPTION_CODE,OPTION_NAME) values ('bhf_close_dt1351','bhf_close226',75,'MLHR11','블러글로이립틴트','MLHR1118','221 테메트 노스케');
Insert into BHF_CLOSING_DETAIL (CLOSING_DETAIL_CODE,CLOSING_CODE,BNF_SLE_QY,GOODS_CODE,GOODS_NAME,OPTION_CODE,OPTION_NAME) values ('bhf_close_dt1352','bhf_close226',71,'LH001','헤라글로우틴트','LH001324','123호딸기잼');
Insert into BHF_CLOSING_DETAIL (CLOSING_DETAIL_CODE,CLOSING_CODE,BNF_SLE_QY,GOODS_CODE,GOODS_NAME,OPTION_CODE,OPTION_NAME) values ('bhf_close_dt1353','bhf_close226',12,'LH001','헤라글로우틴트','LH001321','111호사과잼');
Insert into BHF_CLOSING_DETAIL (CLOSING_DETAIL_CODE,CLOSING_CODE,BNF_SLE_QY,GOODS_CODE,GOODS_NAME,OPTION_CODE,OPTION_NAME) values ('bhf_close_dt1354','bhf_close226',41,'LH001','헤라글로우틴트','LH0012','308호체리쉬');
Insert into BHF_CLOSING_DETAIL (CLOSING_DETAIL_CODE,CLOSING_CODE,BNF_SLE_QY,GOODS_CODE,GOODS_NAME,OPTION_CODE,OPTION_NAME) values ('bhf_close_dt1355','bhf_close226',58,'BSIS165','향수','BSIS165409','우디');
Insert into BHF_CLOSING_DETAIL (CLOSING_DETAIL_CODE,CLOSING_CODE,BNF_SLE_QY,GOODS_CODE,GOODS_NAME,OPTION_CODE,OPTION_NAME) values ('bhf_close_dt1356','bhf_close226',24,'BSIS10',' 히알루론산 세럼 ','BSIS1017','단건');
Insert into BHF_CLOSING_DETAIL (CLOSING_DETAIL_CODE,CLOSING_CODE,BNF_SLE_QY,GOODS_CODE,GOODS_NAME,OPTION_CODE,OPTION_NAME) values ('bhf_close_dt1357','bhf_close226',61,'BFHR32','프로아이팔레트','BFHR3265','03 핑크페어링');
Insert into BHF_CLOSING_DETAIL (CLOSING_DETAIL_CODE,CLOSING_CODE,BNF_SLE_QY,GOODS_CODE,GOODS_NAME,OPTION_CODE,OPTION_NAME) values ('bhf_close_dt1358','bhf_close226',64,'BFHR32','프로아이팔레트','BFHR3264','02 로즈커넥트');
Insert into BHF_CLOSING_DETAIL (CLOSING_DETAIL_CODE,CLOSING_CODE,BNF_SLE_QY,GOODS_CODE,GOODS_NAME,OPTION_CODE,OPTION_NAME) values ('bhf_close_dt1359','bhf_close226',10,'BFHR32','프로아이팔레트','BFHR3263','01 로즈다이어리');
Insert into BHF_CLOSING_DETAIL (CLOSING_DETAIL_CODE,CLOSING_CODE,BNF_SLE_QY,GOODS_CODE,GOODS_NAME,OPTION_CODE,OPTION_NAME) values ('bhf_close_dt1360','bhf_close227',11,'MLIS2','립글로스','MLIS24','2호');
Insert into BHF_CLOSING_DETAIL (CLOSING_DETAIL_CODE,CLOSING_CODE,BNF_SLE_QY,GOODS_CODE,GOODS_NAME,OPTION_CODE,OPTION_NAME) values ('bhf_close_dt1362','bhf_close227',77,'MLIS164','아이라이너','MLIS164406','블랙');
Insert into BHF_CLOSING_DETAIL (CLOSING_DETAIL_CODE,CLOSING_CODE,BNF_SLE_QY,GOODS_CODE,GOODS_NAME,OPTION_CODE,OPTION_NAME) values ('bhf_close_dt1363','bhf_close227',37,'MLHR11','블러글로이립틴트','MLHR1119',' 222 피아트 룩스');
Insert into BHF_CLOSING_DETAIL (CLOSING_DETAIL_CODE,CLOSING_CODE,BNF_SLE_QY,GOODS_CODE,GOODS_NAME,OPTION_CODE,OPTION_NAME) values ('bhf_close_dt1364','bhf_close227',7,'LH001','헤라글로우틴트','LH0011','422호스피치리스');
Insert into BHF_CLOSING_DETAIL (CLOSING_DETAIL_CODE,CLOSING_CODE,BNF_SLE_QY,GOODS_CODE,GOODS_NAME,OPTION_CODE,OPTION_NAME) values ('bhf_close_dt1365','bhf_close227',52,'BSIS167','립밤','BSIS167411','단건');
Insert into BHF_CLOSING_DETAIL (CLOSING_DETAIL_CODE,CLOSING_CODE,BNF_SLE_QY,GOODS_CODE,GOODS_NAME,OPTION_CODE,OPTION_NAME) values ('bhf_close_dt1366','bhf_close227',6,'BSIS165','향수','BSIS165408','플로럴');
Insert into BHF_CLOSING_DETAIL (CLOSING_DETAIL_CODE,CLOSING_CODE,BNF_SLE_QY,GOODS_CODE,GOODS_NAME,OPTION_CODE,OPTION_NAME) values ('bhf_close_dt1367','bhf_close227',22,'BFIS166','향수','BFIS166410','단건');
Insert into BHF_CLOSING_DETAIL (CLOSING_DETAIL_CODE,CLOSING_CODE,BNF_SLE_QY,GOODS_CODE,GOODS_NAME,OPTION_CODE,OPTION_NAME) values ('bhf_close_dt1368','bhf_close227',69,'MLIS2','립글로스','MLIS23','1호');
Insert into BHF_CLOSING_DETAIL (CLOSING_DETAIL_CODE,CLOSING_CODE,BNF_SLE_QY,GOODS_CODE,GOODS_NAME,OPTION_CODE,OPTION_NAME) values ('bhf_close_dt1369','bhf_close227',27,'MLIS164','아이라이너','MLIS164407','브라운');
Insert into BHF_CLOSING_DETAIL (CLOSING_DETAIL_CODE,CLOSING_CODE,BNF_SLE_QY,GOODS_CODE,GOODS_NAME,OPTION_CODE,OPTION_NAME) values ('bhf_close_dt1370','bhf_close227',6,'MLHR11','블러글로이립틴트','MLHR1120',' 225 파시오');
Insert into BHF_CLOSING_DETAIL (CLOSING_DETAIL_CODE,CLOSING_CODE,BNF_SLE_QY,GOODS_CODE,GOODS_NAME,OPTION_CODE,OPTION_NAME) values ('bhf_close_dt1371','bhf_close227',49,'MLHR11','블러글로이립틴트','MLHR1118','221 테메트 노스케');
Insert into BHF_CLOSING_DETAIL (CLOSING_DETAIL_CODE,CLOSING_CODE,BNF_SLE_QY,GOODS_CODE,GOODS_NAME,OPTION_CODE,OPTION_NAME) values ('bhf_close_dt1372','bhf_close227',82,'LH001','헤라글로우틴트','LH001324','123호딸기잼');
Insert into BHF_CLOSING_DETAIL (CLOSING_DETAIL_CODE,CLOSING_CODE,BNF_SLE_QY,GOODS_CODE,GOODS_NAME,OPTION_CODE,OPTION_NAME) values ('bhf_close_dt1373','bhf_close227',96,'LH001','헤라글로우틴트','LH001321','111호사과잼');
Insert into BHF_CLOSING_DETAIL (CLOSING_DETAIL_CODE,CLOSING_CODE,BNF_SLE_QY,GOODS_CODE,GOODS_NAME,OPTION_CODE,OPTION_NAME) values ('bhf_close_dt1374','bhf_close227',83,'LH001','헤라글로우틴트','LH0012','308호체리쉬');
Insert into BHF_CLOSING_DETAIL (CLOSING_DETAIL_CODE,CLOSING_CODE,BNF_SLE_QY,GOODS_CODE,GOODS_NAME,OPTION_CODE,OPTION_NAME) values ('bhf_close_dt1375','bhf_close227',37,'BSIS165','향수','BSIS165409','우디');
Insert into BHF_CLOSING_DETAIL (CLOSING_DETAIL_CODE,CLOSING_CODE,BNF_SLE_QY,GOODS_CODE,GOODS_NAME,OPTION_CODE,OPTION_NAME) values ('bhf_close_dt1376','bhf_close227',2,'BSIS10',' 히알루론산 세럼 ','BSIS1017','단건');
Insert into BHF_CLOSING_DETAIL (CLOSING_DETAIL_CODE,CLOSING_CODE,BNF_SLE_QY,GOODS_CODE,GOODS_NAME,OPTION_CODE,OPTION_NAME) values ('bhf_close_dt1377','bhf_close227',10,'BFHR32','프로아이팔레트','BFHR3265','03 핑크페어링');
Insert into BHF_CLOSING_DETAIL (CLOSING_DETAIL_CODE,CLOSING_CODE,BNF_SLE_QY,GOODS_CODE,GOODS_NAME,OPTION_CODE,OPTION_NAME) values ('bhf_close_dtl301','bhf_close262',10,'BSHC237','코오롱향수','BSHC237553','단건');
Insert into BHF_CLOSING_DETAIL (CLOSING_DETAIL_CODE,CLOSING_CODE,BNF_SLE_QY,GOODS_CODE,GOODS_NAME,OPTION_CODE,OPTION_NAME) values ('bhf_close_dtl302','bhf_close262',10,'BFHB238','향수','BFHB238554','단건');
Insert into BHF_CLOSING_DETAIL (CLOSING_DETAIL_CODE,CLOSING_CODE,BNF_SLE_QY,GOODS_CODE,GOODS_NAME,OPTION_CODE,OPTION_NAME) values ('bhf_close_dtl303','bhf_close262',10,'BSHC179','히알루론산세럼','BSHC179433','단건');
Insert into BHF_CLOSING_DETAIL (CLOSING_DETAIL_CODE,CLOSING_CODE,BNF_SLE_QY,GOODS_CODE,GOODS_NAME,OPTION_CODE,OPTION_NAME) values ('bhf_close_dtl304','bhf_close262',10,'BFHB210','향수','BFHB210500','단건');
Insert into BHF_CLOSING_DETAIL (CLOSING_DETAIL_CODE,CLOSING_CODE,BNF_SLE_QY,GOODS_CODE,GOODS_NAME,OPTION_CODE,OPTION_NAME) values ('bhf_close_dtl305','bhf_close262',10,'MLIS180','볼류밍글로스','MLIS180434','캔디');
Insert into BHF_CLOSING_DETAIL (CLOSING_DETAIL_CODE,CLOSING_CODE,BNF_SLE_QY,GOODS_CODE,GOODS_NAME,OPTION_CODE,OPTION_NAME) values ('bhf_close_dtl306','bhf_close262',10,'MLIS180','볼류밍글로스','MLIS180435','앵두');
Insert into BHF_CLOSING_DETAIL (CLOSING_DETAIL_CODE,CLOSING_CODE,BNF_SLE_QY,GOODS_CODE,GOODS_NAME,OPTION_CODE,OPTION_NAME) values ('bhf_close_dtl307','bhf_close262',10,'MLIS180','볼류밍글로스','MLIS180436','소르베');
Insert into BHF_CLOSING_DETAIL (CLOSING_DETAIL_CODE,CLOSING_CODE,BNF_SLE_QY,GOODS_CODE,GOODS_NAME,OPTION_CODE,OPTION_NAME) values ('bhf_close_dtl308','bhf_close262',10,'MLIS180','볼류밍글로스','MLIS180437','바닐라');
Insert into BHF_CLOSING_DETAIL (CLOSING_DETAIL_CODE,CLOSING_CODE,BNF_SLE_QY,GOODS_CODE,GOODS_NAME,OPTION_CODE,OPTION_NAME) values ('bhf_close_dtl309','bhf_close263',15,'BSHC237','코오롱향수','BSHC237553','단건');
Insert into BHF_CLOSING_DETAIL (CLOSING_DETAIL_CODE,CLOSING_CODE,BNF_SLE_QY,GOODS_CODE,GOODS_NAME,OPTION_CODE,OPTION_NAME) values ('bhf_close_dtl310','bhf_close263',8,'BFHB238','향수','BFHB238554','단건');
Insert into BHF_CLOSING_DETAIL (CLOSING_DETAIL_CODE,CLOSING_CODE,BNF_SLE_QY,GOODS_CODE,GOODS_NAME,OPTION_CODE,OPTION_NAME) values ('bhf_close_dtl311','bhf_close263',13,'BSHC179','히알루론산세럼','BSHC179433','단건');
Insert into BHF_CLOSING_DETAIL (CLOSING_DETAIL_CODE,CLOSING_CODE,BNF_SLE_QY,GOODS_CODE,GOODS_NAME,OPTION_CODE,OPTION_NAME) values ('bhf_close_dtl312','bhf_close263',5,'MLIS180','볼류밍글로스','MLIS180434','캔디');
Insert into BHF_CLOSING_DETAIL (CLOSING_DETAIL_CODE,CLOSING_CODE,BNF_SLE_QY,GOODS_CODE,GOODS_NAME,OPTION_CODE,OPTION_NAME) values ('bhf_close_dtl313','bhf_close263',20,'MLIS180','볼류밍글로스','MLIS180435','앵두');
Insert into BHF_CLOSING_DETAIL (CLOSING_DETAIL_CODE,CLOSING_CODE,BNF_SLE_QY,GOODS_CODE,GOODS_NAME,OPTION_CODE,OPTION_NAME) values ('bhf_close_dtl381','bhf_close267',15,'BSHC237','코오롱향수','BSHC237553','단건');
Insert into BHF_CLOSING_DETAIL (CLOSING_DETAIL_CODE,CLOSING_CODE,BNF_SLE_QY,GOODS_CODE,GOODS_NAME,OPTION_CODE,OPTION_NAME) values ('bhf_close_dtl382','bhf_close267',8,'BFHB238','향수','BFHB238554','단건');
Insert into BHF_CLOSING_DETAIL (CLOSING_DETAIL_CODE,CLOSING_CODE,BNF_SLE_QY,GOODS_CODE,GOODS_NAME,OPTION_CODE,OPTION_NAME) values ('bhf_close_dtl383','bhf_close267',13,'BSHC179','히알루론산세럼','BSHC179433','단건');
Insert into BHF_CLOSING_DETAIL (CLOSING_DETAIL_CODE,CLOSING_CODE,BNF_SLE_QY,GOODS_CODE,GOODS_NAME,OPTION_CODE,OPTION_NAME) values ('bhf_close_dtl384','bhf_close267',5,'MLIS180','볼류밍글로스','MLIS180434','캔디');
Insert into BHF_CLOSING_DETAIL (CLOSING_DETAIL_CODE,CLOSING_CODE,BNF_SLE_QY,GOODS_CODE,GOODS_NAME,OPTION_CODE,OPTION_NAME) values ('bhf_close_dtl385','bhf_close267',20,'MLIS180','볼류밍글로스','MLIS180435','앵두');
Insert into BHF_CLOSING_DETAIL (CLOSING_DETAIL_CODE,CLOSING_CODE,BNF_SLE_QY,GOODS_CODE,GOODS_NAME,OPTION_CODE,OPTION_NAME) values ('bhf_close_dtl401','bhf_close269',10,'BSHC237','코오롱향수','BSHC237553','단건');
Insert into BHF_CLOSING_DETAIL (CLOSING_DETAIL_CODE,CLOSING_CODE,BNF_SLE_QY,GOODS_CODE,GOODS_NAME,OPTION_CODE,OPTION_NAME) values ('bhf_close_dtl402','bhf_close269',10,'BFHB238','향수','BFHB238554','단건');
Insert into BHF_CLOSING_DETAIL (CLOSING_DETAIL_CODE,CLOSING_CODE,BNF_SLE_QY,GOODS_CODE,GOODS_NAME,OPTION_CODE,OPTION_NAME) values ('bhf_close_dtl403','bhf_close269',10,'BSHC179','히알루론산세럼','BSHC179433','단건');
Insert into BHF_CLOSING_DETAIL (CLOSING_DETAIL_CODE,CLOSING_CODE,BNF_SLE_QY,GOODS_CODE,GOODS_NAME,OPTION_CODE,OPTION_NAME) values ('bhf_close_dtl404','bhf_close269',10,'BFHB210','향수','BFHB210500','단건');
Insert into BHF_CLOSING_DETAIL (CLOSING_DETAIL_CODE,CLOSING_CODE,BNF_SLE_QY,GOODS_CODE,GOODS_NAME,OPTION_CODE,OPTION_NAME) values ('bhf_close_dtl405','bhf_close269',10,'MLIS180','볼류밍글로스','MLIS180434','캔디');
Insert into BHF_CLOSING_DETAIL (CLOSING_DETAIL_CODE,CLOSING_CODE,BNF_SLE_QY,GOODS_CODE,GOODS_NAME,OPTION_CODE,OPTION_NAME) values ('bhf_close_dtl406','bhf_close269',10,'MLIS180','볼류밍글로스','MLIS180435','앵두');
Insert into BHF_CLOSING_DETAIL (CLOSING_DETAIL_CODE,CLOSING_CODE,BNF_SLE_QY,GOODS_CODE,GOODS_NAME,OPTION_CODE,OPTION_NAME) values ('bhf_close_dtl407','bhf_close269',10,'MLIS180','볼류밍글로스','MLIS180436','소르베');
Insert into BHF_CLOSING_DETAIL (CLOSING_DETAIL_CODE,CLOSING_CODE,BNF_SLE_QY,GOODS_CODE,GOODS_NAME,OPTION_CODE,OPTION_NAME) values ('bhf_close_dtl408','bhf_close269',10,'MLIS180','볼류밍글로스','MLIS180437','바닐라');
Insert into BHF_CLOSING_DETAIL (CLOSING_DETAIL_CODE,CLOSING_CODE,BNF_SLE_QY,GOODS_CODE,GOODS_NAME,OPTION_CODE,OPTION_NAME) values ('bhf_close_dtl421','bhf_close270',15,'BSHC237','코오롱향수','BSHC237553','단건');
Insert into BHF_CLOSING_DETAIL (CLOSING_DETAIL_CODE,CLOSING_CODE,BNF_SLE_QY,GOODS_CODE,GOODS_NAME,OPTION_CODE,OPTION_NAME) values ('bhf_close_dtl422','bhf_close270',8,'BFHB238','스위트 라이크 캔디 향수','BFHB238554','단건');
Insert into BHF_CLOSING_DETAIL (CLOSING_DETAIL_CODE,CLOSING_CODE,BNF_SLE_QY,GOODS_CODE,GOODS_NAME,OPTION_CODE,OPTION_NAME) values ('bhf_close_dtl423','bhf_close270',13,'BSHC179','히알루론산세럼','BSHC179433','단건');
Insert into BHF_CLOSING_DETAIL (CLOSING_DETAIL_CODE,CLOSING_CODE,BNF_SLE_QY,GOODS_CODE,GOODS_NAME,OPTION_CODE,OPTION_NAME) values ('bhf_close_dtl424','bhf_close270',5,'MLIS180','볼류밍글로스','MLIS180434','캔디');
Insert into BHF_CLOSING_DETAIL (CLOSING_DETAIL_CODE,CLOSING_CODE,BNF_SLE_QY,GOODS_CODE,GOODS_NAME,OPTION_CODE,OPTION_NAME) values ('bhf_close_dt1639','bhf_close240',60,'BFHR32','프로아이팔레트','BFHR3263','01 로즈다이어리');
Insert into BHF_CLOSING_DETAIL (CLOSING_DETAIL_CODE,CLOSING_CODE,BNF_SLE_QY,GOODS_CODE,GOODS_NAME,OPTION_CODE,OPTION_NAME) values ('bhf_close_dt1640','bhf_close241',84,'MLIS2','립글로스','MLIS24','2호');
Insert into BHF_CLOSING_DETAIL (CLOSING_DETAIL_CODE,CLOSING_CODE,BNF_SLE_QY,GOODS_CODE,GOODS_NAME,OPTION_CODE,OPTION_NAME) values ('bhf_close_dt1642','bhf_close241',16,'MLIS164','아이라이너','MLIS164406','블랙');
Insert into BHF_CLOSING_DETAIL (CLOSING_DETAIL_CODE,CLOSING_CODE,BNF_SLE_QY,GOODS_CODE,GOODS_NAME,OPTION_CODE,OPTION_NAME) values ('bhf_close_dt1643','bhf_close241',76,'MLHR11','블러글로이립틴트','MLHR1119',' 222 피아트 룩스');
Insert into BHF_CLOSING_DETAIL (CLOSING_DETAIL_CODE,CLOSING_CODE,BNF_SLE_QY,GOODS_CODE,GOODS_NAME,OPTION_CODE,OPTION_NAME) values ('bhf_close_dt1644','bhf_close241',2,'LH001','헤라글로우틴트','LH0011','422호스피치리스');
Insert into BHF_CLOSING_DETAIL (CLOSING_DETAIL_CODE,CLOSING_CODE,BNF_SLE_QY,GOODS_CODE,GOODS_NAME,OPTION_CODE,OPTION_NAME) values ('bhf_close_dt1645','bhf_close241',3,'BSIS167','립밤','BSIS167411','단건');
Insert into BHF_CLOSING_DETAIL (CLOSING_DETAIL_CODE,CLOSING_CODE,BNF_SLE_QY,GOODS_CODE,GOODS_NAME,OPTION_CODE,OPTION_NAME) values ('bhf_close_dt1646','bhf_close241',89,'BSIS165','향수','BSIS165408','플로럴');
Insert into BHF_CLOSING_DETAIL (CLOSING_DETAIL_CODE,CLOSING_CODE,BNF_SLE_QY,GOODS_CODE,GOODS_NAME,OPTION_CODE,OPTION_NAME) values ('bhf_close_dt1647','bhf_close241',64,'BFIS166','향수','BFIS166410','단건');
Insert into BHF_CLOSING_DETAIL (CLOSING_DETAIL_CODE,CLOSING_CODE,BNF_SLE_QY,GOODS_CODE,GOODS_NAME,OPTION_CODE,OPTION_NAME) values ('bhf_close_dt1648','bhf_close241',43,'MLIS2','립글로스','MLIS23','1호');
Insert into BHF_CLOSING_DETAIL (CLOSING_DETAIL_CODE,CLOSING_CODE,BNF_SLE_QY,GOODS_CODE,GOODS_NAME,OPTION_CODE,OPTION_NAME) values ('bhf_close_dt1649','bhf_close241',14,'MLIS164','아이라이너','MLIS164407','브라운');
Insert into BHF_CLOSING_DETAIL (CLOSING_DETAIL_CODE,CLOSING_CODE,BNF_SLE_QY,GOODS_CODE,GOODS_NAME,OPTION_CODE,OPTION_NAME) values ('bhf_close_dt1650','bhf_close241',10,'MLHR11','블러글로이립틴트','MLHR1120',' 225 파시오');
Insert into BHF_CLOSING_DETAIL (CLOSING_DETAIL_CODE,CLOSING_CODE,BNF_SLE_QY,GOODS_CODE,GOODS_NAME,OPTION_CODE,OPTION_NAME) values ('bhf_close_dt1651','bhf_close241',17,'MLHR11','블러글로이립틴트','MLHR1118','221 테메트 노스케');
Insert into BHF_CLOSING_DETAIL (CLOSING_DETAIL_CODE,CLOSING_CODE,BNF_SLE_QY,GOODS_CODE,GOODS_NAME,OPTION_CODE,OPTION_NAME) values ('bhf_close_dt1652','bhf_close241',92,'LH001','헤라글로우틴트','LH001324','123호딸기잼');
Insert into BHF_CLOSING_DETAIL (CLOSING_DETAIL_CODE,CLOSING_CODE,BNF_SLE_QY,GOODS_CODE,GOODS_NAME,OPTION_CODE,OPTION_NAME) values ('bhf_close_dt1653','bhf_close241',56,'LH001','헤라글로우틴트','LH001321','111호사과잼');
Insert into BHF_CLOSING_DETAIL (CLOSING_DETAIL_CODE,CLOSING_CODE,BNF_SLE_QY,GOODS_CODE,GOODS_NAME,OPTION_CODE,OPTION_NAME) values ('bhf_close_dt1654','bhf_close241',10,'LH001','헤라글로우틴트','LH0012','308호체리쉬');
Insert into BHF_CLOSING_DETAIL (CLOSING_DETAIL_CODE,CLOSING_CODE,BNF_SLE_QY,GOODS_CODE,GOODS_NAME,OPTION_CODE,OPTION_NAME) values ('bhf_close_dt1655','bhf_close241',90,'BSIS165','향수','BSIS165409','우디');
Insert into BHF_CLOSING_DETAIL (CLOSING_DETAIL_CODE,CLOSING_CODE,BNF_SLE_QY,GOODS_CODE,GOODS_NAME,OPTION_CODE,OPTION_NAME) values ('bhf_close_dt1656','bhf_close241',34,'BSIS10',' 히알루론산 세럼 ','BSIS1017','단건');
Insert into BHF_CLOSING_DETAIL (CLOSING_DETAIL_CODE,CLOSING_CODE,BNF_SLE_QY,GOODS_CODE,GOODS_NAME,OPTION_CODE,OPTION_NAME) values ('bhf_close_dt1657','bhf_close241',16,'BFHR32','프로아이팔레트','BFHR3265','03 핑크페어링');
Insert into BHF_CLOSING_DETAIL (CLOSING_DETAIL_CODE,CLOSING_CODE,BNF_SLE_QY,GOODS_CODE,GOODS_NAME,OPTION_CODE,OPTION_NAME) values ('bhf_close_dt1658','bhf_close241',24,'BFHR32','프로아이팔레트','BFHR3264','02 로즈커넥트');
Insert into BHF_CLOSING_DETAIL (CLOSING_DETAIL_CODE,CLOSING_CODE,BNF_SLE_QY,GOODS_CODE,GOODS_NAME,OPTION_CODE,OPTION_NAME) values ('bhf_close_dt1659','bhf_close241',10,'BFHR32','프로아이팔레트','BFHR3263','01 로즈다이어리');
Insert into BHF_CLOSING_DETAIL (CLOSING_DETAIL_CODE,CLOSING_CODE,BNF_SLE_QY,GOODS_CODE,GOODS_NAME,OPTION_CODE,OPTION_NAME) values ('bhf_close_dt1660','bhf_close242',15,'MLIS2','립글로스','MLIS24','2호');
Insert into BHF_CLOSING_DETAIL (CLOSING_DETAIL_CODE,CLOSING_CODE,BNF_SLE_QY,GOODS_CODE,GOODS_NAME,OPTION_CODE,OPTION_NAME) values ('bhf_close_dt1662','bhf_close242',97,'MLIS164','아이라이너','MLIS164406','블랙');
Insert into BHF_CLOSING_DETAIL (CLOSING_DETAIL_CODE,CLOSING_CODE,BNF_SLE_QY,GOODS_CODE,GOODS_NAME,OPTION_CODE,OPTION_NAME) values ('bhf_close_dt1663','bhf_close242',98,'MLHR11','블러글로이립틴트','MLHR1119',' 222 피아트 룩스');
Insert into BHF_CLOSING_DETAIL (CLOSING_DETAIL_CODE,CLOSING_CODE,BNF_SLE_QY,GOODS_CODE,GOODS_NAME,OPTION_CODE,OPTION_NAME) values ('bhf_close_dt1664','bhf_close242',36,'LH001','헤라글로우틴트','LH0011','422호스피치리스');
Insert into BHF_CLOSING_DETAIL (CLOSING_DETAIL_CODE,CLOSING_CODE,BNF_SLE_QY,GOODS_CODE,GOODS_NAME,OPTION_CODE,OPTION_NAME) values ('bhf_close_dt1665','bhf_close242',55,'BSIS167','립밤','BSIS167411','단건');
Insert into BHF_CLOSING_DETAIL (CLOSING_DETAIL_CODE,CLOSING_CODE,BNF_SLE_QY,GOODS_CODE,GOODS_NAME,OPTION_CODE,OPTION_NAME) values ('bhf_close_dt1666','bhf_close242',62,'BSIS165','향수','BSIS165408','플로럴');
Insert into BHF_CLOSING_DETAIL (CLOSING_DETAIL_CODE,CLOSING_CODE,BNF_SLE_QY,GOODS_CODE,GOODS_NAME,OPTION_CODE,OPTION_NAME) values ('bhf_close_dt1667','bhf_close242',73,'BFIS166','향수','BFIS166410','단건');
Insert into BHF_CLOSING_DETAIL (CLOSING_DETAIL_CODE,CLOSING_CODE,BNF_SLE_QY,GOODS_CODE,GOODS_NAME,OPTION_CODE,OPTION_NAME) values ('bhf_close_dt1668','bhf_close242',64,'MLIS2','립글로스','MLIS23','1호');
Insert into BHF_CLOSING_DETAIL (CLOSING_DETAIL_CODE,CLOSING_CODE,BNF_SLE_QY,GOODS_CODE,GOODS_NAME,OPTION_CODE,OPTION_NAME) values ('bhf_close_dt1669','bhf_close242',59,'MLIS164','아이라이너','MLIS164407','브라운');
Insert into BHF_CLOSING_DETAIL (CLOSING_DETAIL_CODE,CLOSING_CODE,BNF_SLE_QY,GOODS_CODE,GOODS_NAME,OPTION_CODE,OPTION_NAME) values ('bhf_close_dt1670','bhf_close242',37,'MLHR11','블러글로이립틴트','MLHR1120',' 225 파시오');
Insert into BHF_CLOSING_DETAIL (CLOSING_DETAIL_CODE,CLOSING_CODE,BNF_SLE_QY,GOODS_CODE,GOODS_NAME,OPTION_CODE,OPTION_NAME) values ('bhf_close_dt1671','bhf_close242',58,'MLHR11','블러글로이립틴트','MLHR1118','221 테메트 노스케');
Insert into BHF_CLOSING_DETAIL (CLOSING_DETAIL_CODE,CLOSING_CODE,BNF_SLE_QY,GOODS_CODE,GOODS_NAME,OPTION_CODE,OPTION_NAME) values ('bhf_close_dt1672','bhf_close242',3,'LH001','헤라글로우틴트','LH001324','123호딸기잼');
Insert into BHF_CLOSING_DETAIL (CLOSING_DETAIL_CODE,CLOSING_CODE,BNF_SLE_QY,GOODS_CODE,GOODS_NAME,OPTION_CODE,OPTION_NAME) values ('bhf_close_dt1673','bhf_close242',23,'LH001','헤라글로우틴트','LH001321','111호사과잼');
Insert into BHF_CLOSING_DETAIL (CLOSING_DETAIL_CODE,CLOSING_CODE,BNF_SLE_QY,GOODS_CODE,GOODS_NAME,OPTION_CODE,OPTION_NAME) values ('bhf_close_dt1674','bhf_close242',71,'LH001','헤라글로우틴트','LH0012','308호체리쉬');
Insert into BHF_CLOSING_DETAIL (CLOSING_DETAIL_CODE,CLOSING_CODE,BNF_SLE_QY,GOODS_CODE,GOODS_NAME,OPTION_CODE,OPTION_NAME) values ('bhf_close_dt1675','bhf_close242',22,'BSIS165','향수','BSIS165409','우디');
Insert into BHF_CLOSING_DETAIL (CLOSING_DETAIL_CODE,CLOSING_CODE,BNF_SLE_QY,GOODS_CODE,GOODS_NAME,OPTION_CODE,OPTION_NAME) values ('bhf_close_dt1676','bhf_close242',1,'BSIS10',' 히알루론산 세럼 ','BSIS1017','단건');
Insert into BHF_CLOSING_DETAIL (CLOSING_DETAIL_CODE,CLOSING_CODE,BNF_SLE_QY,GOODS_CODE,GOODS_NAME,OPTION_CODE,OPTION_NAME) values ('bhf_close_dt1677','bhf_close242',7,'BFHR32','프로아이팔레트','BFHR3265','03 핑크페어링');
Insert into BHF_CLOSING_DETAIL (CLOSING_DETAIL_CODE,CLOSING_CODE,BNF_SLE_QY,GOODS_CODE,GOODS_NAME,OPTION_CODE,OPTION_NAME) values ('bhf_close_dt1678','bhf_close242',73,'BFHR32','프로아이팔레트','BFHR3264','02 로즈커넥트');
Insert into BHF_CLOSING_DETAIL (CLOSING_DETAIL_CODE,CLOSING_CODE,BNF_SLE_QY,GOODS_CODE,GOODS_NAME,OPTION_CODE,OPTION_NAME) values ('bhf_close_dt1679','bhf_close242',26,'BFHR32','프로아이팔레트','BFHR3263','01 로즈다이어리');
Insert into BHF_CLOSING_DETAIL (CLOSING_DETAIL_CODE,CLOSING_CODE,BNF_SLE_QY,GOODS_CODE,GOODS_NAME,OPTION_CODE,OPTION_NAME) values ('bhf_close_dt1680','bhf_close243',99,'MLIS2','립글로스','MLIS24','2호');
Insert into BHF_CLOSING_DETAIL (CLOSING_DETAIL_CODE,CLOSING_CODE,BNF_SLE_QY,GOODS_CODE,GOODS_NAME,OPTION_CODE,OPTION_NAME) values ('bhf_close_dt1682','bhf_close243',37,'MLIS164','아이라이너','MLIS164406','블랙');
Insert into BHF_CLOSING_DETAIL (CLOSING_DETAIL_CODE,CLOSING_CODE,BNF_SLE_QY,GOODS_CODE,GOODS_NAME,OPTION_CODE,OPTION_NAME) values ('bhf_close_dt1683','bhf_close243',36,'MLHR11','블러글로이립틴트','MLHR1119',' 222 피아트 룩스');
Insert into BHF_CLOSING_DETAIL (CLOSING_DETAIL_CODE,CLOSING_CODE,BNF_SLE_QY,GOODS_CODE,GOODS_NAME,OPTION_CODE,OPTION_NAME) values ('bhf_close_dt1684','bhf_close243',7,'LH001','헤라글로우틴트','LH0011','422호스피치리스');
Insert into BHF_CLOSING_DETAIL (CLOSING_DETAIL_CODE,CLOSING_CODE,BNF_SLE_QY,GOODS_CODE,GOODS_NAME,OPTION_CODE,OPTION_NAME) values ('bhf_close_dt1685','bhf_close243',78,'BSIS167','립밤','BSIS167411','단건');
Insert into BHF_CLOSING_DETAIL (CLOSING_DETAIL_CODE,CLOSING_CODE,BNF_SLE_QY,GOODS_CODE,GOODS_NAME,OPTION_CODE,OPTION_NAME) values ('bhf_close_dt1686','bhf_close243',63,'BSIS165','향수','BSIS165408','플로럴');
Insert into BHF_CLOSING_DETAIL (CLOSING_DETAIL_CODE,CLOSING_CODE,BNF_SLE_QY,GOODS_CODE,GOODS_NAME,OPTION_CODE,OPTION_NAME) values ('bhf_close_dt1687','bhf_close243',97,'BFIS166','향수','BFIS166410','단건');
Insert into BHF_CLOSING_DETAIL (CLOSING_DETAIL_CODE,CLOSING_CODE,BNF_SLE_QY,GOODS_CODE,GOODS_NAME,OPTION_CODE,OPTION_NAME) values ('bhf_close_dt1688','bhf_close243',59,'MLIS2','립글로스','MLIS23','1호');
Insert into BHF_CLOSING_DETAIL (CLOSING_DETAIL_CODE,CLOSING_CODE,BNF_SLE_QY,GOODS_CODE,GOODS_NAME,OPTION_CODE,OPTION_NAME) values ('bhf_close_dt1689','bhf_close243',82,'MLIS164','아이라이너','MLIS164407','브라운');
Insert into BHF_CLOSING_DETAIL (CLOSING_DETAIL_CODE,CLOSING_CODE,BNF_SLE_QY,GOODS_CODE,GOODS_NAME,OPTION_CODE,OPTION_NAME) values ('bhf_close_dt1690','bhf_close243',33,'MLHR11','블러글로이립틴트','MLHR1120',' 225 파시오');
Insert into BHF_CLOSING_DETAIL (CLOSING_DETAIL_CODE,CLOSING_CODE,BNF_SLE_QY,GOODS_CODE,GOODS_NAME,OPTION_CODE,OPTION_NAME) values ('bhf_close_dt1691','bhf_close243',21,'MLHR11','블러글로이립틴트','MLHR1118','221 테메트 노스케');
Insert into BHF_CLOSING_DETAIL (CLOSING_DETAIL_CODE,CLOSING_CODE,BNF_SLE_QY,GOODS_CODE,GOODS_NAME,OPTION_CODE,OPTION_NAME) values ('bhf_close_dt1692','bhf_close243',2,'LH001','헤라글로우틴트','LH001324','123호딸기잼');
Insert into BHF_CLOSING_DETAIL (CLOSING_DETAIL_CODE,CLOSING_CODE,BNF_SLE_QY,GOODS_CODE,GOODS_NAME,OPTION_CODE,OPTION_NAME) values ('bhf_close_dt1693','bhf_close243',96,'LH001','헤라글로우틴트','LH001321','111호사과잼');
Insert into BHF_CLOSING_DETAIL (CLOSING_DETAIL_CODE,CLOSING_CODE,BNF_SLE_QY,GOODS_CODE,GOODS_NAME,OPTION_CODE,OPTION_NAME) values ('bhf_close_dt1694','bhf_close243',10,'LH001','헤라글로우틴트','LH0012','308호체리쉬');
Insert into BHF_CLOSING_DETAIL (CLOSING_DETAIL_CODE,CLOSING_CODE,BNF_SLE_QY,GOODS_CODE,GOODS_NAME,OPTION_CODE,OPTION_NAME) values ('bhf_close_dt1695','bhf_close243',96,'BSIS165','향수','BSIS165409','우디');
Insert into BHF_CLOSING_DETAIL (CLOSING_DETAIL_CODE,CLOSING_CODE,BNF_SLE_QY,GOODS_CODE,GOODS_NAME,OPTION_CODE,OPTION_NAME) values ('bhf_close_dt1696','bhf_close243',20,'BSIS10',' 히알루론산 세럼 ','BSIS1017','단건');
Insert into BHF_CLOSING_DETAIL (CLOSING_DETAIL_CODE,CLOSING_CODE,BNF_SLE_QY,GOODS_CODE,GOODS_NAME,OPTION_CODE,OPTION_NAME) values ('bhf_close_dt1697','bhf_close243',64,'BFHR32','프로아이팔레트','BFHR3265','03 핑크페어링');
Insert into BHF_CLOSING_DETAIL (CLOSING_DETAIL_CODE,CLOSING_CODE,BNF_SLE_QY,GOODS_CODE,GOODS_NAME,OPTION_CODE,OPTION_NAME) values ('bhf_close_dt1698','bhf_close243',96,'BFHR32','프로아이팔레트','BFHR3264','02 로즈커넥트');
Insert into BHF_CLOSING_DETAIL (CLOSING_DETAIL_CODE,CLOSING_CODE,BNF_SLE_QY,GOODS_CODE,GOODS_NAME,OPTION_CODE,OPTION_NAME) values ('bhf_close_dt1699','bhf_close243',49,'BFHR32','프로아이팔레트','BFHR3263','01 로즈다이어리');
Insert into BHF_CLOSING_DETAIL (CLOSING_DETAIL_CODE,CLOSING_CODE,BNF_SLE_QY,GOODS_CODE,GOODS_NAME,OPTION_CODE,OPTION_NAME) values ('bhf_close_dt1700','bhf_close244',28,'MLIS2','립글로스','MLIS24','2호');
Insert into BHF_CLOSING_DETAIL (CLOSING_DETAIL_CODE,CLOSING_CODE,BNF_SLE_QY,GOODS_CODE,GOODS_NAME,OPTION_CODE,OPTION_NAME) values ('bhf_close_dt1702','bhf_close244',21,'MLIS164','아이라이너','MLIS164406','블랙');
Insert into BHF_CLOSING_DETAIL (CLOSING_DETAIL_CODE,CLOSING_CODE,BNF_SLE_QY,GOODS_CODE,GOODS_NAME,OPTION_CODE,OPTION_NAME) values ('bhf_close_dt1703','bhf_close244',12,'MLHR11','블러글로이립틴트','MLHR1119',' 222 피아트 룩스');
Insert into BHF_CLOSING_DETAIL (CLOSING_DETAIL_CODE,CLOSING_CODE,BNF_SLE_QY,GOODS_CODE,GOODS_NAME,OPTION_CODE,OPTION_NAME) values ('bhf_close_dt1704','bhf_close244',83,'LH001','헤라글로우틴트','LH0011','422호스피치리스');
Insert into BHF_CLOSING_DETAIL (CLOSING_DETAIL_CODE,CLOSING_CODE,BNF_SLE_QY,GOODS_CODE,GOODS_NAME,OPTION_CODE,OPTION_NAME) values ('bhf_close_dt1705','bhf_close244',31,'BSIS167','립밤','BSIS167411','단건');
Insert into BHF_CLOSING_DETAIL (CLOSING_DETAIL_CODE,CLOSING_CODE,BNF_SLE_QY,GOODS_CODE,GOODS_NAME,OPTION_CODE,OPTION_NAME) values ('bhf_close_dt1706','bhf_close244',19,'BSIS165','향수','BSIS165408','플로럴');
Insert into BHF_CLOSING_DETAIL (CLOSING_DETAIL_CODE,CLOSING_CODE,BNF_SLE_QY,GOODS_CODE,GOODS_NAME,OPTION_CODE,OPTION_NAME) values ('bhf_close_dt1707','bhf_close244',19,'BFIS166','향수','BFIS166410','단건');
Insert into BHF_CLOSING_DETAIL (CLOSING_DETAIL_CODE,CLOSING_CODE,BNF_SLE_QY,GOODS_CODE,GOODS_NAME,OPTION_CODE,OPTION_NAME) values ('bhf_close_dt1708','bhf_close244',13,'MLIS2','립글로스','MLIS23','1호');
Insert into BHF_CLOSING_DETAIL (CLOSING_DETAIL_CODE,CLOSING_CODE,BNF_SLE_QY,GOODS_CODE,GOODS_NAME,OPTION_CODE,OPTION_NAME) values ('bhf_close_dt1709','bhf_close244',11,'MLIS164','아이라이너','MLIS164407','브라운');
Insert into BHF_CLOSING_DETAIL (CLOSING_DETAIL_CODE,CLOSING_CODE,BNF_SLE_QY,GOODS_CODE,GOODS_NAME,OPTION_CODE,OPTION_NAME) values ('bhf_close_dt1710','bhf_close244',53,'MLHR11','블러글로이립틴트','MLHR1120',' 225 파시오');
Insert into BHF_CLOSING_DETAIL (CLOSING_DETAIL_CODE,CLOSING_CODE,BNF_SLE_QY,GOODS_CODE,GOODS_NAME,OPTION_CODE,OPTION_NAME) values ('bhf_close_dt1711','bhf_close244',34,'MLHR11','블러글로이립틴트','MLHR1118','221 테메트 노스케');
Insert into BHF_CLOSING_DETAIL (CLOSING_DETAIL_CODE,CLOSING_CODE,BNF_SLE_QY,GOODS_CODE,GOODS_NAME,OPTION_CODE,OPTION_NAME) values ('bhf_close_dt1712','bhf_close244',46,'LH001','헤라글로우틴트','LH001324','123호딸기잼');
Insert into BHF_CLOSING_DETAIL (CLOSING_DETAIL_CODE,CLOSING_CODE,BNF_SLE_QY,GOODS_CODE,GOODS_NAME,OPTION_CODE,OPTION_NAME) values ('bhf_close_dt1713','bhf_close244',18,'LH001','헤라글로우틴트','LH001321','111호사과잼');
Insert into BHF_CLOSING_DETAIL (CLOSING_DETAIL_CODE,CLOSING_CODE,BNF_SLE_QY,GOODS_CODE,GOODS_NAME,OPTION_CODE,OPTION_NAME) values ('bhf_close_dt1714','bhf_close244',71,'LH001','헤라글로우틴트','LH0012','308호체리쉬');
Insert into BHF_CLOSING_DETAIL (CLOSING_DETAIL_CODE,CLOSING_CODE,BNF_SLE_QY,GOODS_CODE,GOODS_NAME,OPTION_CODE,OPTION_NAME) values ('bhf_close_dt1715','bhf_close244',1,'BSIS165','향수','BSIS165409','우디');
Insert into BHF_CLOSING_DETAIL (CLOSING_DETAIL_CODE,CLOSING_CODE,BNF_SLE_QY,GOODS_CODE,GOODS_NAME,OPTION_CODE,OPTION_NAME) values ('bhf_close_dt1716','bhf_close244',63,'BSIS10',' 히알루론산 세럼 ','BSIS1017','단건');
Insert into BHF_CLOSING_DETAIL (CLOSING_DETAIL_CODE,CLOSING_CODE,BNF_SLE_QY,GOODS_CODE,GOODS_NAME,OPTION_CODE,OPTION_NAME) values ('bhf_close_dt1717','bhf_close244',86,'BFHR32','프로아이팔레트','BFHR3265','03 핑크페어링');
Insert into BHF_CLOSING_DETAIL (CLOSING_DETAIL_CODE,CLOSING_CODE,BNF_SLE_QY,GOODS_CODE,GOODS_NAME,OPTION_CODE,OPTION_NAME) values ('bhf_close_dt1718','bhf_close244',15,'BFHR32','프로아이팔레트','BFHR3264','02 로즈커넥트');
Insert into BHF_CLOSING_DETAIL (CLOSING_DETAIL_CODE,CLOSING_CODE,BNF_SLE_QY,GOODS_CODE,GOODS_NAME,OPTION_CODE,OPTION_NAME) values ('bhf_close_dt1719','bhf_close244',7,'BFHR32','프로아이팔레트','BFHR3263','01 로즈다이어리');
Insert into BHF_CLOSING_DETAIL (CLOSING_DETAIL_CODE,CLOSING_CODE,BNF_SLE_QY,GOODS_CODE,GOODS_NAME,OPTION_CODE,OPTION_NAME) values ('bhf_close_dt1720','bhf_close245',64,'MLIS2','립글로스','MLIS24','2호');
Insert into BHF_CLOSING_DETAIL (CLOSING_DETAIL_CODE,CLOSING_CODE,BNF_SLE_QY,GOODS_CODE,GOODS_NAME,OPTION_CODE,OPTION_NAME) values ('bhf_close_dt1722','bhf_close245',31,'MLIS164','아이라이너','MLIS164406','블랙');
Insert into BHF_CLOSING_DETAIL (CLOSING_DETAIL_CODE,CLOSING_CODE,BNF_SLE_QY,GOODS_CODE,GOODS_NAME,OPTION_CODE,OPTION_NAME) values ('bhf_close_dt1723','bhf_close245',25,'MLHR11','블러글로이립틴트','MLHR1119',' 222 피아트 룩스');
Insert into BHF_CLOSING_DETAIL (CLOSING_DETAIL_CODE,CLOSING_CODE,BNF_SLE_QY,GOODS_CODE,GOODS_NAME,OPTION_CODE,OPTION_NAME) values ('bhf_close_dt1724','bhf_close245',36,'LH001','헤라글로우틴트','LH0011','422호스피치리스');
Insert into BHF_CLOSING_DETAIL (CLOSING_DETAIL_CODE,CLOSING_CODE,BNF_SLE_QY,GOODS_CODE,GOODS_NAME,OPTION_CODE,OPTION_NAME) values ('bhf_close_dt1725','bhf_close245',1,'BSIS167','립밤','BSIS167411','단건');
Insert into BHF_CLOSING_DETAIL (CLOSING_DETAIL_CODE,CLOSING_CODE,BNF_SLE_QY,GOODS_CODE,GOODS_NAME,OPTION_CODE,OPTION_NAME) values ('bhf_close_dt1726','bhf_close245',86,'BSIS165','향수','BSIS165408','플로럴');
Insert into BHF_CLOSING_DETAIL (CLOSING_DETAIL_CODE,CLOSING_CODE,BNF_SLE_QY,GOODS_CODE,GOODS_NAME,OPTION_CODE,OPTION_NAME) values ('bhf_close_dt1727','bhf_close245',2,'BFIS166','향수','BFIS166410','단건');
Insert into BHF_CLOSING_DETAIL (CLOSING_DETAIL_CODE,CLOSING_CODE,BNF_SLE_QY,GOODS_CODE,GOODS_NAME,OPTION_CODE,OPTION_NAME) values ('bhf_close_dt1728','bhf_close245',40,'MLIS2','립글로스','MLIS23','1호');
Insert into BHF_CLOSING_DETAIL (CLOSING_DETAIL_CODE,CLOSING_CODE,BNF_SLE_QY,GOODS_CODE,GOODS_NAME,OPTION_CODE,OPTION_NAME) values ('bhf_close_dt1729','bhf_close245',28,'MLIS164','아이라이너','MLIS164407','브라운');
Insert into BHF_CLOSING_DETAIL (CLOSING_DETAIL_CODE,CLOSING_CODE,BNF_SLE_QY,GOODS_CODE,GOODS_NAME,OPTION_CODE,OPTION_NAME) values ('bhf_close_dt1730','bhf_close245',11,'MLHR11','블러글로이립틴트','MLHR1120',' 225 파시오');
Insert into BHF_CLOSING_DETAIL (CLOSING_DETAIL_CODE,CLOSING_CODE,BNF_SLE_QY,GOODS_CODE,GOODS_NAME,OPTION_CODE,OPTION_NAME) values ('bhf_close_dt1731','bhf_close245',39,'MLHR11','블러글로이립틴트','MLHR1118','221 테메트 노스케');
Insert into BHF_CLOSING_DETAIL (CLOSING_DETAIL_CODE,CLOSING_CODE,BNF_SLE_QY,GOODS_CODE,GOODS_NAME,OPTION_CODE,OPTION_NAME) values ('bhf_close_dt1732','bhf_close245',44,'LH001','헤라글로우틴트','LH001324','123호딸기잼');
Insert into BHF_CLOSING_DETAIL (CLOSING_DETAIL_CODE,CLOSING_CODE,BNF_SLE_QY,GOODS_CODE,GOODS_NAME,OPTION_CODE,OPTION_NAME) values ('bhf_close_dt1733','bhf_close245',81,'LH001','헤라글로우틴트','LH001321','111호사과잼');
Insert into BHF_CLOSING_DETAIL (CLOSING_DETAIL_CODE,CLOSING_CODE,BNF_SLE_QY,GOODS_CODE,GOODS_NAME,OPTION_CODE,OPTION_NAME) values ('bhf_close_dt1734','bhf_close245',11,'LH001','헤라글로우틴트','LH0012','308호체리쉬');
Insert into BHF_CLOSING_DETAIL (CLOSING_DETAIL_CODE,CLOSING_CODE,BNF_SLE_QY,GOODS_CODE,GOODS_NAME,OPTION_CODE,OPTION_NAME) values ('bhf_close_dt1735','bhf_close245',62,'BSIS165','향수','BSIS165409','우디');
Insert into BHF_CLOSING_DETAIL (CLOSING_DETAIL_CODE,CLOSING_CODE,BNF_SLE_QY,GOODS_CODE,GOODS_NAME,OPTION_CODE,OPTION_NAME) values ('bhf_close_dt1736','bhf_close245',20,'BSIS10',' 히알루론산 세럼 ','BSIS1017','단건');
Insert into BHF_CLOSING_DETAIL (CLOSING_DETAIL_CODE,CLOSING_CODE,BNF_SLE_QY,GOODS_CODE,GOODS_NAME,OPTION_CODE,OPTION_NAME) values ('bhf_close_dt1737','bhf_close245',76,'BFHR32','프로아이팔레트','BFHR3265','03 핑크페어링');
Insert into BHF_CLOSING_DETAIL (CLOSING_DETAIL_CODE,CLOSING_CODE,BNF_SLE_QY,GOODS_CODE,GOODS_NAME,OPTION_CODE,OPTION_NAME) values ('bhf_close_dt1738','bhf_close245',9,'BFHR32','프로아이팔레트','BFHR3264','02 로즈커넥트');
Insert into BHF_CLOSING_DETAIL (CLOSING_DETAIL_CODE,CLOSING_CODE,BNF_SLE_QY,GOODS_CODE,GOODS_NAME,OPTION_CODE,OPTION_NAME) values ('bhf_close_dt1739','bhf_close245',81,'BFHR32','프로아이팔레트','BFHR3263','01 로즈다이어리');
Insert into BHF_CLOSING_DETAIL (CLOSING_DETAIL_CODE,CLOSING_CODE,BNF_SLE_QY,GOODS_CODE,GOODS_NAME,OPTION_CODE,OPTION_NAME) values ('bhf_close_dt1740','bhf_close246',75,'MLIS2','립글로스','MLIS24','2호');
Insert into BHF_CLOSING_DETAIL (CLOSING_DETAIL_CODE,CLOSING_CODE,BNF_SLE_QY,GOODS_CODE,GOODS_NAME,OPTION_CODE,OPTION_NAME) values ('bhf_close_dt1742','bhf_close246',31,'MLIS164','아이라이너','MLIS164406','블랙');
Insert into BHF_CLOSING_DETAIL (CLOSING_DETAIL_CODE,CLOSING_CODE,BNF_SLE_QY,GOODS_CODE,GOODS_NAME,OPTION_CODE,OPTION_NAME) values ('bhf_close_dt1743','bhf_close246',73,'MLHR11','블러글로이립틴트','MLHR1119',' 222 피아트 룩스');
Insert into BHF_CLOSING_DETAIL (CLOSING_DETAIL_CODE,CLOSING_CODE,BNF_SLE_QY,GOODS_CODE,GOODS_NAME,OPTION_CODE,OPTION_NAME) values ('bhf_close_dt1744','bhf_close246',41,'LH001','헤라글로우틴트','LH0011','422호스피치리스');
Insert into BHF_CLOSING_DETAIL (CLOSING_DETAIL_CODE,CLOSING_CODE,BNF_SLE_QY,GOODS_CODE,GOODS_NAME,OPTION_CODE,OPTION_NAME) values ('bhf_close_dt1745','bhf_close246',97,'BSIS167','립밤','BSIS167411','단건');
Insert into BHF_CLOSING_DETAIL (CLOSING_DETAIL_CODE,CLOSING_CODE,BNF_SLE_QY,GOODS_CODE,GOODS_NAME,OPTION_CODE,OPTION_NAME) values ('bhf_close_dt1746','bhf_close246',7,'BSIS165','향수','BSIS165408','플로럴');
Insert into BHF_CLOSING_DETAIL (CLOSING_DETAIL_CODE,CLOSING_CODE,BNF_SLE_QY,GOODS_CODE,GOODS_NAME,OPTION_CODE,OPTION_NAME) values ('bhf_close_dt1747','bhf_close246',5,'BFIS166','향수','BFIS166410','단건');
Insert into BHF_CLOSING_DETAIL (CLOSING_DETAIL_CODE,CLOSING_CODE,BNF_SLE_QY,GOODS_CODE,GOODS_NAME,OPTION_CODE,OPTION_NAME) values ('bhf_close_dt1748','bhf_close246',37,'MLIS2','립글로스','MLIS23','1호');
Insert into BHF_CLOSING_DETAIL (CLOSING_DETAIL_CODE,CLOSING_CODE,BNF_SLE_QY,GOODS_CODE,GOODS_NAME,OPTION_CODE,OPTION_NAME) values ('bhf_close_dt1749','bhf_close246',53,'MLIS164','아이라이너','MLIS164407','브라운');
Insert into BHF_CLOSING_DETAIL (CLOSING_DETAIL_CODE,CLOSING_CODE,BNF_SLE_QY,GOODS_CODE,GOODS_NAME,OPTION_CODE,OPTION_NAME) values ('bhf_close_dt1750','bhf_close246',48,'MLHR11','블러글로이립틴트','MLHR1120',' 225 파시오');
Insert into BHF_CLOSING_DETAIL (CLOSING_DETAIL_CODE,CLOSING_CODE,BNF_SLE_QY,GOODS_CODE,GOODS_NAME,OPTION_CODE,OPTION_NAME) values ('bhf_close_dt1751','bhf_close246',48,'MLHR11','블러글로이립틴트','MLHR1118','221 테메트 노스케');
Insert into BHF_CLOSING_DETAIL (CLOSING_DETAIL_CODE,CLOSING_CODE,BNF_SLE_QY,GOODS_CODE,GOODS_NAME,OPTION_CODE,OPTION_NAME) values ('bhf_close_dt1752','bhf_close246',24,'LH001','헤라글로우틴트','LH001324','123호딸기잼');
Insert into BHF_CLOSING_DETAIL (CLOSING_DETAIL_CODE,CLOSING_CODE,BNF_SLE_QY,GOODS_CODE,GOODS_NAME,OPTION_CODE,OPTION_NAME) values ('bhf_close_dt1753','bhf_close246',36,'LH001','헤라글로우틴트','LH001321','111호사과잼');
Insert into BHF_CLOSING_DETAIL (CLOSING_DETAIL_CODE,CLOSING_CODE,BNF_SLE_QY,GOODS_CODE,GOODS_NAME,OPTION_CODE,OPTION_NAME) values ('bhf_close_dt1754','bhf_close246',56,'LH001','헤라글로우틴트','LH0012','308호체리쉬');
Insert into BHF_CLOSING_DETAIL (CLOSING_DETAIL_CODE,CLOSING_CODE,BNF_SLE_QY,GOODS_CODE,GOODS_NAME,OPTION_CODE,OPTION_NAME) values ('bhf_close_dt1755','bhf_close246',44,'BSIS165','향수','BSIS165409','우디');
Insert into BHF_CLOSING_DETAIL (CLOSING_DETAIL_CODE,CLOSING_CODE,BNF_SLE_QY,GOODS_CODE,GOODS_NAME,OPTION_CODE,OPTION_NAME) values ('bhf_close_dt1756','bhf_close246',85,'BSIS10',' 히알루론산 세럼 ','BSIS1017','단건');
Insert into BHF_CLOSING_DETAIL (CLOSING_DETAIL_CODE,CLOSING_CODE,BNF_SLE_QY,GOODS_CODE,GOODS_NAME,OPTION_CODE,OPTION_NAME) values ('bhf_close_dt1757','bhf_close246',3,'BFHR32','프로아이팔레트','BFHR3265','03 핑크페어링');
Insert into BHF_CLOSING_DETAIL (CLOSING_DETAIL_CODE,CLOSING_CODE,BNF_SLE_QY,GOODS_CODE,GOODS_NAME,OPTION_CODE,OPTION_NAME) values ('bhf_close_dt1758','bhf_close246',52,'BFHR32','프로아이팔레트','BFHR3264','02 로즈커넥트');
Insert into BHF_CLOSING_DETAIL (CLOSING_DETAIL_CODE,CLOSING_CODE,BNF_SLE_QY,GOODS_CODE,GOODS_NAME,OPTION_CODE,OPTION_NAME) values ('bhf_close_dt1759','bhf_close246',97,'BFHR32','프로아이팔레트','BFHR3263','01 로즈다이어리');
Insert into BHF_CLOSING_DETAIL (CLOSING_DETAIL_CODE,CLOSING_CODE,BNF_SLE_QY,GOODS_CODE,GOODS_NAME,OPTION_CODE,OPTION_NAME) values ('bhf_close_dt1760','bhf_close247',28,'MLIS2','립글로스','MLIS24','2호');
Insert into BHF_CLOSING_DETAIL (CLOSING_DETAIL_CODE,CLOSING_CODE,BNF_SLE_QY,GOODS_CODE,GOODS_NAME,OPTION_CODE,OPTION_NAME) values ('bhf_close_dt1762','bhf_close247',40,'MLIS164','아이라이너','MLIS164406','블랙');
Insert into BHF_CLOSING_DETAIL (CLOSING_DETAIL_CODE,CLOSING_CODE,BNF_SLE_QY,GOODS_CODE,GOODS_NAME,OPTION_CODE,OPTION_NAME) values ('bhf_close_dt1763','bhf_close247',79,'MLHR11','블러글로이립틴트','MLHR1119',' 222 피아트 룩스');
Insert into BHF_CLOSING_DETAIL (CLOSING_DETAIL_CODE,CLOSING_CODE,BNF_SLE_QY,GOODS_CODE,GOODS_NAME,OPTION_CODE,OPTION_NAME) values ('bhf_close_dt1764','bhf_close247',26,'LH001','헤라글로우틴트','LH0011','422호스피치리스');
Insert into BHF_CLOSING_DETAIL (CLOSING_DETAIL_CODE,CLOSING_CODE,BNF_SLE_QY,GOODS_CODE,GOODS_NAME,OPTION_CODE,OPTION_NAME) values ('bhf_close_dt1765','bhf_close247',81,'BSIS167','립밤','BSIS167411','단건');
Insert into BHF_CLOSING_DETAIL (CLOSING_DETAIL_CODE,CLOSING_CODE,BNF_SLE_QY,GOODS_CODE,GOODS_NAME,OPTION_CODE,OPTION_NAME) values ('bhf_close_dt1766','bhf_close247',89,'BSIS165','향수','BSIS165408','플로럴');
Insert into BHF_CLOSING_DETAIL (CLOSING_DETAIL_CODE,CLOSING_CODE,BNF_SLE_QY,GOODS_CODE,GOODS_NAME,OPTION_CODE,OPTION_NAME) values ('bhf_close_dt1767','bhf_close247',23,'BFIS166','향수','BFIS166410','단건');
Insert into BHF_CLOSING_DETAIL (CLOSING_DETAIL_CODE,CLOSING_CODE,BNF_SLE_QY,GOODS_CODE,GOODS_NAME,OPTION_CODE,OPTION_NAME) values ('bhf_close_dt1768','bhf_close247',99,'MLIS2','립글로스','MLIS23','1호');
Insert into BHF_CLOSING_DETAIL (CLOSING_DETAIL_CODE,CLOSING_CODE,BNF_SLE_QY,GOODS_CODE,GOODS_NAME,OPTION_CODE,OPTION_NAME) values ('bhf_close_dt1769','bhf_close247',68,'MLIS164','아이라이너','MLIS164407','브라운');
Insert into BHF_CLOSING_DETAIL (CLOSING_DETAIL_CODE,CLOSING_CODE,BNF_SLE_QY,GOODS_CODE,GOODS_NAME,OPTION_CODE,OPTION_NAME) values ('bhf_close_dt1770','bhf_close247',84,'MLHR11','블러글로이립틴트','MLHR1120',' 225 파시오');
Insert into BHF_CLOSING_DETAIL (CLOSING_DETAIL_CODE,CLOSING_CODE,BNF_SLE_QY,GOODS_CODE,GOODS_NAME,OPTION_CODE,OPTION_NAME) values ('bhf_close_dt1771','bhf_close247',3,'MLHR11','블러글로이립틴트','MLHR1118','221 테메트 노스케');
Insert into BHF_CLOSING_DETAIL (CLOSING_DETAIL_CODE,CLOSING_CODE,BNF_SLE_QY,GOODS_CODE,GOODS_NAME,OPTION_CODE,OPTION_NAME) values ('bhf_close_dt1772','bhf_close247',54,'LH001','헤라글로우틴트','LH001324','123호딸기잼');
Insert into BHF_CLOSING_DETAIL (CLOSING_DETAIL_CODE,CLOSING_CODE,BNF_SLE_QY,GOODS_CODE,GOODS_NAME,OPTION_CODE,OPTION_NAME) values ('bhf_close_dt1773','bhf_close247',19,'LH001','헤라글로우틴트','LH001321','111호사과잼');
Insert into BHF_CLOSING_DETAIL (CLOSING_DETAIL_CODE,CLOSING_CODE,BNF_SLE_QY,GOODS_CODE,GOODS_NAME,OPTION_CODE,OPTION_NAME) values ('bhf_close_dt1774','bhf_close247',61,'LH001','헤라글로우틴트','LH0012','308호체리쉬');
Insert into BHF_CLOSING_DETAIL (CLOSING_DETAIL_CODE,CLOSING_CODE,BNF_SLE_QY,GOODS_CODE,GOODS_NAME,OPTION_CODE,OPTION_NAME) values ('bhf_close_dt1775','bhf_close247',42,'BSIS165','향수','BSIS165409','우디');
Insert into BHF_CLOSING_DETAIL (CLOSING_DETAIL_CODE,CLOSING_CODE,BNF_SLE_QY,GOODS_CODE,GOODS_NAME,OPTION_CODE,OPTION_NAME) values ('bhf_close_dt1776','bhf_close247',72,'BSIS10',' 히알루론산 세럼 ','BSIS1017','단건');
Insert into BHF_CLOSING_DETAIL (CLOSING_DETAIL_CODE,CLOSING_CODE,BNF_SLE_QY,GOODS_CODE,GOODS_NAME,OPTION_CODE,OPTION_NAME) values ('bhf_close_dt1777','bhf_close247',46,'BFHR32','프로아이팔레트','BFHR3265','03 핑크페어링');
Insert into BHF_CLOSING_DETAIL (CLOSING_DETAIL_CODE,CLOSING_CODE,BNF_SLE_QY,GOODS_CODE,GOODS_NAME,OPTION_CODE,OPTION_NAME) values ('bhf_close_dt1778','bhf_close247',48,'BFHR32','프로아이팔레트','BFHR3264','02 로즈커넥트');
Insert into BHF_CLOSING_DETAIL (CLOSING_DETAIL_CODE,CLOSING_CODE,BNF_SLE_QY,GOODS_CODE,GOODS_NAME,OPTION_CODE,OPTION_NAME) values ('bhf_close_dt1779','bhf_close247',78,'BFHR32','프로아이팔레트','BFHR3263','01 로즈다이어리');
Insert into BHF_CLOSING_DETAIL (CLOSING_DETAIL_CODE,CLOSING_CODE,BNF_SLE_QY,GOODS_CODE,GOODS_NAME,OPTION_CODE,OPTION_NAME) values ('bhf_close_dt1780','bhf_close248',89,'MLIS2','립글로스','MLIS24','2호');
Insert into BHF_CLOSING_DETAIL (CLOSING_DETAIL_CODE,CLOSING_CODE,BNF_SLE_QY,GOODS_CODE,GOODS_NAME,OPTION_CODE,OPTION_NAME) values ('bhf_close_dt1782','bhf_close248',24,'MLIS164','아이라이너','MLIS164406','블랙');
Insert into BHF_CLOSING_DETAIL (CLOSING_DETAIL_CODE,CLOSING_CODE,BNF_SLE_QY,GOODS_CODE,GOODS_NAME,OPTION_CODE,OPTION_NAME) values ('bhf_close_dt1783','bhf_close248',95,'MLHR11','블러글로이립틴트','MLHR1119',' 222 피아트 룩스');
Insert into BHF_CLOSING_DETAIL (CLOSING_DETAIL_CODE,CLOSING_CODE,BNF_SLE_QY,GOODS_CODE,GOODS_NAME,OPTION_CODE,OPTION_NAME) values ('bhf_close_dt1784','bhf_close248',77,'LH001','헤라글로우틴트','LH0011','422호스피치리스');
Insert into BHF_CLOSING_DETAIL (CLOSING_DETAIL_CODE,CLOSING_CODE,BNF_SLE_QY,GOODS_CODE,GOODS_NAME,OPTION_CODE,OPTION_NAME) values ('bhf_close_dt1785','bhf_close248',46,'BSIS167','립밤','BSIS167411','단건');
Insert into BHF_CLOSING_DETAIL (CLOSING_DETAIL_CODE,CLOSING_CODE,BNF_SLE_QY,GOODS_CODE,GOODS_NAME,OPTION_CODE,OPTION_NAME) values ('bhf_close_dt1786','bhf_close248',98,'BSIS165','향수','BSIS165408','플로럴');
Insert into BHF_CLOSING_DETAIL (CLOSING_DETAIL_CODE,CLOSING_CODE,BNF_SLE_QY,GOODS_CODE,GOODS_NAME,OPTION_CODE,OPTION_NAME) values ('bhf_close_dt1787','bhf_close248',25,'BFIS166','향수','BFIS166410','단건');
Insert into BHF_CLOSING_DETAIL (CLOSING_DETAIL_CODE,CLOSING_CODE,BNF_SLE_QY,GOODS_CODE,GOODS_NAME,OPTION_CODE,OPTION_NAME) values ('bhf_close_dt1788','bhf_close248',99,'MLIS2','립글로스','MLIS23','1호');
Insert into BHF_CLOSING_DETAIL (CLOSING_DETAIL_CODE,CLOSING_CODE,BNF_SLE_QY,GOODS_CODE,GOODS_NAME,OPTION_CODE,OPTION_NAME) values ('bhf_close_dt1789','bhf_close248',25,'MLIS164','아이라이너','MLIS164407','브라운');
Insert into BHF_CLOSING_DETAIL (CLOSING_DETAIL_CODE,CLOSING_CODE,BNF_SLE_QY,GOODS_CODE,GOODS_NAME,OPTION_CODE,OPTION_NAME) values ('bhf_close_dt1790','bhf_close248',16,'MLHR11','블러글로이립틴트','MLHR1120',' 225 파시오');
Insert into BHF_CLOSING_DETAIL (CLOSING_DETAIL_CODE,CLOSING_CODE,BNF_SLE_QY,GOODS_CODE,GOODS_NAME,OPTION_CODE,OPTION_NAME) values ('bhf_close_dt1791','bhf_close248',81,'MLHR11','블러글로이립틴트','MLHR1118','221 테메트 노스케');
Insert into BHF_CLOSING_DETAIL (CLOSING_DETAIL_CODE,CLOSING_CODE,BNF_SLE_QY,GOODS_CODE,GOODS_NAME,OPTION_CODE,OPTION_NAME) values ('bhf_close_dt1792','bhf_close248',58,'LH001','헤라글로우틴트','LH001324','123호딸기잼');
Insert into BHF_CLOSING_DETAIL (CLOSING_DETAIL_CODE,CLOSING_CODE,BNF_SLE_QY,GOODS_CODE,GOODS_NAME,OPTION_CODE,OPTION_NAME) values ('bhf_close_dt1793','bhf_close248',42,'LH001','헤라글로우틴트','LH001321','111호사과잼');
Insert into BHF_CLOSING_DETAIL (CLOSING_DETAIL_CODE,CLOSING_CODE,BNF_SLE_QY,GOODS_CODE,GOODS_NAME,OPTION_CODE,OPTION_NAME) values ('bhf_close_dt1794','bhf_close248',27,'LH001','헤라글로우틴트','LH0012','308호체리쉬');
Insert into BHF_CLOSING_DETAIL (CLOSING_DETAIL_CODE,CLOSING_CODE,BNF_SLE_QY,GOODS_CODE,GOODS_NAME,OPTION_CODE,OPTION_NAME) values ('bhf_close_dt1795','bhf_close248',57,'BSIS165','향수','BSIS165409','우디');
Insert into BHF_CLOSING_DETAIL (CLOSING_DETAIL_CODE,CLOSING_CODE,BNF_SLE_QY,GOODS_CODE,GOODS_NAME,OPTION_CODE,OPTION_NAME) values ('bhf_close_dt1796','bhf_close248',45,'BSIS10',' 히알루론산 세럼 ','BSIS1017','단건');
Insert into BHF_CLOSING_DETAIL (CLOSING_DETAIL_CODE,CLOSING_CODE,BNF_SLE_QY,GOODS_CODE,GOODS_NAME,OPTION_CODE,OPTION_NAME) values ('bhf_close_dt1797','bhf_close248',38,'BFHR32','프로아이팔레트','BFHR3265','03 핑크페어링');
Insert into BHF_CLOSING_DETAIL (CLOSING_DETAIL_CODE,CLOSING_CODE,BNF_SLE_QY,GOODS_CODE,GOODS_NAME,OPTION_CODE,OPTION_NAME) values ('bhf_close_dt1798','bhf_close248',54,'BFHR32','프로아이팔레트','BFHR3264','02 로즈커넥트');
Insert into BHF_CLOSING_DETAIL (CLOSING_DETAIL_CODE,CLOSING_CODE,BNF_SLE_QY,GOODS_CODE,GOODS_NAME,OPTION_CODE,OPTION_NAME) values ('bhf_close_dt1799','bhf_close248',73,'BFHR32','프로아이팔레트','BFHR3263','01 로즈다이어리');
Insert into BHF_CLOSING_DETAIL (CLOSING_DETAIL_CODE,CLOSING_CODE,BNF_SLE_QY,GOODS_CODE,GOODS_NAME,OPTION_CODE,OPTION_NAME) values ('bhf_close_dt1800','bhf_close249',74,'MLIS2','립글로스','MLIS24','2호');
Insert into BHF_CLOSING_DETAIL (CLOSING_DETAIL_CODE,CLOSING_CODE,BNF_SLE_QY,GOODS_CODE,GOODS_NAME,OPTION_CODE,OPTION_NAME) values ('bhf_close_dt1802','bhf_close249',16,'MLIS164','아이라이너','MLIS164406','블랙');
Insert into BHF_CLOSING_DETAIL (CLOSING_DETAIL_CODE,CLOSING_CODE,BNF_SLE_QY,GOODS_CODE,GOODS_NAME,OPTION_CODE,OPTION_NAME) values ('bhf_close_dt1803','bhf_close249',4,'MLHR11','블러글로이립틴트','MLHR1119',' 222 피아트 룩스');
Insert into BHF_CLOSING_DETAIL (CLOSING_DETAIL_CODE,CLOSING_CODE,BNF_SLE_QY,GOODS_CODE,GOODS_NAME,OPTION_CODE,OPTION_NAME) values ('bhf_close_dt1804','bhf_close249',51,'LH001','헤라글로우틴트','LH0011','422호스피치리스');
Insert into BHF_CLOSING_DETAIL (CLOSING_DETAIL_CODE,CLOSING_CODE,BNF_SLE_QY,GOODS_CODE,GOODS_NAME,OPTION_CODE,OPTION_NAME) values ('bhf_close_dt1805','bhf_close249',82,'BSIS167','립밤','BSIS167411','단건');
Insert into BHF_CLOSING_DETAIL (CLOSING_DETAIL_CODE,CLOSING_CODE,BNF_SLE_QY,GOODS_CODE,GOODS_NAME,OPTION_CODE,OPTION_NAME) values ('bhf_close_dt1806','bhf_close249',14,'BSIS165','향수','BSIS165408','플로럴');
Insert into BHF_CLOSING_DETAIL (CLOSING_DETAIL_CODE,CLOSING_CODE,BNF_SLE_QY,GOODS_CODE,GOODS_NAME,OPTION_CODE,OPTION_NAME) values ('bhf_close_dt1807','bhf_close249',36,'BFIS166','향수','BFIS166410','단건');
Insert into BHF_CLOSING_DETAIL (CLOSING_DETAIL_CODE,CLOSING_CODE,BNF_SLE_QY,GOODS_CODE,GOODS_NAME,OPTION_CODE,OPTION_NAME) values ('bhf_close_dt1808','bhf_close249',93,'MLIS2','립글로스','MLIS23','1호');
Insert into BHF_CLOSING_DETAIL (CLOSING_DETAIL_CODE,CLOSING_CODE,BNF_SLE_QY,GOODS_CODE,GOODS_NAME,OPTION_CODE,OPTION_NAME) values ('bhf_close_dt1809','bhf_close249',6,'MLIS164','아이라이너','MLIS164407','브라운');
Insert into BHF_CLOSING_DETAIL (CLOSING_DETAIL_CODE,CLOSING_CODE,BNF_SLE_QY,GOODS_CODE,GOODS_NAME,OPTION_CODE,OPTION_NAME) values ('bhf_close_dt1810','bhf_close249',48,'MLHR11','블러글로이립틴트','MLHR1120',' 225 파시오');
Insert into BHF_CLOSING_DETAIL (CLOSING_DETAIL_CODE,CLOSING_CODE,BNF_SLE_QY,GOODS_CODE,GOODS_NAME,OPTION_CODE,OPTION_NAME) values ('bhf_close_dt1811','bhf_close249',15,'MLHR11','블러글로이립틴트','MLHR1118','221 테메트 노스케');
Insert into BHF_CLOSING_DETAIL (CLOSING_DETAIL_CODE,CLOSING_CODE,BNF_SLE_QY,GOODS_CODE,GOODS_NAME,OPTION_CODE,OPTION_NAME) values ('bhf_close_dt1812','bhf_close249',98,'LH001','헤라글로우틴트','LH001324','123호딸기잼');
Insert into BHF_CLOSING_DETAIL (CLOSING_DETAIL_CODE,CLOSING_CODE,BNF_SLE_QY,GOODS_CODE,GOODS_NAME,OPTION_CODE,OPTION_NAME) values ('bhf_close_dt1813','bhf_close249',54,'LH001','헤라글로우틴트','LH001321','111호사과잼');
Insert into BHF_CLOSING_DETAIL (CLOSING_DETAIL_CODE,CLOSING_CODE,BNF_SLE_QY,GOODS_CODE,GOODS_NAME,OPTION_CODE,OPTION_NAME) values ('bhf_close_dt1814','bhf_close249',30,'LH001','헤라글로우틴트','LH0012','308호체리쉬');
Insert into BHF_CLOSING_DETAIL (CLOSING_DETAIL_CODE,CLOSING_CODE,BNF_SLE_QY,GOODS_CODE,GOODS_NAME,OPTION_CODE,OPTION_NAME) values ('bhf_close_dt1815','bhf_close249',75,'BSIS165','향수','BSIS165409','우디');
Insert into BHF_CLOSING_DETAIL (CLOSING_DETAIL_CODE,CLOSING_CODE,BNF_SLE_QY,GOODS_CODE,GOODS_NAME,OPTION_CODE,OPTION_NAME) values ('bhf_close_dt1816','bhf_close249',8,'BSIS10',' 히알루론산 세럼 ','BSIS1017','단건');
Insert into BHF_CLOSING_DETAIL (CLOSING_DETAIL_CODE,CLOSING_CODE,BNF_SLE_QY,GOODS_CODE,GOODS_NAME,OPTION_CODE,OPTION_NAME) values ('bhf_close_dt1817','bhf_close249',74,'BFHR32','프로아이팔레트','BFHR3265','03 핑크페어링');
Insert into BHF_CLOSING_DETAIL (CLOSING_DETAIL_CODE,CLOSING_CODE,BNF_SLE_QY,GOODS_CODE,GOODS_NAME,OPTION_CODE,OPTION_NAME) values ('bhf_close_dt1818','bhf_close249',75,'BFHR32','프로아이팔레트','BFHR3264','02 로즈커넥트');
Insert into BHF_CLOSING_DETAIL (CLOSING_DETAIL_CODE,CLOSING_CODE,BNF_SLE_QY,GOODS_CODE,GOODS_NAME,OPTION_CODE,OPTION_NAME) values ('bhf_close_dt1819','bhf_close249',59,'BFHR32','프로아이팔레트','BFHR3263','01 로즈다이어리');
Insert into BHF_CLOSING_DETAIL (CLOSING_DETAIL_CODE,CLOSING_CODE,BNF_SLE_QY,GOODS_CODE,GOODS_NAME,OPTION_CODE,OPTION_NAME) values ('bhf_close_dt1820','bhf_close250',11,'MLIS2','립글로스','MLIS24','2호');
Insert into BHF_CLOSING_DETAIL (CLOSING_DETAIL_CODE,CLOSING_CODE,BNF_SLE_QY,GOODS_CODE,GOODS_NAME,OPTION_CODE,OPTION_NAME) values ('bhf_close_dt1822','bhf_close250',29,'MLIS164','아이라이너','MLIS164406','블랙');
Insert into BHF_CLOSING_DETAIL (CLOSING_DETAIL_CODE,CLOSING_CODE,BNF_SLE_QY,GOODS_CODE,GOODS_NAME,OPTION_CODE,OPTION_NAME) values ('bhf_close_dt1823','bhf_close250',51,'MLHR11','블러글로이립틴트','MLHR1119',' 222 피아트 룩스');
Insert into BHF_CLOSING_DETAIL (CLOSING_DETAIL_CODE,CLOSING_CODE,BNF_SLE_QY,GOODS_CODE,GOODS_NAME,OPTION_CODE,OPTION_NAME) values ('bhf_close_dt1824','bhf_close250',77,'LH001','헤라글로우틴트','LH0011','422호스피치리스');
Insert into BHF_CLOSING_DETAIL (CLOSING_DETAIL_CODE,CLOSING_CODE,BNF_SLE_QY,GOODS_CODE,GOODS_NAME,OPTION_CODE,OPTION_NAME) values ('bhf_close_dt1825','bhf_close250',31,'BSIS167','립밤','BSIS167411','단건');
Insert into BHF_CLOSING_DETAIL (CLOSING_DETAIL_CODE,CLOSING_CODE,BNF_SLE_QY,GOODS_CODE,GOODS_NAME,OPTION_CODE,OPTION_NAME) values ('bhf_close_dt1826','bhf_close250',6,'BSIS165','향수','BSIS165408','플로럴');
Insert into BHF_CLOSING_DETAIL (CLOSING_DETAIL_CODE,CLOSING_CODE,BNF_SLE_QY,GOODS_CODE,GOODS_NAME,OPTION_CODE,OPTION_NAME) values ('bhf_close_dt1827','bhf_close250',3,'BFIS166','향수','BFIS166410','단건');
Insert into BHF_CLOSING_DETAIL (CLOSING_DETAIL_CODE,CLOSING_CODE,BNF_SLE_QY,GOODS_CODE,GOODS_NAME,OPTION_CODE,OPTION_NAME) values ('bhf_close_dt1828','bhf_close250',7,'MLIS2','립글로스','MLIS23','1호');
Insert into BHF_CLOSING_DETAIL (CLOSING_DETAIL_CODE,CLOSING_CODE,BNF_SLE_QY,GOODS_CODE,GOODS_NAME,OPTION_CODE,OPTION_NAME) values ('bhf_close_dt1829','bhf_close250',21,'MLIS164','아이라이너','MLIS164407','브라운');
Insert into BHF_CLOSING_DETAIL (CLOSING_DETAIL_CODE,CLOSING_CODE,BNF_SLE_QY,GOODS_CODE,GOODS_NAME,OPTION_CODE,OPTION_NAME) values ('bhf_close_dt1830','bhf_close250',62,'MLHR11','블러글로이립틴트','MLHR1120',' 225 파시오');
Insert into BHF_CLOSING_DETAIL (CLOSING_DETAIL_CODE,CLOSING_CODE,BNF_SLE_QY,GOODS_CODE,GOODS_NAME,OPTION_CODE,OPTION_NAME) values ('bhf_close_dt1831','bhf_close250',51,'MLHR11','블러글로이립틴트','MLHR1118','221 테메트 노스케');
Insert into BHF_CLOSING_DETAIL (CLOSING_DETAIL_CODE,CLOSING_CODE,BNF_SLE_QY,GOODS_CODE,GOODS_NAME,OPTION_CODE,OPTION_NAME) values ('bhf_close_dt1832','bhf_close250',3,'LH001','헤라글로우틴트','LH001324','123호딸기잼');
Insert into BHF_CLOSING_DETAIL (CLOSING_DETAIL_CODE,CLOSING_CODE,BNF_SLE_QY,GOODS_CODE,GOODS_NAME,OPTION_CODE,OPTION_NAME) values ('bhf_close_dt1833','bhf_close250',10,'LH001','헤라글로우틴트','LH001321','111호사과잼');
Insert into BHF_CLOSING_DETAIL (CLOSING_DETAIL_CODE,CLOSING_CODE,BNF_SLE_QY,GOODS_CODE,GOODS_NAME,OPTION_CODE,OPTION_NAME) values ('bhf_close_dt1834','bhf_close250',73,'LH001','헤라글로우틴트','LH0012','308호체리쉬');
Insert into BHF_CLOSING_DETAIL (CLOSING_DETAIL_CODE,CLOSING_CODE,BNF_SLE_QY,GOODS_CODE,GOODS_NAME,OPTION_CODE,OPTION_NAME) values ('bhf_close_dt1835','bhf_close250',17,'BSIS165','향수','BSIS165409','우디');
Insert into BHF_CLOSING_DETAIL (CLOSING_DETAIL_CODE,CLOSING_CODE,BNF_SLE_QY,GOODS_CODE,GOODS_NAME,OPTION_CODE,OPTION_NAME) values ('bhf_close_dt1836','bhf_close250',98,'BSIS10',' 히알루론산 세럼 ','BSIS1017','단건');
Insert into BHF_CLOSING_DETAIL (CLOSING_DETAIL_CODE,CLOSING_CODE,BNF_SLE_QY,GOODS_CODE,GOODS_NAME,OPTION_CODE,OPTION_NAME) values ('bhf_close_dt1837','bhf_close250',59,'BFHR32','프로아이팔레트','BFHR3265','03 핑크페어링');
Insert into BHF_CLOSING_DETAIL (CLOSING_DETAIL_CODE,CLOSING_CODE,BNF_SLE_QY,GOODS_CODE,GOODS_NAME,OPTION_CODE,OPTION_NAME) values ('bhf_close_dt1838','bhf_close250',83,'BFHR32','프로아이팔레트','BFHR3264','02 로즈커넥트');
Insert into BHF_CLOSING_DETAIL (CLOSING_DETAIL_CODE,CLOSING_CODE,BNF_SLE_QY,GOODS_CODE,GOODS_NAME,OPTION_CODE,OPTION_NAME) values ('bhf_close_dt1839','bhf_close250',12,'BFHR32','프로아이팔레트','BFHR3263','01 로즈다이어리');
Insert into BHF_CLOSING_DETAIL (CLOSING_DETAIL_CODE,CLOSING_CODE,BNF_SLE_QY,GOODS_CODE,GOODS_NAME,OPTION_CODE,OPTION_NAME) values ('bhf_close_dt1840','bhf_close251',31,'MLIS2','립글로스','MLIS24','2호');
Insert into BHF_CLOSING_DETAIL (CLOSING_DETAIL_CODE,CLOSING_CODE,BNF_SLE_QY,GOODS_CODE,GOODS_NAME,OPTION_CODE,OPTION_NAME) values ('bhf_close_dt1842','bhf_close251',4,'MLIS164','아이라이너','MLIS164406','블랙');
Insert into BHF_CLOSING_DETAIL (CLOSING_DETAIL_CODE,CLOSING_CODE,BNF_SLE_QY,GOODS_CODE,GOODS_NAME,OPTION_CODE,OPTION_NAME) values ('bhf_close_dt1843','bhf_close251',85,'MLHR11','블러글로이립틴트','MLHR1119',' 222 피아트 룩스');
Insert into BHF_CLOSING_DETAIL (CLOSING_DETAIL_CODE,CLOSING_CODE,BNF_SLE_QY,GOODS_CODE,GOODS_NAME,OPTION_CODE,OPTION_NAME) values ('bhf_close_dt1844','bhf_close251',9,'LH001','헤라글로우틴트','LH0011','422호스피치리스');
Insert into BHF_CLOSING_DETAIL (CLOSING_DETAIL_CODE,CLOSING_CODE,BNF_SLE_QY,GOODS_CODE,GOODS_NAME,OPTION_CODE,OPTION_NAME) values ('bhf_close_dt1845','bhf_close251',1,'BSIS167','립밤','BSIS167411','단건');
Insert into BHF_CLOSING_DETAIL (CLOSING_DETAIL_CODE,CLOSING_CODE,BNF_SLE_QY,GOODS_CODE,GOODS_NAME,OPTION_CODE,OPTION_NAME) values ('bhf_close_dt1846','bhf_close251',3,'BSIS165','향수','BSIS165408','플로럴');
Insert into BHF_CLOSING_DETAIL (CLOSING_DETAIL_CODE,CLOSING_CODE,BNF_SLE_QY,GOODS_CODE,GOODS_NAME,OPTION_CODE,OPTION_NAME) values ('bhf_close_dt1847','bhf_close251',20,'BFIS166','향수','BFIS166410','단건');
Insert into BHF_CLOSING_DETAIL (CLOSING_DETAIL_CODE,CLOSING_CODE,BNF_SLE_QY,GOODS_CODE,GOODS_NAME,OPTION_CODE,OPTION_NAME) values ('bhf_close_dt1848','bhf_close251',98,'MLIS2','립글로스','MLIS23','1호');
Insert into BHF_CLOSING_DETAIL (CLOSING_DETAIL_CODE,CLOSING_CODE,BNF_SLE_QY,GOODS_CODE,GOODS_NAME,OPTION_CODE,OPTION_NAME) values ('bhf_close_dt1849','bhf_close251',65,'MLIS164','아이라이너','MLIS164407','브라운');
Insert into BHF_CLOSING_DETAIL (CLOSING_DETAIL_CODE,CLOSING_CODE,BNF_SLE_QY,GOODS_CODE,GOODS_NAME,OPTION_CODE,OPTION_NAME) values ('bhf_close_dt1850','bhf_close251',89,'MLHR11','블러글로이립틴트','MLHR1120',' 225 파시오');
Insert into BHF_CLOSING_DETAIL (CLOSING_DETAIL_CODE,CLOSING_CODE,BNF_SLE_QY,GOODS_CODE,GOODS_NAME,OPTION_CODE,OPTION_NAME) values ('bhf_close_dt1851','bhf_close251',36,'MLHR11','블러글로이립틴트','MLHR1118','221 테메트 노스케');
Insert into BHF_CLOSING_DETAIL (CLOSING_DETAIL_CODE,CLOSING_CODE,BNF_SLE_QY,GOODS_CODE,GOODS_NAME,OPTION_CODE,OPTION_NAME) values ('bhf_close_dt1852','bhf_close251',43,'LH001','헤라글로우틴트','LH001324','123호딸기잼');
Insert into BHF_CLOSING_DETAIL (CLOSING_DETAIL_CODE,CLOSING_CODE,BNF_SLE_QY,GOODS_CODE,GOODS_NAME,OPTION_CODE,OPTION_NAME) values ('bhf_close_dt1853','bhf_close251',19,'LH001','헤라글로우틴트','LH001321','111호사과잼');
Insert into BHF_CLOSING_DETAIL (CLOSING_DETAIL_CODE,CLOSING_CODE,BNF_SLE_QY,GOODS_CODE,GOODS_NAME,OPTION_CODE,OPTION_NAME) values ('bhf_close_dt1854','bhf_close251',82,'LH001','헤라글로우틴트','LH0012','308호체리쉬');
Insert into BHF_CLOSING_DETAIL (CLOSING_DETAIL_CODE,CLOSING_CODE,BNF_SLE_QY,GOODS_CODE,GOODS_NAME,OPTION_CODE,OPTION_NAME) values ('bhf_close_dt1855','bhf_close251',94,'BSIS165','향수','BSIS165409','우디');
Insert into BHF_CLOSING_DETAIL (CLOSING_DETAIL_CODE,CLOSING_CODE,BNF_SLE_QY,GOODS_CODE,GOODS_NAME,OPTION_CODE,OPTION_NAME) values ('bhf_close_dt1856','bhf_close251',23,'BSIS10',' 히알루론산 세럼 ','BSIS1017','단건');
Insert into BHF_CLOSING_DETAIL (CLOSING_DETAIL_CODE,CLOSING_CODE,BNF_SLE_QY,GOODS_CODE,GOODS_NAME,OPTION_CODE,OPTION_NAME) values ('bhf_close_dt1857','bhf_close251',93,'BFHR32','프로아이팔레트','BFHR3265','03 핑크페어링');
Insert into BHF_CLOSING_DETAIL (CLOSING_DETAIL_CODE,CLOSING_CODE,BNF_SLE_QY,GOODS_CODE,GOODS_NAME,OPTION_CODE,OPTION_NAME) values ('bhf_close_dt1858','bhf_close251',87,'BFHR32','프로아이팔레트','BFHR3264','02 로즈커넥트');
Insert into BHF_CLOSING_DETAIL (CLOSING_DETAIL_CODE,CLOSING_CODE,BNF_SLE_QY,GOODS_CODE,GOODS_NAME,OPTION_CODE,OPTION_NAME) values ('bhf_close_dt1859','bhf_close251',85,'BFHR32','프로아이팔레트','BFHR3263','01 로즈다이어리');
Insert into BHF_CLOSING_DETAIL (CLOSING_DETAIL_CODE,CLOSING_CODE,BNF_SLE_QY,GOODS_CODE,GOODS_NAME,OPTION_CODE,OPTION_NAME) values ('bhf_close_dt1860','bhf_close252',58,'MLIS2','립글로스','MLIS24','2호');
Insert into BHF_CLOSING_DETAIL (CLOSING_DETAIL_CODE,CLOSING_CODE,BNF_SLE_QY,GOODS_CODE,GOODS_NAME,OPTION_CODE,OPTION_NAME) values ('bhf_close_dt1862','bhf_close252',5,'MLIS164','아이라이너','MLIS164406','블랙');
Insert into BHF_CLOSING_DETAIL (CLOSING_DETAIL_CODE,CLOSING_CODE,BNF_SLE_QY,GOODS_CODE,GOODS_NAME,OPTION_CODE,OPTION_NAME) values ('bhf_close_dt1863','bhf_close252',34,'MLHR11','블러글로이립틴트','MLHR1119',' 222 피아트 룩스');
Insert into BHF_CLOSING_DETAIL (CLOSING_DETAIL_CODE,CLOSING_CODE,BNF_SLE_QY,GOODS_CODE,GOODS_NAME,OPTION_CODE,OPTION_NAME) values ('bhf_close_dt1864','bhf_close252',32,'LH001','헤라글로우틴트','LH0011','422호스피치리스');
Insert into BHF_CLOSING_DETAIL (CLOSING_DETAIL_CODE,CLOSING_CODE,BNF_SLE_QY,GOODS_CODE,GOODS_NAME,OPTION_CODE,OPTION_NAME) values ('bhf_close_dt1865','bhf_close252',23,'BSIS167','립밤','BSIS167411','단건');
Insert into BHF_CLOSING_DETAIL (CLOSING_DETAIL_CODE,CLOSING_CODE,BNF_SLE_QY,GOODS_CODE,GOODS_NAME,OPTION_CODE,OPTION_NAME) values ('bhf_close_dt1866','bhf_close252',44,'BSIS165','향수','BSIS165408','플로럴');
Insert into BHF_CLOSING_DETAIL (CLOSING_DETAIL_CODE,CLOSING_CODE,BNF_SLE_QY,GOODS_CODE,GOODS_NAME,OPTION_CODE,OPTION_NAME) values ('bhf_close_dt1867','bhf_close252',35,'BFIS166','향수','BFIS166410','단건');
Insert into BHF_CLOSING_DETAIL (CLOSING_DETAIL_CODE,CLOSING_CODE,BNF_SLE_QY,GOODS_CODE,GOODS_NAME,OPTION_CODE,OPTION_NAME) values ('bhf_close_dt1868','bhf_close252',14,'MLIS2','립글로스','MLIS23','1호');
Insert into BHF_CLOSING_DETAIL (CLOSING_DETAIL_CODE,CLOSING_CODE,BNF_SLE_QY,GOODS_CODE,GOODS_NAME,OPTION_CODE,OPTION_NAME) values ('bhf_close_dt1869','bhf_close252',84,'MLIS164','아이라이너','MLIS164407','브라운');
Insert into BHF_CLOSING_DETAIL (CLOSING_DETAIL_CODE,CLOSING_CODE,BNF_SLE_QY,GOODS_CODE,GOODS_NAME,OPTION_CODE,OPTION_NAME) values ('bhf_close_dt1870','bhf_close252',48,'MLHR11','블러글로이립틴트','MLHR1120',' 225 파시오');
Insert into BHF_CLOSING_DETAIL (CLOSING_DETAIL_CODE,CLOSING_CODE,BNF_SLE_QY,GOODS_CODE,GOODS_NAME,OPTION_CODE,OPTION_NAME) values ('bhf_close_dt1871','bhf_close252',5,'MLHR11','블러글로이립틴트','MLHR1118','221 테메트 노스케');
Insert into BHF_CLOSING_DETAIL (CLOSING_DETAIL_CODE,CLOSING_CODE,BNF_SLE_QY,GOODS_CODE,GOODS_NAME,OPTION_CODE,OPTION_NAME) values ('bhf_close_dt1872','bhf_close252',22,'LH001','헤라글로우틴트','LH001324','123호딸기잼');
Insert into BHF_CLOSING_DETAIL (CLOSING_DETAIL_CODE,CLOSING_CODE,BNF_SLE_QY,GOODS_CODE,GOODS_NAME,OPTION_CODE,OPTION_NAME) values ('bhf_close_dt1873','bhf_close252',88,'LH001','헤라글로우틴트','LH001321','111호사과잼');
Insert into BHF_CLOSING_DETAIL (CLOSING_DETAIL_CODE,CLOSING_CODE,BNF_SLE_QY,GOODS_CODE,GOODS_NAME,OPTION_CODE,OPTION_NAME) values ('bhf_close_dt1874','bhf_close252',44,'LH001','헤라글로우틴트','LH0012','308호체리쉬');
Insert into BHF_CLOSING_DETAIL (CLOSING_DETAIL_CODE,CLOSING_CODE,BNF_SLE_QY,GOODS_CODE,GOODS_NAME,OPTION_CODE,OPTION_NAME) values ('bhf_close_dt1875','bhf_close252',8,'BSIS165','향수','BSIS165409','우디');
Insert into BHF_CLOSING_DETAIL (CLOSING_DETAIL_CODE,CLOSING_CODE,BNF_SLE_QY,GOODS_CODE,GOODS_NAME,OPTION_CODE,OPTION_NAME) values ('bhf_close_dt1876','bhf_close252',5,'BSIS10',' 히알루론산 세럼 ','BSIS1017','단건');
Insert into BHF_CLOSING_DETAIL (CLOSING_DETAIL_CODE,CLOSING_CODE,BNF_SLE_QY,GOODS_CODE,GOODS_NAME,OPTION_CODE,OPTION_NAME) values ('bhf_close_dt1877','bhf_close252',69,'BFHR32','프로아이팔레트','BFHR3265','03 핑크페어링');
Insert into BHF_CLOSING_DETAIL (CLOSING_DETAIL_CODE,CLOSING_CODE,BNF_SLE_QY,GOODS_CODE,GOODS_NAME,OPTION_CODE,OPTION_NAME) values ('bhf_close_dt1878','bhf_close252',8,'BFHR32','프로아이팔레트','BFHR3264','02 로즈커넥트');
Insert into BHF_CLOSING_DETAIL (CLOSING_DETAIL_CODE,CLOSING_CODE,BNF_SLE_QY,GOODS_CODE,GOODS_NAME,OPTION_CODE,OPTION_NAME) values ('bhf_close_dt1879','bhf_close252',94,'BFHR32','프로아이팔레트','BFHR3263','01 로즈다이어리');
Insert into BHF_CLOSING_DETAIL (CLOSING_DETAIL_CODE,CLOSING_CODE,BNF_SLE_QY,GOODS_CODE,GOODS_NAME,OPTION_CODE,OPTION_NAME) values ('bhf_close_dt1880','bhf_close253',94,'MLIS2','립글로스','MLIS24','2호');
Insert into BHF_CLOSING_DETAIL (CLOSING_DETAIL_CODE,CLOSING_CODE,BNF_SLE_QY,GOODS_CODE,GOODS_NAME,OPTION_CODE,OPTION_NAME) values ('bhf_close_dt1882','bhf_close253',30,'MLIS164','아이라이너','MLIS164406','블랙');
Insert into BHF_CLOSING_DETAIL (CLOSING_DETAIL_CODE,CLOSING_CODE,BNF_SLE_QY,GOODS_CODE,GOODS_NAME,OPTION_CODE,OPTION_NAME) values ('bhf_close_dt1883','bhf_close253',35,'MLHR11','블러글로이립틴트','MLHR1119',' 222 피아트 룩스');
Insert into BHF_CLOSING_DETAIL (CLOSING_DETAIL_CODE,CLOSING_CODE,BNF_SLE_QY,GOODS_CODE,GOODS_NAME,OPTION_CODE,OPTION_NAME) values ('bhf_close_dt1884','bhf_close253',26,'LH001','헤라글로우틴트','LH0011','422호스피치리스');
Insert into BHF_CLOSING_DETAIL (CLOSING_DETAIL_CODE,CLOSING_CODE,BNF_SLE_QY,GOODS_CODE,GOODS_NAME,OPTION_CODE,OPTION_NAME) values ('bhf_close_dt1885','bhf_close253',35,'BSIS167','립밤','BSIS167411','단건');
Insert into BHF_CLOSING_DETAIL (CLOSING_DETAIL_CODE,CLOSING_CODE,BNF_SLE_QY,GOODS_CODE,GOODS_NAME,OPTION_CODE,OPTION_NAME) values ('bhf_close_dt1886','bhf_close253',46,'BSIS165','향수','BSIS165408','플로럴');
Insert into BHF_CLOSING_DETAIL (CLOSING_DETAIL_CODE,CLOSING_CODE,BNF_SLE_QY,GOODS_CODE,GOODS_NAME,OPTION_CODE,OPTION_NAME) values ('bhf_close_dt1887','bhf_close253',72,'BFIS166','향수','BFIS166410','단건');
Insert into BHF_CLOSING_DETAIL (CLOSING_DETAIL_CODE,CLOSING_CODE,BNF_SLE_QY,GOODS_CODE,GOODS_NAME,OPTION_CODE,OPTION_NAME) values ('bhf_close_dt1888','bhf_close253',49,'MLIS2','립글로스','MLIS23','1호');
Insert into BHF_CLOSING_DETAIL (CLOSING_DETAIL_CODE,CLOSING_CODE,BNF_SLE_QY,GOODS_CODE,GOODS_NAME,OPTION_CODE,OPTION_NAME) values ('bhf_close_dt1889','bhf_close253',29,'MLIS164','아이라이너','MLIS164407','브라운');
Insert into BHF_CLOSING_DETAIL (CLOSING_DETAIL_CODE,CLOSING_CODE,BNF_SLE_QY,GOODS_CODE,GOODS_NAME,OPTION_CODE,OPTION_NAME) values ('bhf_close_dt1890','bhf_close253',38,'MLHR11','블러글로이립틴트','MLHR1120',' 225 파시오');
Insert into BHF_CLOSING_DETAIL (CLOSING_DETAIL_CODE,CLOSING_CODE,BNF_SLE_QY,GOODS_CODE,GOODS_NAME,OPTION_CODE,OPTION_NAME) values ('bhf_close_dt1891','bhf_close253',21,'MLHR11','블러글로이립틴트','MLHR1118','221 테메트 노스케');
Insert into BHF_CLOSING_DETAIL (CLOSING_DETAIL_CODE,CLOSING_CODE,BNF_SLE_QY,GOODS_CODE,GOODS_NAME,OPTION_CODE,OPTION_NAME) values ('bhf_close_dt1892','bhf_close253',34,'LH001','헤라글로우틴트','LH001324','123호딸기잼');
Insert into BHF_CLOSING_DETAIL (CLOSING_DETAIL_CODE,CLOSING_CODE,BNF_SLE_QY,GOODS_CODE,GOODS_NAME,OPTION_CODE,OPTION_NAME) values ('bhf_close_dt1893','bhf_close253',3,'LH001','헤라글로우틴트','LH001321','111호사과잼');
Insert into BHF_CLOSING_DETAIL (CLOSING_DETAIL_CODE,CLOSING_CODE,BNF_SLE_QY,GOODS_CODE,GOODS_NAME,OPTION_CODE,OPTION_NAME) values ('bhf_close_dt1894','bhf_close253',5,'LH001','헤라글로우틴트','LH0012','308호체리쉬');
Insert into BHF_CLOSING_DETAIL (CLOSING_DETAIL_CODE,CLOSING_CODE,BNF_SLE_QY,GOODS_CODE,GOODS_NAME,OPTION_CODE,OPTION_NAME) values ('bhf_close_dt1895','bhf_close253',23,'BSIS165','향수','BSIS165409','우디');
Insert into BHF_CLOSING_DETAIL (CLOSING_DETAIL_CODE,CLOSING_CODE,BNF_SLE_QY,GOODS_CODE,GOODS_NAME,OPTION_CODE,OPTION_NAME) values ('bhf_close_dt1896','bhf_close253',57,'BSIS10',' 히알루론산 세럼 ','BSIS1017','단건');
Insert into BHF_CLOSING_DETAIL (CLOSING_DETAIL_CODE,CLOSING_CODE,BNF_SLE_QY,GOODS_CODE,GOODS_NAME,OPTION_CODE,OPTION_NAME) values ('bhf_close_dt1897','bhf_close253',86,'BFHR32','프로아이팔레트','BFHR3265','03 핑크페어링');
Insert into BHF_CLOSING_DETAIL (CLOSING_DETAIL_CODE,CLOSING_CODE,BNF_SLE_QY,GOODS_CODE,GOODS_NAME,OPTION_CODE,OPTION_NAME) values ('bhf_close_dt1898','bhf_close253',76,'BFHR32','프로아이팔레트','BFHR3264','02 로즈커넥트');
Insert into BHF_CLOSING_DETAIL (CLOSING_DETAIL_CODE,CLOSING_CODE,BNF_SLE_QY,GOODS_CODE,GOODS_NAME,OPTION_CODE,OPTION_NAME) values ('bhf_close_dt1899','bhf_close253',66,'BFHR32','프로아이팔레트','BFHR3263','01 로즈다이어리');
Insert into BHF_CLOSING_DETAIL (CLOSING_DETAIL_CODE,CLOSING_CODE,BNF_SLE_QY,GOODS_CODE,GOODS_NAME,OPTION_CODE,OPTION_NAME) values ('bhf_close_dt1900','bhf_close254',12,'MLIS2','립글로스','MLIS24','2호');
Insert into BHF_CLOSING_DETAIL (CLOSING_DETAIL_CODE,CLOSING_CODE,BNF_SLE_QY,GOODS_CODE,GOODS_NAME,OPTION_CODE,OPTION_NAME) values ('bhf_close_dt1902','bhf_close254',54,'MLIS164','아이라이너','MLIS164406','블랙');
Insert into BHF_CLOSING_DETAIL (CLOSING_DETAIL_CODE,CLOSING_CODE,BNF_SLE_QY,GOODS_CODE,GOODS_NAME,OPTION_CODE,OPTION_NAME) values ('bhf_close_dt1903','bhf_close254',13,'MLHR11','블러글로이립틴트','MLHR1119',' 222 피아트 룩스');
Insert into BHF_CLOSING_DETAIL (CLOSING_DETAIL_CODE,CLOSING_CODE,BNF_SLE_QY,GOODS_CODE,GOODS_NAME,OPTION_CODE,OPTION_NAME) values ('bhf_close_dt1904','bhf_close254',4,'LH001','헤라글로우틴트','LH0011','422호스피치리스');
Insert into BHF_CLOSING_DETAIL (CLOSING_DETAIL_CODE,CLOSING_CODE,BNF_SLE_QY,GOODS_CODE,GOODS_NAME,OPTION_CODE,OPTION_NAME) values ('bhf_close_dt1905','bhf_close254',79,'BSIS167','립밤','BSIS167411','단건');
Insert into BHF_CLOSING_DETAIL (CLOSING_DETAIL_CODE,CLOSING_CODE,BNF_SLE_QY,GOODS_CODE,GOODS_NAME,OPTION_CODE,OPTION_NAME) values ('bhf_close_dt1906','bhf_close254',51,'BSIS165','향수','BSIS165408','플로럴');
Insert into BHF_CLOSING_DETAIL (CLOSING_DETAIL_CODE,CLOSING_CODE,BNF_SLE_QY,GOODS_CODE,GOODS_NAME,OPTION_CODE,OPTION_NAME) values ('bhf_close_dt1907','bhf_close254',65,'BFIS166','향수','BFIS166410','단건');
Insert into BHF_CLOSING_DETAIL (CLOSING_DETAIL_CODE,CLOSING_CODE,BNF_SLE_QY,GOODS_CODE,GOODS_NAME,OPTION_CODE,OPTION_NAME) values ('bhf_close_dt1908','bhf_close254',42,'MLIS2','립글로스','MLIS23','1호');
Insert into BHF_CLOSING_DETAIL (CLOSING_DETAIL_CODE,CLOSING_CODE,BNF_SLE_QY,GOODS_CODE,GOODS_NAME,OPTION_CODE,OPTION_NAME) values ('bhf_close_dt1909','bhf_close254',80,'MLIS164','아이라이너','MLIS164407','브라운');
Insert into BHF_CLOSING_DETAIL (CLOSING_DETAIL_CODE,CLOSING_CODE,BNF_SLE_QY,GOODS_CODE,GOODS_NAME,OPTION_CODE,OPTION_NAME) values ('bhf_close_dt1910','bhf_close254',89,'MLHR11','블러글로이립틴트','MLHR1120',' 225 파시오');
Insert into BHF_CLOSING_DETAIL (CLOSING_DETAIL_CODE,CLOSING_CODE,BNF_SLE_QY,GOODS_CODE,GOODS_NAME,OPTION_CODE,OPTION_NAME) values ('bhf_close_dt1911','bhf_close254',38,'MLHR11','블러글로이립틴트','MLHR1118','221 테메트 노스케');
Insert into BHF_CLOSING_DETAIL (CLOSING_DETAIL_CODE,CLOSING_CODE,BNF_SLE_QY,GOODS_CODE,GOODS_NAME,OPTION_CODE,OPTION_NAME) values ('bhf_close_dt1912','bhf_close254',33,'LH001','헤라글로우틴트','LH001324','123호딸기잼');
Insert into BHF_CLOSING_DETAIL (CLOSING_DETAIL_CODE,CLOSING_CODE,BNF_SLE_QY,GOODS_CODE,GOODS_NAME,OPTION_CODE,OPTION_NAME) values ('bhf_close_dt1913','bhf_close254',95,'LH001','헤라글로우틴트','LH001321','111호사과잼');
Insert into BHF_CLOSING_DETAIL (CLOSING_DETAIL_CODE,CLOSING_CODE,BNF_SLE_QY,GOODS_CODE,GOODS_NAME,OPTION_CODE,OPTION_NAME) values ('bhf_close_dt1914','bhf_close254',81,'LH001','헤라글로우틴트','LH0012','308호체리쉬');
Insert into BHF_CLOSING_DETAIL (CLOSING_DETAIL_CODE,CLOSING_CODE,BNF_SLE_QY,GOODS_CODE,GOODS_NAME,OPTION_CODE,OPTION_NAME) values ('bhf_close_dt1915','bhf_close254',13,'BSIS165','향수','BSIS165409','우디');
Insert into BHF_CLOSING_DETAIL (CLOSING_DETAIL_CODE,CLOSING_CODE,BNF_SLE_QY,GOODS_CODE,GOODS_NAME,OPTION_CODE,OPTION_NAME) values ('bhf_close_dt1916','bhf_close254',70,'BSIS10',' 히알루론산 세럼 ','BSIS1017','단건');
Insert into BHF_CLOSING_DETAIL (CLOSING_DETAIL_CODE,CLOSING_CODE,BNF_SLE_QY,GOODS_CODE,GOODS_NAME,OPTION_CODE,OPTION_NAME) values ('bhf_close_dt1917','bhf_close254',24,'BFHR32','프로아이팔레트','BFHR3265','03 핑크페어링');
Insert into BHF_CLOSING_DETAIL (CLOSING_DETAIL_CODE,CLOSING_CODE,BNF_SLE_QY,GOODS_CODE,GOODS_NAME,OPTION_CODE,OPTION_NAME) values ('bhf_close_dt1918','bhf_close254',48,'BFHR32','프로아이팔레트','BFHR3264','02 로즈커넥트');
Insert into BHF_CLOSING_DETAIL (CLOSING_DETAIL_CODE,CLOSING_CODE,BNF_SLE_QY,GOODS_CODE,GOODS_NAME,OPTION_CODE,OPTION_NAME) values ('bhf_close_dt1919','bhf_close254',23,'BFHR32','프로아이팔레트','BFHR3263','01 로즈다이어리');
Insert into BHF_CLOSING_DETAIL (CLOSING_DETAIL_CODE,CLOSING_CODE,BNF_SLE_QY,GOODS_CODE,GOODS_NAME,OPTION_CODE,OPTION_NAME) values ('bhf_close_dt1920','bhf_close255',9,'MLIS2','립글로스','MLIS24','2호');
Insert into BHF_CLOSING_DETAIL (CLOSING_DETAIL_CODE,CLOSING_CODE,BNF_SLE_QY,GOODS_CODE,GOODS_NAME,OPTION_CODE,OPTION_NAME) values ('bhf_close_dt1922','bhf_close255',43,'MLIS164','아이라이너','MLIS164406','블랙');
Insert into BHF_CLOSING_DETAIL (CLOSING_DETAIL_CODE,CLOSING_CODE,BNF_SLE_QY,GOODS_CODE,GOODS_NAME,OPTION_CODE,OPTION_NAME) values ('bhf_close_dt1923','bhf_close255',93,'MLHR11','블러글로이립틴트','MLHR1119',' 222 피아트 룩스');
Insert into BHF_CLOSING_DETAIL (CLOSING_DETAIL_CODE,CLOSING_CODE,BNF_SLE_QY,GOODS_CODE,GOODS_NAME,OPTION_CODE,OPTION_NAME) values ('bhf_close_dt1924','bhf_close255',10,'LH001','헤라글로우틴트','LH0011','422호스피치리스');
Insert into BHF_CLOSING_DETAIL (CLOSING_DETAIL_CODE,CLOSING_CODE,BNF_SLE_QY,GOODS_CODE,GOODS_NAME,OPTION_CODE,OPTION_NAME) values ('bhf_close_dt1925','bhf_close255',78,'BSIS167','립밤','BSIS167411','단건');
Insert into BHF_CLOSING_DETAIL (CLOSING_DETAIL_CODE,CLOSING_CODE,BNF_SLE_QY,GOODS_CODE,GOODS_NAME,OPTION_CODE,OPTION_NAME) values ('bhf_close_dt1926','bhf_close255',34,'BSIS165','향수','BSIS165408','플로럴');
Insert into BHF_CLOSING_DETAIL (CLOSING_DETAIL_CODE,CLOSING_CODE,BNF_SLE_QY,GOODS_CODE,GOODS_NAME,OPTION_CODE,OPTION_NAME) values ('bhf_close_dt1927','bhf_close255',39,'BFIS166','향수','BFIS166410','단건');
Insert into BHF_CLOSING_DETAIL (CLOSING_DETAIL_CODE,CLOSING_CODE,BNF_SLE_QY,GOODS_CODE,GOODS_NAME,OPTION_CODE,OPTION_NAME) values ('bhf_close_dt1928','bhf_close255',59,'MLIS2','립글로스','MLIS23','1호');
Insert into BHF_CLOSING_DETAIL (CLOSING_DETAIL_CODE,CLOSING_CODE,BNF_SLE_QY,GOODS_CODE,GOODS_NAME,OPTION_CODE,OPTION_NAME) values ('bhf_close_dt1929','bhf_close255',2,'MLIS164','아이라이너','MLIS164407','브라운');
Insert into BHF_CLOSING_DETAIL (CLOSING_DETAIL_CODE,CLOSING_CODE,BNF_SLE_QY,GOODS_CODE,GOODS_NAME,OPTION_CODE,OPTION_NAME) values ('bhf_close_dt1930','bhf_close255',19,'MLHR11','블러글로이립틴트','MLHR1120',' 225 파시오');
Insert into BHF_CLOSING_DETAIL (CLOSING_DETAIL_CODE,CLOSING_CODE,BNF_SLE_QY,GOODS_CODE,GOODS_NAME,OPTION_CODE,OPTION_NAME) values ('bhf_close_dt1931','bhf_close255',90,'MLHR11','블러글로이립틴트','MLHR1118','221 테메트 노스케');
Insert into BHF_CLOSING_DETAIL (CLOSING_DETAIL_CODE,CLOSING_CODE,BNF_SLE_QY,GOODS_CODE,GOODS_NAME,OPTION_CODE,OPTION_NAME) values ('bhf_close_dt1932','bhf_close255',67,'LH001','헤라글로우틴트','LH001324','123호딸기잼');
Insert into BHF_CLOSING_DETAIL (CLOSING_DETAIL_CODE,CLOSING_CODE,BNF_SLE_QY,GOODS_CODE,GOODS_NAME,OPTION_CODE,OPTION_NAME) values ('bhf_close_dt1933','bhf_close255',56,'LH001','헤라글로우틴트','LH001321','111호사과잼');
Insert into BHF_CLOSING_DETAIL (CLOSING_DETAIL_CODE,CLOSING_CODE,BNF_SLE_QY,GOODS_CODE,GOODS_NAME,OPTION_CODE,OPTION_NAME) values ('bhf_close_dt1934','bhf_close255',74,'LH001','헤라글로우틴트','LH0012','308호체리쉬');
Insert into BHF_CLOSING_DETAIL (CLOSING_DETAIL_CODE,CLOSING_CODE,BNF_SLE_QY,GOODS_CODE,GOODS_NAME,OPTION_CODE,OPTION_NAME) values ('bhf_close_dt1935','bhf_close255',14,'BSIS165','향수','BSIS165409','우디');
Insert into BHF_CLOSING_DETAIL (CLOSING_DETAIL_CODE,CLOSING_CODE,BNF_SLE_QY,GOODS_CODE,GOODS_NAME,OPTION_CODE,OPTION_NAME) values ('bhf_close_dt1936','bhf_close255',96,'BSIS10',' 히알루론산 세럼 ','BSIS1017','단건');
Insert into BHF_CLOSING_DETAIL (CLOSING_DETAIL_CODE,CLOSING_CODE,BNF_SLE_QY,GOODS_CODE,GOODS_NAME,OPTION_CODE,OPTION_NAME) values ('bhf_close_dt1937','bhf_close255',94,'BFHR32','프로아이팔레트','BFHR3265','03 핑크페어링');
Insert into BHF_CLOSING_DETAIL (CLOSING_DETAIL_CODE,CLOSING_CODE,BNF_SLE_QY,GOODS_CODE,GOODS_NAME,OPTION_CODE,OPTION_NAME) values ('bhf_close_dt1938','bhf_close255',93,'BFHR32','프로아이팔레트','BFHR3264','02 로즈커넥트');
Insert into BHF_CLOSING_DETAIL (CLOSING_DETAIL_CODE,CLOSING_CODE,BNF_SLE_QY,GOODS_CODE,GOODS_NAME,OPTION_CODE,OPTION_NAME) values ('bhf_close_dt1939','bhf_close255',14,'BFHR32','프로아이팔레트','BFHR3263','01 로즈다이어리');
Insert into BHF_CLOSING_DETAIL (CLOSING_DETAIL_CODE,CLOSING_CODE,BNF_SLE_QY,GOODS_CODE,GOODS_NAME,OPTION_CODE,OPTION_NAME) values ('bhf_close_dt1940','bhf_close256',93,'MLIS2','립글로스','MLIS24','2호');
Insert into BHF_CLOSING_DETAIL (CLOSING_DETAIL_CODE,CLOSING_CODE,BNF_SLE_QY,GOODS_CODE,GOODS_NAME,OPTION_CODE,OPTION_NAME) values ('bhf_close_dt1942','bhf_close256',79,'MLIS164','아이라이너','MLIS164406','블랙');
Insert into BHF_CLOSING_DETAIL (CLOSING_DETAIL_CODE,CLOSING_CODE,BNF_SLE_QY,GOODS_CODE,GOODS_NAME,OPTION_CODE,OPTION_NAME) values ('bhf_close_dt1943','bhf_close256',20,'MLHR11','블러글로이립틴트','MLHR1119',' 222 피아트 룩스');
Insert into BHF_CLOSING_DETAIL (CLOSING_DETAIL_CODE,CLOSING_CODE,BNF_SLE_QY,GOODS_CODE,GOODS_NAME,OPTION_CODE,OPTION_NAME) values ('bhf_close_dt1944','bhf_close256',16,'LH001','헤라글로우틴트','LH0011','422호스피치리스');
Insert into BHF_CLOSING_DETAIL (CLOSING_DETAIL_CODE,CLOSING_CODE,BNF_SLE_QY,GOODS_CODE,GOODS_NAME,OPTION_CODE,OPTION_NAME) values ('bhf_close_dt1945','bhf_close256',22,'BSIS167','립밤','BSIS167411','단건');
Insert into BHF_CLOSING_DETAIL (CLOSING_DETAIL_CODE,CLOSING_CODE,BNF_SLE_QY,GOODS_CODE,GOODS_NAME,OPTION_CODE,OPTION_NAME) values ('bhf_close_dt1946','bhf_close256',32,'BSIS165','향수','BSIS165408','플로럴');
Insert into BHF_CLOSING_DETAIL (CLOSING_DETAIL_CODE,CLOSING_CODE,BNF_SLE_QY,GOODS_CODE,GOODS_NAME,OPTION_CODE,OPTION_NAME) values ('bhf_close_dt1947','bhf_close256',1,'BFIS166','향수','BFIS166410','단건');
Insert into BHF_CLOSING_DETAIL (CLOSING_DETAIL_CODE,CLOSING_CODE,BNF_SLE_QY,GOODS_CODE,GOODS_NAME,OPTION_CODE,OPTION_NAME) values ('bhf_close_dt1948','bhf_close256',52,'MLIS2','립글로스','MLIS23','1호');
Insert into BHF_CLOSING_DETAIL (CLOSING_DETAIL_CODE,CLOSING_CODE,BNF_SLE_QY,GOODS_CODE,GOODS_NAME,OPTION_CODE,OPTION_NAME) values ('bhf_close_dt1949','bhf_close256',52,'MLIS164','아이라이너','MLIS164407','브라운');
Insert into BHF_CLOSING_DETAIL (CLOSING_DETAIL_CODE,CLOSING_CODE,BNF_SLE_QY,GOODS_CODE,GOODS_NAME,OPTION_CODE,OPTION_NAME) values ('bhf_close_dt1950','bhf_close256',22,'MLHR11','블러글로이립틴트','MLHR1120',' 225 파시오');
Insert into BHF_CLOSING_DETAIL (CLOSING_DETAIL_CODE,CLOSING_CODE,BNF_SLE_QY,GOODS_CODE,GOODS_NAME,OPTION_CODE,OPTION_NAME) values ('bhf_close_dt1951','bhf_close256',90,'MLHR11','블러글로이립틴트','MLHR1118','221 테메트 노스케');
Insert into BHF_CLOSING_DETAIL (CLOSING_DETAIL_CODE,CLOSING_CODE,BNF_SLE_QY,GOODS_CODE,GOODS_NAME,OPTION_CODE,OPTION_NAME) values ('bhf_close_dt1952','bhf_close256',3,'LH001','헤라글로우틴트','LH001324','123호딸기잼');
Insert into BHF_CLOSING_DETAIL (CLOSING_DETAIL_CODE,CLOSING_CODE,BNF_SLE_QY,GOODS_CODE,GOODS_NAME,OPTION_CODE,OPTION_NAME) values ('bhf_close_dt1953','bhf_close256',2,'LH001','헤라글로우틴트','LH001321','111호사과잼');
Insert into BHF_CLOSING_DETAIL (CLOSING_DETAIL_CODE,CLOSING_CODE,BNF_SLE_QY,GOODS_CODE,GOODS_NAME,OPTION_CODE,OPTION_NAME) values ('bhf_close_dt1954','bhf_close256',87,'LH001','헤라글로우틴트','LH0012','308호체리쉬');
Insert into BHF_CLOSING_DETAIL (CLOSING_DETAIL_CODE,CLOSING_CODE,BNF_SLE_QY,GOODS_CODE,GOODS_NAME,OPTION_CODE,OPTION_NAME) values ('bhf_close_dt1955','bhf_close256',45,'BSIS165','향수','BSIS165409','우디');
Insert into BHF_CLOSING_DETAIL (CLOSING_DETAIL_CODE,CLOSING_CODE,BNF_SLE_QY,GOODS_CODE,GOODS_NAME,OPTION_CODE,OPTION_NAME) values ('bhf_close_dt1956','bhf_close256',80,'BSIS10',' 히알루론산 세럼 ','BSIS1017','단건');
Insert into BHF_CLOSING_DETAIL (CLOSING_DETAIL_CODE,CLOSING_CODE,BNF_SLE_QY,GOODS_CODE,GOODS_NAME,OPTION_CODE,OPTION_NAME) values ('bhf_close_dt1957','bhf_close256',19,'BFHR32','프로아이팔레트','BFHR3265','03 핑크페어링');
Insert into BHF_CLOSING_DETAIL (CLOSING_DETAIL_CODE,CLOSING_CODE,BNF_SLE_QY,GOODS_CODE,GOODS_NAME,OPTION_CODE,OPTION_NAME) values ('bhf_close_dt1958','bhf_close256',75,'BFHR32','프로아이팔레트','BFHR3264','02 로즈커넥트');
Insert into BHF_CLOSING_DETAIL (CLOSING_DETAIL_CODE,CLOSING_CODE,BNF_SLE_QY,GOODS_CODE,GOODS_NAME,OPTION_CODE,OPTION_NAME) values ('bhf_close_dt1959','bhf_close256',49,'BFHR32','프로아이팔레트','BFHR3263','01 로즈다이어리');
Insert into BHF_CLOSING_DETAIL (CLOSING_DETAIL_CODE,CLOSING_CODE,BNF_SLE_QY,GOODS_CODE,GOODS_NAME,OPTION_CODE,OPTION_NAME) values ('bhf_close_dt1960','bhf_close257',2,'MLIS2','립글로스','MLIS24','2호');
Insert into BHF_CLOSING_DETAIL (CLOSING_DETAIL_CODE,CLOSING_CODE,BNF_SLE_QY,GOODS_CODE,GOODS_NAME,OPTION_CODE,OPTION_NAME) values ('bhf_close_dt1962','bhf_close257',31,'MLIS164','아이라이너','MLIS164406','블랙');
Insert into BHF_CLOSING_DETAIL (CLOSING_DETAIL_CODE,CLOSING_CODE,BNF_SLE_QY,GOODS_CODE,GOODS_NAME,OPTION_CODE,OPTION_NAME) values ('bhf_close_dt1963','bhf_close257',60,'MLHR11','블러글로이립틴트','MLHR1119',' 222 피아트 룩스');
Insert into BHF_CLOSING_DETAIL (CLOSING_DETAIL_CODE,CLOSING_CODE,BNF_SLE_QY,GOODS_CODE,GOODS_NAME,OPTION_CODE,OPTION_NAME) values ('bhf_close_dt1964','bhf_close257',29,'LH001','헤라글로우틴트','LH0011','422호스피치리스');
Insert into BHF_CLOSING_DETAIL (CLOSING_DETAIL_CODE,CLOSING_CODE,BNF_SLE_QY,GOODS_CODE,GOODS_NAME,OPTION_CODE,OPTION_NAME) values ('bhf_close_dt1965','bhf_close257',21,'BSIS167','립밤','BSIS167411','단건');
Insert into BHF_CLOSING_DETAIL (CLOSING_DETAIL_CODE,CLOSING_CODE,BNF_SLE_QY,GOODS_CODE,GOODS_NAME,OPTION_CODE,OPTION_NAME) values ('bhf_close_dt1966','bhf_close257',50,'BSIS165','향수','BSIS165408','플로럴');
Insert into BHF_CLOSING_DETAIL (CLOSING_DETAIL_CODE,CLOSING_CODE,BNF_SLE_QY,GOODS_CODE,GOODS_NAME,OPTION_CODE,OPTION_NAME) values ('bhf_close_dt1967','bhf_close257',67,'BFIS166','향수','BFIS166410','단건');
Insert into BHF_CLOSING_DETAIL (CLOSING_DETAIL_CODE,CLOSING_CODE,BNF_SLE_QY,GOODS_CODE,GOODS_NAME,OPTION_CODE,OPTION_NAME) values ('bhf_close_dt1968','bhf_close257',8,'MLIS2','립글로스','MLIS23','1호');
Insert into BHF_CLOSING_DETAIL (CLOSING_DETAIL_CODE,CLOSING_CODE,BNF_SLE_QY,GOODS_CODE,GOODS_NAME,OPTION_CODE,OPTION_NAME) values ('bhf_close_dt1969','bhf_close257',96,'MLIS164','아이라이너','MLIS164407','브라운');
Insert into BHF_CLOSING_DETAIL (CLOSING_DETAIL_CODE,CLOSING_CODE,BNF_SLE_QY,GOODS_CODE,GOODS_NAME,OPTION_CODE,OPTION_NAME) values ('bhf_close_dt1970','bhf_close257',45,'MLHR11','블러글로이립틴트','MLHR1120',' 225 파시오');
Insert into BHF_CLOSING_DETAIL (CLOSING_DETAIL_CODE,CLOSING_CODE,BNF_SLE_QY,GOODS_CODE,GOODS_NAME,OPTION_CODE,OPTION_NAME) values ('bhf_close_dt1971','bhf_close257',60,'MLHR11','블러글로이립틴트','MLHR1118','221 테메트 노스케');
Insert into BHF_CLOSING_DETAIL (CLOSING_DETAIL_CODE,CLOSING_CODE,BNF_SLE_QY,GOODS_CODE,GOODS_NAME,OPTION_CODE,OPTION_NAME) values ('bhf_close_dt1972','bhf_close257',99,'LH001','헤라글로우틴트','LH001324','123호딸기잼');
Insert into BHF_CLOSING_DETAIL (CLOSING_DETAIL_CODE,CLOSING_CODE,BNF_SLE_QY,GOODS_CODE,GOODS_NAME,OPTION_CODE,OPTION_NAME) values ('bhf_close_dt1973','bhf_close257',45,'LH001','헤라글로우틴트','LH001321','111호사과잼');
Insert into BHF_CLOSING_DETAIL (CLOSING_DETAIL_CODE,CLOSING_CODE,BNF_SLE_QY,GOODS_CODE,GOODS_NAME,OPTION_CODE,OPTION_NAME) values ('bhf_close_dt1974','bhf_close257',12,'LH001','헤라글로우틴트','LH0012','308호체리쉬');
Insert into BHF_CLOSING_DETAIL (CLOSING_DETAIL_CODE,CLOSING_CODE,BNF_SLE_QY,GOODS_CODE,GOODS_NAME,OPTION_CODE,OPTION_NAME) values ('bhf_close_dt1975','bhf_close257',16,'BSIS165','향수','BSIS165409','우디');
Insert into BHF_CLOSING_DETAIL (CLOSING_DETAIL_CODE,CLOSING_CODE,BNF_SLE_QY,GOODS_CODE,GOODS_NAME,OPTION_CODE,OPTION_NAME) values ('bhf_close_dt1976','bhf_close257',25,'BSIS10',' 히알루론산 세럼 ','BSIS1017','단건');
Insert into BHF_CLOSING_DETAIL (CLOSING_DETAIL_CODE,CLOSING_CODE,BNF_SLE_QY,GOODS_CODE,GOODS_NAME,OPTION_CODE,OPTION_NAME) values ('bhf_close_dt1977','bhf_close257',27,'BFHR32','프로아이팔레트','BFHR3265','03 핑크페어링');
Insert into BHF_CLOSING_DETAIL (CLOSING_DETAIL_CODE,CLOSING_CODE,BNF_SLE_QY,GOODS_CODE,GOODS_NAME,OPTION_CODE,OPTION_NAME) values ('bhf_close_dt1978','bhf_close257',63,'BFHR32','프로아이팔레트','BFHR3264','02 로즈커넥트');
Insert into BHF_CLOSING_DETAIL (CLOSING_DETAIL_CODE,CLOSING_CODE,BNF_SLE_QY,GOODS_CODE,GOODS_NAME,OPTION_CODE,OPTION_NAME) values ('bhf_close_dt1979','bhf_close257',4,'BFHR32','프로아이팔레트','BFHR3263','01 로즈다이어리');
Insert into BHF_CLOSING_DETAIL (CLOSING_DETAIL_CODE,CLOSING_CODE,BNF_SLE_QY,GOODS_CODE,GOODS_NAME,OPTION_CODE,OPTION_NAME) values ('bhf_close_dt1980','bhf_close258',4,'MLIS2','립글로스','MLIS24','2호');
Insert into BHF_CLOSING_DETAIL (CLOSING_DETAIL_CODE,CLOSING_CODE,BNF_SLE_QY,GOODS_CODE,GOODS_NAME,OPTION_CODE,OPTION_NAME) values ('bhf_close_dtl321','bhf_close264',15,'BSHC237','코오롱향수','BSHC237553','단건');
Insert into BHF_CLOSING_DETAIL (CLOSING_DETAIL_CODE,CLOSING_CODE,BNF_SLE_QY,GOODS_CODE,GOODS_NAME,OPTION_CODE,OPTION_NAME) values ('bhf_close_dt1982','bhf_close258',35,'MLIS164','아이라이너','MLIS164406','블랙');
Insert into BHF_CLOSING_DETAIL (CLOSING_DETAIL_CODE,CLOSING_CODE,BNF_SLE_QY,GOODS_CODE,GOODS_NAME,OPTION_CODE,OPTION_NAME) values ('bhf_close_dt1983','bhf_close258',71,'MLHR11','블러글로이립틴트','MLHR1119',' 222 피아트 룩스');
Insert into BHF_CLOSING_DETAIL (CLOSING_DETAIL_CODE,CLOSING_CODE,BNF_SLE_QY,GOODS_CODE,GOODS_NAME,OPTION_CODE,OPTION_NAME) values ('bhf_close_dt1984','bhf_close258',86,'LH001','헤라글로우틴트','LH0011','422호스피치리스');
Insert into BHF_CLOSING_DETAIL (CLOSING_DETAIL_CODE,CLOSING_CODE,BNF_SLE_QY,GOODS_CODE,GOODS_NAME,OPTION_CODE,OPTION_NAME) values ('bhf_close_dt1985','bhf_close258',38,'BSIS167','립밤','BSIS167411','단건');
Insert into BHF_CLOSING_DETAIL (CLOSING_DETAIL_CODE,CLOSING_CODE,BNF_SLE_QY,GOODS_CODE,GOODS_NAME,OPTION_CODE,OPTION_NAME) values ('bhf_close_dt1986','bhf_close258',63,'BSIS165','향수','BSIS165408','플로럴');
Insert into BHF_CLOSING_DETAIL (CLOSING_DETAIL_CODE,CLOSING_CODE,BNF_SLE_QY,GOODS_CODE,GOODS_NAME,OPTION_CODE,OPTION_NAME) values ('bhf_close_dt1987','bhf_close258',19,'BFIS166','향수','BFIS166410','단건');
Insert into BHF_CLOSING_DETAIL (CLOSING_DETAIL_CODE,CLOSING_CODE,BNF_SLE_QY,GOODS_CODE,GOODS_NAME,OPTION_CODE,OPTION_NAME) values ('bhf_close_dt1988','bhf_close258',71,'MLIS2','립글로스','MLIS23','1호');
Insert into BHF_CLOSING_DETAIL (CLOSING_DETAIL_CODE,CLOSING_CODE,BNF_SLE_QY,GOODS_CODE,GOODS_NAME,OPTION_CODE,OPTION_NAME) values ('bhf_close_dt1989','bhf_close258',99,'MLIS164','아이라이너','MLIS164407','브라운');
Insert into BHF_CLOSING_DETAIL (CLOSING_DETAIL_CODE,CLOSING_CODE,BNF_SLE_QY,GOODS_CODE,GOODS_NAME,OPTION_CODE,OPTION_NAME) values ('bhf_close_dt1990','bhf_close258',80,'MLHR11','블러글로이립틴트','MLHR1120',' 225 파시오');
Insert into BHF_CLOSING_DETAIL (CLOSING_DETAIL_CODE,CLOSING_CODE,BNF_SLE_QY,GOODS_CODE,GOODS_NAME,OPTION_CODE,OPTION_NAME) values ('bhf_close_dt1991','bhf_close258',66,'MLHR11','블러글로이립틴트','MLHR1118','221 테메트 노스케');
Insert into BHF_CLOSING_DETAIL (CLOSING_DETAIL_CODE,CLOSING_CODE,BNF_SLE_QY,GOODS_CODE,GOODS_NAME,OPTION_CODE,OPTION_NAME) values ('bhf_close_dt1992','bhf_close258',72,'LH001','헤라글로우틴트','LH001324','123호딸기잼');
Insert into BHF_CLOSING_DETAIL (CLOSING_DETAIL_CODE,CLOSING_CODE,BNF_SLE_QY,GOODS_CODE,GOODS_NAME,OPTION_CODE,OPTION_NAME) values ('bhf_close_dt1993','bhf_close258',83,'LH001','헤라글로우틴트','LH001321','111호사과잼');
Insert into BHF_CLOSING_DETAIL (CLOSING_DETAIL_CODE,CLOSING_CODE,BNF_SLE_QY,GOODS_CODE,GOODS_NAME,OPTION_CODE,OPTION_NAME) values ('bhf_close_dt1994','bhf_close258',14,'LH001','헤라글로우틴트','LH0012','308호체리쉬');
Insert into BHF_CLOSING_DETAIL (CLOSING_DETAIL_CODE,CLOSING_CODE,BNF_SLE_QY,GOODS_CODE,GOODS_NAME,OPTION_CODE,OPTION_NAME) values ('bhf_close_dt1995','bhf_close258',90,'BSIS165','향수','BSIS165409','우디');
Insert into BHF_CLOSING_DETAIL (CLOSING_DETAIL_CODE,CLOSING_CODE,BNF_SLE_QY,GOODS_CODE,GOODS_NAME,OPTION_CODE,OPTION_NAME) values ('bhf_close_dt1996','bhf_close258',3,'BSIS10',' 히알루론산 세럼 ','BSIS1017','단건');
Insert into BHF_CLOSING_DETAIL (CLOSING_DETAIL_CODE,CLOSING_CODE,BNF_SLE_QY,GOODS_CODE,GOODS_NAME,OPTION_CODE,OPTION_NAME) values ('bhf_close_dt1997','bhf_close258',67,'BFHR32','프로아이팔레트','BFHR3265','03 핑크페어링');
Insert into BHF_CLOSING_DETAIL (CLOSING_DETAIL_CODE,CLOSING_CODE,BNF_SLE_QY,GOODS_CODE,GOODS_NAME,OPTION_CODE,OPTION_NAME) values ('bhf_close_dt1998','bhf_close258',27,'BFHR32','프로아이팔레트','BFHR3264','02 로즈커넥트');
Insert into BHF_CLOSING_DETAIL (CLOSING_DETAIL_CODE,CLOSING_CODE,BNF_SLE_QY,GOODS_CODE,GOODS_NAME,OPTION_CODE,OPTION_NAME) values ('bhf_close_dt1999','bhf_close258',17,'BFHR32','프로아이팔레트','BFHR3263','01 로즈다이어리');
Insert into BHF_CLOSING_DETAIL (CLOSING_DETAIL_CODE,CLOSING_CODE,BNF_SLE_QY,GOODS_CODE,GOODS_NAME,OPTION_CODE,OPTION_NAME) values ('bhf_close_dt2000','bhf_close259',27,'MLIS2','립글로스','MLIS24','2호');
Insert into BHF_CLOSING_DETAIL (CLOSING_DETAIL_CODE,CLOSING_CODE,BNF_SLE_QY,GOODS_CODE,GOODS_NAME,OPTION_CODE,OPTION_NAME) values ('bhf_close_dtl322','bhf_close264',8,'BFHB238','향수','BFHB238554','단건');
Insert into BHF_CLOSING_DETAIL (CLOSING_DETAIL_CODE,CLOSING_CODE,BNF_SLE_QY,GOODS_CODE,GOODS_NAME,OPTION_CODE,OPTION_NAME) values ('bhf_close_dt2002','bhf_close259',78,'MLIS164','아이라이너','MLIS164406','블랙');
Insert into BHF_CLOSING_DETAIL (CLOSING_DETAIL_CODE,CLOSING_CODE,BNF_SLE_QY,GOODS_CODE,GOODS_NAME,OPTION_CODE,OPTION_NAME) values ('bhf_close_dt2003','bhf_close259',38,'MLHR11','블러글로이립틴트','MLHR1119',' 222 피아트 룩스');
Insert into BHF_CLOSING_DETAIL (CLOSING_DETAIL_CODE,CLOSING_CODE,BNF_SLE_QY,GOODS_CODE,GOODS_NAME,OPTION_CODE,OPTION_NAME) values ('bhf_close_dt2004','bhf_close259',99,'LH001','헤라글로우틴트','LH0011','422호스피치리스');
Insert into BHF_CLOSING_DETAIL (CLOSING_DETAIL_CODE,CLOSING_CODE,BNF_SLE_QY,GOODS_CODE,GOODS_NAME,OPTION_CODE,OPTION_NAME) values ('bhf_close_dt2005','bhf_close259',27,'BSIS167','립밤','BSIS167411','단건');
Insert into BHF_CLOSING_DETAIL (CLOSING_DETAIL_CODE,CLOSING_CODE,BNF_SLE_QY,GOODS_CODE,GOODS_NAME,OPTION_CODE,OPTION_NAME) values ('bhf_close_dt2006','bhf_close259',10,'BSIS165','향수','BSIS165408','플로럴');
Insert into BHF_CLOSING_DETAIL (CLOSING_DETAIL_CODE,CLOSING_CODE,BNF_SLE_QY,GOODS_CODE,GOODS_NAME,OPTION_CODE,OPTION_NAME) values ('bhf_close_dt2007','bhf_close259',37,'BFIS166','향수','BFIS166410','단건');
Insert into BHF_CLOSING_DETAIL (CLOSING_DETAIL_CODE,CLOSING_CODE,BNF_SLE_QY,GOODS_CODE,GOODS_NAME,OPTION_CODE,OPTION_NAME) values ('bhf_close_dt2008','bhf_close259',45,'MLIS2','립글로스','MLIS23','1호');
Insert into BHF_CLOSING_DETAIL (CLOSING_DETAIL_CODE,CLOSING_CODE,BNF_SLE_QY,GOODS_CODE,GOODS_NAME,OPTION_CODE,OPTION_NAME) values ('bhf_close_dt2009','bhf_close259',1,'MLIS164','아이라이너','MLIS164407','브라운');
Insert into BHF_CLOSING_DETAIL (CLOSING_DETAIL_CODE,CLOSING_CODE,BNF_SLE_QY,GOODS_CODE,GOODS_NAME,OPTION_CODE,OPTION_NAME) values ('bhf_close_dt2010','bhf_close259',87,'MLHR11','블러글로이립틴트','MLHR1120',' 225 파시오');
Insert into BHF_CLOSING_DETAIL (CLOSING_DETAIL_CODE,CLOSING_CODE,BNF_SLE_QY,GOODS_CODE,GOODS_NAME,OPTION_CODE,OPTION_NAME) values ('bhf_close_dt2011','bhf_close259',76,'MLHR11','블러글로이립틴트','MLHR1118','221 테메트 노스케');
Insert into BHF_CLOSING_DETAIL (CLOSING_DETAIL_CODE,CLOSING_CODE,BNF_SLE_QY,GOODS_CODE,GOODS_NAME,OPTION_CODE,OPTION_NAME) values ('bhf_close_dt2012','bhf_close259',24,'LH001','헤라글로우틴트','LH001324','123호딸기잼');
Insert into BHF_CLOSING_DETAIL (CLOSING_DETAIL_CODE,CLOSING_CODE,BNF_SLE_QY,GOODS_CODE,GOODS_NAME,OPTION_CODE,OPTION_NAME) values ('bhf_close_dt2013','bhf_close259',57,'LH001','헤라글로우틴트','LH001321','111호사과잼');
Insert into BHF_CLOSING_DETAIL (CLOSING_DETAIL_CODE,CLOSING_CODE,BNF_SLE_QY,GOODS_CODE,GOODS_NAME,OPTION_CODE,OPTION_NAME) values ('bhf_close_dt2014','bhf_close259',99,'LH001','헤라글로우틴트','LH0012','308호체리쉬');
Insert into BHF_CLOSING_DETAIL (CLOSING_DETAIL_CODE,CLOSING_CODE,BNF_SLE_QY,GOODS_CODE,GOODS_NAME,OPTION_CODE,OPTION_NAME) values ('bhf_close_dt2015','bhf_close259',28,'BSIS165','향수','BSIS165409','우디');
Insert into BHF_CLOSING_DETAIL (CLOSING_DETAIL_CODE,CLOSING_CODE,BNF_SLE_QY,GOODS_CODE,GOODS_NAME,OPTION_CODE,OPTION_NAME) values ('bhf_close_dt2016','bhf_close259',45,'BSIS10',' 히알루론산 세럼 ','BSIS1017','단건');
Insert into BHF_CLOSING_DETAIL (CLOSING_DETAIL_CODE,CLOSING_CODE,BNF_SLE_QY,GOODS_CODE,GOODS_NAME,OPTION_CODE,OPTION_NAME) values ('bhf_close_dt2017','bhf_close259',53,'BFHR32','프로아이팔레트','BFHR3265','03 핑크페어링');
Insert into BHF_CLOSING_DETAIL (CLOSING_DETAIL_CODE,CLOSING_CODE,BNF_SLE_QY,GOODS_CODE,GOODS_NAME,OPTION_CODE,OPTION_NAME) values ('bhf_close_dt2018','bhf_close259',67,'BFHR32','프로아이팔레트','BFHR3264','02 로즈커넥트');
Insert into BHF_CLOSING_DETAIL (CLOSING_DETAIL_CODE,CLOSING_CODE,BNF_SLE_QY,GOODS_CODE,GOODS_NAME,OPTION_CODE,OPTION_NAME) values ('bhf_close_dt2019','bhf_close259',90,'BFHR32','프로아이팔레트','BFHR3263','01 로즈다이어리');
Insert into BHF_CLOSING_DETAIL (CLOSING_DETAIL_CODE,CLOSING_CODE,BNF_SLE_QY,GOODS_CODE,GOODS_NAME,OPTION_CODE,OPTION_NAME) values ('bhf_close_dtl342','bhf_close265',8,'BFHB238','향수','BFHB238554','단건');
Insert into BHF_CLOSING_DETAIL (CLOSING_DETAIL_CODE,CLOSING_CODE,BNF_SLE_QY,GOODS_CODE,GOODS_NAME,OPTION_CODE,OPTION_NAME) values ('bhf_close_dtl343','bhf_close265',13,'BSHC179','히알루론산세럼','BSHC179433','단건');
Insert into BHF_CLOSING_DETAIL (CLOSING_DETAIL_CODE,CLOSING_CODE,BNF_SLE_QY,GOODS_CODE,GOODS_NAME,OPTION_CODE,OPTION_NAME) values ('bhf_close_dtl344','bhf_close265',5,'MLIS180','볼류밍글로스','MLIS180434','캔디');
Insert into BHF_CLOSING_DETAIL (CLOSING_DETAIL_CODE,CLOSING_CODE,BNF_SLE_QY,GOODS_CODE,GOODS_NAME,OPTION_CODE,OPTION_NAME) values ('bhf_close_dtl345','bhf_close265',20,'MLIS180','볼류밍글로스','MLIS180435','앵두');
Insert into BHF_CLOSING_DETAIL (CLOSING_DETAIL_CODE,CLOSING_CODE,BNF_SLE_QY,GOODS_CODE,GOODS_NAME,OPTION_CODE,OPTION_NAME) values ('bhf_close_dtl361','bhf_close266',1000,'LH001','헤라글로우틴트','LH0011','422호스피치리스');
Insert into BHF_CLOSING_DETAIL (CLOSING_DETAIL_CODE,CLOSING_CODE,BNF_SLE_QY,GOODS_CODE,GOODS_NAME,OPTION_CODE,OPTION_NAME) values ('bhf_close_dtl362','bhf_close266',80,'LH001','헤라글로우틴트','LH0012','308호체리쉬');
Insert into BHF_CLOSING_DETAIL (CLOSING_DETAIL_CODE,CLOSING_CODE,BNF_SLE_QY,GOODS_CODE,GOODS_NAME,OPTION_CODE,OPTION_NAME) values ('bhf_close_dtl363','bhf_close266',150,'BFHR32','프로아이팔레트','BFHR3263','01 로즈다이어리');
Insert into BHF_CLOSING_DETAIL (CLOSING_DETAIL_CODE,CLOSING_CODE,BNF_SLE_QY,GOODS_CODE,GOODS_NAME,OPTION_CODE,OPTION_NAME) values ('bhf_close_dtl386','bhf_close268',15,'BSHC237','코오롱향수','BSHC237553','단건');
Insert into BHF_CLOSING_DETAIL (CLOSING_DETAIL_CODE,CLOSING_CODE,BNF_SLE_QY,GOODS_CODE,GOODS_NAME,OPTION_CODE,OPTION_NAME) values ('bhf_close_dtl323','bhf_close264',13,'BSHC179','히알루론산세럼','BSHC179433','단건');
Insert into BHF_CLOSING_DETAIL (CLOSING_DETAIL_CODE,CLOSING_CODE,BNF_SLE_QY,GOODS_CODE,GOODS_NAME,OPTION_CODE,OPTION_NAME) values ('bhf_close_dtl324','bhf_close264',5,'MLIS180','볼류밍글로스','MLIS180434','캔디');
Insert into BHF_CLOSING_DETAIL (CLOSING_DETAIL_CODE,CLOSING_CODE,BNF_SLE_QY,GOODS_CODE,GOODS_NAME,OPTION_CODE,OPTION_NAME) values ('bhf_close_dtl325','bhf_close264',20,'MLIS180','볼류밍글로스','MLIS180435','앵두');
Insert into BHF_CLOSING_DETAIL (CLOSING_DETAIL_CODE,CLOSING_CODE,BNF_SLE_QY,GOODS_CODE,GOODS_NAME,OPTION_CODE,OPTION_NAME) values ('bhf_close_dtl341','bhf_close265',15,'BSHC237','코오롱향수','BSHC237553','단건');
Insert into BHF_CLOSING_DETAIL (CLOSING_DETAIL_CODE,CLOSING_CODE,BNF_SLE_QY,GOODS_CODE,GOODS_NAME,OPTION_CODE,OPTION_NAME) values ('bhf_close_dtl387','bhf_close268',8,'BFHB238','향수','BFHB238554','단건');
Insert into BHF_CLOSING_DETAIL (CLOSING_DETAIL_CODE,CLOSING_CODE,BNF_SLE_QY,GOODS_CODE,GOODS_NAME,OPTION_CODE,OPTION_NAME) values ('bhf_close_dtl388','bhf_close268',13,'BSHC179','히알루론산세럼','BSHC179433','단건');
Insert into BHF_CLOSING_DETAIL (CLOSING_DETAIL_CODE,CLOSING_CODE,BNF_SLE_QY,GOODS_CODE,GOODS_NAME,OPTION_CODE,OPTION_NAME) values ('bhf_close_dtl389','bhf_close268',5,'MLIS180','볼류밍글로스','MLIS180434','캔디');
Insert into BHF_CLOSING_DETAIL (CLOSING_DETAIL_CODE,CLOSING_CODE,BNF_SLE_QY,GOODS_CODE,GOODS_NAME,OPTION_CODE,OPTION_NAME) values ('bhf_close_dtl390','bhf_close268',20,'MLIS180','볼류밍글로스','MLIS180435','앵두');
Insert into BHF_CLOSING_DETAIL (CLOSING_DETAIL_CODE,CLOSING_CODE,BNF_SLE_QY,GOODS_CODE,GOODS_NAME,OPTION_CODE,OPTION_NAME) values ('bhf_close_dtl441','bhf_close271',15,'BSHC237','코오롱향수','BSHC237553','단건');
Insert into BHF_CLOSING_DETAIL (CLOSING_DETAIL_CODE,CLOSING_CODE,BNF_SLE_QY,GOODS_CODE,GOODS_NAME,OPTION_CODE,OPTION_NAME) values ('bhf_close_dtl442','bhf_close271',8,'BFHB238','스위트 라이크 캔디 향수','BFHB238554','단건');
Insert into BHF_CLOSING_DETAIL (CLOSING_DETAIL_CODE,CLOSING_CODE,BNF_SLE_QY,GOODS_CODE,GOODS_NAME,OPTION_CODE,OPTION_NAME) values ('bhf_close_dtl443','bhf_close271',13,'BSHC179','히알루론산세럼','BSHC179433','단건');
Insert into BHF_CLOSING_DETAIL (CLOSING_DETAIL_CODE,CLOSING_CODE,BNF_SLE_QY,GOODS_CODE,GOODS_NAME,OPTION_CODE,OPTION_NAME) values ('bhf_close_dtl444','bhf_close271',5,'MLIS180','볼류밍글로스','MLIS180434','캔디');
REM INSERTING into BHF_GOODS_MEDIATION
SET DEFINE OFF;
Insert into BHF_GOODS_MEDIATION (MEDIATION_CODE,GOODS_CODE,GOODS_NAME,OPTION_CODE,OPTION_NAME,GOODS_STANDARD,QUANTITY,MEDIATION_QUANTITY,MEDIATION_REASON,MEDIATION_DATE,COMPANY_NUM,BRANCH_OFFICE_ID) values ('medaiation102','MLIS180','볼류밍 글로스','MLIS180437','바닐라','1box 6piece',0,4,'테스트 상품 등록',to_date('25/03/11','RR/MM/DD'),45,'대구점');
Insert into BHF_GOODS_MEDIATION (MEDIATION_CODE,GOODS_CODE,GOODS_NAME,OPTION_CODE,OPTION_NAME,GOODS_STANDARD,QUANTITY,MEDIATION_QUANTITY,MEDIATION_REASON,MEDIATION_DATE,COMPANY_NUM,BRANCH_OFFICE_ID) values ('medaiation21','MLIS180','볼류밍 글로스','MLIS180437','바닐라','1box 6piece',0,1,'테스트 상품 등록',to_date('25/03/07','RR/MM/DD'),45,'대구점');
Insert into BHF_GOODS_MEDIATION (MEDIATION_CODE,GOODS_CODE,GOODS_NAME,OPTION_CODE,OPTION_NAME,GOODS_STANDARD,QUANTITY,MEDIATION_QUANTITY,MEDIATION_REASON,MEDIATION_DATE,COMPANY_NUM,BRANCH_OFFICE_ID) values ('medaiation1','MLIS180','볼류밍 글로스','MLIS180437','바닐라','1box 6piece',0,2,'테스트 상품 등록으로 인한 재고 조정',to_date('25/03/07','RR/MM/DD'),45,'대구점');
Insert into BHF_GOODS_MEDIATION (MEDIATION_CODE,GOODS_CODE,GOODS_NAME,OPTION_CODE,OPTION_NAME,GOODS_STANDARD,QUANTITY,MEDIATION_QUANTITY,MEDIATION_REASON,MEDIATION_DATE,COMPANY_NUM,BRANCH_OFFICE_ID) values ('medaiation81','BFHB210','아티산/아티산블랙 향수','BFHB210500','단건','1box 2piece',1,0,'재고파악시 한개 더 나옴',to_date('25/03/11','RR/MM/DD'),45,'대구점');
Insert into BHF_GOODS_MEDIATION (MEDIATION_CODE,GOODS_CODE,GOODS_NAME,OPTION_CODE,OPTION_NAME,GOODS_STANDARD,QUANTITY,MEDIATION_QUANTITY,MEDIATION_REASON,MEDIATION_DATE,COMPANY_NUM,BRANCH_OFFICE_ID) values ('medaiation41','BFHB210','아티산/아티산블랙 향수','BFHB210500','단건','1box 2piece',0,1,'테스트 상품 등록으로 인한 재고조정',to_date('25/03/07','RR/MM/DD'),45,'대구점');
Insert into BHF_GOODS_MEDIATION (MEDIATION_CODE,GOODS_CODE,GOODS_NAME,OPTION_CODE,OPTION_NAME,GOODS_STANDARD,QUANTITY,MEDIATION_QUANTITY,MEDIATION_REASON,MEDIATION_DATE,COMPANY_NUM,BRANCH_OFFICE_ID) values ('medaiation61','BSHC237','코오롱 향수','BSHC237553','단건','1box 6piece',0,3,'테스트 샘플 등록',to_date('25/03/10','RR/MM/DD'),45,'대구점');
Insert into BHF_GOODS_MEDIATION (MEDIATION_CODE,GOODS_CODE,GOODS_NAME,OPTION_CODE,OPTION_NAME,GOODS_STANDARD,QUANTITY,MEDIATION_QUANTITY,MEDIATION_REASON,MEDIATION_DATE,COMPANY_NUM,BRANCH_OFFICE_ID) values ('medaiation22','MLIS180','볼류밍 글로스','MLIS180437','바닐라','1box 6piece',0,1,'테스트 상품 등록',to_date('25/03/07','RR/MM/DD'),45,'대구점');
REM INSERTING into BHF_IN_LIST
SET DEFINE OFF;
Insert into BHF_IN_LIST (IN_LIST_NUM,GOODS_LOT_NUM,OPTION_BARCODE,IN_QUANTITY,IN_DATE,GOODS_CONSUMPTION_DATE,BRANCH_OFFICE_ID,COMPANY_NUM,IN_EACH_QUANTITY,OPTION_CODE) values (81,'BSHC237553250307260407001','9238555000000',5,to_date('25/03/10','RR/MM/DD'),to_date('26/04/07','RR/MM/DD'),'대구점',45,30,'BSHC237553');
Insert into BHF_IN_LIST (IN_LIST_NUM,GOODS_LOT_NUM,OPTION_BARCODE,IN_QUANTITY,IN_DATE,GOODS_CONSUMPTION_DATE,BRANCH_OFFICE_ID,COMPANY_NUM,IN_EACH_QUANTITY,OPTION_CODE) values (82,'MLIS180435250307280407001','11181437000000',13,to_date('25/03/10','RR/MM/DD'),to_date('28/04/07','RR/MM/DD'),'대구점',45,78,'MLIS180435');
Insert into BHF_IN_LIST (IN_LIST_NUM,GOODS_LOT_NUM,OPTION_BARCODE,IN_QUANTITY,IN_DATE,GOODS_CONSUMPTION_DATE,BRANCH_OFFICE_ID,COMPANY_NUM,IN_EACH_QUANTITY,OPTION_CODE) values (83,'MLIS180434250310280303001','11181436000000',8,to_date('25/03/10','RR/MM/DD'),to_date('28/03/03','RR/MM/DD'),'대구점',45,48,'MLIS180434');
Insert into BHF_IN_LIST (IN_LIST_NUM,GOODS_LOT_NUM,OPTION_BARCODE,IN_QUANTITY,IN_DATE,GOODS_CONSUMPTION_DATE,BRANCH_OFFICE_ID,COMPANY_NUM,IN_EACH_QUANTITY,OPTION_CODE) values (84,'MLIS180436250310280303001','11181438000000',10,to_date('25/03/10','RR/MM/DD'),to_date('28/03/03','RR/MM/DD'),'대구점',45,60,'MLIS180436');
Insert into BHF_IN_LIST (IN_LIST_NUM,GOODS_LOT_NUM,OPTION_BARCODE,IN_QUANTITY,IN_DATE,GOODS_CONSUMPTION_DATE,BRANCH_OFFICE_ID,COMPANY_NUM,IN_EACH_QUANTITY,OPTION_CODE) values (21,'MLIS180437250307280207001','11181439000000',4,to_date('25/03/07','RR/MM/DD'),to_date('28/02/07','RR/MM/DD'),'대구점',45,24,'MLIS180437');
Insert into BHF_IN_LIST (IN_LIST_NUM,GOODS_LOT_NUM,OPTION_BARCODE,IN_QUANTITY,IN_DATE,GOODS_CONSUMPTION_DATE,BRANCH_OFFICE_ID,COMPANY_NUM,IN_EACH_QUANTITY,OPTION_CODE) values (41,'BSHC237553250307260407001','9238555000000',10,to_date('25/03/07','RR/MM/DD'),to_date('26/04/07','RR/MM/DD'),'대구점',45,60,'BSHC237553');
Insert into BHF_IN_LIST (IN_LIST_NUM,GOODS_LOT_NUM,OPTION_BARCODE,IN_QUANTITY,IN_DATE,GOODS_CONSUMPTION_DATE,BRANCH_OFFICE_ID,COMPANY_NUM,IN_EACH_QUANTITY,OPTION_CODE) values (9,'MLIS180437250307280207001','11181439000000',10,to_date('25/03/07','RR/MM/DD'),to_date('28/02/07','RR/MM/DD'),'대구점',45,60,'MLIS180437');
Insert into BHF_IN_LIST (IN_LIST_NUM,GOODS_LOT_NUM,OPTION_BARCODE,IN_QUANTITY,IN_DATE,GOODS_CONSUMPTION_DATE,BRANCH_OFFICE_ID,COMPANY_NUM,IN_EACH_QUANTITY,OPTION_CODE) values (10,'MLIS180436250307280207001','11181438000000',10,to_date('25/03/07','RR/MM/DD'),to_date('28/02/07','RR/MM/DD'),'대구점',45,60,'MLIS180436');
Insert into BHF_IN_LIST (IN_LIST_NUM,GOODS_LOT_NUM,OPTION_BARCODE,IN_QUANTITY,IN_DATE,GOODS_CONSUMPTION_DATE,BRANCH_OFFICE_ID,COMPANY_NUM,IN_EACH_QUANTITY,OPTION_CODE) values (11,'MLIS180435250307280207001','11181437000000',10,to_date('25/03/07','RR/MM/DD'),to_date('28/02/07','RR/MM/DD'),'대구점',45,60,'MLIS180435');
Insert into BHF_IN_LIST (IN_LIST_NUM,GOODS_LOT_NUM,OPTION_BARCODE,IN_QUANTITY,IN_DATE,GOODS_CONSUMPTION_DATE,BRANCH_OFFICE_ID,COMPANY_NUM,IN_EACH_QUANTITY,OPTION_CODE) values (12,'BSHC237553250307260207001','9238555000000',30,to_date('25/03/07','RR/MM/DD'),to_date('26/02/07','RR/MM/DD'),'대구점',45,180,'BSHC237553');
Insert into BHF_IN_LIST (IN_LIST_NUM,GOODS_LOT_NUM,OPTION_BARCODE,IN_QUANTITY,IN_DATE,GOODS_CONSUMPTION_DATE,BRANCH_OFFICE_ID,COMPANY_NUM,IN_EACH_QUANTITY,OPTION_CODE) values (13,'BFHB238554250307270207001','11239556000000',10,to_date('25/03/07','RR/MM/DD'),to_date('27/02/07','RR/MM/DD'),'대구점',45,20,'BFHB238554');
Insert into BHF_IN_LIST (IN_LIST_NUM,GOODS_LOT_NUM,OPTION_BARCODE,IN_QUANTITY,IN_DATE,GOODS_CONSUMPTION_DATE,BRANCH_OFFICE_ID,COMPANY_NUM,IN_EACH_QUANTITY,OPTION_CODE) values (14,'BFHB210500250307270207001','16211502000000',30,to_date('25/03/07','RR/MM/DD'),to_date('27/02/07','RR/MM/DD'),'대구점',45,60,'BFHB210500');
Insert into BHF_IN_LIST (IN_LIST_NUM,GOODS_LOT_NUM,OPTION_BARCODE,IN_QUANTITY,IN_DATE,GOODS_CONSUMPTION_DATE,BRANCH_OFFICE_ID,COMPANY_NUM,IN_EACH_QUANTITY,OPTION_CODE) values (61,'BSHC237553250307260407001','9238555000000',10,to_date('25/03/07','RR/MM/DD'),to_date('26/04/07','RR/MM/DD'),'대구점',45,60,'BSHC237553');
Insert into BHF_IN_LIST (IN_LIST_NUM,GOODS_LOT_NUM,OPTION_BARCODE,IN_QUANTITY,IN_DATE,GOODS_CONSUMPTION_DATE,BRANCH_OFFICE_ID,COMPANY_NUM,IN_EACH_QUANTITY,OPTION_CODE) values (1,'BSHC237553250307260207001','9238555000000',20,to_date('25/03/07','RR/MM/DD'),to_date('26/02/07','RR/MM/DD'),'대구점',45,120,'BSHC237553');
Insert into BHF_IN_LIST (IN_LIST_NUM,GOODS_LOT_NUM,OPTION_BARCODE,IN_QUANTITY,IN_DATE,GOODS_CONSUMPTION_DATE,BRANCH_OFFICE_ID,COMPANY_NUM,IN_EACH_QUANTITY,OPTION_CODE) values (2,'BFHB238554250307270207001','11239556000000',20,to_date('25/03/07','RR/MM/DD'),to_date('27/02/07','RR/MM/DD'),'대구점',45,40,'BFHB238554');
Insert into BHF_IN_LIST (IN_LIST_NUM,GOODS_LOT_NUM,OPTION_BARCODE,IN_QUANTITY,IN_DATE,GOODS_CONSUMPTION_DATE,BRANCH_OFFICE_ID,COMPANY_NUM,IN_EACH_QUANTITY,OPTION_CODE) values (3,'MLIS180434250307280207001','11181436000000',20,to_date('25/03/07','RR/MM/DD'),to_date('28/02/07','RR/MM/DD'),'대구점',45,120,'MLIS180434');
Insert into BHF_IN_LIST (IN_LIST_NUM,GOODS_LOT_NUM,OPTION_BARCODE,IN_QUANTITY,IN_DATE,GOODS_CONSUMPTION_DATE,BRANCH_OFFICE_ID,COMPANY_NUM,IN_EACH_QUANTITY,OPTION_CODE) values (4,'MLIS180437250307280207001','11181439000000',20,to_date('25/03/07','RR/MM/DD'),to_date('28/02/07','RR/MM/DD'),'대구점',45,120,'MLIS180437');
Insert into BHF_IN_LIST (IN_LIST_NUM,GOODS_LOT_NUM,OPTION_BARCODE,IN_QUANTITY,IN_DATE,GOODS_CONSUMPTION_DATE,BRANCH_OFFICE_ID,COMPANY_NUM,IN_EACH_QUANTITY,OPTION_CODE) values (5,'MLIS180436250307280207001','11181438000000',20,to_date('25/03/07','RR/MM/DD'),to_date('28/02/07','RR/MM/DD'),'대구점',45,120,'MLIS180436');
Insert into BHF_IN_LIST (IN_LIST_NUM,GOODS_LOT_NUM,OPTION_BARCODE,IN_QUANTITY,IN_DATE,GOODS_CONSUMPTION_DATE,BRANCH_OFFICE_ID,COMPANY_NUM,IN_EACH_QUANTITY,OPTION_CODE) values (6,'MLIS180435250307280207001','11181437000000',20,to_date('25/03/07','RR/MM/DD'),to_date('28/02/07','RR/MM/DD'),'대구점',45,120,'MLIS180435');
Insert into BHF_IN_LIST (IN_LIST_NUM,GOODS_LOT_NUM,OPTION_BARCODE,IN_QUANTITY,IN_DATE,GOODS_CONSUMPTION_DATE,BRANCH_OFFICE_ID,COMPANY_NUM,IN_EACH_QUANTITY,OPTION_CODE) values (7,'BFHB210500250307270207001','16211502000000',20,to_date('25/03/07','RR/MM/DD'),to_date('27/02/07','RR/MM/DD'),'대구점',45,40,'BFHB210500');
Insert into BHF_IN_LIST (IN_LIST_NUM,GOODS_LOT_NUM,OPTION_BARCODE,IN_QUANTITY,IN_DATE,GOODS_CONSUMPTION_DATE,BRANCH_OFFICE_ID,COMPANY_NUM,IN_EACH_QUANTITY,OPTION_CODE) values (8,'MLIS180434250307280207001','11181436000000',10,to_date('25/03/07','RR/MM/DD'),to_date('28/02/07','RR/MM/DD'),'대구점',45,60,'MLIS180434');
Insert into BHF_IN_LIST (IN_LIST_NUM,GOODS_LOT_NUM,OPTION_BARCODE,IN_QUANTITY,IN_DATE,GOODS_CONSUMPTION_DATE,BRANCH_OFFICE_ID,COMPANY_NUM,IN_EACH_QUANTITY,OPTION_CODE) values (101,'BFHB238554250311270211001','11239556000000',100,to_date('25/03/11','RR/MM/DD'),to_date('27/02/11','RR/MM/DD'),'대구점',45,200,'BFHB238554');
Insert into BHF_IN_LIST (IN_LIST_NUM,GOODS_LOT_NUM,OPTION_BARCODE,IN_QUANTITY,IN_DATE,GOODS_CONSUMPTION_DATE,BRANCH_OFFICE_ID,COMPANY_NUM,IN_EACH_QUANTITY,OPTION_CODE) values (102,'MLIS180434250311280211001','11181436000000',50,to_date('25/03/11','RR/MM/DD'),to_date('28/02/11','RR/MM/DD'),'대구점',45,300,'MLIS180434');
Insert into BHF_IN_LIST (IN_LIST_NUM,GOODS_LOT_NUM,OPTION_BARCODE,IN_QUANTITY,IN_DATE,GOODS_CONSUMPTION_DATE,BRANCH_OFFICE_ID,COMPANY_NUM,IN_EACH_QUANTITY,OPTION_CODE) values (103,'BSHC179433250311260211001','17180435000000',50,to_date('25/03/11','RR/MM/DD'),to_date('26/02/11','RR/MM/DD'),'대구점',45,300,'BSHC179433');
Insert into BHF_IN_LIST (IN_LIST_NUM,GOODS_LOT_NUM,OPTION_BARCODE,IN_QUANTITY,IN_DATE,GOODS_CONSUMPTION_DATE,BRANCH_OFFICE_ID,COMPANY_NUM,IN_EACH_QUANTITY,OPTION_CODE) values (104,'BSHC237553250311260211001','9238555000000',50,to_date('25/03/11','RR/MM/DD'),to_date('26/02/11','RR/MM/DD'),'대구점',45,300,'BSHC237553');
Insert into BHF_IN_LIST (IN_LIST_NUM,GOODS_LOT_NUM,OPTION_BARCODE,IN_QUANTITY,IN_DATE,GOODS_CONSUMPTION_DATE,BRANCH_OFFICE_ID,COMPANY_NUM,IN_EACH_QUANTITY,OPTION_CODE) values (121,'MLIS180434250311280301002','11181436000000',100,to_date('25/03/12','RR/MM/DD'),to_date('28/03/01','RR/MM/DD'),'대구점',45,600,'MLIS180434');
Insert into BHF_IN_LIST (IN_LIST_NUM,GOODS_LOT_NUM,OPTION_BARCODE,IN_QUANTITY,IN_DATE,GOODS_CONSUMPTION_DATE,BRANCH_OFFICE_ID,COMPANY_NUM,IN_EACH_QUANTITY,OPTION_CODE) values (122,'BSHC237553250311260301002','9238555000000',100,to_date('25/03/12','RR/MM/DD'),to_date('26/03/01','RR/MM/DD'),'대구점',45,600,'BSHC237553');
Insert into BHF_IN_LIST (IN_LIST_NUM,GOODS_LOT_NUM,OPTION_BARCODE,IN_QUANTITY,IN_DATE,GOODS_CONSUMPTION_DATE,BRANCH_OFFICE_ID,COMPANY_NUM,IN_EACH_QUANTITY,OPTION_CODE) values (123,'BFHB238554250311270301002','11239556000000',50,to_date('25/03/12','RR/MM/DD'),to_date('27/03/01','RR/MM/DD'),'대구점',45,100,'BFHB238554');
Insert into BHF_IN_LIST (IN_LIST_NUM,GOODS_LOT_NUM,OPTION_BARCODE,IN_QUANTITY,IN_DATE,GOODS_CONSUMPTION_DATE,BRANCH_OFFICE_ID,COMPANY_NUM,IN_EACH_QUANTITY,OPTION_CODE) values (124,'BSHC179433250311260211001','17180435000000',100,to_date('25/03/12','RR/MM/DD'),to_date('26/02/11','RR/MM/DD'),'대구점',45,600,'BSHC179433');
Insert into BHF_IN_LIST (IN_LIST_NUM,GOODS_LOT_NUM,OPTION_BARCODE,IN_QUANTITY,IN_DATE,GOODS_CONSUMPTION_DATE,BRANCH_OFFICE_ID,COMPANY_NUM,IN_EACH_QUANTITY,OPTION_CODE) values (125,'BSHC179433250311260301002','17180435000000',100,to_date('25/03/12','RR/MM/DD'),to_date('26/03/01','RR/MM/DD'),'대구점',45,600,'BSHC179433');
REM INSERTING into BHF_ORDER
SET DEFINE OFF;
Insert into BHF_ORDER (ORDER_CODE,BRANCH_OFFICE_ID,PROGRESS_STATUS,ORDER_CANCEL_REASON,ORDER_DATE,DUE_DATE,REMARK,COMPANY_NUM) values ('bhf_ord64','대구점','신청',null,to_date('25/03/10','RR/MM/DD'),to_date('25/04/05','RR/MM/DD'),null,45);
Insert into BHF_ORDER (ORDER_CODE,BRANCH_OFFICE_ID,PROGRESS_STATUS,ORDER_CANCEL_REASON,ORDER_DATE,DUE_DATE,REMARK,COMPANY_NUM) values ('bhf_ord65','대구점','신청',null,to_date('25/03/10','RR/MM/DD'),to_date('25/03/10','RR/MM/DD'),'요청 수량보다 적게 들어와서 재요청',45);
Insert into BHF_ORDER (ORDER_CODE,BRANCH_OFFICE_ID,PROGRESS_STATUS,ORDER_CANCEL_REASON,ORDER_DATE,DUE_DATE,REMARK,COMPANY_NUM) values ('bhf_ord59','대구점','출고',null,to_date('25/03/07','RR/MM/DD'),to_date('25/03/10','RR/MM/DD'),null,45);
Insert into BHF_ORDER (ORDER_CODE,BRANCH_OFFICE_ID,PROGRESS_STATUS,ORDER_CANCEL_REASON,ORDER_DATE,DUE_DATE,REMARK,COMPANY_NUM) values ('bhf_ord66','대구점','신청',null,to_date('25/03/10','RR/MM/DD'),to_date('25/03/13','RR/MM/DD'),null,45);
Insert into BHF_ORDER (ORDER_CODE,BRANCH_OFFICE_ID,PROGRESS_STATUS,ORDER_CANCEL_REASON,ORDER_DATE,DUE_DATE,REMARK,COMPANY_NUM) values ('bhf_ord67','대구점','출고',null,to_date('25/03/11','RR/MM/DD'),to_date('25/03/14','RR/MM/DD'),null,45);
Insert into BHF_ORDER (ORDER_CODE,BRANCH_OFFICE_ID,PROGRESS_STATUS,ORDER_CANCEL_REASON,ORDER_DATE,DUE_DATE,REMARK,COMPANY_NUM) values ('bhf_ord57','대구점','완료',null,to_date('25/03/07','RR/MM/DD'),to_date('25/03/22','RR/MM/DD'),null,45);
Insert into BHF_ORDER (ORDER_CODE,BRANCH_OFFICE_ID,PROGRESS_STATUS,ORDER_CANCEL_REASON,ORDER_DATE,DUE_DATE,REMARK,COMPANY_NUM) values ('bhf_ord58','대구점','취소','취소 테스트',to_date('25/03/07','RR/MM/DD'),to_date('25/03/28','RR/MM/DD'),null,45);
Insert into BHF_ORDER (ORDER_CODE,BRANCH_OFFICE_ID,PROGRESS_STATUS,ORDER_CANCEL_REASON,ORDER_DATE,DUE_DATE,REMARK,COMPANY_NUM) values ('bhf_ord60','대구점','완료',null,to_date('25/03/10','RR/MM/DD'),to_date('25/03/14','RR/MM/DD'),null,45);
Insert into BHF_ORDER (ORDER_CODE,BRANCH_OFFICE_ID,PROGRESS_STATUS,ORDER_CANCEL_REASON,ORDER_DATE,DUE_DATE,REMARK,COMPANY_NUM) values ('bhf_ord61','대구점','승인',null,to_date('25/03/10','RR/MM/DD'),to_date('25/03/31','RR/MM/DD'),'상품 입고 요청',45);
Insert into BHF_ORDER (ORDER_CODE,BRANCH_OFFICE_ID,PROGRESS_STATUS,ORDER_CANCEL_REASON,ORDER_DATE,DUE_DATE,REMARK,COMPANY_NUM) values ('bhf_ord62','대구점','승인',null,to_date('25/03/10','RR/MM/DD'),to_date('25/04/01','RR/MM/DD'),null,45);
Insert into BHF_ORDER (ORDER_CODE,BRANCH_OFFICE_ID,PROGRESS_STATUS,ORDER_CANCEL_REASON,ORDER_DATE,DUE_DATE,REMARK,COMPANY_NUM) values ('bhf_ord63','대구점','승인',null,to_date('25/03/10','RR/MM/DD'),to_date('25/04/03','RR/MM/DD'),null,45);
Insert into BHF_ORDER (ORDER_CODE,BRANCH_OFFICE_ID,PROGRESS_STATUS,ORDER_CANCEL_REASON,ORDER_DATE,DUE_DATE,REMARK,COMPANY_NUM) values ('bhf_ord70','대구점','완료',null,to_date('25/03/12','RR/MM/DD'),to_date('25/03/15','RR/MM/DD'),'상품판매건으로 주문요청 합니다',45);
Insert into BHF_ORDER (ORDER_CODE,BRANCH_OFFICE_ID,PROGRESS_STATUS,ORDER_CANCEL_REASON,ORDER_DATE,DUE_DATE,REMARK,COMPANY_NUM) values ('bhf_ord68','대구점','신청',null,to_date('25/03/11','RR/MM/DD'),to_date('25/03/16','RR/MM/DD'),null,45);
Insert into BHF_ORDER (ORDER_CODE,BRANCH_OFFICE_ID,PROGRESS_STATUS,ORDER_CANCEL_REASON,ORDER_DATE,DUE_DATE,REMARK,COMPANY_NUM) values ('bhf_ord69','대구점','완료',null,to_date('25/03/11','RR/MM/DD'),to_date('25/03/14','RR/MM/DD'),null,45);
REM INSERTING into BHF_ORDER_DETAIL
SET DEFINE OFF;
Insert into BHF_ORDER_DETAIL (ORDER_DETAIL_CODE,ORDER_CODE,GOODS_CODE,GOODS_NAME,OPTION_CODE,OPTION_NAME,GOODS_STANDARD,QUANTITY) values ('bhf_ord_dtl168','bhf_ord65','MLIS180','볼류밍 글로스','MLIS180434','캔디','1box 6piece',2);
Insert into BHF_ORDER_DETAIL (ORDER_DETAIL_CODE,ORDER_CODE,GOODS_CODE,GOODS_NAME,OPTION_CODE,OPTION_NAME,GOODS_STANDARD,QUANTITY) values ('bhf_ord_dtl121','bhf_ord59','BSHC237','코오롱 향수','BSHC237553','단건','1box 6piece',10);
Insert into BHF_ORDER_DETAIL (ORDER_DETAIL_CODE,ORDER_CODE,GOODS_CODE,GOODS_NAME,OPTION_CODE,OPTION_NAME,GOODS_STANDARD,QUANTITY) values ('bhf_ord_dtl122','bhf_ord59','BFHB238','스위트 라이크 캔디 향수','BFHB238554','단건','1box 2piece',10);
Insert into BHF_ORDER_DETAIL (ORDER_DETAIL_CODE,ORDER_CODE,GOODS_CODE,GOODS_NAME,OPTION_CODE,OPTION_NAME,GOODS_STANDARD,QUANTITY) values ('bhf_ord_dtl167','bhf_ord64','BSHC237','코오롱 향수','BSHC237553','단건','1box 6piece',5);
Insert into BHF_ORDER_DETAIL (ORDER_DETAIL_CODE,ORDER_CODE,GOODS_CODE,GOODS_NAME,OPTION_CODE,OPTION_NAME,GOODS_STANDARD,QUANTITY) values ('bhf_ord_dtl181','bhf_ord66','BFHB238','스위트 라이크 캔디 향수','BFHB238554','단건','1box 2piece',10);
Insert into BHF_ORDER_DETAIL (ORDER_DETAIL_CODE,ORDER_CODE,GOODS_CODE,GOODS_NAME,OPTION_CODE,OPTION_NAME,GOODS_STANDARD,QUANTITY) values ('bhf_ord_dtl201','bhf_ord67','MLIS180','볼류밍 글로스','MLIS180437','바닐라','1box 6piece',5);
Insert into BHF_ORDER_DETAIL (ORDER_DETAIL_CODE,ORDER_CODE,GOODS_CODE,GOODS_NAME,OPTION_CODE,OPTION_NAME,GOODS_STANDARD,QUANTITY) values ('bhf_ord_dtl202','bhf_ord67','MLIS180','볼류밍 글로스','MLIS180436','소르베','1box 6piece',5);
Insert into BHF_ORDER_DETAIL (ORDER_DETAIL_CODE,ORDER_CODE,GOODS_CODE,GOODS_NAME,OPTION_CODE,OPTION_NAME,GOODS_STANDARD,QUANTITY) values ('bhf_ord_dtl103','bhf_ord58','MLIS180','볼류밍 글로스','MLIS180437','바닐라','1box 6piece',10);
Insert into BHF_ORDER_DETAIL (ORDER_DETAIL_CODE,ORDER_CODE,GOODS_CODE,GOODS_NAME,OPTION_CODE,OPTION_NAME,GOODS_STANDARD,QUANTITY) values ('bhf_ord_dtl101','bhf_ord57','BSHC237','코오롱 향수','BSHC237553','단건','1box 6piece',10);
Insert into BHF_ORDER_DETAIL (ORDER_DETAIL_CODE,ORDER_CODE,GOODS_CODE,GOODS_NAME,OPTION_CODE,OPTION_NAME,GOODS_STANDARD,QUANTITY) values ('bhf_ord_dtl102','bhf_ord58','BFHB210','아티산/아티산블랙 향수','BFHB210500','단건','1box 2piece',5);
Insert into BHF_ORDER_DETAIL (ORDER_DETAIL_CODE,ORDER_CODE,GOODS_CODE,GOODS_NAME,OPTION_CODE,OPTION_NAME,GOODS_STANDARD,QUANTITY) values ('bhf_ord_dtl141','bhf_ord60','BSHC237','코오롱 향수','BSHC237553','단건','1box 6piece',5);
Insert into BHF_ORDER_DETAIL (ORDER_DETAIL_CODE,ORDER_CODE,GOODS_CODE,GOODS_NAME,OPTION_CODE,OPTION_NAME,GOODS_STANDARD,QUANTITY) values ('bhf_ord_dtl142','bhf_ord60','MLIS180','볼류밍 글로스','MLIS180434','캔디','1box 6piece',10);
Insert into BHF_ORDER_DETAIL (ORDER_DETAIL_CODE,ORDER_CODE,GOODS_CODE,GOODS_NAME,OPTION_CODE,OPTION_NAME,GOODS_STANDARD,QUANTITY) values ('bhf_ord_dtl143','bhf_ord60','MLIS180','볼류밍 글로스','MLIS180435','앵두','1box 6piece',10);
Insert into BHF_ORDER_DETAIL (ORDER_DETAIL_CODE,ORDER_CODE,GOODS_CODE,GOODS_NAME,OPTION_CODE,OPTION_NAME,GOODS_STANDARD,QUANTITY) values ('bhf_ord_dtl144','bhf_ord60','MLIS180','볼류밍 글로스','MLIS180436','소르베','1box 6piece',10);
Insert into BHF_ORDER_DETAIL (ORDER_DETAIL_CODE,ORDER_CODE,GOODS_CODE,GOODS_NAME,OPTION_CODE,OPTION_NAME,GOODS_STANDARD,QUANTITY) values ('bhf_ord_dtl161','bhf_ord61','BSHC179','히알루론산 세럼 ','BSHC179433','단건','1box 6piece',30);
Insert into BHF_ORDER_DETAIL (ORDER_DETAIL_CODE,ORDER_CODE,GOODS_CODE,GOODS_NAME,OPTION_CODE,OPTION_NAME,GOODS_STANDARD,QUANTITY) values ('bhf_ord_dtl162','bhf_ord61','MLIS180','볼류밍 글로스','MLIS180437','바닐라','1box 6piece',30);
Insert into BHF_ORDER_DETAIL (ORDER_DETAIL_CODE,ORDER_CODE,GOODS_CODE,GOODS_NAME,OPTION_CODE,OPTION_NAME,GOODS_STANDARD,QUANTITY) values ('bhf_ord_dtl163','bhf_ord61','BFHB210','아티산/아티산블랙 향수','BFHB210500','단건','1box 2piece',20);
Insert into BHF_ORDER_DETAIL (ORDER_DETAIL_CODE,ORDER_CODE,GOODS_CODE,GOODS_NAME,OPTION_CODE,OPTION_NAME,GOODS_STANDARD,QUANTITY) values ('bhf_ord_dtl164','bhf_ord62','BSHC237','코오롱 향수','BSHC237553','단건','1box 6piece',10);
Insert into BHF_ORDER_DETAIL (ORDER_DETAIL_CODE,ORDER_CODE,GOODS_CODE,GOODS_NAME,OPTION_CODE,OPTION_NAME,GOODS_STANDARD,QUANTITY) values ('bhf_ord_dtl165','bhf_ord63','MLIS180','볼류밍 글로스','MLIS180435','앵두','1box 6piece',15);
Insert into BHF_ORDER_DETAIL (ORDER_DETAIL_CODE,ORDER_CODE,GOODS_CODE,GOODS_NAME,OPTION_CODE,OPTION_NAME,GOODS_STANDARD,QUANTITY) values ('bhf_ord_dtl166','bhf_ord63','BSHC237','코오롱 향수','BSHC237553','단건','1box 6piece',10);
Insert into BHF_ORDER_DETAIL (ORDER_DETAIL_CODE,ORDER_CODE,GOODS_CODE,GOODS_NAME,OPTION_CODE,OPTION_NAME,GOODS_STANDARD,QUANTITY) values ('bhf_ord_dtl261','bhf_ord70','BSHC237','코오롱 향수','BSHC237553','단건','1box 6piece',100);
Insert into BHF_ORDER_DETAIL (ORDER_DETAIL_CODE,ORDER_CODE,GOODS_CODE,GOODS_NAME,OPTION_CODE,OPTION_NAME,GOODS_STANDARD,QUANTITY) values ('bhf_ord_dtl262','bhf_ord70','BFHB238','스위트 라이크 캔디 향수','BFHB238554','단건','1box 2piece',50);
Insert into BHF_ORDER_DETAIL (ORDER_DETAIL_CODE,ORDER_CODE,GOODS_CODE,GOODS_NAME,OPTION_CODE,OPTION_NAME,GOODS_STANDARD,QUANTITY) values ('bhf_ord_dtl263','bhf_ord70','BSHC179','히알루론산 세럼 ','BSHC179433','단건','1box 6piece',100);
Insert into BHF_ORDER_DETAIL (ORDER_DETAIL_CODE,ORDER_CODE,GOODS_CODE,GOODS_NAME,OPTION_CODE,OPTION_NAME,GOODS_STANDARD,QUANTITY) values ('bhf_ord_dtl264','bhf_ord70','MLIS180','볼류밍 글로스','MLIS180434','캔디','1box 6piece',100);
Insert into BHF_ORDER_DETAIL (ORDER_DETAIL_CODE,ORDER_CODE,GOODS_CODE,GOODS_NAME,OPTION_CODE,OPTION_NAME,GOODS_STANDARD,QUANTITY) values ('bhf_ord_dtl242','bhf_ord69','BFHB238','스위트 라이크 캔디 향수','BFHB238554','단건','1box 2piece',100);
Insert into BHF_ORDER_DETAIL (ORDER_DETAIL_CODE,ORDER_CODE,GOODS_CODE,GOODS_NAME,OPTION_CODE,OPTION_NAME,GOODS_STANDARD,QUANTITY) values ('bhf_ord_dtl243','bhf_ord69','BSHC179','히알루론산 세럼 ','BSHC179433','단건','1box 6piece',50);
Insert into BHF_ORDER_DETAIL (ORDER_DETAIL_CODE,ORDER_CODE,GOODS_CODE,GOODS_NAME,OPTION_CODE,OPTION_NAME,GOODS_STANDARD,QUANTITY) values ('bhf_ord_dtl244','bhf_ord69','MLIS180','볼류밍 글로스','MLIS180434','캔디','1box 6piece',50);
Insert into BHF_ORDER_DETAIL (ORDER_DETAIL_CODE,ORDER_CODE,GOODS_CODE,GOODS_NAME,OPTION_CODE,OPTION_NAME,GOODS_STANDARD,QUANTITY) values ('bhf_ord_dtl221','bhf_ord68','BSHC237','코오롱 향수','BSHC237553','단건','1box 6piece',3);
Insert into BHF_ORDER_DETAIL (ORDER_DETAIL_CODE,ORDER_CODE,GOODS_CODE,GOODS_NAME,OPTION_CODE,OPTION_NAME,GOODS_STANDARD,QUANTITY) values ('bhf_ord_dtl222','bhf_ord68','BSHC179','히알루론산 세럼 ','BSHC179433','단건','1box 6piece',3);
Insert into BHF_ORDER_DETAIL (ORDER_DETAIL_CODE,ORDER_CODE,GOODS_CODE,GOODS_NAME,OPTION_CODE,OPTION_NAME,GOODS_STANDARD,QUANTITY) values ('bhf_ord_dtl241','bhf_ord69','BSHC237','코오롱 향수','BSHC237553','단건','1box 6piece',50);
REM INSERTING into BHF_RETURNING
SET DEFINE OFF;
Insert into BHF_RETURNING (RETURNING_CODE,BRANCH_OFFICE_ID,PROGRESS_STATUS,REQUEST_DATE,RETURN_REMARK,COMPANY_NUM) values ('bhf_return121','대구점','신청',to_date('25/03/13','RR/MM/DD'),null,45);
Insert into BHF_RETURNING (RETURNING_CODE,BRANCH_OFFICE_ID,PROGRESS_STATUS,REQUEST_DATE,RETURN_REMARK,COMPANY_NUM) values ('bhf_return81','대구점','신청',to_date('25/03/10','RR/MM/DD'),'요청 수량보다 많이 들어와서 반품',45);
Insert into BHF_RETURNING (RETURNING_CODE,BRANCH_OFFICE_ID,PROGRESS_STATUS,REQUEST_DATE,RETURN_REMARK,COMPANY_NUM) values ('bhf_return82','대구점','신청',to_date('25/03/10','RR/MM/DD'),null,45);
Insert into BHF_RETURNING (RETURNING_CODE,BRANCH_OFFICE_ID,PROGRESS_STATUS,REQUEST_DATE,RETURN_REMARK,COMPANY_NUM) values ('bhf_return41','대구점','승인',to_date('25/03/07','RR/MM/DD'),'비고',45);
Insert into BHF_RETURNING (RETURNING_CODE,BRANCH_OFFICE_ID,PROGRESS_STATUS,REQUEST_DATE,RETURN_REMARK,COMPANY_NUM) values ('bhf_return61','대구점','신청',to_date('25/03/07','RR/MM/DD'),null,45);
Insert into BHF_RETURNING (RETURNING_CODE,BRANCH_OFFICE_ID,PROGRESS_STATUS,REQUEST_DATE,RETURN_REMARK,COMPANY_NUM) values ('bhf_return83','대구점','신청',to_date('25/03/10','RR/MM/DD'),null,45);
Insert into BHF_RETURNING (RETURNING_CODE,BRANCH_OFFICE_ID,PROGRESS_STATUS,REQUEST_DATE,RETURN_REMARK,COMPANY_NUM) values ('bhf_return84','대구점','신청',to_date('25/03/10','RR/MM/DD'),null,45);
Insert into BHF_RETURNING (RETURNING_CODE,BRANCH_OFFICE_ID,PROGRESS_STATUS,REQUEST_DATE,RETURN_REMARK,COMPANY_NUM) values ('bhf_return101','대구점','신청',to_date('25/03/11','RR/MM/DD'),null,45);
REM INSERTING into BHF_RETURNING_DETAIL
SET DEFINE OFF;
Insert into BHF_RETURNING_DETAIL (RETURNING_DETAIL_CODE,RETURNING_CODE,GOODS_CODE,GOODS_NAME,OPTION_CODE,OPTION_NAME,QUANTITY,EXCHANGE_RETURNING_CHOICE,RETURNING_REASON,OPTION_BARCODE,GOODS_LOT_NUM) values ('bhf_return_dtl121','bhf_return121','BSHC179','히알루론산 세럼 ','BSHC179433','단건',3,'교환','파손에 의한 교환요청','17180435000000','BSHC179433250311260301001');
Insert into BHF_RETURNING_DETAIL (RETURNING_DETAIL_CODE,RETURNING_CODE,GOODS_CODE,GOODS_NAME,OPTION_CODE,OPTION_NAME,QUANTITY,EXCHANGE_RETURNING_CHOICE,RETURNING_REASON,OPTION_BARCODE,GOODS_LOT_NUM) values ('bhf_return_dtl81','bhf_return81','MLIS180','볼류밍 글로스','MLIS180435','앵두',18,'반품','요청 수량보다 많이 들어와서 반품','11181437000000','MLIS180435250307280407001');
Insert into BHF_RETURNING_DETAIL (RETURNING_DETAIL_CODE,RETURNING_CODE,GOODS_CODE,GOODS_NAME,OPTION_CODE,OPTION_NAME,QUANTITY,EXCHANGE_RETURNING_CHOICE,RETURNING_REASON,OPTION_BARCODE,GOODS_LOT_NUM) values ('bhf_return_dtl82','bhf_return82','BSHC237','코오롱 향수','BSHC237553','단건',3,'교환','라벨지 부착이 잘못되어 있어 교환 요청','9238555000000','BSHC237553250310260410001');
Insert into BHF_RETURNING_DETAIL (RETURNING_DETAIL_CODE,RETURNING_CODE,GOODS_CODE,GOODS_NAME,OPTION_CODE,OPTION_NAME,QUANTITY,EXCHANGE_RETURNING_CHOICE,RETURNING_REASON,OPTION_BARCODE,GOODS_LOT_NUM) values ('bhf_return_dtl41','bhf_return41','BSHC237','코오롱 향수','BSHC237553','단건',5,'교환','불량품','9238555000000','BSHC237553250307260407001');
Insert into BHF_RETURNING_DETAIL (RETURNING_DETAIL_CODE,RETURNING_CODE,GOODS_CODE,GOODS_NAME,OPTION_CODE,OPTION_NAME,QUANTITY,EXCHANGE_RETURNING_CHOICE,RETURNING_REASON,OPTION_BARCODE,GOODS_LOT_NUM) values ('bhf_return_dtl61','bhf_return61','BSHC237','코오롱 향수','BSHC237553','단건',3,'반품','파손','9238555000000','BSHC237553250307260407001');
Insert into BHF_RETURNING_DETAIL (RETURNING_DETAIL_CODE,RETURNING_CODE,GOODS_CODE,GOODS_NAME,OPTION_CODE,OPTION_NAME,QUANTITY,EXCHANGE_RETURNING_CHOICE,RETURNING_REASON,OPTION_BARCODE,GOODS_LOT_NUM) values ('bhf_return_dtl83','bhf_return83','BSHC237','코오롱 향수','BSHC237553','단건',3,'교환','라벨지 파손에 의한 교환 요청','9238555000000','BSHC237553250307260407001');
Insert into BHF_RETURNING_DETAIL (RETURNING_DETAIL_CODE,RETURNING_CODE,GOODS_CODE,GOODS_NAME,OPTION_CODE,OPTION_NAME,QUANTITY,EXCHANGE_RETURNING_CHOICE,RETURNING_REASON,OPTION_BARCODE,GOODS_LOT_NUM) values ('bhf_return_dtl84','bhf_return84','BSHC237','코오롱 향수','BSHC237553','단건',3,'교환','라벨지 파손에 의한 교환','9238555000000','BSHC237553250310260410001');
Insert into BHF_RETURNING_DETAIL (RETURNING_DETAIL_CODE,RETURNING_CODE,GOODS_CODE,GOODS_NAME,OPTION_CODE,OPTION_NAME,QUANTITY,EXCHANGE_RETURNING_CHOICE,RETURNING_REASON,OPTION_BARCODE,GOODS_LOT_NUM) values ('bhf_return_dtl101','bhf_return101','MLIS180','볼류밍 글로스','MLIS180437','바닐라',1,'반품','변색되어 있음','11181439000000','MLIS180437250311280301001');
REM INSERTING into BHF_WAREHOUSE
SET DEFINE OFF;
Insert into BHF_WAREHOUSE (WAREHOUSE_CODE,BRANCH_OFFICE_ID,GOODS_CODE,GOODS_NAME,OPTION_CODE,OPTION_NAME,GOODS_STANDARD,STOCK_QUANTITY,COMPANY_NUM) values ('bhf_home1','대구점','BSHC237','코오롱 향수','BSHC237553','단건','1box 6piece',1270,45);
Insert into BHF_WAREHOUSE (WAREHOUSE_CODE,BRANCH_OFFICE_ID,GOODS_CODE,GOODS_NAME,OPTION_CODE,OPTION_NAME,GOODS_STANDARD,STOCK_QUANTITY,COMPANY_NUM) values ('bhf_home2','대구점','BFHB238','스위트 라이크 캔디 향수','BFHB238554','단건','1box 2piece',360,45);
Insert into BHF_WAREHOUSE (WAREHOUSE_CODE,BRANCH_OFFICE_ID,GOODS_CODE,GOODS_NAME,OPTION_CODE,OPTION_NAME,GOODS_STANDARD,STOCK_QUANTITY,COMPANY_NUM) values ('bhf_home3','대구점','MLIS180','볼류밍 글로스','MLIS180434','캔디','1box 6piece',1128,45);
Insert into BHF_WAREHOUSE (WAREHOUSE_CODE,BRANCH_OFFICE_ID,GOODS_CODE,GOODS_NAME,OPTION_CODE,OPTION_NAME,GOODS_STANDARD,STOCK_QUANTITY,COMPANY_NUM) values ('bhf_home4','대구점','MLIS180','볼류밍 글로스','MLIS180437','바닐라','1box 6piece',170,45);
Insert into BHF_WAREHOUSE (WAREHOUSE_CODE,BRANCH_OFFICE_ID,GOODS_CODE,GOODS_NAME,OPTION_CODE,OPTION_NAME,GOODS_STANDARD,STOCK_QUANTITY,COMPANY_NUM) values ('bhf_home5','대구점','MLIS180','볼류밍 글로스','MLIS180436','소르베','1box 6piece',240,45);
Insert into BHF_WAREHOUSE (WAREHOUSE_CODE,BRANCH_OFFICE_ID,GOODS_CODE,GOODS_NAME,OPTION_CODE,OPTION_NAME,GOODS_STANDARD,STOCK_QUANTITY,COMPANY_NUM) values ('bhf_home6','대구점','MLIS180','볼류밍 글로스','MLIS180435','앵두','1box 6piece',240,45);
Insert into BHF_WAREHOUSE (WAREHOUSE_CODE,BRANCH_OFFICE_ID,GOODS_CODE,GOODS_NAME,OPTION_CODE,OPTION_NAME,GOODS_STANDARD,STOCK_QUANTITY,COMPANY_NUM) values ('bhf_home7','대구점','BFHB210','아티산/아티산블랙 향수','BFHB210500','단건','1box 2piece',80,45);
Insert into BHF_WAREHOUSE (WAREHOUSE_CODE,BRANCH_OFFICE_ID,GOODS_CODE,GOODS_NAME,OPTION_CODE,OPTION_NAME,GOODS_STANDARD,STOCK_QUANTITY,COMPANY_NUM) values ('bhf_home103','대구점','BSHC179','히알루론산 세럼 ','BSHC179433','단건','1box 6piece',1497,45);
REM INSERTING into BSN_BHF
SET DEFINE OFF;
Insert into BSN_BHF (BHF_ID,BHF_NAME,BHF_PHONE,BHF_ADDRESS,BHF_INITIAL_COST,REAL_ESTATE_NAME,REAL_ESTATE_PHONE,RENTAL_TYPE,MONTHLY_MAINTENANCE_COST,COMPANY_NUM) values (19,'강남점','02-1234-5678','서울특별시 강남구 테헤란로 123',5000,'ABC 부동산','02-9876-5432','LFSTS',null,1);
Insert into BSN_BHF (BHF_ID,BHF_NAME,BHF_PHONE,BHF_ADDRESS,BHF_INITIAL_COST,REAL_ESTATE_NAME,REAL_ESTATE_PHONE,RENTAL_TYPE,MONTHLY_MAINTENANCE_COST,COMPANY_NUM) values (20,'서초점','02-2222-3333','서울특별시 서초구 서초대로 456',7000,'XYZ 부동산','02-5555-6666','MTHT',100,1);
Insert into BSN_BHF (BHF_ID,BHF_NAME,BHF_PHONE,BHF_ADDRESS,BHF_INITIAL_COST,REAL_ESTATE_NAME,REAL_ESTATE_PHONE,RENTAL_TYPE,MONTHLY_MAINTENANCE_COST,COMPANY_NUM) values (21,'역삼점','02-1111-2222','서울 강남구 역삼동 123',5000,'A 부동산','02-2222-3333','LFSTS',null,1);
Insert into BSN_BHF (BHF_ID,BHF_NAME,BHF_PHONE,BHF_ADDRESS,BHF_INITIAL_COST,REAL_ESTATE_NAME,REAL_ESTATE_PHONE,RENTAL_TYPE,MONTHLY_MAINTENANCE_COST,COMPANY_NUM) values (22,'잠실점','02-2222-3333','서울 송파구 올림픽대로 456',6000,'B 부동산','02-3333-4444','MTHT',250,1);
Insert into BSN_BHF (BHF_ID,BHF_NAME,BHF_PHONE,BHF_ADDRESS,BHF_INITIAL_COST,REAL_ESTATE_NAME,REAL_ESTATE_PHONE,RENTAL_TYPE,MONTHLY_MAINTENANCE_COST,COMPANY_NUM) values (23,'종각점','02-3333-4444','서울 종로구 종각로 789',4500,'C 부동산','02-4444-5555','LFSTS',null,1);
Insert into BSN_BHF (BHF_ID,BHF_NAME,BHF_PHONE,BHF_ADDRESS,BHF_INITIAL_COST,REAL_ESTATE_NAME,REAL_ESTATE_PHONE,RENTAL_TYPE,MONTHLY_MAINTENANCE_COST,COMPANY_NUM) values (24,'구로점','02-4444-5555','서울 구로구 디지털로 100',5500,'D 부동산','02-5555-6666','MTHT',200,1);
Insert into BSN_BHF (BHF_ID,BHF_NAME,BHF_PHONE,BHF_ADDRESS,BHF_INITIAL_COST,REAL_ESTATE_NAME,REAL_ESTATE_PHONE,RENTAL_TYPE,MONTHLY_MAINTENANCE_COST,COMPANY_NUM) values (25,'서초벤처점','02-5555-6666','서울 서초구 서초대로 200',7000,'E 부동산','02-6666-7777','LFSTS',null,1);
Insert into BSN_BHF (BHF_ID,BHF_NAME,BHF_PHONE,BHF_ADDRESS,BHF_INITIAL_COST,REAL_ESTATE_NAME,REAL_ESTATE_PHONE,RENTAL_TYPE,MONTHLY_MAINTENANCE_COST,COMPANY_NUM) values (26,'마포점','02-6666-7777','서울 마포구 마포대로 300',4800,'F 부동산','02-7777-8888','MTHT',180,1);
Insert into BSN_BHF (BHF_ID,BHF_NAME,BHF_PHONE,BHF_ADDRESS,BHF_INITIAL_COST,REAL_ESTATE_NAME,REAL_ESTATE_PHONE,RENTAL_TYPE,MONTHLY_MAINTENANCE_COST,COMPANY_NUM) values (27,'성수점','02-7777-8888','서울 성동구 성수동 400',6200,'G 부동산','02-8888-9999','LFSTS',null,1);
Insert into BSN_BHF (BHF_ID,BHF_NAME,BHF_PHONE,BHF_ADDRESS,BHF_INITIAL_COST,REAL_ESTATE_NAME,REAL_ESTATE_PHONE,RENTAL_TYPE,MONTHLY_MAINTENANCE_COST,COMPANY_NUM) values (28,'대치점','02-8888-9999','서울 강남구 대치동 500',5300,'H 부동산','02-9999-0000','MTHT',220,1);
Insert into BSN_BHF (BHF_ID,BHF_NAME,BHF_PHONE,BHF_ADDRESS,BHF_INITIAL_COST,REAL_ESTATE_NAME,REAL_ESTATE_PHONE,RENTAL_TYPE,MONTHLY_MAINTENANCE_COST,COMPANY_NUM) values (29,'용산점','02-9999-0000','서울 용산구 한강대로 600',5800,'I 부동산','02-0000-1111','LFSTS',null,45);
Insert into BSN_BHF (BHF_ID,BHF_NAME,BHF_PHONE,BHF_ADDRESS,BHF_INITIAL_COST,REAL_ESTATE_NAME,REAL_ESTATE_PHONE,RENTAL_TYPE,MONTHLY_MAINTENANCE_COST,COMPANY_NUM) values (30,'강동점','02-0000-1111','서울 강동구 천호대로 700',4900,'J 부동산','02-1111-2222','MTHT',210,1);
Insert into BSN_BHF (BHF_ID,BHF_NAME,BHF_PHONE,BHF_ADDRESS,BHF_INITIAL_COST,REAL_ESTATE_NAME,REAL_ESTATE_PHONE,RENTAL_TYPE,MONTHLY_MAINTENANCE_COST,COMPANY_NUM) values (31,'대구점','02-1145-4778','대구 중구 동성로 123',1500,'D 부동산','02-4875-6786','LFSTS',null,45);
Insert into BSN_BHF (BHF_ID,BHF_NAME,BHF_PHONE,BHF_ADDRESS,BHF_INITIAL_COST,REAL_ESTATE_NAME,REAL_ESTATE_PHONE,RENTAL_TYPE,MONTHLY_MAINTENANCE_COST,COMPANY_NUM) values (18,'부산점','02-1154-6648','부산 남구 남포동 2548',13000,'K 부동산','02-1487-4456','LFSTS',null,1);
REM INSERTING into BSN_CS_CHANGE_HISTORY
SET DEFINE OFF;
Insert into BSN_CS_CHANGE_HISTORY (HISTORY_NUM,ORDER_ID,HISTORY_TYPE,REGISTER_DATE,HISTORY_CONTENTS) values (21,'bsn_order15','OH03',to_date('25/03/10','RR/MM/DD'),'지점ID: 대구점, 주문 ID: bsn_order15, 주문명: 아티산/아티산블랙 향수 외 1건 [주문 취소됨]
취소 사유: 취소 테스트');
Insert into BSN_CS_CHANGE_HISTORY (HISTORY_NUM,ORDER_ID,HISTORY_TYPE,REGISTER_DATE,HISTORY_CONTENTS) values (35,'bsn_order24','OH02',to_date('25/03/12','RR/MM/DD'),'주문 ID: bsn_order24, 주문명: 코오롱 향수 외 3건 [출고]');
Insert into BSN_CS_CHANGE_HISTORY (HISTORY_NUM,ORDER_ID,HISTORY_TYPE,REGISTER_DATE,HISTORY_CONTENTS) values (18,'bsn_order15','OH01',to_date('25/03/07','RR/MM/DD'),'지점ID: 대구점, 주문 ID: bsn_order15, 주문명: 아티산/아티산블랙 향수 외 1건 [등록됨]');
Insert into BSN_CS_CHANGE_HISTORY (HISTORY_NUM,ORDER_ID,HISTORY_TYPE,REGISTER_DATE,HISTORY_CONTENTS) values (29,'bsn_order21','OH01',to_date('25/03/10','RR/MM/DD'),'지점ID: 대구점, 주문 ID: bsn_order21, 주문명: 볼류밍 글로스 외 1건 [등록됨]');
Insert into BSN_CS_CHANGE_HISTORY (HISTORY_NUM,ORDER_ID,HISTORY_TYPE,REGISTER_DATE,HISTORY_CONTENTS) values (27,'bsn_order19','OH01',to_date('25/03/10','RR/MM/DD'),'지점ID: 대구점, 주문 ID: bsn_order19, 주문명: 히알루론산 세럼  외 2건 [등록됨]');
Insert into BSN_CS_CHANGE_HISTORY (HISTORY_NUM,ORDER_ID,HISTORY_TYPE,REGISTER_DATE,HISTORY_CONTENTS) values (28,'bsn_order20','OH01',to_date('25/03/10','RR/MM/DD'),'지점ID: 대구점, 주문 ID: bsn_order20, 주문명: 코오롱 향수 [등록됨]');
Insert into BSN_CS_CHANGE_HISTORY (HISTORY_NUM,ORDER_ID,HISTORY_TYPE,REGISTER_DATE,HISTORY_CONTENTS) values (33,'bsn_order23','OH02',to_date('25/03/11','RR/MM/DD'),'주문 ID: bsn_order23, 주문명: 코오롱 향수 외 3건 [출고]');
Insert into BSN_CS_CHANGE_HISTORY (HISTORY_NUM,ORDER_ID,HISTORY_TYPE,REGISTER_DATE,HISTORY_CONTENTS) values (34,'bsn_order24','OH01',to_date('25/03/12','RR/MM/DD'),'지점ID: 대구점, 주문 ID: bsn_order24, 주문명: 코오롱 향수 외 3건 [등록됨]');
Insert into BSN_CS_CHANGE_HISTORY (HISTORY_NUM,ORDER_ID,HISTORY_TYPE,REGISTER_DATE,HISTORY_CONTENTS) values (30,'bsn_order22','OH01',to_date('25/03/11','RR/MM/DD'),'지점ID: 대구점, 주문 ID: bsn_order22, 주문명: 볼류밍 글로스 외 1건 [등록됨]');
Insert into BSN_CS_CHANGE_HISTORY (HISTORY_NUM,ORDER_ID,HISTORY_TYPE,REGISTER_DATE,HISTORY_CONTENTS) values (31,'bsn_order22','OH02',to_date('25/03/11','RR/MM/DD'),'주문 ID: bsn_order22, 주문명: 볼류밍 글로스 외 1건 [출고]');
Insert into BSN_CS_CHANGE_HISTORY (HISTORY_NUM,ORDER_ID,HISTORY_TYPE,REGISTER_DATE,HISTORY_CONTENTS) values (32,'bsn_order23','OH01',to_date('25/03/11','RR/MM/DD'),'지점ID: 대구점, 주문 ID: bsn_order23, 주문명: 코오롱 향수 외 3건 [등록됨]');
REM INSERTING into BSN_CS_RETURNING_GOODS
SET DEFINE OFF;
Insert into BSN_CS_RETURNING_GOODS (CS_RETURNING_GOODS_ID,RETURNING_DETAIL_CODE,RETURNING_QNT,WAREHOUSING_QNT,DISUSE_QNT,COMPLETION_DATE,WAREHOUSE_ID,EMPLOYEE_NUM,COMPANY_NUM,RETURNING_CODE,GOODS_CODE,GOODS_NAME,OPTION_CODE,OPTION_NAME,EXCHANGE_RETURNING_CHOICE,OPTION_BARCODE,GOODS_LOT_NUM,RETURNING_REASON) values ('bsn_cs_return17','bhf_return_dtl41',5,1,4,to_date('25/03/07','RR/MM/DD'),8,162,45,'bhf_return41','BSHC237','코오롱 향수','BSHC237553','단건','교환','9238555000000','BSHC237553250307260407001','불량품');
REM INSERTING into BSN_DELIVERY
SET DEFINE OFF;
Insert into BSN_DELIVERY (DELIVERY_ID,ORDER_ID,DELIVERY_DATE,EMPLOYEE_NUM,DELIVERY_STATUS,REMARK,COMPANY_NUM) values ('bsn_dlivy_12','bsn_order15',null,162,'DS04','취소 테스트',45);
Insert into BSN_DELIVERY (DELIVERY_ID,ORDER_ID,DELIVERY_DATE,EMPLOYEE_NUM,DELIVERY_STATUS,REMARK,COMPANY_NUM) values ('bsn_dlivy_18','bsn_order21',null,162,'DS01',null,45);
Insert into BSN_DELIVERY (DELIVERY_ID,ORDER_ID,DELIVERY_DATE,EMPLOYEE_NUM,DELIVERY_STATUS,REMARK,COMPANY_NUM) values ('bsn_dlivy_16','bsn_order19',null,162,'DS01','상품 입고 요청',45);
Insert into BSN_DELIVERY (DELIVERY_ID,ORDER_ID,DELIVERY_DATE,EMPLOYEE_NUM,DELIVERY_STATUS,REMARK,COMPANY_NUM) values ('bsn_dlivy_17','bsn_order20',null,162,'DS01',null,45);
Insert into BSN_DELIVERY (DELIVERY_ID,ORDER_ID,DELIVERY_DATE,EMPLOYEE_NUM,DELIVERY_STATUS,REMARK,COMPANY_NUM) values ('bsn_dlivy_21','bsn_order24',to_date('25/03/12','RR/MM/DD'),185,'DS03','상품판매건으로 주문요청 합니다',45);
Insert into BSN_DELIVERY (DELIVERY_ID,ORDER_ID,DELIVERY_DATE,EMPLOYEE_NUM,DELIVERY_STATUS,REMARK,COMPANY_NUM) values ('bsn_dlivy_19','bsn_order22',to_date('25/03/11','RR/MM/DD'),162,'DS02',null,45);
Insert into BSN_DELIVERY (DELIVERY_ID,ORDER_ID,DELIVERY_DATE,EMPLOYEE_NUM,DELIVERY_STATUS,REMARK,COMPANY_NUM) values ('bsn_dlivy_20','bsn_order23',to_date('25/03/11','RR/MM/DD'),100000,'DS03',null,45);
REM INSERTING into BSN_DELIVERY_DETAIL
SET DEFINE OFF;
Insert into BSN_DELIVERY_DETAIL (DELIVERY_DETAIL_ID,DELIVERY_ID,ORDER_DETAIL_ID,OPTION_CODE,DELIVERY_DEMAND_QNT,DELIVERY_TOTAL_QNT,SUFFICIENCY_STATUS,OPTION_BARCODE,GOODS_STANDARD) values (24,'bsn_dlivy_12',35,'MLIS180437',10,0,3,'11181439000000','1box 6piece');
Insert into BSN_DELIVERY_DETAIL (DELIVERY_DETAIL_ID,DELIVERY_ID,ORDER_DETAIL_ID,OPTION_CODE,DELIVERY_DEMAND_QNT,DELIVERY_TOTAL_QNT,SUFFICIENCY_STATUS,OPTION_BARCODE,GOODS_STANDARD) values (36,'bsn_dlivy_18',47,'MLIS180435',15,15,1,'11181437000000','1box 6piece');
Insert into BSN_DELIVERY_DETAIL (DELIVERY_DETAIL_ID,DELIVERY_ID,ORDER_DETAIL_ID,OPTION_CODE,DELIVERY_DEMAND_QNT,DELIVERY_TOTAL_QNT,SUFFICIENCY_STATUS,OPTION_BARCODE,GOODS_STANDARD) values (37,'bsn_dlivy_18',48,'BSHC237553',10,0,0,'9238555000000','1box 6piece');
Insert into BSN_DELIVERY_DETAIL (DELIVERY_DETAIL_ID,DELIVERY_ID,ORDER_DETAIL_ID,OPTION_CODE,DELIVERY_DEMAND_QNT,DELIVERY_TOTAL_QNT,SUFFICIENCY_STATUS,OPTION_BARCODE,GOODS_STANDARD) values (23,'bsn_dlivy_12',34,'BFHB210500',5,0,3,'16211502000000','1box 2piece');
Insert into BSN_DELIVERY_DETAIL (DELIVERY_DETAIL_ID,DELIVERY_ID,ORDER_DETAIL_ID,OPTION_CODE,DELIVERY_DEMAND_QNT,DELIVERY_TOTAL_QNT,SUFFICIENCY_STATUS,OPTION_BARCODE,GOODS_STANDARD) values (32,'bsn_dlivy_16',43,'BSHC179433',30,0,0,'17180435000000','1box 6piece');
Insert into BSN_DELIVERY_DETAIL (DELIVERY_DETAIL_ID,DELIVERY_ID,ORDER_DETAIL_ID,OPTION_CODE,DELIVERY_DEMAND_QNT,DELIVERY_TOTAL_QNT,SUFFICIENCY_STATUS,OPTION_BARCODE,GOODS_STANDARD) values (33,'bsn_dlivy_16',44,'MLIS180437',30,0,0,'11181439000000','1box 6piece');
Insert into BSN_DELIVERY_DETAIL (DELIVERY_DETAIL_ID,DELIVERY_ID,ORDER_DETAIL_ID,OPTION_CODE,DELIVERY_DEMAND_QNT,DELIVERY_TOTAL_QNT,SUFFICIENCY_STATUS,OPTION_BARCODE,GOODS_STANDARD) values (34,'bsn_dlivy_16',45,'BFHB210500',20,0,0,'16211502000000','1box 2piece');
Insert into BSN_DELIVERY_DETAIL (DELIVERY_DETAIL_ID,DELIVERY_ID,ORDER_DETAIL_ID,OPTION_CODE,DELIVERY_DEMAND_QNT,DELIVERY_TOTAL_QNT,SUFFICIENCY_STATUS,OPTION_BARCODE,GOODS_STANDARD) values (35,'bsn_dlivy_17',46,'BSHC237553',10,10,1,'9238555000000','1box 6piece');
Insert into BSN_DELIVERY_DETAIL (DELIVERY_DETAIL_ID,DELIVERY_ID,ORDER_DETAIL_ID,OPTION_CODE,DELIVERY_DEMAND_QNT,DELIVERY_TOTAL_QNT,SUFFICIENCY_STATUS,OPTION_BARCODE,GOODS_STANDARD) values (44,'bsn_dlivy_21',55,'BSHC237553',100,100,2,'9238555000000','1box 6piece');
Insert into BSN_DELIVERY_DETAIL (DELIVERY_DETAIL_ID,DELIVERY_ID,ORDER_DETAIL_ID,OPTION_CODE,DELIVERY_DEMAND_QNT,DELIVERY_TOTAL_QNT,SUFFICIENCY_STATUS,OPTION_BARCODE,GOODS_STANDARD) values (45,'bsn_dlivy_21',56,'BFHB238554',50,50,2,'11239556000000','1box 2piece');
Insert into BSN_DELIVERY_DETAIL (DELIVERY_DETAIL_ID,DELIVERY_ID,ORDER_DETAIL_ID,OPTION_CODE,DELIVERY_DEMAND_QNT,DELIVERY_TOTAL_QNT,SUFFICIENCY_STATUS,OPTION_BARCODE,GOODS_STANDARD) values (46,'bsn_dlivy_21',57,'BSHC179433',100,100,2,'17180435000000','1box 6piece');
Insert into BSN_DELIVERY_DETAIL (DELIVERY_DETAIL_ID,DELIVERY_ID,ORDER_DETAIL_ID,OPTION_CODE,DELIVERY_DEMAND_QNT,DELIVERY_TOTAL_QNT,SUFFICIENCY_STATUS,OPTION_BARCODE,GOODS_STANDARD) values (47,'bsn_dlivy_21',58,'MLIS180434',100,100,2,'11181436000000','1box 6piece');
Insert into BSN_DELIVERY_DETAIL (DELIVERY_DETAIL_ID,DELIVERY_ID,ORDER_DETAIL_ID,OPTION_CODE,DELIVERY_DEMAND_QNT,DELIVERY_TOTAL_QNT,SUFFICIENCY_STATUS,OPTION_BARCODE,GOODS_STANDARD) values (38,'bsn_dlivy_19',49,'MLIS180437',5,5,2,'11181439000000','1box 6piece');
Insert into BSN_DELIVERY_DETAIL (DELIVERY_DETAIL_ID,DELIVERY_ID,ORDER_DETAIL_ID,OPTION_CODE,DELIVERY_DEMAND_QNT,DELIVERY_TOTAL_QNT,SUFFICIENCY_STATUS,OPTION_BARCODE,GOODS_STANDARD) values (39,'bsn_dlivy_19',50,'MLIS180436',5,5,2,'11181438000000','1box 6piece');
Insert into BSN_DELIVERY_DETAIL (DELIVERY_DETAIL_ID,DELIVERY_ID,ORDER_DETAIL_ID,OPTION_CODE,DELIVERY_DEMAND_QNT,DELIVERY_TOTAL_QNT,SUFFICIENCY_STATUS,OPTION_BARCODE,GOODS_STANDARD) values (40,'bsn_dlivy_20',51,'BSHC237553',50,50,2,'9238555000000','1box 6piece');
Insert into BSN_DELIVERY_DETAIL (DELIVERY_DETAIL_ID,DELIVERY_ID,ORDER_DETAIL_ID,OPTION_CODE,DELIVERY_DEMAND_QNT,DELIVERY_TOTAL_QNT,SUFFICIENCY_STATUS,OPTION_BARCODE,GOODS_STANDARD) values (41,'bsn_dlivy_20',52,'BFHB238554',100,100,2,'11239556000000','1box 2piece');
Insert into BSN_DELIVERY_DETAIL (DELIVERY_DETAIL_ID,DELIVERY_ID,ORDER_DETAIL_ID,OPTION_CODE,DELIVERY_DEMAND_QNT,DELIVERY_TOTAL_QNT,SUFFICIENCY_STATUS,OPTION_BARCODE,GOODS_STANDARD) values (42,'bsn_dlivy_20',53,'BSHC179433',50,50,2,'17180435000000','1box 6piece');
Insert into BSN_DELIVERY_DETAIL (DELIVERY_DETAIL_ID,DELIVERY_ID,ORDER_DETAIL_ID,OPTION_CODE,DELIVERY_DEMAND_QNT,DELIVERY_TOTAL_QNT,SUFFICIENCY_STATUS,OPTION_BARCODE,GOODS_STANDARD) values (43,'bsn_dlivy_20',54,'MLIS180434',50,50,2,'11181436000000','1box 6piece');
REM INSERTING into BSN_DELIVERY_LOT_DETAIL
SET DEFINE OFF;
Insert into BSN_DELIVERY_LOT_DETAIL (DELIVERY_LOT_DETAIL_NUM,DELIVERY_DETAIL_ID,GOODS_LOT_NUM,DELIVERY_QNT,DECISION_STATUS) values (52,47,'MLIS180434250311280301002',100,1);
Insert into BSN_DELIVERY_LOT_DETAIL (DELIVERY_LOT_DETAIL_NUM,DELIVERY_DETAIL_ID,GOODS_LOT_NUM,DELIVERY_QNT,DECISION_STATUS) values (54,36,'MLIS180435250311280211001',15,0);
Insert into BSN_DELIVERY_LOT_DETAIL (DELIVERY_LOT_DETAIL_NUM,DELIVERY_DETAIL_ID,GOODS_LOT_NUM,DELIVERY_QNT,DECISION_STATUS) values (44,41,'BFHB238554250311270211001',100,1);
Insert into BSN_DELIVERY_LOT_DETAIL (DELIVERY_LOT_DETAIL_NUM,DELIVERY_DETAIL_ID,GOODS_LOT_NUM,DELIVERY_QNT,DECISION_STATUS) values (46,43,'MLIS180434250311280211001',50,1);
Insert into BSN_DELIVERY_LOT_DETAIL (DELIVERY_LOT_DETAIL_NUM,DELIVERY_DETAIL_ID,GOODS_LOT_NUM,DELIVERY_QNT,DECISION_STATUS) values (55,35,'BSHC237553250311260211001',10,0);
Insert into BSN_DELIVERY_LOT_DETAIL (DELIVERY_LOT_DETAIL_NUM,DELIVERY_DETAIL_ID,GOODS_LOT_NUM,DELIVERY_QNT,DECISION_STATUS) values (45,42,'BSHC179433250311260211001',50,1);
Insert into BSN_DELIVERY_LOT_DETAIL (DELIVERY_LOT_DETAIL_NUM,DELIVERY_DETAIL_ID,GOODS_LOT_NUM,DELIVERY_QNT,DECISION_STATUS) values (48,44,'BSHC237553250311260301002',100,1);
Insert into BSN_DELIVERY_LOT_DETAIL (DELIVERY_LOT_DETAIL_NUM,DELIVERY_DETAIL_ID,GOODS_LOT_NUM,DELIVERY_QNT,DECISION_STATUS) values (49,45,'BFHB238554250311270301002',50,1);
Insert into BSN_DELIVERY_LOT_DETAIL (DELIVERY_LOT_DETAIL_NUM,DELIVERY_DETAIL_ID,GOODS_LOT_NUM,DELIVERY_QNT,DECISION_STATUS) values (50,46,'BSHC179433250311260211001',50,1);
Insert into BSN_DELIVERY_LOT_DETAIL (DELIVERY_LOT_DETAIL_NUM,DELIVERY_DETAIL_ID,GOODS_LOT_NUM,DELIVERY_QNT,DECISION_STATUS) values (51,46,'BSHC179433250311260301002',50,1);
Insert into BSN_DELIVERY_LOT_DETAIL (DELIVERY_LOT_DETAIL_NUM,DELIVERY_DETAIL_ID,GOODS_LOT_NUM,DELIVERY_QNT,DECISION_STATUS) values (42,39,'MLIS180436250311280211001',5,1);
Insert into BSN_DELIVERY_LOT_DETAIL (DELIVERY_LOT_DETAIL_NUM,DELIVERY_DETAIL_ID,GOODS_LOT_NUM,DELIVERY_QNT,DECISION_STATUS) values (43,40,'BSHC237553250311260211001',50,1);
Insert into BSN_DELIVERY_LOT_DETAIL (DELIVERY_LOT_DETAIL_NUM,DELIVERY_DETAIL_ID,GOODS_LOT_NUM,DELIVERY_QNT,DECISION_STATUS) values (41,38,'MLIS180437250311280211001',5,1);
REM INSERTING into BSN_ORDER
SET DEFINE OFF;
Insert into BSN_ORDER (ORDER_ID,ORDER_CODE,BRANCH_OFFICE_ID,ORDER_NAME,TOTAL_AMOUNT,PURCHASE_VAT,ORDER_DATE,REGISTER_DATE,CANCEL_DATE,DUE_DATE,SENDING_DATE,ORDER_STATUS,EMPLOYEE_NUM,REMARK,COMPANY_NUM) values ('bsn_order21','bhf_ord63','대구점','볼류밍 글로스 외 1건',0,0,to_date('25/03/10','RR/MM/DD'),to_date('25/03/10','RR/MM/DD'),null,to_date('25/04/03','RR/MM/DD'),null,'VS001',162,null,45);
Insert into BSN_ORDER (ORDER_ID,ORDER_CODE,BRANCH_OFFICE_ID,ORDER_NAME,TOTAL_AMOUNT,PURCHASE_VAT,ORDER_DATE,REGISTER_DATE,CANCEL_DATE,DUE_DATE,SENDING_DATE,ORDER_STATUS,EMPLOYEE_NUM,REMARK,COMPANY_NUM) values ('bsn_order15','bhf_ord58','대구점','아티산/아티산블랙 향수 외 1건',0,0,to_date('25/03/07','RR/MM/DD'),to_date('25/03/07','RR/MM/DD'),null,to_date('25/03/28','RR/MM/DD'),null,'VS003',162,'취소 테스트',45);
Insert into BSN_ORDER (ORDER_ID,ORDER_CODE,BRANCH_OFFICE_ID,ORDER_NAME,TOTAL_AMOUNT,PURCHASE_VAT,ORDER_DATE,REGISTER_DATE,CANCEL_DATE,DUE_DATE,SENDING_DATE,ORDER_STATUS,EMPLOYEE_NUM,REMARK,COMPANY_NUM) values ('bsn_order19','bhf_ord61','대구점','히알루론산 세럼  외 2건',0,0,to_date('25/03/10','RR/MM/DD'),to_date('25/03/10','RR/MM/DD'),null,to_date('25/03/31','RR/MM/DD'),null,'VS001',162,'상품 입고 요청',45);
Insert into BSN_ORDER (ORDER_ID,ORDER_CODE,BRANCH_OFFICE_ID,ORDER_NAME,TOTAL_AMOUNT,PURCHASE_VAT,ORDER_DATE,REGISTER_DATE,CANCEL_DATE,DUE_DATE,SENDING_DATE,ORDER_STATUS,EMPLOYEE_NUM,REMARK,COMPANY_NUM) values ('bsn_order20','bhf_ord62','대구점','코오롱 향수',0,0,to_date('25/03/10','RR/MM/DD'),to_date('25/03/10','RR/MM/DD'),null,to_date('25/04/01','RR/MM/DD'),null,'VS001',162,null,45);
Insert into BSN_ORDER (ORDER_ID,ORDER_CODE,BRANCH_OFFICE_ID,ORDER_NAME,TOTAL_AMOUNT,PURCHASE_VAT,ORDER_DATE,REGISTER_DATE,CANCEL_DATE,DUE_DATE,SENDING_DATE,ORDER_STATUS,EMPLOYEE_NUM,REMARK,COMPANY_NUM) values ('bsn_order24','bhf_ord70','대구점','코오롱 향수 외 3건',0,0,to_date('25/03/12','RR/MM/DD'),to_date('25/03/12','RR/MM/DD'),null,to_date('25/03/15','RR/MM/DD'),to_date('25/03/12','RR/MM/DD'),'VS002',185,'상품판매건으로 주문요청 합니다',45);
Insert into BSN_ORDER (ORDER_ID,ORDER_CODE,BRANCH_OFFICE_ID,ORDER_NAME,TOTAL_AMOUNT,PURCHASE_VAT,ORDER_DATE,REGISTER_DATE,CANCEL_DATE,DUE_DATE,SENDING_DATE,ORDER_STATUS,EMPLOYEE_NUM,REMARK,COMPANY_NUM) values ('bsn_order23','bhf_ord69','대구점','코오롱 향수 외 3건',0,0,to_date('25/03/11','RR/MM/DD'),to_date('25/03/11','RR/MM/DD'),null,to_date('25/03/14','RR/MM/DD'),to_date('25/03/11','RR/MM/DD'),'VS002',100000,null,45);
Insert into BSN_ORDER (ORDER_ID,ORDER_CODE,BRANCH_OFFICE_ID,ORDER_NAME,TOTAL_AMOUNT,PURCHASE_VAT,ORDER_DATE,REGISTER_DATE,CANCEL_DATE,DUE_DATE,SENDING_DATE,ORDER_STATUS,EMPLOYEE_NUM,REMARK,COMPANY_NUM) values ('bsn_order22','bhf_ord67','대구점','볼류밍 글로스 외 1건',0,0,to_date('25/03/11','RR/MM/DD'),to_date('25/03/11','RR/MM/DD'),null,to_date('25/03/14','RR/MM/DD'),to_date('25/03/11','RR/MM/DD'),'VS002',162,null,45);
REM INSERTING into BSN_ORDER_DETAIL
SET DEFINE OFF;
Insert into BSN_ORDER_DETAIL (ORDER_DETAIL_ID,ORDER_ID,GOODS_CODE,OPTION_CODE,QUANTITY,GOODS_STANDARD,UNIT_PRICE,SUMMATION_AMT,GOODS_NAME,OPTION_NAME) values (35,'bsn_order15','MLIS180','MLIS180437',10,'1box 6piece',0,0,'볼류밍 글로스','바닐라');
Insert into BSN_ORDER_DETAIL (ORDER_DETAIL_ID,ORDER_ID,GOODS_CODE,OPTION_CODE,QUANTITY,GOODS_STANDARD,UNIT_PRICE,SUMMATION_AMT,GOODS_NAME,OPTION_NAME) values (47,'bsn_order21','MLIS180','MLIS180435',15,'1box 6piece',0,0,'볼류밍 글로스','앵두');
Insert into BSN_ORDER_DETAIL (ORDER_DETAIL_ID,ORDER_ID,GOODS_CODE,OPTION_CODE,QUANTITY,GOODS_STANDARD,UNIT_PRICE,SUMMATION_AMT,GOODS_NAME,OPTION_NAME) values (48,'bsn_order21','BSHC237','BSHC237553',10,'1box 6piece',0,0,'코오롱 향수','단건');
Insert into BSN_ORDER_DETAIL (ORDER_DETAIL_ID,ORDER_ID,GOODS_CODE,OPTION_CODE,QUANTITY,GOODS_STANDARD,UNIT_PRICE,SUMMATION_AMT,GOODS_NAME,OPTION_NAME) values (34,'bsn_order15','BFHB210','BFHB210500',5,'1box 2piece',0,0,'아티산/아티산블랙 향수','단건');
Insert into BSN_ORDER_DETAIL (ORDER_DETAIL_ID,ORDER_ID,GOODS_CODE,OPTION_CODE,QUANTITY,GOODS_STANDARD,UNIT_PRICE,SUMMATION_AMT,GOODS_NAME,OPTION_NAME) values (43,'bsn_order19','BSHC179','BSHC179433',30,'1box 6piece',0,0,'히알루론산 세럼 ','단건');
Insert into BSN_ORDER_DETAIL (ORDER_DETAIL_ID,ORDER_ID,GOODS_CODE,OPTION_CODE,QUANTITY,GOODS_STANDARD,UNIT_PRICE,SUMMATION_AMT,GOODS_NAME,OPTION_NAME) values (44,'bsn_order19','MLIS180','MLIS180437',30,'1box 6piece',0,0,'볼류밍 글로스','바닐라');
Insert into BSN_ORDER_DETAIL (ORDER_DETAIL_ID,ORDER_ID,GOODS_CODE,OPTION_CODE,QUANTITY,GOODS_STANDARD,UNIT_PRICE,SUMMATION_AMT,GOODS_NAME,OPTION_NAME) values (45,'bsn_order19','BFHB210','BFHB210500',20,'1box 2piece',0,0,'아티산/아티산블랙 향수','단건');
Insert into BSN_ORDER_DETAIL (ORDER_DETAIL_ID,ORDER_ID,GOODS_CODE,OPTION_CODE,QUANTITY,GOODS_STANDARD,UNIT_PRICE,SUMMATION_AMT,GOODS_NAME,OPTION_NAME) values (46,'bsn_order20','BSHC237','BSHC237553',10,'1box 6piece',0,0,'코오롱 향수','단건');
Insert into BSN_ORDER_DETAIL (ORDER_DETAIL_ID,ORDER_ID,GOODS_CODE,OPTION_CODE,QUANTITY,GOODS_STANDARD,UNIT_PRICE,SUMMATION_AMT,GOODS_NAME,OPTION_NAME) values (55,'bsn_order24','BSHC237','BSHC237553',100,'1box 6piece',0,0,'코오롱 향수','단건');
Insert into BSN_ORDER_DETAIL (ORDER_DETAIL_ID,ORDER_ID,GOODS_CODE,OPTION_CODE,QUANTITY,GOODS_STANDARD,UNIT_PRICE,SUMMATION_AMT,GOODS_NAME,OPTION_NAME) values (56,'bsn_order24','BFHB238','BFHB238554',50,'1box 2piece',0,0,'스위트 라이크 캔디 향수','단건');
Insert into BSN_ORDER_DETAIL (ORDER_DETAIL_ID,ORDER_ID,GOODS_CODE,OPTION_CODE,QUANTITY,GOODS_STANDARD,UNIT_PRICE,SUMMATION_AMT,GOODS_NAME,OPTION_NAME) values (57,'bsn_order24','BSHC179','BSHC179433',100,'1box 6piece',0,0,'히알루론산 세럼 ','단건');
Insert into BSN_ORDER_DETAIL (ORDER_DETAIL_ID,ORDER_ID,GOODS_CODE,OPTION_CODE,QUANTITY,GOODS_STANDARD,UNIT_PRICE,SUMMATION_AMT,GOODS_NAME,OPTION_NAME) values (58,'bsn_order24','MLIS180','MLIS180434',100,'1box 6piece',0,0,'볼류밍 글로스','캔디');
Insert into BSN_ORDER_DETAIL (ORDER_DETAIL_ID,ORDER_ID,GOODS_CODE,OPTION_CODE,QUANTITY,GOODS_STANDARD,UNIT_PRICE,SUMMATION_AMT,GOODS_NAME,OPTION_NAME) values (52,'bsn_order23','BFHB238','BFHB238554',100,'1box 2piece',0,0,'스위트 라이크 캔디 향수','단건');
Insert into BSN_ORDER_DETAIL (ORDER_DETAIL_ID,ORDER_ID,GOODS_CODE,OPTION_CODE,QUANTITY,GOODS_STANDARD,UNIT_PRICE,SUMMATION_AMT,GOODS_NAME,OPTION_NAME) values (49,'bsn_order22','MLIS180','MLIS180437',5,'1box 6piece',0,0,'볼류밍 글로스','바닐라');
Insert into BSN_ORDER_DETAIL (ORDER_DETAIL_ID,ORDER_ID,GOODS_CODE,OPTION_CODE,QUANTITY,GOODS_STANDARD,UNIT_PRICE,SUMMATION_AMT,GOODS_NAME,OPTION_NAME) values (50,'bsn_order22','MLIS180','MLIS180436',5,'1box 6piece',0,0,'볼류밍 글로스','소르베');
Insert into BSN_ORDER_DETAIL (ORDER_DETAIL_ID,ORDER_ID,GOODS_CODE,OPTION_CODE,QUANTITY,GOODS_STANDARD,UNIT_PRICE,SUMMATION_AMT,GOODS_NAME,OPTION_NAME) values (51,'bsn_order23','BSHC237','BSHC237553',50,'1box 6piece',0,0,'코오롱 향수','단건');
Insert into BSN_ORDER_DETAIL (ORDER_DETAIL_ID,ORDER_ID,GOODS_CODE,OPTION_CODE,QUANTITY,GOODS_STANDARD,UNIT_PRICE,SUMMATION_AMT,GOODS_NAME,OPTION_NAME) values (53,'bsn_order23','BSHC179','BSHC179433',50,'1box 6piece',0,0,'히알루론산 세럼 ','단건');
Insert into BSN_ORDER_DETAIL (ORDER_DETAIL_ID,ORDER_ID,GOODS_CODE,OPTION_CODE,QUANTITY,GOODS_STANDARD,UNIT_PRICE,SUMMATION_AMT,GOODS_NAME,OPTION_NAME) values (54,'bsn_order23','MLIS180','MLIS180434',50,'1box 6piece',0,0,'볼류밍 글로스','캔디');
REM INSERTING into CMMN
SET DEFINE OFF;
Insert into CMMN (CMMN_CODE,UPPER_CMMN_CODE,CMMN_NAME,DESCRIPTION) values ('AU',null,'권한','사용자 권한 등급');
Insert into CMMN (CMMN_CODE,UPPER_CMMN_CODE,CMMN_NAME,DESCRIPTION) values ('AU001','AU','최고관리자','회사 전반적인 데이터 관리 및 운영 가능 (ERP 구독사 대표자)');
Insert into CMMN (CMMN_CODE,UPPER_CMMN_CODE,CMMN_NAME,DESCRIPTION) values ('AU002','AU','관리자','부서 내 최고 관리자 (부서 단위 데이터 관리)');
Insert into CMMN (CMMN_CODE,UPPER_CMMN_CODE,CMMN_NAME,DESCRIPTION) values ('AU003','AU','지점장','지점 내 데이터 및 소속 직원 관리 가능');
Insert into CMMN (CMMN_CODE,UPPER_CMMN_CODE,CMMN_NAME,DESCRIPTION) values ('AU004','AU','사원','기본 기능 사용 가능');
Insert into CMMN (CMMN_CODE,UPPER_CMMN_CODE,CMMN_NAME,DESCRIPTION) values ('EL',null,'구독형태','ERP사용회사 구독형태');
Insert into CMMN (CMMN_CODE,UPPER_CMMN_CODE,CMMN_NAME,DESCRIPTION) values ('EL01','EL','기간구독','기간구독');
Insert into CMMN (CMMN_CODE,UPPER_CMMN_CODE,CMMN_NAME,DESCRIPTION) values ('FI',null,'금융기관구분','은행 및 카드사');
Insert into CMMN (CMMN_CODE,UPPER_CMMN_CODE,CMMN_NAME,DESCRIPTION) values ('EE',null,'수익여부구분','수익인지 지출인지 자산인지 부채인지');
Insert into CMMN (CMMN_CODE,UPPER_CMMN_CODE,CMMN_NAME,DESCRIPTION) values ('PY',null,'지급여부구분','지급 미지급');
Insert into CMMN (CMMN_CODE,UPPER_CMMN_CODE,CMMN_NAME,DESCRIPTION) values ('PC',null,'처리여부구분','처리 반려 미처리');
Insert into CMMN (CMMN_CODE,UPPER_CMMN_CODE,CMMN_NAME,DESCRIPTION) values ('AC',null,'계정과목구분','어떤 계정과목인지');
Insert into CMMN (CMMN_CODE,UPPER_CMMN_CODE,CMMN_NAME,DESCRIPTION) values ('CA',null,'카드구분','개인인지 법인인지');
Insert into CMMN (CMMN_CODE,UPPER_CMMN_CODE,CMMN_NAME,DESCRIPTION) values ('FI01','FI','농협',null);
Insert into CMMN (CMMN_CODE,UPPER_CMMN_CODE,CMMN_NAME,DESCRIPTION) values ('FI02','FI','국민',null);
Insert into CMMN (CMMN_CODE,UPPER_CMMN_CODE,CMMN_NAME,DESCRIPTION) values ('FI03','FI','기업',null);
Insert into CMMN (CMMN_CODE,UPPER_CMMN_CODE,CMMN_NAME,DESCRIPTION) values ('FI04','FI','신한',null);
Insert into CMMN (CMMN_CODE,UPPER_CMMN_CODE,CMMN_NAME,DESCRIPTION) values ('FI05','FI','IM(대구)',null);
Insert into CMMN (CMMN_CODE,UPPER_CMMN_CODE,CMMN_NAME,DESCRIPTION) values ('FI06','FI','하나',null);
Insert into CMMN (CMMN_CODE,UPPER_CMMN_CODE,CMMN_NAME,DESCRIPTION) values ('FI07','FI','우리',null);
Insert into CMMN (CMMN_CODE,UPPER_CMMN_CODE,CMMN_NAME,DESCRIPTION) values ('EE01','EE','수익',null);
Insert into CMMN (CMMN_CODE,UPPER_CMMN_CODE,CMMN_NAME,DESCRIPTION) values ('EE02','EE','지출',null);
Insert into CMMN (CMMN_CODE,UPPER_CMMN_CODE,CMMN_NAME,DESCRIPTION) values ('EE03','EE','자산',null);
Insert into CMMN (CMMN_CODE,UPPER_CMMN_CODE,CMMN_NAME,DESCRIPTION) values ('EE04','EE','부채',null);
Insert into CMMN (CMMN_CODE,UPPER_CMMN_CODE,CMMN_NAME,DESCRIPTION) values ('PY01','PY','미지급',null);
Insert into CMMN (CMMN_CODE,UPPER_CMMN_CODE,CMMN_NAME,DESCRIPTION) values ('PY02','PY','지급',null);
Insert into CMMN (CMMN_CODE,UPPER_CMMN_CODE,CMMN_NAME,DESCRIPTION) values ('PC01','PC','미처리',null);
Insert into CMMN (CMMN_CODE,UPPER_CMMN_CODE,CMMN_NAME,DESCRIPTION) values ('PC02','PC','처리',null);
Insert into CMMN (CMMN_CODE,UPPER_CMMN_CODE,CMMN_NAME,DESCRIPTION) values ('PC03','PC','반려',null);
Insert into CMMN (CMMN_CODE,UPPER_CMMN_CODE,CMMN_NAME,DESCRIPTION) values ('CA01','CA','개인',null);
Insert into CMMN (CMMN_CODE,UPPER_CMMN_CODE,CMMN_NAME,DESCRIPTION) values ('CA02','CA','법인',null);
Insert into CMMN (CMMN_CODE,UPPER_CMMN_CODE,CMMN_NAME,DESCRIPTION) values ('AC01','AC','현금',null);
Insert into CMMN (CMMN_CODE,UPPER_CMMN_CODE,CMMN_NAME,DESCRIPTION) values ('AC02','AC','통장',null);
Insert into CMMN (CMMN_CODE,UPPER_CMMN_CODE,CMMN_NAME,DESCRIPTION) values ('AC03','AC','카드',null);
Insert into CMMN (CMMN_CODE,UPPER_CMMN_CODE,CMMN_NAME,DESCRIPTION) values ('AC04','AC','비품',null);
Insert into CMMN (CMMN_CODE,UPPER_CMMN_CODE,CMMN_NAME,DESCRIPTION) values ('AC05','AC','토지',null);
Insert into CMMN (CMMN_CODE,UPPER_CMMN_CODE,CMMN_NAME,DESCRIPTION) values ('AC06','AC','건물',null);
Insert into CMMN (CMMN_CODE,UPPER_CMMN_CODE,CMMN_NAME,DESCRIPTION) values ('AC07','AC','대출금',null);
Insert into CMMN (CMMN_CODE,UPPER_CMMN_CODE,CMMN_NAME,DESCRIPTION) values ('AC08','AC','미지급금',null);
Insert into CMMN (CMMN_CODE,UPPER_CMMN_CODE,CMMN_NAME,DESCRIPTION) values ('AC09','AC','외상매입금',null);
Insert into CMMN (CMMN_CODE,UPPER_CMMN_CODE,CMMN_NAME,DESCRIPTION) values ('AC10','AC','예수금',null);
Insert into CMMN (CMMN_CODE,UPPER_CMMN_CODE,CMMN_NAME,DESCRIPTION) values ('AC11','AC','선수금',null);
Insert into CMMN (CMMN_CODE,UPPER_CMMN_CODE,CMMN_NAME,DESCRIPTION) values ('AC12','AC','사채',null);
Insert into CMMN (CMMN_CODE,UPPER_CMMN_CODE,CMMN_NAME,DESCRIPTION) values ('AC13','AC','임대보증금',null);
Insert into CMMN (CMMN_CODE,UPPER_CMMN_CODE,CMMN_NAME,DESCRIPTION) values ('AC14','AC','자본금',null);
Insert into CMMN (CMMN_CODE,UPPER_CMMN_CODE,CMMN_NAME,DESCRIPTION) values ('AC15','AC','이익잉여금',null);
Insert into CMMN (CMMN_CODE,UPPER_CMMN_CODE,CMMN_NAME,DESCRIPTION) values ('AC16','AC','매출액',null);
Insert into CMMN (CMMN_CODE,UPPER_CMMN_CODE,CMMN_NAME,DESCRIPTION) values ('AC17','AC','용역수익',null);
Insert into CMMN (CMMN_CODE,UPPER_CMMN_CODE,CMMN_NAME,DESCRIPTION) values ('AC18','AC','이자수익',null);
Insert into CMMN (CMMN_CODE,UPPER_CMMN_CODE,CMMN_NAME,DESCRIPTION) values ('AC19','AC','급여',null);
Insert into CMMN (CMMN_CODE,UPPER_CMMN_CODE,CMMN_NAME,DESCRIPTION) values ('AC20','AC','임차료',null);
Insert into CMMN (CMMN_CODE,UPPER_CMMN_CODE,CMMN_NAME,DESCRIPTION) values ('AC21','AC','판매비',null);
Insert into CMMN (CMMN_CODE,UPPER_CMMN_CODE,CMMN_NAME,DESCRIPTION) values ('AC22','AC','광고비',null);
Insert into CMMN (CMMN_CODE,UPPER_CMMN_CODE,CMMN_NAME,DESCRIPTION) values ('AC23','AC','운반비',null);
Insert into CMMN (CMMN_CODE,UPPER_CMMN_CODE,CMMN_NAME,DESCRIPTION) values ('AC24','AC','감가상각비',null);
Insert into CMMN (CMMN_CODE,UPPER_CMMN_CODE,CMMN_NAME,DESCRIPTION) values ('AC25','AC','법인세비',null);
Insert into CMMN (CMMN_CODE,UPPER_CMMN_CODE,CMMN_NAME,DESCRIPTION) values ('EL02','EL','정기구독','정기구독');
Insert into CMMN (CMMN_CODE,UPPER_CMMN_CODE,CMMN_NAME,DESCRIPTION) values ('EP',null,'구독수단','ERP사용회사 구독수단');
Insert into CMMN (CMMN_CODE,UPPER_CMMN_CODE,CMMN_NAME,DESCRIPTION) values ('EP01','EP','무통장','무통장');
Insert into CMMN (CMMN_CODE,UPPER_CMMN_CODE,CMMN_NAME,DESCRIPTION) values ('EP02','EP','카드','카드');
Insert into CMMN (CMMN_CODE,UPPER_CMMN_CODE,CMMN_NAME,DESCRIPTION) values ('EP03','EP','계좌이체','계좌이체');
Insert into CMMN (CMMN_CODE,UPPER_CMMN_CODE,CMMN_NAME,DESCRIPTION) values ('EP04','EP','카카오페이','카카오페이');
Insert into CMMN (CMMN_CODE,UPPER_CMMN_CODE,CMMN_NAME,DESCRIPTION) values ('EP05','EP','네이버페이','네이버페이');
Insert into CMMN (CMMN_CODE,UPPER_CMMN_CODE,CMMN_NAME,DESCRIPTION) values ('ES',null,'구독상태','ERP사용회사 구독상태');
Insert into CMMN (CMMN_CODE,UPPER_CMMN_CODE,CMMN_NAME,DESCRIPTION) values ('ES01','ES','요청','요청');
Insert into CMMN (CMMN_CODE,UPPER_CMMN_CODE,CMMN_NAME,DESCRIPTION) values ('ES02','ES','반려','반려');
Insert into CMMN (CMMN_CODE,UPPER_CMMN_CODE,CMMN_NAME,DESCRIPTION) values ('ES03','ES','신청','신청');
Insert into CMMN (CMMN_CODE,UPPER_CMMN_CODE,CMMN_NAME,DESCRIPTION) values ('ES04','ES','완료','완료');
Insert into CMMN (CMMN_CODE,UPPER_CMMN_CODE,CMMN_NAME,DESCRIPTION) values ('EB',null,'영수증형태','ERP계약회사 영수증형태');
Insert into CMMN (CMMN_CODE,UPPER_CMMN_CODE,CMMN_NAME,DESCRIPTION) values ('EB01','EB','현금영수증','현금영수증');
Insert into CMMN (CMMN_CODE,UPPER_CMMN_CODE,CMMN_NAME,DESCRIPTION) values ('EB02','EB','세금계산서','세금계산서');
Insert into CMMN (CMMN_CODE,UPPER_CMMN_CODE,CMMN_NAME,DESCRIPTION) values ('EI',null,'발급회사','ERP구독 영수증 발급회사');
Insert into CMMN (CMMN_CODE,UPPER_CMMN_CODE,CMMN_NAME,DESCRIPTION) values ('EI01','EI','erp사용회사','erp사용회사');
Insert into CMMN (CMMN_CODE,UPPER_CMMN_CODE,CMMN_NAME,DESCRIPTION) values ('EI02','EI','erp제공회사','erp제공회사');
Insert into CMMN (CMMN_CODE,UPPER_CMMN_CODE,CMMN_NAME,DESCRIPTION) values ('IA',null,'내부결재 처리상태','내부결재 처리상태');
Insert into CMMN (CMMN_CODE,UPPER_CMMN_CODE,CMMN_NAME,DESCRIPTION) values ('OA',null,'외부결재 처리상태','외부결재 처리상태');
Insert into CMMN (CMMN_CODE,UPPER_CMMN_CODE,CMMN_NAME,DESCRIPTION) values ('BT',null,'거래처 사업체 구분','거래처 사업체 구분');
Insert into CMMN (CMMN_CODE,UPPER_CMMN_CODE,CMMN_NAME,DESCRIPTION) values ('RT',null,'지점 전/월세 구분','지점 전/월세 구분');
Insert into CMMN (CMMN_CODE,UPPER_CMMN_CODE,CMMN_NAME,DESCRIPTION) values ('PO001','PO','사원',null);
Insert into CMMN (CMMN_CODE,UPPER_CMMN_CODE,CMMN_NAME,DESCRIPTION) values ('PO002','PO','주임',null);
Insert into CMMN (CMMN_CODE,UPPER_CMMN_CODE,CMMN_NAME,DESCRIPTION) values ('PO003','PO','대리',null);
Insert into CMMN (CMMN_CODE,UPPER_CMMN_CODE,CMMN_NAME,DESCRIPTION) values ('PO004','PO','과장',null);
Insert into CMMN (CMMN_CODE,UPPER_CMMN_CODE,CMMN_NAME,DESCRIPTION) values ('PO005','PO','차장',null);
Insert into CMMN (CMMN_CODE,UPPER_CMMN_CODE,CMMN_NAME,DESCRIPTION) values ('PO006','PO','부장',null);
Insert into CMMN (CMMN_CODE,UPPER_CMMN_CODE,CMMN_NAME,DESCRIPTION) values ('PO007','PO','팀장',null);
Insert into CMMN (CMMN_CODE,UPPER_CMMN_CODE,CMMN_NAME,DESCRIPTION) values ('PO008','PO','실장',null);
Insert into CMMN (CMMN_CODE,UPPER_CMMN_CODE,CMMN_NAME,DESCRIPTION) values ('PO009','PO','본부장',null);
Insert into CMMN (CMMN_CODE,UPPER_CMMN_CODE,CMMN_NAME,DESCRIPTION) values ('PO010','PO','이사',null);
Insert into CMMN (CMMN_CODE,UPPER_CMMN_CODE,CMMN_NAME,DESCRIPTION) values ('PO011','PO','상무',null);
Insert into CMMN (CMMN_CODE,UPPER_CMMN_CODE,CMMN_NAME,DESCRIPTION) values ('PO012','PO','전무',null);
Insert into CMMN (CMMN_CODE,UPPER_CMMN_CODE,CMMN_NAME,DESCRIPTION) values ('PO013','PO','대표이사',null);
Insert into CMMN (CMMN_CODE,UPPER_CMMN_CODE,CMMN_NAME,DESCRIPTION) values ('DT',null,'부서 유형','부서 구분 코드');
Insert into CMMN (CMMN_CODE,UPPER_CMMN_CODE,CMMN_NAME,DESCRIPTION) values ('DT001','DT','부서',null);
Insert into CMMN (CMMN_CODE,UPPER_CMMN_CODE,CMMN_NAME,DESCRIPTION) values ('DT002','DT','팀',null);
Insert into CMMN (CMMN_CODE,UPPER_CMMN_CODE,CMMN_NAME,DESCRIPTION) values ('DT003','DT','본사',null);
Insert into CMMN (CMMN_CODE,UPPER_CMMN_CODE,CMMN_NAME,DESCRIPTION) values ('DT004','DT','지점',null);
Insert into CMMN (CMMN_CODE,UPPER_CMMN_CODE,CMMN_NAME,DESCRIPTION) values ('ST',null,'재직 상태','재직 상태 구분');
Insert into CMMN (CMMN_CODE,UPPER_CMMN_CODE,CMMN_NAME,DESCRIPTION) values ('ST001','ST','재직',null);
Insert into CMMN (CMMN_CODE,UPPER_CMMN_CODE,CMMN_NAME,DESCRIPTION) values ('ST002','ST','휴직',null);
Insert into CMMN (CMMN_CODE,UPPER_CMMN_CODE,CMMN_NAME,DESCRIPTION) values ('ST003','ST','퇴직',null);
Insert into CMMN (CMMN_CODE,UPPER_CMMN_CODE,CMMN_NAME,DESCRIPTION) values ('ET',null,'근무 유형','근무 형태 구분');
Insert into CMMN (CMMN_CODE,UPPER_CMMN_CODE,CMMN_NAME,DESCRIPTION) values ('ET001','ET','정규직',null);
Insert into CMMN (CMMN_CODE,UPPER_CMMN_CODE,CMMN_NAME,DESCRIPTION) values ('ET002','ET','계약직',null);
Insert into CMMN (CMMN_CODE,UPPER_CMMN_CODE,CMMN_NAME,DESCRIPTION) values ('AP',null,'승인 상태','승인 처리 상태');
Insert into CMMN (CMMN_CODE,UPPER_CMMN_CODE,CMMN_NAME,DESCRIPTION) values ('AP001','AP','대기중',null);
Insert into CMMN (CMMN_CODE,UPPER_CMMN_CODE,CMMN_NAME,DESCRIPTION) values ('AP002','AP','승인',null);
Insert into CMMN (CMMN_CODE,UPPER_CMMN_CODE,CMMN_NAME,DESCRIPTION) values ('AP003','AP','반려',null);
Insert into CMMN (CMMN_CODE,UPPER_CMMN_CODE,CMMN_NAME,DESCRIPTION) values ('TP',null,'출장/외근 구분','출장 및 외근 구분');
Insert into CMMN (CMMN_CODE,UPPER_CMMN_CODE,CMMN_NAME,DESCRIPTION) values ('TP001','TP','출장',null);
Insert into CMMN (CMMN_CODE,UPPER_CMMN_CODE,CMMN_NAME,DESCRIPTION) values ('TP002','TP','외근',null);
Insert into CMMN (CMMN_CODE,UPPER_CMMN_CODE,CMMN_NAME,DESCRIPTION) values ('LC',null,'연차 유형','연차 구분 코드');
Insert into CMMN (CMMN_CODE,UPPER_CMMN_CODE,CMMN_NAME,DESCRIPTION) values ('LC001','LC','연차',null);
Insert into CMMN (CMMN_CODE,UPPER_CMMN_CODE,CMMN_NAME,DESCRIPTION) values ('LC002','LC','반차',null);
Insert into CMMN (CMMN_CODE,UPPER_CMMN_CODE,CMMN_NAME,DESCRIPTION) values ('LC003','LC','경조휴가',null);
Insert into CMMN (CMMN_CODE,UPPER_CMMN_CODE,CMMN_NAME,DESCRIPTION) values ('LC004','LC','병가',null);
Insert into CMMN (CMMN_CODE,UPPER_CMMN_CODE,CMMN_NAME,DESCRIPTION) values ('DU',null,'부서 상태','부서 운영 상태');
Insert into CMMN (CMMN_CODE,UPPER_CMMN_CODE,CMMN_NAME,DESCRIPTION) values ('DU001','DU','운영중',null);
Insert into CMMN (CMMN_CODE,UPPER_CMMN_CODE,CMMN_NAME,DESCRIPTION) values ('DU002','DU','비활성',null);
Insert into CMMN (CMMN_CODE,UPPER_CMMN_CODE,CMMN_NAME,DESCRIPTION) values ('CH',null,'인사 변경 유형','인사 변동 사항');
Insert into CMMN (CMMN_CODE,UPPER_CMMN_CODE,CMMN_NAME,DESCRIPTION) values ('CH001','CH','승진',null);
Insert into CMMN (CMMN_CODE,UPPER_CMMN_CODE,CMMN_NAME,DESCRIPTION) values ('CH002','CH','부서이동',null);
Insert into CMMN (CMMN_CODE,UPPER_CMMN_CODE,CMMN_NAME,DESCRIPTION) values ('CH003','CH','근무 형태 변경',null);
Insert into CMMN (CMMN_CODE,UPPER_CMMN_CODE,CMMN_NAME,DESCRIPTION) values ('LB',null,'연차 부여 유형','연차 부여 기준');
Insert into CMMN (CMMN_CODE,UPPER_CMMN_CODE,CMMN_NAME,DESCRIPTION) values ('LB001','LB','입사 1년 미만',null);
Insert into CMMN (CMMN_CODE,UPPER_CMMN_CODE,CMMN_NAME,DESCRIPTION) values ('LB002','LB','입사 1년 이상',null);
Insert into CMMN (CMMN_CODE,UPPER_CMMN_CODE,CMMN_NAME,DESCRIPTION) values ('LB003','LB','장기 근속자',null);
Insert into CMMN (CMMN_CODE,UPPER_CMMN_CODE,CMMN_NAME,DESCRIPTION) values ('LB004','LB','특별 연차',null);
Insert into CMMN (CMMN_CODE,UPPER_CMMN_CODE,CMMN_NAME,DESCRIPTION) values ('CS',null,'계약 상태','계약 진행 상태');
Insert into CMMN (CMMN_CODE,UPPER_CMMN_CODE,CMMN_NAME,DESCRIPTION) values ('CS001','CS','진행 중','현재 진행 중인 계약');
Insert into CMMN (CMMN_CODE,UPPER_CMMN_CODE,CMMN_NAME,DESCRIPTION) values ('CS002','CS','만료','계약이 만료된 상태');
Insert into CMMN (CMMN_CODE,UPPER_CMMN_CODE,CMMN_NAME,DESCRIPTION) values ('PO',null,'직급','직급 구분 코드');
Insert into CMMN (CMMN_CODE,UPPER_CMMN_CODE,CMMN_NAME,DESCRIPTION) values ('CS003','CS','예정','계약이 예정되어 있는 상태');
Insert into CMMN (CMMN_CODE,UPPER_CMMN_CODE,CMMN_NAME,DESCRIPTION) values ('CS004','CS','해지','계약이 중도 해지된 상태');
Insert into CMMN (CMMN_CODE,UPPER_CMMN_CODE,CMMN_NAME,DESCRIPTION) values ('WS',null,'출퇴근 상태','출퇴근 기록 상태');
Insert into CMMN (CMMN_CODE,UPPER_CMMN_CODE,CMMN_NAME,DESCRIPTION) values ('WS001','WS','출근','정상 출근한 상태');
Insert into CMMN (CMMN_CODE,UPPER_CMMN_CODE,CMMN_NAME,DESCRIPTION) values ('WS002','WS','지각','출근 시간이 지연된 상태');
Insert into CMMN (CMMN_CODE,UPPER_CMMN_CODE,CMMN_NAME,DESCRIPTION) values ('WS003','WS','조퇴','근무 시간이 종료되기 전에 조기 퇴근한 상태');
Insert into CMMN (CMMN_CODE,UPPER_CMMN_CODE,CMMN_NAME,DESCRIPTION) values ('WS004','WS','결근','출근하지 않은 상태');
Insert into CMMN (CMMN_CODE,UPPER_CMMN_CODE,CMMN_NAME,DESCRIPTION) values ('WS005','WS','원격근무','재택근무 또는 원격 근무 상태');
Insert into CMMN (CMMN_CODE,UPPER_CMMN_CODE,CMMN_NAME,DESCRIPTION) values ('WS006','WS','출장','출장으로 인해 회사에 출근하지 않은 상태');
Insert into CMMN (CMMN_CODE,UPPER_CMMN_CODE,CMMN_NAME,DESCRIPTION) values ('DC',null,'문서 유형','각종 문서 구분 코드');
Insert into CMMN (CMMN_CODE,UPPER_CMMN_CODE,CMMN_NAME,DESCRIPTION) values ('DC001','DC','재직증명서','재직 상태를 증명하는 문서');
Insert into CMMN (CMMN_CODE,UPPER_CMMN_CODE,CMMN_NAME,DESCRIPTION) values ('DC002','DC','경력증명서','경력 사항을 증명하는 문서');
Insert into CMMN (CMMN_CODE,UPPER_CMMN_CODE,CMMN_NAME,DESCRIPTION) values ('DC003','DC','연차신청서','연차 사용을 신청하는 문서');
Insert into CMMN (CMMN_CODE,UPPER_CMMN_CODE,CMMN_NAME,DESCRIPTION) values ('DC004','DC','출장/외근 신청서','출장 또는 외근을 신청하는 문서');
Insert into CMMN (CMMN_CODE,UPPER_CMMN_CODE,CMMN_NAME,DESCRIPTION) values ('DC005','DC','출퇴근수정요청서','출퇴근 기록 수정을 요청하는 문서');
Insert into CMMN (CMMN_CODE,UPPER_CMMN_CODE,CMMN_NAME,DESCRIPTION) values ('DC007','DC','급여명세서','급여 내역을 포함한 명세서');
Insert into CMMN (CMMN_CODE,UPPER_CMMN_CODE,CMMN_NAME,DESCRIPTION) values ('DC008','DC','근로계약서','근로 조건을 명시한 계약서');
Insert into CMMN (CMMN_CODE,UPPER_CMMN_CODE,CMMN_NAME,DESCRIPTION) values ('CT',null,'일정구분','캘린더 일정 구분');
Insert into CMMN (CMMN_CODE,UPPER_CMMN_CODE,CMMN_NAME,DESCRIPTION) values ('DP',null,'할인상품기준','할인상품기준');
Insert into CMMN (CMMN_CODE,UPPER_CMMN_CODE,CMMN_NAME,DESCRIPTION) values ('DP001','DP','CATEGORY',null);
Insert into CMMN (CMMN_CODE,UPPER_CMMN_CODE,CMMN_NAME,DESCRIPTION) values ('DP002','DP','BRAND',null);
Insert into CMMN (CMMN_CODE,UPPER_CMMN_CODE,CMMN_NAME,DESCRIPTION) values ('CT001','CT','DEPT',null);
Insert into CMMN (CMMN_CODE,UPPER_CMMN_CODE,CMMN_NAME,DESCRIPTION) values ('CT002','CT','PERSONAL',null);
Insert into CMMN (CMMN_CODE,UPPER_CMMN_CODE,CMMN_NAME,DESCRIPTION) values ('IA002','IA','APPROVED',null);
Insert into CMMN (CMMN_CODE,UPPER_CMMN_CODE,CMMN_NAME,DESCRIPTION) values ('IA003','IA','REJECTED',null);
Insert into CMMN (CMMN_CODE,UPPER_CMMN_CODE,CMMN_NAME,DESCRIPTION) values ('OA005','OA','VENDOR_REJECTED',null);
Insert into CMMN (CMMN_CODE,UPPER_CMMN_CODE,CMMN_NAME,DESCRIPTION) values ('OA001','OA','WAITING',null);
Insert into CMMN (CMMN_CODE,UPPER_CMMN_CODE,CMMN_NAME,DESCRIPTION) values ('OA002','OA','MANATER_APPROVED',null);
Insert into CMMN (CMMN_CODE,UPPER_CMMN_CODE,CMMN_NAME,DESCRIPTION) values ('OA003','OA','MANATER_REJECTED',null);
Insert into CMMN (CMMN_CODE,UPPER_CMMN_CODE,CMMN_NAME,DESCRIPTION) values ('OA004','OA','VENDOR_APPROVED',null);
Insert into CMMN (CMMN_CODE,UPPER_CMMN_CODE,CMMN_NAME,DESCRIPTION) values ('BT001','BT','INDIVIDUAL',null);
Insert into CMMN (CMMN_CODE,UPPER_CMMN_CODE,CMMN_NAME,DESCRIPTION) values ('BT002','BT','CORPORATION',null);
Insert into CMMN (CMMN_CODE,UPPER_CMMN_CODE,CMMN_NAME,DESCRIPTION) values ('RT001','RT','LFSTS',null);
Insert into CMMN (CMMN_CODE,UPPER_CMMN_CODE,CMMN_NAME,DESCRIPTION) values ('RT002','RT','MTHT',null);
Insert into CMMN (CMMN_CODE,UPPER_CMMN_CODE,CMMN_NAME,DESCRIPTION) values ('VS',null,'발주서상태',null);
Insert into CMMN (CMMN_CODE,UPPER_CMMN_CODE,CMMN_NAME,DESCRIPTION) values ('VS001','VS','진행중',null);
Insert into CMMN (CMMN_CODE,UPPER_CMMN_CODE,CMMN_NAME,DESCRIPTION) values ('VS002','VS','완료',null);
Insert into CMMN (CMMN_CODE,UPPER_CMMN_CODE,CMMN_NAME,DESCRIPTION) values ('VS003','VS','취소',null);
Insert into CMMN (CMMN_CODE,UPPER_CMMN_CODE,CMMN_NAME,DESCRIPTION) values ('VC',null,'발주서변경유형',null);
Insert into CMMN (CMMN_CODE,UPPER_CMMN_CODE,CMMN_NAME,DESCRIPTION) values ('VC001','VC','추가',null);
Insert into CMMN (CMMN_CODE,UPPER_CMMN_CODE,CMMN_NAME,DESCRIPTION) values ('VC002','VC','변경',null);
Insert into CMMN (CMMN_CODE,UPPER_CMMN_CODE,CMMN_NAME,DESCRIPTION) values ('VC003','VC','삭제',null);
Insert into CMMN (CMMN_CODE,UPPER_CMMN_CODE,CMMN_NAME,DESCRIPTION) values ('VP',null,'발주계획상태',null);
Insert into CMMN (CMMN_CODE,UPPER_CMMN_CODE,CMMN_NAME,DESCRIPTION) values ('VP001','VP','결제대기중',null);
Insert into CMMN (CMMN_CODE,UPPER_CMMN_CODE,CMMN_NAME,DESCRIPTION) values ('VP002','VP','진행중',null);
Insert into CMMN (CMMN_CODE,UPPER_CMMN_CODE,CMMN_NAME,DESCRIPTION) values ('VP003','VP','완료',null);
Insert into CMMN (CMMN_CODE,UPPER_CMMN_CODE,CMMN_NAME,DESCRIPTION) values ('VP004','VP','취소',null);
Insert into CMMN (CMMN_CODE,UPPER_CMMN_CODE,CMMN_NAME,DESCRIPTION) values ('VD',null,'폐기변경유형',null);
Insert into CMMN (CMMN_CODE,UPPER_CMMN_CODE,CMMN_NAME,DESCRIPTION) values ('VD001','VD','변경',null);
Insert into CMMN (CMMN_CODE,UPPER_CMMN_CODE,CMMN_NAME,DESCRIPTION) values ('VD002','VD','삭제',null);
Insert into CMMN (CMMN_CODE,UPPER_CMMN_CODE,CMMN_NAME,DESCRIPTION) values ('DO',null,'문서 내/외부 결재 타입',null);
Insert into CMMN (CMMN_CODE,UPPER_CMMN_CODE,CMMN_NAME,DESCRIPTION) values ('DO001','DO','문서 내부 결재 타입',null);
Insert into CMMN (CMMN_CODE,UPPER_CMMN_CODE,CMMN_NAME,DESCRIPTION) values ('DO002','DO','문서 외부 결재 타입',null);
Insert into CMMN (CMMN_CODE,UPPER_CMMN_CODE,CMMN_NAME,DESCRIPTION) values ('EQ',null,'문의유형','EQ ERP사용회사 문의유형');
Insert into CMMN (CMMN_CODE,UPPER_CMMN_CODE,CMMN_NAME,DESCRIPTION) values ('EQ01','EQ','단순문의','단순문의');
Insert into CMMN (CMMN_CODE,UPPER_CMMN_CODE,CMMN_NAME,DESCRIPTION) values ('EQ02','EQ','상태변경','회사정보변경');
Insert into CMMN (CMMN_CODE,UPPER_CMMN_CODE,CMMN_NAME,DESCRIPTION) values ('EQ03','EQ','발행','각종영수증발행');
Insert into CMMN (CMMN_CODE,UPPER_CMMN_CODE,CMMN_NAME,DESCRIPTION) values ('EQ04','EQ','신규등록','신규회사등록');
Insert into CMMN (CMMN_CODE,UPPER_CMMN_CODE,CMMN_NAME,DESCRIPTION) values ('AC26','AC','운영비',null);
Insert into CMMN (CMMN_CODE,UPPER_CMMN_CODE,CMMN_NAME,DESCRIPTION) values ('UT',null,'사용자 유형','사용자의 역할 구분');
Insert into CMMN (CMMN_CODE,UPPER_CMMN_CODE,CMMN_NAME,DESCRIPTION) values ('UT001','UT','관리자 (Admin)','ERP 시스템 전체 관리 가능');
Insert into CMMN (CMMN_CODE,UPPER_CMMN_CODE,CMMN_NAME,DESCRIPTION) values ('UT002','UT','일반 사용자 (User)','ERP 시스템 기본 기능 사용 가능');
Insert into CMMN (CMMN_CODE,UPPER_CMMN_CODE,CMMN_NAME,DESCRIPTION) values ('AS',null,'계정 상태','사용자 계정 활성화 상태');
Insert into CMMN (CMMN_CODE,UPPER_CMMN_CODE,CMMN_NAME,DESCRIPTION) values ('AS001','AS','활성 (Active)','정상 사용 가능 상태');
Insert into CMMN (CMMN_CODE,UPPER_CMMN_CODE,CMMN_NAME,DESCRIPTION) values ('AS002','AS','비활성 (Inactive)','로그인 불가 상태');
Insert into CMMN (CMMN_CODE,UPPER_CMMN_CODE,CMMN_NAME,DESCRIPTION) values ('AS003','AS','정지 (Suspended)','정책 위반 등의 이유로 사용 제한');
Insert into CMMN (CMMN_CODE,UPPER_CMMN_CODE,CMMN_NAME,DESCRIPTION) values ('VS004','VS','지점입고완료',null);
REM INSERTING into ERP_ANSWER
SET DEFINE OFF;
Insert into ERP_ANSWER (ANSWER_NUM,INQUIRY_NUM,EMPLOYEE_NUM,ANSWER_CONTENT,ANSWER_DATE) values (30,24,1,'글자에 엔터를',to_date('25/03/03','RR/MM/DD'));
Insert into ERP_ANSWER (ANSWER_NUM,INQUIRY_NUM,EMPLOYEE_NUM,ANSWER_CONTENT,ANSWER_DATE) values (31,24,1,'글자에 엔터를 못치내
이렴 나가리 자나 그래서
그냥 엔터는 여기서 칠수있도록
했어요',to_date('25/03/03','RR/MM/DD'));
Insert into ERP_ANSWER (ANSWER_NUM,INQUIRY_NUM,EMPLOYEE_NUM,ANSWER_CONTENT,ANSWER_DATE) values (1,1,1,'ERP 도입 관련하여 자세한 상담이 필요하시면 연락 부탁드립니다.',to_date('25/02/11','RR/MM/DD'));
Insert into ERP_ANSWER (ANSWER_NUM,INQUIRY_NUM,EMPLOYEE_NUM,ANSWER_CONTENT,ANSWER_DATE) values (2,2,2,'커스터마이징 가능 여부에 대한 자세한 설명을 위해 미팅을 제안드립니다.',to_date('25/02/11','RR/MM/DD'));
Insert into ERP_ANSWER (ANSWER_NUM,INQUIRY_NUM,EMPLOYEE_NUM,ANSWER_CONTENT,ANSWER_DATE) values (3,4,3,'기존 ERP 시스템과의 연동이 가능합니다. 추가적인 기술 검토가 필요합니다.',to_date('25/02/11','RR/MM/DD'));
Insert into ERP_ANSWER (ANSWER_NUM,INQUIRY_NUM,EMPLOYEE_NUM,ANSWER_CONTENT,ANSWER_DATE) values (32,24,1,'풀 테스트
잘 받아졌늕',to_date('25/03/03','RR/MM/DD'));
Insert into ERP_ANSWER (ANSWER_NUM,INQUIRY_NUM,EMPLOYEE_NUM,ANSWER_CONTENT,ANSWER_DATE) values (33,46,1,'이거 답변처리 완료',to_date('25/03/03','RR/MM/DD'));
Insert into ERP_ANSWER (ANSWER_NUM,INQUIRY_NUM,EMPLOYEE_NUM,ANSWER_CONTENT,ANSWER_DATE) values (34,55,1,'그래요나 ',to_date('25/03/04','RR/MM/DD'));
Insert into ERP_ANSWER (ANSWER_NUM,INQUIRY_NUM,EMPLOYEE_NUM,ANSWER_CONTENT,ANSWER_DATE) values (35,55,1,'123',to_date('25/03/10','RR/MM/DD'));
Insert into ERP_ANSWER (ANSWER_NUM,INQUIRY_NUM,EMPLOYEE_NUM,ANSWER_CONTENT,ANSWER_DATE) values (21,24,1,'답변내용',to_date('25/03/03','RR/MM/DD'));
Insert into ERP_ANSWER (ANSWER_NUM,INQUIRY_NUM,EMPLOYEE_NUM,ANSWER_CONTENT,ANSWER_DATE) values (22,24,1,'등록처리',to_date('25/03/03','RR/MM/DD'));
Insert into ERP_ANSWER (ANSWER_NUM,INQUIRY_NUM,EMPLOYEE_NUM,ANSWER_CONTENT,ANSWER_DATE) values (23,24,1,'등록함?',to_date('25/03/03','RR/MM/DD'));
Insert into ERP_ANSWER (ANSWER_NUM,INQUIRY_NUM,EMPLOYEE_NUM,ANSWER_CONTENT,ANSWER_DATE) values (24,24,1,'등록??',to_date('25/03/03','RR/MM/DD'));
Insert into ERP_ANSWER (ANSWER_NUM,INQUIRY_NUM,EMPLOYEE_NUM,ANSWER_CONTENT,ANSWER_DATE) values (25,24,1,'이렴 돼는거임?',to_date('25/03/03','RR/MM/DD'));
Insert into ERP_ANSWER (ANSWER_NUM,INQUIRY_NUM,EMPLOYEE_NUM,ANSWER_CONTENT,ANSWER_DATE) values (26,24,1,'이러면 됀다면서?',to_date('25/03/03','RR/MM/DD'));
Insert into ERP_ANSWER (ANSWER_NUM,INQUIRY_NUM,EMPLOYEE_NUM,ANSWER_CONTENT,ANSWER_DATE) values (27,24,1,'우호',to_date('25/03/03','RR/MM/DD'));
Insert into ERP_ANSWER (ANSWER_NUM,INQUIRY_NUM,EMPLOYEE_NUM,ANSWER_CONTENT,ANSWER_DATE) values (28,24,1,'관계를 돈독히',to_date('25/03/03','RR/MM/DD'));
Insert into ERP_ANSWER (ANSWER_NUM,INQUIRY_NUM,EMPLOYEE_NUM,ANSWER_CONTENT,ANSWER_DATE) values (29,24,1,'글자 쓰면',to_date('25/03/03','RR/MM/DD'));
REM INSERTING into ERP_BILL
SET DEFINE OFF;
Insert into ERP_BILL (BILL_NUM,SUBSCRIPTION_NUM,EMPLOYEE_NUM,BILL_FORM,PDF_ADDRESS,ISSUE_COMPANY,COMPANY_CODE,ISSUE_DATE) values (36,62,1,'EB02','준비중','EI02','NODATA',to_date('25/02/27','RR/MM/DD'));
Insert into ERP_BILL (BILL_NUM,SUBSCRIPTION_NUM,EMPLOYEE_NUM,BILL_FORM,PDF_ADDRESS,ISSUE_COMPANY,COMPANY_CODE,ISSUE_DATE) values (38,84,100004,'EB02','준비중','EI01',null,to_date('25/03/04','RR/MM/DD'));
Insert into ERP_BILL (BILL_NUM,SUBSCRIPTION_NUM,EMPLOYEE_NUM,BILL_FORM,PDF_ADDRESS,ISSUE_COMPANY,COMPANY_CODE,ISSUE_DATE) values (41,86,1,'EB02','준비중','EI02','NODATA',to_date('25/03/07','RR/MM/DD'));
Insert into ERP_BILL (BILL_NUM,SUBSCRIPTION_NUM,EMPLOYEE_NUM,BILL_FORM,PDF_ADDRESS,ISSUE_COMPANY,COMPANY_CODE,ISSUE_DATE) values (37,73,1,'EB02','준비중','EI02','NODATA',to_date('25/02/28','RR/MM/DD'));
Insert into ERP_BILL (BILL_NUM,SUBSCRIPTION_NUM,EMPLOYEE_NUM,BILL_FORM,PDF_ADDRESS,ISSUE_COMPANY,COMPANY_CODE,ISSUE_DATE) values (39,79,1,'EB02','준비중','EI02','NODATA',to_date('25/03/05','RR/MM/DD'));
Insert into ERP_BILL (BILL_NUM,SUBSCRIPTION_NUM,EMPLOYEE_NUM,BILL_FORM,PDF_ADDRESS,ISSUE_COMPANY,COMPANY_CODE,ISSUE_DATE) values (34,68,1,'EB01','준비중','EI02','NODATA',to_date('25/02/26','RR/MM/DD'));
Insert into ERP_BILL (BILL_NUM,SUBSCRIPTION_NUM,EMPLOYEE_NUM,BILL_FORM,PDF_ADDRESS,ISSUE_COMPANY,COMPANY_CODE,ISSUE_DATE) values (40,85,100005,'EB02','준비중','EI01',null,to_date('25/03/05','RR/MM/DD'));
Insert into ERP_BILL (BILL_NUM,SUBSCRIPTION_NUM,EMPLOYEE_NUM,BILL_FORM,PDF_ADDRESS,ISSUE_COMPANY,COMPANY_CODE,ISSUE_DATE) values (35,67,1,'EB02','준비중','EI02','NODATA',to_date('25/02/26','RR/MM/DD'));
REM INSERTING into ERP_COMPANY
SET DEFINE OFF;
Insert into ERP_COMPANY (COMPANY_NUM,COMPANY_NAME,COMPANY_ENG_NAME,REPRESENTATION_NAME,REPRESENTATION_PHONE,CHARGER_NAME,CHARGER_PHONE,CHARGER_EMAIL,COMPANY_ADDRESS,BUSINESS_NUM,BUSINESS_LICENSE,SERVICE_STATE,REGISTER_DATE) values (45,'뷰티인사이드','beautyinside','나최고','010-1111-1111','너최도','111-1111-1111','djfiosdjfio@djkslfjlk.com','대구 군위군 군위읍 개봉길 23-72 (내량리) 123123','123-12-45621','2_20250228_152537.PNG','EC01',to_date('25/02/28','RR/MM/DD'));
Insert into ERP_COMPANY (COMPANY_NUM,COMPANY_NAME,COMPANY_ENG_NAME,REPRESENTATION_NAME,REPRESENTATION_PHONE,CHARGER_NAME,CHARGER_PHONE,CHARGER_EMAIL,COMPANY_ADDRESS,BUSINESS_NUM,BUSINESS_LICENSE,SERVICE_STATE,REGISTER_DATE) values (52,'스파오','spao','김도윤','010-1111-2222','이서연','010-7246-5681','kimdoyun@spo.com','경기 성남시 분당구 판교역로 4 (백현동) 1234','475-13-64825','사업자_20250307_081318.png','EC01',to_date('25/03/07','RR/MM/DD'));
Insert into ERP_COMPANY (COMPANY_NUM,COMPANY_NAME,COMPANY_ENG_NAME,REPRESENTATION_NAME,REPRESENTATION_PHONE,CHARGER_NAME,CHARGER_PHONE,CHARGER_EMAIL,COMPANY_ADDRESS,BUSINESS_NUM,BUSINESS_LICENSE,SERVICE_STATE,REGISTER_DATE) values (27,'좋은회사4','olivid','나대표','010-8521-6704','나사원','010-8521-6704','hayeon8521@kakao.com','서울시 좋은곳에 위치','647-81-00749','사업자_20250214_104744.png','EC03',to_date('25/02/14','RR/MM/DD'));
Insert into ERP_COMPANY (COMPANY_NUM,COMPANY_NAME,COMPANY_ENG_NAME,REPRESENTATION_NAME,REPRESENTATION_PHONE,CHARGER_NAME,CHARGER_PHONE,CHARGER_EMAIL,COMPANY_ADDRESS,BUSINESS_NUM,BUSINESS_LICENSE,SERVICE_STATE,REGISTER_DATE) values (28,'좋은회사5','olivie','나대표','010-8521-6704','나사원','010-8521-6704','hayeon8521@kakao.com','서울시 좋은곳에 위치','647-81-00749','logo_hometax_20250310_091201.png','EC01',to_date('25/02/14','RR/MM/DD'));
Insert into ERP_COMPANY (COMPANY_NUM,COMPANY_NAME,COMPANY_ENG_NAME,REPRESENTATION_NAME,REPRESENTATION_PHONE,CHARGER_NAME,CHARGER_PHONE,CHARGER_EMAIL,COMPANY_ADDRESS,BUSINESS_NUM,BUSINESS_LICENSE,SERVICE_STATE,REGISTER_DATE) values (29,'좋은회사6','olivif','나대표','010-8521-6704','나사원','010-8521-6704','hayeon8521@kakao.com','서울시 좋은곳에 위치','647-81-00749','사업자_20250214_110644.png','EC03',to_date('25/02/14','RR/MM/DD'));
Insert into ERP_COMPANY (COMPANY_NUM,COMPANY_NAME,COMPANY_ENG_NAME,REPRESENTATION_NAME,REPRESENTATION_PHONE,CHARGER_NAME,CHARGER_PHONE,CHARGER_EMAIL,COMPANY_ADDRESS,BUSINESS_NUM,BUSINESS_LICENSE,SERVICE_STATE,REGISTER_DATE) values (30,'좋은회사7','olivig','나대표','010-8521-6704','나사원','010-8521-6704','hayeon8521@kakao.com','서울시 좋은곳에 위치','647-81-00749','사업자_20250214_111108.png','EC03',to_date('25/02/14','RR/MM/DD'));
Insert into ERP_COMPANY (COMPANY_NUM,COMPANY_NAME,COMPANY_ENG_NAME,REPRESENTATION_NAME,REPRESENTATION_PHONE,CHARGER_NAME,CHARGER_PHONE,CHARGER_EMAIL,COMPANY_ADDRESS,BUSINESS_NUM,BUSINESS_LICENSE,SERVICE_STATE,REGISTER_DATE) values (46,'하연컴퍼니','hayeoncom','표하연','010-1111-2222','표사원','010-2222-3333','hayeon8521@kakao.com','대구 중구 경상감영길 2 (서문로1가) 201호','456-84-87854','사업자_20250303_100409.png','EC01',to_date('25/03/03','RR/MM/DD'));
Insert into ERP_COMPANY (COMPANY_NUM,COMPANY_NAME,COMPANY_ENG_NAME,REPRESENTATION_NAME,REPRESENTATION_PHONE,CHARGER_NAME,CHARGER_PHONE,CHARGER_EMAIL,COMPANY_ADDRESS,BUSINESS_NUM,BUSINESS_LICENSE,SERVICE_STATE,REGISTER_DATE) values (1,'올리브영','oliveyoung','이선정','010-1111-2222','이담당','010-2222-3333','lee@abc.com','서울특별시 용산구 한강대로 372, 24층','809-81-01574','test_20250216_032245.png','EC01',to_date('25/02/11','RR/MM/DD'));
Insert into ERP_COMPANY (COMPANY_NUM,COMPANY_NAME,COMPANY_ENG_NAME,REPRESENTATION_NAME,REPRESENTATION_PHONE,CHARGER_NAME,CHARGER_PHONE,CHARGER_EMAIL,COMPANY_ADDRESS,BUSINESS_NUM,BUSINESS_LICENSE,SERVICE_STATE,REGISTER_DATE) values (2,'XYZ Ltd','XYZLimited','박민수','010-3333-4444','최지훈','010-4444-5555','choi@xyz.com','부산광역시 해운대구 센텀로 456','234-56-78901','license_xyz.pdf','EC01',to_date('25/02/11','RR/MM/DD'));
Insert into ERP_COMPANY (COMPANY_NUM,COMPANY_NAME,COMPANY_ENG_NAME,REPRESENTATION_NAME,REPRESENTATION_PHONE,CHARGER_NAME,CHARGER_PHONE,CHARGER_EMAIL,COMPANY_ADDRESS,BUSINESS_NUM,BUSINESS_LICENSE,SERVICE_STATE,REGISTER_DATE) values (3,'QWE Inc','QWEIncorporated','정다혜','010-5555-6666','한지원','010-6666-7777','han@qwe.com','대전광역시 유성구 대학로 789','345-67-89012','license_qwe.pdf','EC01',to_date('25/02/11','RR/MM/DD'));
Insert into ERP_COMPANY (COMPANY_NUM,COMPANY_NAME,COMPANY_ENG_NAME,REPRESENTATION_NAME,REPRESENTATION_PHONE,CHARGER_NAME,CHARGER_PHONE,CHARGER_EMAIL,COMPANY_ADDRESS,BUSINESS_NUM,BUSINESS_LICENSE,SERVICE_STATE,REGISTER_DATE) values (4,'JKL Co','JKLCompany','윤성호','010-7777-8888','김서연','010-8888-9999','kim@jkl.com','대구광역시 중구 중앙대로 135','456-78-90123','license_jkl.pdf','EC01',to_date('25/02/11','RR/MM/DD'));
Insert into ERP_COMPANY (COMPANY_NUM,COMPANY_NAME,COMPANY_ENG_NAME,REPRESENTATION_NAME,REPRESENTATION_PHONE,CHARGER_NAME,CHARGER_PHONE,CHARGER_EMAIL,COMPANY_ADDRESS,BUSINESS_NUM,BUSINESS_LICENSE,SERVICE_STATE,REGISTER_DATE) values (5,'MNO Tech','MNOTechnologies','이진우','010-9999-0000','박예린','010-0000-1111','park@mno.com','광주광역시 서구 상무대로 246','567-89-01234','license_mno.pdf','EC01',to_date('25/02/11','RR/MM/DD'));
Insert into ERP_COMPANY (COMPANY_NUM,COMPANY_NAME,COMPANY_ENG_NAME,REPRESENTATION_NAME,REPRESENTATION_PHONE,CHARGER_NAME,CHARGER_PHONE,CHARGER_EMAIL,COMPANY_ADDRESS,BUSINESS_NUM,BUSINESS_LICENSE,SERVICE_STATE,REGISTER_DATE) values (48,'스타트랙','startract','이선정','010-1111-2222','이담당','010-4875-4567','startract@start.tract','대구 중구 서문로1가 34-8 103동 1004호','809-81-01574','사업자_20250304_111912.png','EC01',to_date('25/03/04','RR/MM/DD'));
Insert into ERP_COMPANY (COMPANY_NUM,COMPANY_NAME,COMPANY_ENG_NAME,REPRESENTATION_NAME,REPRESENTATION_PHONE,CHARGER_NAME,CHARGER_PHONE,CHARGER_EMAIL,COMPANY_ADDRESS,BUSINESS_NUM,BUSINESS_LICENSE,SERVICE_STATE,REGISTER_DATE) values (49,'걸리버막창','girlibermachang','김다혜','010-1111-2222','윤준혁','010-7842-3325','girlibermachang@naver.com','대구 달성군 논공읍 논공중앙로 19 (남리) 걸리버막창 본사','809-81-01574','사업자_20250304_114933.png','EC01',to_date('25/03/04','RR/MM/DD'));
Insert into ERP_COMPANY (COMPANY_NUM,COMPANY_NAME,COMPANY_ENG_NAME,REPRESENTATION_NAME,REPRESENTATION_PHONE,CHARGER_NAME,CHARGER_PHONE,CHARGER_EMAIL,COMPANY_ADDRESS,BUSINESS_NUM,BUSINESS_LICENSE,SERVICE_STATE,REGISTER_DATE) values (54,'네이버클라우드','navercloub','표하연','010-8521-6704','서해숙','010-9653-5687','hayeon8521@kakao.com','경기 성남시 분당구 대왕판교로 477 (판교동, 낙생고등학교) 네이버 클라우드 본사','452-22-88564','사업자_20250311_021434.png','EC01',to_date('25/03/11','RR/MM/DD'));
Insert into ERP_COMPANY (COMPANY_NUM,COMPANY_NAME,COMPANY_ENG_NAME,REPRESENTATION_NAME,REPRESENTATION_PHONE,CHARGER_NAME,CHARGER_PHONE,CHARGER_EMAIL,COMPANY_ADDRESS,BUSINESS_NUM,BUSINESS_LICENSE,SERVICE_STATE,REGISTER_DATE) values (20,'테스트1','testone','이선정','010-1111-2222','이담당','010-2222-3333','lee@abc.com','서울특별시 용산구 한강대로 372, 24층','809-81-01574','license_abc.png','EC03',to_date('25/02/14','RR/MM/DD'));
Insert into ERP_COMPANY (COMPANY_NUM,COMPANY_NAME,COMPANY_ENG_NAME,REPRESENTATION_NAME,REPRESENTATION_PHONE,CHARGER_NAME,CHARGER_PHONE,CHARGER_EMAIL,COMPANY_ADDRESS,BUSINESS_NUM,BUSINESS_LICENSE,SERVICE_STATE,REGISTER_DATE) values (23,'좋은회사','olivia','나대표','010-8521-6704','나사원','010-8521-6704','hayeon8521@kakao.com','서울시 좋은곳에 위치','647-81-00749','사업자_20250214_102043.png','EC01',to_date('25/02/14','RR/MM/DD'));
Insert into ERP_COMPANY (COMPANY_NUM,COMPANY_NAME,COMPANY_ENG_NAME,REPRESENTATION_NAME,REPRESENTATION_PHONE,CHARGER_NAME,CHARGER_PHONE,CHARGER_EMAIL,COMPANY_ADDRESS,BUSINESS_NUM,BUSINESS_LICENSE,SERVICE_STATE,REGISTER_DATE) values (25,'좋은회사2','olivib','나대표','010-8521-6704','나사원','010-8521-6704','hayeon8521@kakao.com','서울시 좋은곳에 위치','647-81-00749','사업자_20250214_102347.png','EC03',to_date('25/02/14','RR/MM/DD'));
Insert into ERP_COMPANY (COMPANY_NUM,COMPANY_NAME,COMPANY_ENG_NAME,REPRESENTATION_NAME,REPRESENTATION_PHONE,CHARGER_NAME,CHARGER_PHONE,CHARGER_EMAIL,COMPANY_ADDRESS,BUSINESS_NUM,BUSINESS_LICENSE,SERVICE_STATE,REGISTER_DATE) values (26,'좋은회사3','olivic','나대표','010-8521-6704','나사원','010-8521-6704','hayeon8521@kakao.com','서울시 좋은곳에 위치','647-81-00749','사업자_20250214_102520.png','EC03',to_date('25/02/14','RR/MM/DD'));
Insert into ERP_COMPANY (COMPANY_NUM,COMPANY_NAME,COMPANY_ENG_NAME,REPRESENTATION_NAME,REPRESENTATION_PHONE,CHARGER_NAME,CHARGER_PHONE,CHARGER_EMAIL,COMPANY_ADDRESS,BUSINESS_NUM,BUSINESS_LICENSE,SERVICE_STATE,REGISTER_DATE) values (31,'좋은회사8','olivih','나대표','010-8521-6704','나사원','010-8521-6704','hayeon8521@kakao.com','서울시 좋은곳에 위치','647-81-00749','사업자_20250310_094804.png','EC03',to_date('25/02/14','RR/MM/DD'));
Insert into ERP_COMPANY (COMPANY_NUM,COMPANY_NAME,COMPANY_ENG_NAME,REPRESENTATION_NAME,REPRESENTATION_PHONE,CHARGER_NAME,CHARGER_PHONE,CHARGER_EMAIL,COMPANY_ADDRESS,BUSINESS_NUM,BUSINESS_LICENSE,SERVICE_STATE,REGISTER_DATE) values (32,'좋은회사9','olivii','나대표','010-8521-6704','나사원','010-8521-6704','hayeon8521@kakao.com','서울시 좋은곳에 위치','647-81-00749','bodybill_20250310_091211.jpg','EC03',to_date('25/02/14','RR/MM/DD'));
Insert into ERP_COMPANY (COMPANY_NUM,COMPANY_NAME,COMPANY_ENG_NAME,REPRESENTATION_NAME,REPRESENTATION_PHONE,CHARGER_NAME,CHARGER_PHONE,CHARGER_EMAIL,COMPANY_ADDRESS,BUSINESS_NUM,BUSINESS_LICENSE,SERVICE_STATE,REGISTER_DATE) values (33,'좋은회사10','olivij','나대표','010-8521-6704','나사원','010-8521-6704','hayeon8521@kakao.com','서울시 좋은곳에 위치','647-81-00749','ì¬ìì_20250214_145635.png','EC03',to_date('25/02/14','RR/MM/DD'));
Insert into ERP_COMPANY (COMPANY_NUM,COMPANY_NAME,COMPANY_ENG_NAME,REPRESENTATION_NAME,REPRESENTATION_PHONE,CHARGER_NAME,CHARGER_PHONE,CHARGER_EMAIL,COMPANY_ADDRESS,BUSINESS_NUM,BUSINESS_LICENSE,SERVICE_STATE,REGISTER_DATE) values (34,'좋은회사11','olivik','나대표','010-8521-6704','나사원','010-8521-6704','hayeon8521@kakao.com','서울시 좋은곳에 위치','647-81-00749','team-7_20250310_204408.jpg','EC01',to_date('25/02/14','RR/MM/DD'));
Insert into ERP_COMPANY (COMPANY_NUM,COMPANY_NAME,COMPANY_ENG_NAME,REPRESENTATION_NAME,REPRESENTATION_PHONE,CHARGER_NAME,CHARGER_PHONE,CHARGER_EMAIL,COMPANY_ADDRESS,BUSINESS_NUM,BUSINESS_LICENSE,SERVICE_STATE,REGISTER_DATE) values (35,'좋은회사12','olivil','나대표','010-8521-6704','나사원','010-8521-6704','hayeon8521@kakao.com','서울시 좋은곳에 위치','647-81-00749','%C3%AC%C2%82%C2%AC%C3%AC%C2%97%C2%85%C3%AC%C2%9E%C2%90_20250214_150146.png','EC03',to_date('25/02/14','RR/MM/DD'));
Insert into ERP_COMPANY (COMPANY_NUM,COMPANY_NAME,COMPANY_ENG_NAME,REPRESENTATION_NAME,REPRESENTATION_PHONE,CHARGER_NAME,CHARGER_PHONE,CHARGER_EMAIL,COMPANY_ADDRESS,BUSINESS_NUM,BUSINESS_LICENSE,SERVICE_STATE,REGISTER_DATE) values (36,'좋은회사13','olivim','나대표','010-8521-6704','나사원','010-8521-6704','hayeon8521@kakao.com','서울시 좋은곳에 위치','647-81-00749','ì¬ìì_20250214_150429.png','EC03',to_date('25/02/14','RR/MM/DD'));
Insert into ERP_COMPANY (COMPANY_NUM,COMPANY_NAME,COMPANY_ENG_NAME,REPRESENTATION_NAME,REPRESENTATION_PHONE,CHARGER_NAME,CHARGER_PHONE,CHARGER_EMAIL,COMPANY_ADDRESS,BUSINESS_NUM,BUSINESS_LICENSE,SERVICE_STATE,REGISTER_DATE) values (37,'좋은회사14','olivin','나대표','010-8521-6704','나사원','010-8521-6704','hayeon8521@kakao.com','서울시 좋은곳에 위치','647-81-00749','ì¬ìì_20250214_150624.png','EC03',to_date('25/02/14','RR/MM/DD'));
Insert into ERP_COMPANY (COMPANY_NUM,COMPANY_NAME,COMPANY_ENG_NAME,REPRESENTATION_NAME,REPRESENTATION_PHONE,CHARGER_NAME,CHARGER_PHONE,CHARGER_EMAIL,COMPANY_ADDRESS,BUSINESS_NUM,BUSINESS_LICENSE,SERVICE_STATE,REGISTER_DATE) values (38,'좋은회사15','olivio','나대표','010-8521-6704','나사원','010-8521-6704','hayeon8521@kakao.com','서울시 좋은곳에 위치','647-81-00749','?????????_20250214_150904.png','EC03',to_date('25/02/14','RR/MM/DD'));
Insert into ERP_COMPANY (COMPANY_NUM,COMPANY_NAME,COMPANY_ENG_NAME,REPRESENTATION_NAME,REPRESENTATION_PHONE,CHARGER_NAME,CHARGER_PHONE,CHARGER_EMAIL,COMPANY_ADDRESS,BUSINESS_NUM,BUSINESS_LICENSE,SERVICE_STATE,REGISTER_DATE) values (39,'좋은회사16','olivip','나대표','010-8521-6704','나사원','010-8521-6704','hayeon8521@kakao.com','서울시 좋은곳에 위치','647-81-00749','사업자_20250214_150940.png','EC01',to_date('25/02/14','RR/MM/DD'));
Insert into ERP_COMPANY (COMPANY_NUM,COMPANY_NAME,COMPANY_ENG_NAME,REPRESENTATION_NAME,REPRESENTATION_PHONE,CHARGER_NAME,CHARGER_PHONE,CHARGER_EMAIL,COMPANY_ADDRESS,BUSINESS_NUM,BUSINESS_LICENSE,SERVICE_STATE,REGISTER_DATE) values (40,'좋은회사','realcomapny','표하소연','010-8521-6704','표여정','010-4568-7875','hellLow@heaven.com','경기 성남시 분당구 판교역로 지하 160 (백현동, 판교역) 123-2','648-81-01234','사업자_20250214_153145.png','EC03',to_date('25/02/14','RR/MM/DD'));
Insert into ERP_COMPANY (COMPANY_NUM,COMPANY_NAME,COMPANY_ENG_NAME,REPRESENTATION_NAME,REPRESENTATION_PHONE,CHARGER_NAME,CHARGER_PHONE,CHARGER_EMAIL,COMPANY_ADDRESS,BUSINESS_NUM,BUSINESS_LICENSE,SERVICE_STATE,REGISTER_DATE) values (41,'회사에요','iscomapny','권나윤','010-8888-5555','표하연','010-8521-6704','sdfsd@jdkslfjl.com','서울 강남구 강남대로 328 (역삼동, 강남역 쉐르빌) 123번지','648-11-11235','사업자_20250214_180404.png','EC01',to_date('25/02/14','RR/MM/DD'));
Insert into ERP_COMPANY (COMPANY_NUM,COMPANY_NAME,COMPANY_ENG_NAME,REPRESENTATION_NAME,REPRESENTATION_PHONE,CHARGER_NAME,CHARGER_PHONE,CHARGER_EMAIL,COMPANY_ADDRESS,BUSINESS_NUM,BUSINESS_LICENSE,SERVICE_STATE,REGISTER_DATE) values (53,'깃허브','github','권하윤','010-1111-2222','최예담','010-7853-6584','github@github.com','경기 성남시 분당구 성남분당우체국사서함 1 ~ 200 123','454-78-54854','사업자_20250310_093604.png','EC01',to_date('25/03/10','RR/MM/DD'));
Insert into ERP_COMPANY (COMPANY_NUM,COMPANY_NAME,COMPANY_ENG_NAME,REPRESENTATION_NAME,REPRESENTATION_PHONE,CHARGER_NAME,CHARGER_PHONE,CHARGER_EMAIL,COMPANY_ADDRESS,BUSINESS_NUM,BUSINESS_LICENSE,SERVICE_STATE,REGISTER_DATE) values (42,'등록회사','registercompany','나등록','010-7894-6542','나삭제','010-8885-2225','dasjfklas@ajsdklfjkl.com','대구 군위군 군위읍 개봉길 23-72 (내량리) 경리아파트 123호 100층','123-12-11234','주석 꼭 달기!!_20250217_094438.PNG','EC03',to_date('25/02/16','RR/MM/DD'));
Insert into ERP_COMPANY (COMPANY_NUM,COMPANY_NAME,COMPANY_ENG_NAME,REPRESENTATION_NAME,REPRESENTATION_PHONE,CHARGER_NAME,CHARGER_PHONE,CHARGER_EMAIL,COMPANY_ADDRESS,BUSINESS_NUM,BUSINESS_LICENSE,SERVICE_STATE,REGISTER_DATE) values (43,'crsf회사','crsfcompany','최보안','010-5555-6666','최시큐','010-7894-5612','sdafas@ejfksdf.net','울산 남구 갈밭로 3 (삼산동) 123','123-21-54856','사업자_20250218_172133.png','EC01',to_date('25/02/16','RR/MM/DD'));
Insert into ERP_COMPANY (COMPANY_NUM,COMPANY_NAME,COMPANY_ENG_NAME,REPRESENTATION_NAME,REPRESENTATION_PHONE,CHARGER_NAME,CHARGER_PHONE,CHARGER_EMAIL,COMPANY_ADDRESS,BUSINESS_NUM,BUSINESS_LICENSE,SERVICE_STATE,REGISTER_DATE) values (44,'주예담','yedamcom','주예담','010-1233-3211','나학생','010-4456-6545','lee@abc.com','경북 경산시 중앙로 3 (사정동, 부광아파트) 123-55','123-12-65485','사업자_20250227_110016.png','EC03',to_date('25/02/27','RR/MM/DD'));
Insert into ERP_COMPANY (COMPANY_NUM,COMPANY_NAME,COMPANY_ENG_NAME,REPRESENTATION_NAME,REPRESENTATION_PHONE,CHARGER_NAME,CHARGER_PHONE,CHARGER_EMAIL,COMPANY_ADDRESS,BUSINESS_NUM,BUSINESS_LICENSE,SERVICE_STATE,REGISTER_DATE) values (50,'네이처블랜드','natureblend','권도윤','010-7777-5555','김은채','010-4567-9875','natureblend@gmail.com','경기 성남시 분당구 판교역로 4 (백현동) 123','809-81-01574','귤_20250305_093007.jpg','EC01',to_date('25/03/05','RR/MM/DD'));
Insert into ERP_COMPANY (COMPANY_NUM,COMPANY_NAME,COMPANY_ENG_NAME,REPRESENTATION_NAME,REPRESENTATION_PHONE,CHARGER_NAME,CHARGER_PHONE,CHARGER_EMAIL,COMPANY_ADDRESS,BUSINESS_NUM,BUSINESS_LICENSE,SERVICE_STATE,REGISTER_DATE) values (47,'파리바게트','paribaget','빵부장','010-1111-2222','곽두팔','010-2222-3333','paribaget@pari.com','경기 성남시 분당구 판교역로 166 (백현동, 카카오 판교 아지트) 파리바게트 본점','787-45-89896','사업자_20250304_095711.png','EC01',to_date('25/03/04','RR/MM/DD'));
Insert into ERP_COMPANY (COMPANY_NUM,COMPANY_NAME,COMPANY_ENG_NAME,REPRESENTATION_NAME,REPRESENTATION_PHONE,CHARGER_NAME,CHARGER_PHONE,CHARGER_EMAIL,COMPANY_ADDRESS,BUSINESS_NUM,BUSINESS_LICENSE,SERVICE_STATE,REGISTER_DATE) values (51,'타임스탭','timestep','나문희','010-7777-8888','이순재','010-2346-8549','mynamemoon@gmail.com','서울 강남구 개포로 202 (개포동, 석인빌딩) 102호','784-45-85462','bill_20250307_063856.jpg','EC01',to_date('25/03/06','RR/MM/DD'));
REM INSERTING into ERP_CONTRACT_DOCUMENT
SET DEFINE OFF;
Insert into ERP_CONTRACT_DOCUMENT (CONTRACT_NUM,COMPANY_NUM,ERP_CONTRACT_DOCUMENT,ERP_REGISTER_DATE,CONTRACT1,CONTRACT2,CONTRACT3,CONTRACT4,CONTRACT5,CONTRACT6,CONTRACT7,CONTRACT8,CONTRACT9,CONTRACT10,CONTRACT11,CONTRACT12,CONTRACT13,CONTRACT14,CONTRACT15,CONTRACT16,CONTRACT17,CONTRACT18,CONTRACT19,CONTRACT20,CONTRACT21,CONTRACT22,CONTRACT23,CONTRACT24,CONTRACT25,CONTRACT26,CONTRACT27,CONTRACT28,CONTRACT29,CONTRACT30) values (27,45,'signature_20250228_152940.png',to_date('25/02/28','RR/MM/DD'),'뷰티인사이드','사용기간','금액','기능','별도','금액','지불','서비스연장','추가결제','계약종료','위법적사용','사용료장기미납','환불','화면','기능','변경','내부기능','작업물','서비스연장','추가결제','즉시효력발생','2025','02','28',null,null,null,null,null,null);
Insert into ERP_CONTRACT_DOCUMENT (CONTRACT_NUM,COMPANY_NUM,ERP_CONTRACT_DOCUMENT,ERP_REGISTER_DATE,CONTRACT1,CONTRACT2,CONTRACT3,CONTRACT4,CONTRACT5,CONTRACT6,CONTRACT7,CONTRACT8,CONTRACT9,CONTRACT10,CONTRACT11,CONTRACT12,CONTRACT13,CONTRACT14,CONTRACT15,CONTRACT16,CONTRACT17,CONTRACT18,CONTRACT19,CONTRACT20,CONTRACT21,CONTRACT22,CONTRACT23,CONTRACT24,CONTRACT25,CONTRACT26,CONTRACT27,CONTRACT28,CONTRACT29,CONTRACT30) values (33,52,'signature_20250307_081610.png',to_date('25/03/07','RR/MM/DD'),'스파오','사용기간','금액','기능','별도','금액','지불','서비스연장','추가결제','계약종료','위법적사용','사용료장기미납','환불','화면','기능','변경','내부기능','작업물','서비스연장','추가결제','즉시효력발생','2025','03','07',null,null,null,null,null,null);
Insert into ERP_CONTRACT_DOCUMENT (CONTRACT_NUM,COMPANY_NUM,ERP_CONTRACT_DOCUMENT,ERP_REGISTER_DATE,CONTRACT1,CONTRACT2,CONTRACT3,CONTRACT4,CONTRACT5,CONTRACT6,CONTRACT7,CONTRACT8,CONTRACT9,CONTRACT10,CONTRACT11,CONTRACT12,CONTRACT13,CONTRACT14,CONTRACT15,CONTRACT16,CONTRACT17,CONTRACT18,CONTRACT19,CONTRACT20,CONTRACT21,CONTRACT22,CONTRACT23,CONTRACT24,CONTRACT25,CONTRACT26,CONTRACT27,CONTRACT28,CONTRACT29,CONTRACT30) values (25,1,'signature_20250228_091807.png',to_date('25/02/28','RR/MM/DD'),'올리브영','사용기간','금액','기능','별도','금액','지불','서비스연장','추가결제','계약종료','위법적사용','사용료장기미납','환불','화면','기능','변경','내부기능','작업물','서비스연장','추가결제','즉시효력발생','2025','02','28',null,null,null,null,null,null);
Insert into ERP_CONTRACT_DOCUMENT (CONTRACT_NUM,COMPANY_NUM,ERP_CONTRACT_DOCUMENT,ERP_REGISTER_DATE,CONTRACT1,CONTRACT2,CONTRACT3,CONTRACT4,CONTRACT5,CONTRACT6,CONTRACT7,CONTRACT8,CONTRACT9,CONTRACT10,CONTRACT11,CONTRACT12,CONTRACT13,CONTRACT14,CONTRACT15,CONTRACT16,CONTRACT17,CONTRACT18,CONTRACT19,CONTRACT20,CONTRACT21,CONTRACT22,CONTRACT23,CONTRACT24,CONTRACT25,CONTRACT26,CONTRACT27,CONTRACT28,CONTRACT29,CONTRACT30) values (31,49,'signature_20250304_115841.png',to_date('25/03/04','RR/MM/DD'),'걸리버막창','사용기간','금액','기능','별도','금액','지불','서비스연장','추가결제','계약종료','위법적사용','사용료장기미납','환불','화면','기능','변경','내부기능','작업물','서비스연장','추가결제','즉시효력발생','2025','03','04',null,null,null,null,null,null);
Insert into ERP_CONTRACT_DOCUMENT (CONTRACT_NUM,COMPANY_NUM,ERP_CONTRACT_DOCUMENT,ERP_REGISTER_DATE,CONTRACT1,CONTRACT2,CONTRACT3,CONTRACT4,CONTRACT5,CONTRACT6,CONTRACT7,CONTRACT8,CONTRACT9,CONTRACT10,CONTRACT11,CONTRACT12,CONTRACT13,CONTRACT14,CONTRACT15,CONTRACT16,CONTRACT17,CONTRACT18,CONTRACT19,CONTRACT20,CONTRACT21,CONTRACT22,CONTRACT23,CONTRACT24,CONTRACT25,CONTRACT26,CONTRACT27,CONTRACT28,CONTRACT29,CONTRACT30) values (34,54,'signature_20250311_021709.png',to_date('25/03/11','RR/MM/DD'),'네이버클라우드','사용기간','금액','기능','별도','금액','지불','서비스연장','추가결제','계약종료','위법적사용','사용료장기미납','환불','화면','기능','변경','내부기능','작업물','서비스연장','추가결제','즉시효력발생','2025','03','11',null,null,null,null,null,null);
Insert into ERP_CONTRACT_DOCUMENT (CONTRACT_NUM,COMPANY_NUM,ERP_CONTRACT_DOCUMENT,ERP_REGISTER_DATE,CONTRACT1,CONTRACT2,CONTRACT3,CONTRACT4,CONTRACT5,CONTRACT6,CONTRACT7,CONTRACT8,CONTRACT9,CONTRACT10,CONTRACT11,CONTRACT12,CONTRACT13,CONTRACT14,CONTRACT15,CONTRACT16,CONTRACT17,CONTRACT18,CONTRACT19,CONTRACT20,CONTRACT21,CONTRACT22,CONTRACT23,CONTRACT24,CONTRACT25,CONTRACT26,CONTRACT27,CONTRACT28,CONTRACT29,CONTRACT30) values (26,40,'signature_20250228_142511.png',to_date('25/02/28','RR/MM/DD'),'업체명','사용기간','금액','기능','별도','금액','지불','서비스연장','추가결제','계약종료','위법적사용','사용료장기미납','환불','화면','기능','변경','내부기능','작업물','서비스연장','추가결제','즉시효력발생','2025','02','28',null,null,null,null,null,null);
Insert into ERP_CONTRACT_DOCUMENT (CONTRACT_NUM,COMPANY_NUM,ERP_CONTRACT_DOCUMENT,ERP_REGISTER_DATE,CONTRACT1,CONTRACT2,CONTRACT3,CONTRACT4,CONTRACT5,CONTRACT6,CONTRACT7,CONTRACT8,CONTRACT9,CONTRACT10,CONTRACT11,CONTRACT12,CONTRACT13,CONTRACT14,CONTRACT15,CONTRACT16,CONTRACT17,CONTRACT18,CONTRACT19,CONTRACT20,CONTRACT21,CONTRACT22,CONTRACT23,CONTRACT24,CONTRACT25,CONTRACT26,CONTRACT27,CONTRACT28,CONTRACT29,CONTRACT30) values (28,44,'signature_20250302_031637.png',to_date('25/03/02','RR/MM/DD'),'주예담','사용기간','금액','기능','별도','금액','지불','서비스연장','추가결제','계약종료','위법적사용','사용료장기미납','환불','화면','기능','변경','내부기능','작업물','서비스연장','추가결제','즉시효력발생','2025','03','02',null,null,null,null,null,null);
Insert into ERP_CONTRACT_DOCUMENT (CONTRACT_NUM,COMPANY_NUM,ERP_CONTRACT_DOCUMENT,ERP_REGISTER_DATE,CONTRACT1,CONTRACT2,CONTRACT3,CONTRACT4,CONTRACT5,CONTRACT6,CONTRACT7,CONTRACT8,CONTRACT9,CONTRACT10,CONTRACT11,CONTRACT12,CONTRACT13,CONTRACT14,CONTRACT15,CONTRACT16,CONTRACT17,CONTRACT18,CONTRACT19,CONTRACT20,CONTRACT21,CONTRACT22,CONTRACT23,CONTRACT24,CONTRACT25,CONTRACT26,CONTRACT27,CONTRACT28,CONTRACT29,CONTRACT30) values (29,46,'signature_20250303_100523.png',to_date('25/03/03','RR/MM/DD'),'업체명','사용기간','금액','기능','별도','금액','지불','서비스연장','추가결제','계약종료','위법적사용','사용료장기미납','환불','화면','기능','변경','내부기능','작업물','서비스연장','추가결제','즉시효력발생','2025','03','03',null,null,null,null,null,null);
Insert into ERP_CONTRACT_DOCUMENT (CONTRACT_NUM,COMPANY_NUM,ERP_CONTRACT_DOCUMENT,ERP_REGISTER_DATE,CONTRACT1,CONTRACT2,CONTRACT3,CONTRACT4,CONTRACT5,CONTRACT6,CONTRACT7,CONTRACT8,CONTRACT9,CONTRACT10,CONTRACT11,CONTRACT12,CONTRACT13,CONTRACT14,CONTRACT15,CONTRACT16,CONTRACT17,CONTRACT18,CONTRACT19,CONTRACT20,CONTRACT21,CONTRACT22,CONTRACT23,CONTRACT24,CONTRACT25,CONTRACT26,CONTRACT27,CONTRACT28,CONTRACT29,CONTRACT30) values (30,48,'signature_20250304_113525.png',to_date('25/03/04','RR/MM/DD'),'스타트랙','사용기간','금액','기능','별도','금액','지불','서비스연장','추가결제','계약종료','위법적사용','사용료장기미납','환불','화면','기능','변경','내부기능','작업물','서비스연장','추가결제','즉시효력발생','2025','03','04',null,null,null,null,null,null);
Insert into ERP_CONTRACT_DOCUMENT (CONTRACT_NUM,COMPANY_NUM,ERP_CONTRACT_DOCUMENT,ERP_REGISTER_DATE,CONTRACT1,CONTRACT2,CONTRACT3,CONTRACT4,CONTRACT5,CONTRACT6,CONTRACT7,CONTRACT8,CONTRACT9,CONTRACT10,CONTRACT11,CONTRACT12,CONTRACT13,CONTRACT14,CONTRACT15,CONTRACT16,CONTRACT17,CONTRACT18,CONTRACT19,CONTRACT20,CONTRACT21,CONTRACT22,CONTRACT23,CONTRACT24,CONTRACT25,CONTRACT26,CONTRACT27,CONTRACT28,CONTRACT29,CONTRACT30) values (32,50,'signature_20250305_093622.png',to_date('25/03/05','RR/MM/DD'),'네이처블랜드','사용기간','금액','기능','별도','금액','지불','서비스연장','추가결제','계약종료','위법적사용','사용료장기미납','환불','화면','기능','변경','내부기능','작업물','서비스연장','추가결제','즉시효력발생','2025','03','05',null,null,null,null,null,null);
REM INSERTING into ERP_CUSTOMER_SERVICE
SET DEFINE OFF;
Insert into ERP_CUSTOMER_SERVICE (CUSTOMER_SERVICE_NUM,COMPANY_NUM,EMPLOYEE_NUM,CUSTOMER_SERVICE_DIVISION,CUSTOMER_SERVICE_CONTENT,CUSTOMER_SERVICE_DATE) values (102,42,1,'EQ01','ㅁㅇㄻ',to_date('25/02/16','RR/MM/DD'));
Insert into ERP_CUSTOMER_SERVICE (CUSTOMER_SERVICE_NUM,COMPANY_NUM,EMPLOYEE_NUM,CUSTOMER_SERVICE_DIVISION,CUSTOMER_SERVICE_CONTENT,CUSTOMER_SERVICE_DATE) values (118,42,1,'EQ02','[업체정보수정]
[기존] ComDTO(companyNum=42, companyName=등록회사, companyEngName=registercompany, representationName=나등록, representationPhone=010-7894-6542, chargerName=나삭제, chargerPhone=010-8885-2225, chargerEmail=dasjfklas@ajsdklfjkl.com, companyAddress=대구 군위군 군위읍 개봉길 23-72 (내량리) 경리아파트, businessNum=123-12-11234, businessLicense={"fileName":"serpinglogo.png","success":true,"message":"파일 업로드 성공"}, serviceState=EC01, registerDate=Sun Feb 16 05:13:56 KST 2025)
[변경] ComDTO(companyNum=42, companyName=등록회사, companyEngName=registercompany, representationName=나등록, representationPhone=010-7894-6542, chargerName=나삭제, chargerPhone=010-8885-2225, chargerEmail=dasjfklas@ajsdklfjkl.com, companyAddress=대구 군위군 군위읍 개봉길 23-72 (내량리) 경리아파트, businessNum=123-12-11234, businessLicense=사업자_20250217_093606.png, serviceState=EC01, registerDate=null)
[사유] 사업자 주소변경',to_date('25/02/17','RR/MM/DD'));
Insert into ERP_CUSTOMER_SERVICE (CUSTOMER_SERVICE_NUM,COMPANY_NUM,EMPLOYEE_NUM,CUSTOMER_SERVICE_DIVISION,CUSTOMER_SERVICE_CONTENT,CUSTOMER_SERVICE_DATE) values (119,42,1,'EQ02','[업체정보수정]
[기존] ComDTO(companyNum=42, companyName=등록회사, companyEngName=registercompany, representationName=나등록, representationPhone=010-7894-6542, chargerName=나삭제, chargerPhone=010-8885-2225, chargerEmail=dasjfklas@ajsdklfjkl.com, companyAddress=대구 군위군 군위읍 개봉길 23-72 (내량리) 경리아파트, businessNum=123-12-11234, businessLicense=사업자_20250217_093606.png, serviceState=EC01, registerDate=Sun Feb 16 05:13:56 KST 2025)
[변경] ComDTO(companyNum=42, companyName=등록회사, companyEngName=registercompany, representationName=나등록, representationPhone=010-7894-6542, chargerName=나삭제, chargerPhone=010-8885-2225, chargerEmail=dasjfklas@ajsdklfjkl.com, companyAddress=대구 군위군 군위읍 개봉길 23-72 (내량리) 경리아파트, businessNum=123-12-11234, businessLicense=주석 꼭 달기!!_20250217_094438.PNG, serviceState=EC01, registerDate=null)
[사유] 123',to_date('25/02/17','RR/MM/DD'));
Insert into ERP_CUSTOMER_SERVICE (CUSTOMER_SERVICE_NUM,COMPANY_NUM,EMPLOYEE_NUM,CUSTOMER_SERVICE_DIVISION,CUSTOMER_SERVICE_CONTENT,CUSTOMER_SERVICE_DATE) values (126,43,1,'EQ02','[업체정보수정]
[기존] ComDTO(companyNum=43, companyName=crsf회사임, companyEngName=crsfcompany, representationName=나보안, representationPhone=010-5555-6666, chargerName=나해커, chargerPhone=010-7894-5612, chargerEmail=sdafas@ejfksdf.net, companyAddress=울산 남구 갈밭로 3 (삼산동) 123, businessNum=123-21-54856, businessLicense={"fileName":"사업자.png","success":true,"message":"파일 업로드 성공"}, serviceState=EC01, registerDate=Sun Feb 16 05:48:37 KST 2025)
[변경] ComDTO(companyNum=43, companyName=crsf회사임, companyEngName=crsfcompany, representationName=나보안, representationPhone=010-5555-6666, chargerName=나해커, chargerPhone=010-7894-5612, chargerEmail=sdafas@ejfksdf.net, companyAddress=울산 남구 갈밭로 3 (삼산동) 123, businessNum=123-21-54856, businessLicense=사업자_20250218_090549.png, serviceState=EC01, registerDate=null)
[사유] 12',to_date('25/02/18','RR/MM/DD'));
Insert into ERP_CUSTOMER_SERVICE (CUSTOMER_SERVICE_NUM,COMPANY_NUM,EMPLOYEE_NUM,CUSTOMER_SERVICE_DIVISION,CUSTOMER_SERVICE_CONTENT,CUSTOMER_SERVICE_DATE) values (132,42,1,'EQ01','234',to_date('25/02/18','RR/MM/DD'));
Insert into ERP_CUSTOMER_SERVICE (CUSTOMER_SERVICE_NUM,COMPANY_NUM,EMPLOYEE_NUM,CUSTOMER_SERVICE_DIVISION,CUSTOMER_SERVICE_CONTENT,CUSTOMER_SERVICE_DATE) values (137,42,1,'EQ02','[업체정보수정]
[기존] ComDTO(companyNum=42, companyName=등록회사, companyEngName=registercompany, representationName=나등록, representationPhone=010-7894-6542, chargerName=나삭제, chargerPhone=010-8885-2225, chargerEmail=dasjfklas@ajsdklfjkl.com, companyAddress=대구 군위군 군위읍 개봉길 23-72 (내량리) 경리아파트, businessNum=123-12-11234, businessLicense=주석 꼭 달기!!_20250217_094438.PNG, serviceState=EC03, registerDate=Sun Feb 16 05:13:56 KST 2025)
[변경] ComDTO(companyNum=42, companyName=등록회사, companyEngName=registercompany, representationName=나등록, representationPhone=010-7894-6542, chargerName=나삭제, chargerPhone=010-8885-2225, chargerEmail=dasjfklas@ajsdklfjkl.com, companyAddress=대구 군위군 군위읍 개봉길 23-72 (내량리) 경리아파트 123호 100층, businessNum=123-12-11234, businessLicense=주석 꼭 달기!!_20250217_094438.PNG, serviceState=EC03, registerDate=null)
[사유] 123',to_date('25/02/20','RR/MM/DD'));
Insert into ERP_CUSTOMER_SERVICE (CUSTOMER_SERVICE_NUM,COMPANY_NUM,EMPLOYEE_NUM,CUSTOMER_SERVICE_DIVISION,CUSTOMER_SERVICE_CONTENT,CUSTOMER_SERVICE_DATE) values (138,43,1,'EQ01','1',to_date('25/02/24','RR/MM/DD'));
Insert into ERP_CUSTOMER_SERVICE (CUSTOMER_SERVICE_NUM,COMPANY_NUM,EMPLOYEE_NUM,CUSTOMER_SERVICE_DIVISION,CUSTOMER_SERVICE_CONTENT,CUSTOMER_SERVICE_DATE) values (139,1,1,'EQ01','ㅇㄻㄴ',to_date('25/02/25','RR/MM/DD'));
Insert into ERP_CUSTOMER_SERVICE (CUSTOMER_SERVICE_NUM,COMPANY_NUM,EMPLOYEE_NUM,CUSTOMER_SERVICE_DIVISION,CUSTOMER_SERVICE_CONTENT,CUSTOMER_SERVICE_DATE) values (140,1,1,'EQ01','ㅇ',to_date('25/02/25','RR/MM/DD'));
Insert into ERP_CUSTOMER_SERVICE (CUSTOMER_SERVICE_NUM,COMPANY_NUM,EMPLOYEE_NUM,CUSTOMER_SERVICE_DIVISION,CUSTOMER_SERVICE_CONTENT,CUSTOMER_SERVICE_DATE) values (141,43,1,'EQ01','123',to_date('25/02/26','RR/MM/DD'));
Insert into ERP_CUSTOMER_SERVICE (CUSTOMER_SERVICE_NUM,COMPANY_NUM,EMPLOYEE_NUM,CUSTOMER_SERVICE_DIVISION,CUSTOMER_SERVICE_CONTENT,CUSTOMER_SERVICE_DATE) values (143,43,1,'EQ01','123',to_date('25/02/26','RR/MM/DD'));
Insert into ERP_CUSTOMER_SERVICE (CUSTOMER_SERVICE_NUM,COMPANY_NUM,EMPLOYEE_NUM,CUSTOMER_SERVICE_DIVISION,CUSTOMER_SERVICE_CONTENT,CUSTOMER_SERVICE_DATE) values (144,43,1,'EQ01','123',to_date('25/02/27','RR/MM/DD'));
Insert into ERP_CUSTOMER_SERVICE (CUSTOMER_SERVICE_NUM,COMPANY_NUM,EMPLOYEE_NUM,CUSTOMER_SERVICE_DIVISION,CUSTOMER_SERVICE_CONTENT,CUSTOMER_SERVICE_DATE) values (145,43,1,'EQ01','123',to_date('25/02/27','RR/MM/DD'));
Insert into ERP_CUSTOMER_SERVICE (CUSTOMER_SERVICE_NUM,COMPANY_NUM,EMPLOYEE_NUM,CUSTOMER_SERVICE_DIVISION,CUSTOMER_SERVICE_CONTENT,CUSTOMER_SERVICE_DATE) values (146,43,1,'EQ02','[비밀번호초기화] 
[사유] 123',to_date('25/02/27','RR/MM/DD'));
Insert into ERP_CUSTOMER_SERVICE (CUSTOMER_SERVICE_NUM,COMPANY_NUM,EMPLOYEE_NUM,CUSTOMER_SERVICE_DIVISION,CUSTOMER_SERVICE_CONTENT,CUSTOMER_SERVICE_DATE) values (147,43,1,'EQ02','[서비스상태변경]
[변경상태] : EC01
[기존] : 1010-10-10
[변경] : 2025-03-08
[사유] : 123',to_date('25/02/27','RR/MM/DD'));
Insert into ERP_CUSTOMER_SERVICE (CUSTOMER_SERVICE_NUM,COMPANY_NUM,EMPLOYEE_NUM,CUSTOMER_SERVICE_DIVISION,CUSTOMER_SERVICE_CONTENT,CUSTOMER_SERVICE_DATE) values (148,44,1,'EQ04','[신규 업체 등록]


신규사업자 등록테스트',to_date('25/02/27','RR/MM/DD'));
Insert into ERP_CUSTOMER_SERVICE (CUSTOMER_SERVICE_NUM,COMPANY_NUM,EMPLOYEE_NUM,CUSTOMER_SERVICE_DIVISION,CUSTOMER_SERVICE_CONTENT,CUSTOMER_SERVICE_DATE) values (150,1,1,'EQ02','[서비스상태변경]
[변경상태] : EC03
[기존] : 2025-06-29
[변경] : 1010-10-10
[사유] : 123',to_date('25/02/27','RR/MM/DD'));
Insert into ERP_CUSTOMER_SERVICE (CUSTOMER_SERVICE_NUM,COMPANY_NUM,EMPLOYEE_NUM,CUSTOMER_SERVICE_DIVISION,CUSTOMER_SERVICE_CONTENT,CUSTOMER_SERVICE_DATE) values (151,1,1,'EQ02','[서비스상태변경]
[변경상태] : EC01
[기존] : 1010-11-08
[변경] : 2025-03-08
[사유] : 123',to_date('25/02/27','RR/MM/DD'));
Insert into ERP_CUSTOMER_SERVICE (CUSTOMER_SERVICE_NUM,COMPANY_NUM,EMPLOYEE_NUM,CUSTOMER_SERVICE_DIVISION,CUSTOMER_SERVICE_CONTENT,CUSTOMER_SERVICE_DATE) values (152,1,1,'EQ02','[서비스상태변경]
[변경상태] : EC01
[기존] : 1010-11-08
[변경] : 2025-03-08
[사유] : 123',to_date('25/02/27','RR/MM/DD'));
Insert into ERP_CUSTOMER_SERVICE (CUSTOMER_SERVICE_NUM,COMPANY_NUM,EMPLOYEE_NUM,CUSTOMER_SERVICE_DIVISION,CUSTOMER_SERVICE_CONTENT,CUSTOMER_SERVICE_DATE) values (158,44,1,'EQ02','[서비스상태변경]
[변경상태] : EC01
[기존] : 1010-10-10
[변경] : 2025-03-08
[사유] : 123',to_date('25/02/27','RR/MM/DD'));
Insert into ERP_CUSTOMER_SERVICE (CUSTOMER_SERVICE_NUM,COMPANY_NUM,EMPLOYEE_NUM,CUSTOMER_SERVICE_DIVISION,CUSTOMER_SERVICE_CONTENT,CUSTOMER_SERVICE_DATE) values (159,44,1,'EQ02','[서비스상태변경]
[변경상태] : EC03
[기존] : 2025-03-08
[변경] : 1010-10-10
[사유] : 123',to_date('25/02/27','RR/MM/DD'));
Insert into ERP_CUSTOMER_SERVICE (CUSTOMER_SERVICE_NUM,COMPANY_NUM,EMPLOYEE_NUM,CUSTOMER_SERVICE_DIVISION,CUSTOMER_SERVICE_CONTENT,CUSTOMER_SERVICE_DATE) values (164,1,1,'EQ02','[서비스상태변경]
[변경상태] : EC01
[기존] : 1010-10-10
[변경] : 2025-03-08
[사유] : 12',to_date('25/02/27','RR/MM/DD'));
Insert into ERP_CUSTOMER_SERVICE (CUSTOMER_SERVICE_NUM,COMPANY_NUM,EMPLOYEE_NUM,CUSTOMER_SERVICE_DIVISION,CUSTOMER_SERVICE_CONTENT,CUSTOMER_SERVICE_DATE) values (166,1,1,'EQ02','[서비스상태변경]
[변경상태] : EC01
[기존] : 1010-10-10
[변경] : 2025-03-08
[사유] : 1111',to_date('25/02/27','RR/MM/DD'));
Insert into ERP_CUSTOMER_SERVICE (CUSTOMER_SERVICE_NUM,COMPANY_NUM,EMPLOYEE_NUM,CUSTOMER_SERVICE_DIVISION,CUSTOMER_SERVICE_CONTENT,CUSTOMER_SERVICE_DATE) values (167,1,1,'EQ01','lloo',to_date('25/02/27','RR/MM/DD'));
Insert into ERP_CUSTOMER_SERVICE (CUSTOMER_SERVICE_NUM,COMPANY_NUM,EMPLOYEE_NUM,CUSTOMER_SERVICE_DIVISION,CUSTOMER_SERVICE_CONTENT,CUSTOMER_SERVICE_DATE) values (169,1,1,'EQ02','[서비스상태변경]
[변경상태] : EC01
[기존] : 1010-10-10
[변경] : 2025-03-08
[사유] : iii',to_date('25/02/27','RR/MM/DD'));
Insert into ERP_CUSTOMER_SERVICE (CUSTOMER_SERVICE_NUM,COMPANY_NUM,EMPLOYEE_NUM,CUSTOMER_SERVICE_DIVISION,CUSTOMER_SERVICE_CONTENT,CUSTOMER_SERVICE_DATE) values (171,40,1,'EQ01','123',to_date('25/02/28','RR/MM/DD'));
Insert into ERP_CUSTOMER_SERVICE (CUSTOMER_SERVICE_NUM,COMPANY_NUM,EMPLOYEE_NUM,CUSTOMER_SERVICE_DIVISION,CUSTOMER_SERVICE_CONTENT,CUSTOMER_SERVICE_DATE) values (172,40,1,'EQ02','[서비스상태변경]
[변경상태] : EC01
[기존] : 2025-01-25
[변경] : 2025-03-09
[사유] : 123',to_date('25/02/28','RR/MM/DD'));
Insert into ERP_CUSTOMER_SERVICE (CUSTOMER_SERVICE_NUM,COMPANY_NUM,EMPLOYEE_NUM,CUSTOMER_SERVICE_DIVISION,CUSTOMER_SERVICE_CONTENT,CUSTOMER_SERVICE_DATE) values (176,45,1,'EQ04','[신규 업체 등록]


문의로 유선통화 해서 회원 가입해서 10일 데모처리함',to_date('25/02/28','RR/MM/DD'));
Insert into ERP_CUSTOMER_SERVICE (CUSTOMER_SERVICE_NUM,COMPANY_NUM,EMPLOYEE_NUM,CUSTOMER_SERVICE_DIVISION,CUSTOMER_SERVICE_CONTENT,CUSTOMER_SERVICE_DATE) values (178,47,1,'EQ04','[신규 업체 등록]


고객 요청으로 데모 체험 10일 제공',to_date('25/03/04','RR/MM/DD'));
Insert into ERP_CUSTOMER_SERVICE (CUSTOMER_SERVICE_NUM,COMPANY_NUM,EMPLOYEE_NUM,CUSTOMER_SERVICE_DIVISION,CUSTOMER_SERVICE_CONTENT,CUSTOMER_SERVICE_DATE) values (179,43,1,'EQ02','[업체정보수정]
[기존] ComDTO(companyNum=43, companyName=crsf회사, companyEngName=crsfcompany, representationName=나보안, representationPhone=010-5555-6666, chargerName=나해커, chargerPhone=010-7894-5612, chargerEmail=sdafas@ejfksdf.net, companyAddress=울산 남구 갈밭로 3 (삼산동) 123, businessNum=123-21-54856, businessLicense=사업자_20250218_172133.png, serviceState=EC03, registerDate=Sun Feb 16 05:48:37 KST 2025, employeeNum=0)
[변경] ComDTO(companyNum=43, companyName=crsf회사, companyEngName=crsfcompany, representationName=최보안, representationPhone=010-5555-6666, chargerName=최시큐, chargerPhone=010-7894-5612, chargerEmail=sdafas@ejfksdf.net, companyAddress=울산 남구 갈밭로 3 (삼산동) 123, businessNum=123-21-54856, businessLicense=사업자_20250218_172133.png, serviceState=EC03, registerDate=null, employeeNum=0)
[사유] 담당자와 대표자가 변경되어 수정처리',to_date('25/03/04','RR/MM/DD'));
Insert into ERP_CUSTOMER_SERVICE (CUSTOMER_SERVICE_NUM,COMPANY_NUM,EMPLOYEE_NUM,CUSTOMER_SERVICE_DIVISION,CUSTOMER_SERVICE_CONTENT,CUSTOMER_SERVICE_DATE) values (180,43,1,'EQ02','[서비스상태변경]
[변경상태] : EC01
[기존] : 2025-03-02
[변경] : 2025-03-13
[사유] : 재사용 문의 와서 재서비스 처리',to_date('25/03/04','RR/MM/DD'));
Insert into ERP_CUSTOMER_SERVICE (CUSTOMER_SERVICE_NUM,COMPANY_NUM,EMPLOYEE_NUM,CUSTOMER_SERVICE_DIVISION,CUSTOMER_SERVICE_CONTENT,CUSTOMER_SERVICE_DATE) values (24,27,1,'EQ04','[신규 업체 등록]


문의내용이에요',to_date('25/02/14','RR/MM/DD'));
Insert into ERP_CUSTOMER_SERVICE (CUSTOMER_SERVICE_NUM,COMPANY_NUM,EMPLOYEE_NUM,CUSTOMER_SERVICE_DIVISION,CUSTOMER_SERVICE_CONTENT,CUSTOMER_SERVICE_DATE) values (25,28,1,'EQ04','[신규 업체 등록]


문의내용이에요',to_date('25/02/14','RR/MM/DD'));
Insert into ERP_CUSTOMER_SERVICE (CUSTOMER_SERVICE_NUM,COMPANY_NUM,EMPLOYEE_NUM,CUSTOMER_SERVICE_DIVISION,CUSTOMER_SERVICE_CONTENT,CUSTOMER_SERVICE_DATE) values (26,29,1,'EQ04','[신규 업체 등록]


문의내용이에요',to_date('25/02/14','RR/MM/DD'));
Insert into ERP_CUSTOMER_SERVICE (CUSTOMER_SERVICE_NUM,COMPANY_NUM,EMPLOYEE_NUM,CUSTOMER_SERVICE_DIVISION,CUSTOMER_SERVICE_CONTENT,CUSTOMER_SERVICE_DATE) values (27,30,1,'EQ04','[신규 업체 등록]


문의내용이에요',to_date('25/02/14','RR/MM/DD'));
Insert into ERP_CUSTOMER_SERVICE (CUSTOMER_SERVICE_NUM,COMPANY_NUM,EMPLOYEE_NUM,CUSTOMER_SERVICE_DIVISION,CUSTOMER_SERVICE_CONTENT,CUSTOMER_SERVICE_DATE) values (39,41,1,'EQ01','그냥 단순 문의 남김는거임',to_date('25/02/15','RR/MM/DD'));
Insert into ERP_CUSTOMER_SERVICE (CUSTOMER_SERVICE_NUM,COMPANY_NUM,EMPLOYEE_NUM,CUSTOMER_SERVICE_DIVISION,CUSTOMER_SERVICE_CONTENT,CUSTOMER_SERVICE_DATE) values (40,41,1,'EQ01','ㅁㅇㄹ',to_date('25/02/15','RR/MM/DD'));
Insert into ERP_CUSTOMER_SERVICE (CUSTOMER_SERVICE_NUM,COMPANY_NUM,EMPLOYEE_NUM,CUSTOMER_SERVICE_DIVISION,CUSTOMER_SERVICE_CONTENT,CUSTOMER_SERVICE_DATE) values (41,41,1,'EQ01','ㅁㄴㅇㄹ',to_date('25/02/15','RR/MM/DD'));
Insert into ERP_CUSTOMER_SERVICE (CUSTOMER_SERVICE_NUM,COMPANY_NUM,EMPLOYEE_NUM,CUSTOMER_SERVICE_DIVISION,CUSTOMER_SERVICE_CONTENT,CUSTOMER_SERVICE_DATE) values (42,41,1,'EQ01','ㅁㄴㅇㄹ',to_date('25/02/15','RR/MM/DD'));
Insert into ERP_CUSTOMER_SERVICE (CUSTOMER_SERVICE_NUM,COMPANY_NUM,EMPLOYEE_NUM,CUSTOMER_SERVICE_DIVISION,CUSTOMER_SERVICE_CONTENT,CUSTOMER_SERVICE_DATE) values (43,40,1,'EQ01','ㅁㄴㅇㄹ',to_date('25/02/15','RR/MM/DD'));
Insert into ERP_CUSTOMER_SERVICE (CUSTOMER_SERVICE_NUM,COMPANY_NUM,EMPLOYEE_NUM,CUSTOMER_SERVICE_DIVISION,CUSTOMER_SERVICE_CONTENT,CUSTOMER_SERVICE_DATE) values (44,41,1,'EQ01','ㅁㄴㅇㄹ',to_date('25/02/15','RR/MM/DD'));
Insert into ERP_CUSTOMER_SERVICE (CUSTOMER_SERVICE_NUM,COMPANY_NUM,EMPLOYEE_NUM,CUSTOMER_SERVICE_DIVISION,CUSTOMER_SERVICE_CONTENT,CUSTOMER_SERVICE_DATE) values (45,41,1,'EQ01','ㅁㄴㅇㄹ',to_date('25/02/15','RR/MM/DD'));
Insert into ERP_CUSTOMER_SERVICE (CUSTOMER_SERVICE_NUM,COMPANY_NUM,EMPLOYEE_NUM,CUSTOMER_SERVICE_DIVISION,CUSTOMER_SERVICE_CONTENT,CUSTOMER_SERVICE_DATE) values (46,41,1,'EQ01','ㅁㄴㅇㄹ',to_date('25/02/15','RR/MM/DD'));
Insert into ERP_CUSTOMER_SERVICE (CUSTOMER_SERVICE_NUM,COMPANY_NUM,EMPLOYEE_NUM,CUSTOMER_SERVICE_DIVISION,CUSTOMER_SERVICE_CONTENT,CUSTOMER_SERVICE_DATE) values (47,41,1,'EQ01','ㅁㄴㅇㄹ',to_date('25/02/15','RR/MM/DD'));
Insert into ERP_CUSTOMER_SERVICE (CUSTOMER_SERVICE_NUM,COMPANY_NUM,EMPLOYEE_NUM,CUSTOMER_SERVICE_DIVISION,CUSTOMER_SERVICE_CONTENT,CUSTOMER_SERVICE_DATE) values (48,40,1,'EQ01','ㄴㅇㄹ',to_date('25/02/15','RR/MM/DD'));
Insert into ERP_CUSTOMER_SERVICE (CUSTOMER_SERVICE_NUM,COMPANY_NUM,EMPLOYEE_NUM,CUSTOMER_SERVICE_DIVISION,CUSTOMER_SERVICE_CONTENT,CUSTOMER_SERVICE_DATE) values (49,41,1,'EQ01','ㅊㅊㅊ',to_date('25/02/15','RR/MM/DD'));
Insert into ERP_CUSTOMER_SERVICE (CUSTOMER_SERVICE_NUM,COMPANY_NUM,EMPLOYEE_NUM,CUSTOMER_SERVICE_DIVISION,CUSTOMER_SERVICE_CONTENT,CUSTOMER_SERVICE_DATE) values (50,38,1,'EQ01','ㅊㅊ',to_date('25/02/15','RR/MM/DD'));
Insert into ERP_CUSTOMER_SERVICE (CUSTOMER_SERVICE_NUM,COMPANY_NUM,EMPLOYEE_NUM,CUSTOMER_SERVICE_DIVISION,CUSTOMER_SERVICE_CONTENT,CUSTOMER_SERVICE_DATE) values (51,40,1,'EQ01','ㅌㅌ',to_date('25/02/15','RR/MM/DD'));
Insert into ERP_CUSTOMER_SERVICE (CUSTOMER_SERVICE_NUM,COMPANY_NUM,EMPLOYEE_NUM,CUSTOMER_SERVICE_DIVISION,CUSTOMER_SERVICE_CONTENT,CUSTOMER_SERVICE_DATE) values (52,41,1,'EQ01','ㅁㄴㅇㄹ',to_date('25/02/15','RR/MM/DD'));
Insert into ERP_CUSTOMER_SERVICE (CUSTOMER_SERVICE_NUM,COMPANY_NUM,EMPLOYEE_NUM,CUSTOMER_SERVICE_DIVISION,CUSTOMER_SERVICE_CONTENT,CUSTOMER_SERVICE_DATE) values (53,41,1,'EQ01','ㅋㅋ',to_date('25/02/15','RR/MM/DD'));
Insert into ERP_CUSTOMER_SERVICE (CUSTOMER_SERVICE_NUM,COMPANY_NUM,EMPLOYEE_NUM,CUSTOMER_SERVICE_DIVISION,CUSTOMER_SERVICE_CONTENT,CUSTOMER_SERVICE_DATE) values (54,41,1,'EQ01','ㅁㄴㅇㄹ',to_date('25/02/15','RR/MM/DD'));
Insert into ERP_CUSTOMER_SERVICE (CUSTOMER_SERVICE_NUM,COMPANY_NUM,EMPLOYEE_NUM,CUSTOMER_SERVICE_DIVISION,CUSTOMER_SERVICE_CONTENT,CUSTOMER_SERVICE_DATE) values (55,41,1,'EQ01','ㅁㄴㅇㄹ',to_date('25/02/15','RR/MM/DD'));
Insert into ERP_CUSTOMER_SERVICE (CUSTOMER_SERVICE_NUM,COMPANY_NUM,EMPLOYEE_NUM,CUSTOMER_SERVICE_DIVISION,CUSTOMER_SERVICE_CONTENT,CUSTOMER_SERVICE_DATE) values (56,39,1,'EQ01','ㅁㄴㅇㄹ',to_date('25/02/15','RR/MM/DD'));
Insert into ERP_CUSTOMER_SERVICE (CUSTOMER_SERVICE_NUM,COMPANY_NUM,EMPLOYEE_NUM,CUSTOMER_SERVICE_DIVISION,CUSTOMER_SERVICE_CONTENT,CUSTOMER_SERVICE_DATE) values (57,38,1,'EQ01','ㅁㄴㅇ',to_date('25/02/15','RR/MM/DD'));
Insert into ERP_CUSTOMER_SERVICE (CUSTOMER_SERVICE_NUM,COMPANY_NUM,EMPLOYEE_NUM,CUSTOMER_SERVICE_DIVISION,CUSTOMER_SERVICE_CONTENT,CUSTOMER_SERVICE_DATE) values (58,41,1,'EQ01','ㄴㅇㄹ',to_date('25/02/15','RR/MM/DD'));
Insert into ERP_CUSTOMER_SERVICE (CUSTOMER_SERVICE_NUM,COMPANY_NUM,EMPLOYEE_NUM,CUSTOMER_SERVICE_DIVISION,CUSTOMER_SERVICE_CONTENT,CUSTOMER_SERVICE_DATE) values (59,39,1,'EQ01','ㅁㄴㅇㄹ',to_date('25/02/15','RR/MM/DD'));
Insert into ERP_CUSTOMER_SERVICE (CUSTOMER_SERVICE_NUM,COMPANY_NUM,EMPLOYEE_NUM,CUSTOMER_SERVICE_DIVISION,CUSTOMER_SERVICE_CONTENT,CUSTOMER_SERVICE_DATE) values (61,41,1,'EQ02','서비스 기간 10일 추가요청으로 추가',to_date('25/02/15','RR/MM/DD'));
Insert into ERP_CUSTOMER_SERVICE (CUSTOMER_SERVICE_NUM,COMPANY_NUM,EMPLOYEE_NUM,CUSTOMER_SERVICE_DIVISION,CUSTOMER_SERVICE_CONTENT,CUSTOMER_SERVICE_DATE) values (62,40,1,'EQ02','기분나빠서빼슴',to_date('25/02/15','RR/MM/DD'));
Insert into ERP_CUSTOMER_SERVICE (CUSTOMER_SERVICE_NUM,COMPANY_NUM,EMPLOYEE_NUM,CUSTOMER_SERVICE_DIVISION,CUSTOMER_SERVICE_CONTENT,CUSTOMER_SERVICE_DATE) values (63,41,1,'EQ02','[서비스기간변경]
21일로 변경 
[사유] : 그냥',to_date('25/02/15','RR/MM/DD'));
Insert into ERP_CUSTOMER_SERVICE (CUSTOMER_SERVICE_NUM,COMPANY_NUM,EMPLOYEE_NUM,CUSTOMER_SERVICE_DIVISION,CUSTOMER_SERVICE_CONTENT,CUSTOMER_SERVICE_DATE) values (64,41,1,'EQ02','[서비스상태변경]
[기존] : 2025-03-08
[변경] : 2025-02-26
[사유] : 만료테스트',to_date('25/02/16','RR/MM/DD'));
Insert into ERP_CUSTOMER_SERVICE (CUSTOMER_SERVICE_NUM,COMPANY_NUM,EMPLOYEE_NUM,CUSTOMER_SERVICE_DIVISION,CUSTOMER_SERVICE_CONTENT,CUSTOMER_SERVICE_DATE) values (65,41,1,'EQ02','[서비스상태변경]
[기존] : 2025-02-26
[변경] : 2025-02-26
[사유] : 테스트중',to_date('25/02/16','RR/MM/DD'));
Insert into ERP_CUSTOMER_SERVICE (CUSTOMER_SERVICE_NUM,COMPANY_NUM,EMPLOYEE_NUM,CUSTOMER_SERVICE_DIVISION,CUSTOMER_SERVICE_CONTENT,CUSTOMER_SERVICE_DATE) values (66,41,1,'EQ01','만료 테스트',to_date('25/02/16','RR/MM/DD'));
Insert into ERP_CUSTOMER_SERVICE (CUSTOMER_SERVICE_NUM,COMPANY_NUM,EMPLOYEE_NUM,CUSTOMER_SERVICE_DIVISION,CUSTOMER_SERVICE_CONTENT,CUSTOMER_SERVICE_DATE) values (67,41,1,'EQ02','[서비스상태변경]
[변경상태] : EC03
[기존] : 2025-02-26
[변경] : 1010-10-10
[사유] : 만료 테스트',to_date('25/02/16','RR/MM/DD'));
Insert into ERP_CUSTOMER_SERVICE (CUSTOMER_SERVICE_NUM,COMPANY_NUM,EMPLOYEE_NUM,CUSTOMER_SERVICE_DIVISION,CUSTOMER_SERVICE_CONTENT,CUSTOMER_SERVICE_DATE) values (68,41,1,'EQ02','[서비스상태변경]
[변경상태] : EC01
[기존] : 1010-10-10
[변경] : 2025-02-26
[사유] : 서비스 테스트',to_date('25/02/16','RR/MM/DD'));
Insert into ERP_CUSTOMER_SERVICE (CUSTOMER_SERVICE_NUM,COMPANY_NUM,EMPLOYEE_NUM,CUSTOMER_SERVICE_DIVISION,CUSTOMER_SERVICE_CONTENT,CUSTOMER_SERVICE_DATE) values (69,41,1,'EQ02','[서비스상태변경]
[변경상태] : EC03
[기존] : 2025-02-26
[변경] : 1010-10-10
[사유] : ㅁㅁㄴㅇㄹ',to_date('25/02/16','RR/MM/DD'));
Insert into ERP_CUSTOMER_SERVICE (CUSTOMER_SERVICE_NUM,COMPANY_NUM,EMPLOYEE_NUM,CUSTOMER_SERVICE_DIVISION,CUSTOMER_SERVICE_CONTENT,CUSTOMER_SERVICE_DATE) values (70,41,1,'EQ02','[서비스상태변경]
[변경상태] : EC01
[기존] : 1010-10-10
[변경] : 2025-02-25
[사유] : ㅁㄴㅇㄹ',to_date('25/02/16','RR/MM/DD'));
Insert into ERP_CUSTOMER_SERVICE (CUSTOMER_SERVICE_NUM,COMPANY_NUM,EMPLOYEE_NUM,CUSTOMER_SERVICE_DIVISION,CUSTOMER_SERVICE_CONTENT,CUSTOMER_SERVICE_DATE) values (71,41,1,'EQ02','[서비스상태변경]
[변경상태] : EC03
[기존] : 2025-02-25
[변경] : 1010-10-10
[사유] : 123',to_date('25/02/16','RR/MM/DD'));
Insert into ERP_CUSTOMER_SERVICE (CUSTOMER_SERVICE_NUM,COMPANY_NUM,EMPLOYEE_NUM,CUSTOMER_SERVICE_DIVISION,CUSTOMER_SERVICE_CONTENT,CUSTOMER_SERVICE_DATE) values (72,41,1,'EQ02','[서비스상태변경]
[변경상태] : EC01
[기존] : 1010-10-10
[변경] : 2025-02-25
[사유] : 123',to_date('25/02/16','RR/MM/DD'));
Insert into ERP_CUSTOMER_SERVICE (CUSTOMER_SERVICE_NUM,COMPANY_NUM,EMPLOYEE_NUM,CUSTOMER_SERVICE_DIVISION,CUSTOMER_SERVICE_CONTENT,CUSTOMER_SERVICE_DATE) values (73,41,1,'EQ02','[서비스상태변경]
[변경상태] : EC03
[기존] : 2025-02-25
[변경] : 1010-10-10
[사유] : 123',to_date('25/02/16','RR/MM/DD'));
Insert into ERP_CUSTOMER_SERVICE (CUSTOMER_SERVICE_NUM,COMPANY_NUM,EMPLOYEE_NUM,CUSTOMER_SERVICE_DIVISION,CUSTOMER_SERVICE_CONTENT,CUSTOMER_SERVICE_DATE) values (74,41,1,'EQ02','[서비스상태변경]
[변경상태] : EC01
[기존] : 1010-10-10
[변경] : 2025-02-25
[사유] : 231',to_date('25/02/16','RR/MM/DD'));
Insert into ERP_CUSTOMER_SERVICE (CUSTOMER_SERVICE_NUM,COMPANY_NUM,EMPLOYEE_NUM,CUSTOMER_SERVICE_DIVISION,CUSTOMER_SERVICE_CONTENT,CUSTOMER_SERVICE_DATE) values (75,41,1,'EQ02','[서비스상태변경]
[변경상태] : EC03
[기존] : 2025-02-25
[변경] : 1010-10-10
[사유] : 123',to_date('25/02/16','RR/MM/DD'));
Insert into ERP_CUSTOMER_SERVICE (CUSTOMER_SERVICE_NUM,COMPANY_NUM,EMPLOYEE_NUM,CUSTOMER_SERVICE_DIVISION,CUSTOMER_SERVICE_CONTENT,CUSTOMER_SERVICE_DATE) values (76,41,1,'EQ02','[서비스상태변경]
[변경상태] : EC01
[기존] : 1010-10-10
[변경] : 2025-02-25
[사유] : 234',to_date('25/02/16','RR/MM/DD'));
Insert into ERP_CUSTOMER_SERVICE (CUSTOMER_SERVICE_NUM,COMPANY_NUM,EMPLOYEE_NUM,CUSTOMER_SERVICE_DIVISION,CUSTOMER_SERVICE_CONTENT,CUSTOMER_SERVICE_DATE) values (77,41,1,'EQ02','[서비스상태변경]
[변경상태] : EC03
[기존] : 2025-02-25
[변경] : 1010-10-10
[사유] : 123',to_date('25/02/16','RR/MM/DD'));
Insert into ERP_CUSTOMER_SERVICE (CUSTOMER_SERVICE_NUM,COMPANY_NUM,EMPLOYEE_NUM,CUSTOMER_SERVICE_DIVISION,CUSTOMER_SERVICE_CONTENT,CUSTOMER_SERVICE_DATE) values (78,41,1,'EQ02','[서비스상태변경]
[변경상태] : EC01
[기존] : 1010-10-10
[변경] : 2025-02-25
[사유] : 123',to_date('25/02/16','RR/MM/DD'));
Insert into ERP_CUSTOMER_SERVICE (CUSTOMER_SERVICE_NUM,COMPANY_NUM,EMPLOYEE_NUM,CUSTOMER_SERVICE_DIVISION,CUSTOMER_SERVICE_CONTENT,CUSTOMER_SERVICE_DATE) values (79,41,1,'EQ02','[서비스상태변경]
[변경상태] : EC03
[기존] : 2025-02-25
[변경] : 1010-10-10
[사유] : 123',to_date('25/02/16','RR/MM/DD'));
Insert into ERP_CUSTOMER_SERVICE (CUSTOMER_SERVICE_NUM,COMPANY_NUM,EMPLOYEE_NUM,CUSTOMER_SERVICE_DIVISION,CUSTOMER_SERVICE_CONTENT,CUSTOMER_SERVICE_DATE) values (80,41,1,'EQ02','[서비스상태변경]
[변경상태] : EC01
[기존] : 1010-10-10
[변경] : 2025-02-25
[사유] : 123',to_date('25/02/16','RR/MM/DD'));
Insert into ERP_CUSTOMER_SERVICE (CUSTOMER_SERVICE_NUM,COMPANY_NUM,EMPLOYEE_NUM,CUSTOMER_SERVICE_DIVISION,CUSTOMER_SERVICE_CONTENT,CUSTOMER_SERVICE_DATE) values (81,41,1,'EQ01','ㅁㄴㅇ',to_date('25/02/16','RR/MM/DD'));
Insert into ERP_CUSTOMER_SERVICE (CUSTOMER_SERVICE_NUM,COMPANY_NUM,EMPLOYEE_NUM,CUSTOMER_SERVICE_DIVISION,CUSTOMER_SERVICE_CONTENT,CUSTOMER_SERVICE_DATE) values (130,43,1,'EQ01','aaasdf',to_date('25/02/18','RR/MM/DD'));
Insert into ERP_CUSTOMER_SERVICE (CUSTOMER_SERVICE_NUM,COMPANY_NUM,EMPLOYEE_NUM,CUSTOMER_SERVICE_DIVISION,CUSTOMER_SERVICE_CONTENT,CUSTOMER_SERVICE_DATE) values (131,43,1,'EQ02','[업체정보수정]
[기존] ComDTO(companyNum=43, companyName=crsf회사임, companyEngName=crsfcompany, representationName=나보안, representationPhone=010-5555-6666, chargerName=나해커, chargerPhone=010-7894-5612, chargerEmail=sdafas@ejfksdf.net, companyAddress=울산 남구 갈밭로 3 (삼산동) 123, businessNum=123-21-54856, businessLicense=image_20250218_103051.png, serviceState=EC01, registerDate=Sun Feb 16 05:48:37 KST 2025)
[변경] ComDTO(companyNum=43, companyName=crsf회사임, companyEngName=crsfcompany, representationName=나보안, representationPhone=010-5555-6666, chargerName=나해커, chargerPhone=010-7894-5612, chargerEmail=sdafas@ejfksdf.net, companyAddress=울산 남구 갈밭로 3 (삼산동) 123, businessNum=123-21-54856, businessLicense=사업자_20250218_172133.png, serviceState=EC01, registerDate=null)
[사유] 123123',to_date('25/02/18','RR/MM/DD'));
Insert into ERP_CUSTOMER_SERVICE (CUSTOMER_SERVICE_NUM,COMPANY_NUM,EMPLOYEE_NUM,CUSTOMER_SERVICE_DIVISION,CUSTOMER_SERVICE_CONTENT,CUSTOMER_SERVICE_DATE) values (142,43,1,'EQ02','[서비스상태변경]
[변경상태] : EC03
[기존] : 2025-04-10
[변경] : 1010-10-10
[사유] : 123',to_date('25/02/26','RR/MM/DD'));
Insert into ERP_CUSTOMER_SERVICE (CUSTOMER_SERVICE_NUM,COMPANY_NUM,EMPLOYEE_NUM,CUSTOMER_SERVICE_DIVISION,CUSTOMER_SERVICE_CONTENT,CUSTOMER_SERVICE_DATE) values (149,1,1,'EQ01','123',to_date('25/02/27','RR/MM/DD'));
Insert into ERP_CUSTOMER_SERVICE (CUSTOMER_SERVICE_NUM,COMPANY_NUM,EMPLOYEE_NUM,CUSTOMER_SERVICE_DIVISION,CUSTOMER_SERVICE_CONTENT,CUSTOMER_SERVICE_DATE) values (153,44,1,'EQ02','[서비스상태변경]
[변경상태] : EC03
[기존] : 2025-03-09
[변경] : 1010-10-10
[사유] : 만료테스트 ',to_date('25/02/27','RR/MM/DD'));
Insert into ERP_CUSTOMER_SERVICE (CUSTOMER_SERVICE_NUM,COMPANY_NUM,EMPLOYEE_NUM,CUSTOMER_SERVICE_DIVISION,CUSTOMER_SERVICE_CONTENT,CUSTOMER_SERVICE_DATE) values (154,1,1,'EQ02','[서비스상태변경]
[변경상태] : EC03
[기존] : 2025-03-08
[변경] : 1010-10-10
[사유] : 123',to_date('25/02/27','RR/MM/DD'));
Insert into ERP_CUSTOMER_SERVICE (CUSTOMER_SERVICE_NUM,COMPANY_NUM,EMPLOYEE_NUM,CUSTOMER_SERVICE_DIVISION,CUSTOMER_SERVICE_CONTENT,CUSTOMER_SERVICE_DATE) values (155,1,1,'EQ02','[서비스상태변경]
[변경상태] : EC01
[기존] : 1010-10-10
[변경] : 2025-03-08
[사유] : 123',to_date('25/02/27','RR/MM/DD'));
Insert into ERP_CUSTOMER_SERVICE (CUSTOMER_SERVICE_NUM,COMPANY_NUM,EMPLOYEE_NUM,CUSTOMER_SERVICE_DIVISION,CUSTOMER_SERVICE_CONTENT,CUSTOMER_SERVICE_DATE) values (156,1,1,'EQ02','[서비스상태변경]
[변경상태] : EC03
[기존] : 2025-03-08
[변경] : 1010-10-10
[사유] : 123',to_date('25/02/27','RR/MM/DD'));
Insert into ERP_CUSTOMER_SERVICE (CUSTOMER_SERVICE_NUM,COMPANY_NUM,EMPLOYEE_NUM,CUSTOMER_SERVICE_DIVISION,CUSTOMER_SERVICE_CONTENT,CUSTOMER_SERVICE_DATE) values (157,1,1,'EQ02','[서비스상태변경]
[변경상태] : EC01
[기존] : 1010-10-10
[변경] : 2025-03-08
[사유] : 123',to_date('25/02/27','RR/MM/DD'));
Insert into ERP_CUSTOMER_SERVICE (CUSTOMER_SERVICE_NUM,COMPANY_NUM,EMPLOYEE_NUM,CUSTOMER_SERVICE_DIVISION,CUSTOMER_SERVICE_CONTENT,CUSTOMER_SERVICE_DATE) values (160,1,1,'EQ02','[서비스기간변경]
21추가 
[사유] : 12',to_date('25/02/27','RR/MM/DD'));
Insert into ERP_CUSTOMER_SERVICE (CUSTOMER_SERVICE_NUM,COMPANY_NUM,EMPLOYEE_NUM,CUSTOMER_SERVICE_DIVISION,CUSTOMER_SERVICE_CONTENT,CUSTOMER_SERVICE_DATE) values (161,1,1,'EQ02','[서비스상태변경]
[변경상태] : EC03
[기존] : 2025-03-20
[변경] : 1010-10-10
[사유] : 12',to_date('25/02/27','RR/MM/DD'));
Insert into ERP_CUSTOMER_SERVICE (CUSTOMER_SERVICE_NUM,COMPANY_NUM,EMPLOYEE_NUM,CUSTOMER_SERVICE_DIVISION,CUSTOMER_SERVICE_CONTENT,CUSTOMER_SERVICE_DATE) values (162,1,1,'EQ02','[서비스상태변경]
[변경상태] : EC01
[기존] : 1010-10-10
[변경] : 2025-03-08
[사유] : 12',to_date('25/02/27','RR/MM/DD'));
Insert into ERP_CUSTOMER_SERVICE (CUSTOMER_SERVICE_NUM,COMPANY_NUM,EMPLOYEE_NUM,CUSTOMER_SERVICE_DIVISION,CUSTOMER_SERVICE_CONTENT,CUSTOMER_SERVICE_DATE) values (163,1,1,'EQ02','[서비스상태변경]
[변경상태] : EC03
[기존] : 2025-03-08
[변경] : 1010-10-10
[사유] : 12',to_date('25/02/27','RR/MM/DD'));
Insert into ERP_CUSTOMER_SERVICE (CUSTOMER_SERVICE_NUM,COMPANY_NUM,EMPLOYEE_NUM,CUSTOMER_SERVICE_DIVISION,CUSTOMER_SERVICE_CONTENT,CUSTOMER_SERVICE_DATE) values (165,1,1,'EQ02','[서비스상태변경]
[변경상태] : EC03
[기존] : 2025-03-08
[변경] : 1010-10-10
[사유] : 12',to_date('25/02/27','RR/MM/DD'));
Insert into ERP_CUSTOMER_SERVICE (CUSTOMER_SERVICE_NUM,COMPANY_NUM,EMPLOYEE_NUM,CUSTOMER_SERVICE_DIVISION,CUSTOMER_SERVICE_CONTENT,CUSTOMER_SERVICE_DATE) values (168,1,1,'EQ02','[서비스상태변경]
[변경상태] : EC03
[기존] : 2025-03-08
[변경] : 1010-10-10
[사유] : oo98',to_date('25/02/27','RR/MM/DD'));
Insert into ERP_CUSTOMER_SERVICE (CUSTOMER_SERVICE_NUM,COMPANY_NUM,EMPLOYEE_NUM,CUSTOMER_SERVICE_DIVISION,CUSTOMER_SERVICE_CONTENT,CUSTOMER_SERVICE_DATE) values (170,44,1,'EQ01','ㅁㅇㄻㄴㅇㄹ',to_date('25/02/28','RR/MM/DD'));
Insert into ERP_CUSTOMER_SERVICE (CUSTOMER_SERVICE_NUM,COMPANY_NUM,EMPLOYEE_NUM,CUSTOMER_SERVICE_DIVISION,CUSTOMER_SERVICE_CONTENT,CUSTOMER_SERVICE_DATE) values (173,44,1,'EQ01','123',to_date('25/02/28','RR/MM/DD'));
Insert into ERP_CUSTOMER_SERVICE (CUSTOMER_SERVICE_NUM,COMPANY_NUM,EMPLOYEE_NUM,CUSTOMER_SERVICE_DIVISION,CUSTOMER_SERVICE_CONTENT,CUSTOMER_SERVICE_DATE) values (174,44,1,'EQ01','123',to_date('25/02/28','RR/MM/DD'));
Insert into ERP_CUSTOMER_SERVICE (CUSTOMER_SERVICE_NUM,COMPANY_NUM,EMPLOYEE_NUM,CUSTOMER_SERVICE_DIVISION,CUSTOMER_SERVICE_CONTENT,CUSTOMER_SERVICE_DATE) values (175,44,1,'EQ02','[서비스상태변경]
[변경상태] : EC01
[기존] : 1010-10-10
[변경] : 2025-03-09
[사유] : 123',to_date('25/02/28','RR/MM/DD'));
Insert into ERP_CUSTOMER_SERVICE (CUSTOMER_SERVICE_NUM,COMPANY_NUM,EMPLOYEE_NUM,CUSTOMER_SERVICE_DIVISION,CUSTOMER_SERVICE_CONTENT,CUSTOMER_SERVICE_DATE) values (177,46,1,'EQ04','[신규 업체 등록]


업체 통화하여 10일 데모기간 사용 원하셔서
우선 데모기간 서비스 했습니다',to_date('25/03/03','RR/MM/DD'));
Insert into ERP_CUSTOMER_SERVICE (CUSTOMER_SERVICE_NUM,COMPANY_NUM,EMPLOYEE_NUM,CUSTOMER_SERVICE_DIVISION,CUSTOMER_SERVICE_CONTENT,CUSTOMER_SERVICE_DATE) values (181,43,1,'EQ02','[서비스기간변경]
19추가 
[사유] : 10일 추가 서비스',to_date('25/03/04','RR/MM/DD'));
Insert into ERP_CUSTOMER_SERVICE (CUSTOMER_SERVICE_NUM,COMPANY_NUM,EMPLOYEE_NUM,CUSTOMER_SERVICE_DIVISION,CUSTOMER_SERVICE_CONTENT,CUSTOMER_SERVICE_DATE) values (183,48,1,'EQ04','[신규 업체 등록]


테스트 계정 생성',to_date('25/03/04','RR/MM/DD'));
Insert into ERP_CUSTOMER_SERVICE (CUSTOMER_SERVICE_NUM,COMPANY_NUM,EMPLOYEE_NUM,CUSTOMER_SERVICE_DIVISION,CUSTOMER_SERVICE_CONTENT,CUSTOMER_SERVICE_DATE) values (184,48,1,'EQ01','사원등록 하는 방법 물어보셔서
유선으로 통화하며 메뉴 안내 했습니다.
부가적으로 가이드PDF 메일 전달 물어 봤는데
필요없다고 하셔서 따로 메일전달은 안했습니다',to_date('25/03/04','RR/MM/DD'));
Insert into ERP_CUSTOMER_SERVICE (CUSTOMER_SERVICE_NUM,COMPANY_NUM,EMPLOYEE_NUM,CUSTOMER_SERVICE_DIVISION,CUSTOMER_SERVICE_CONTENT,CUSTOMER_SERVICE_DATE) values (185,49,1,'EQ04','[신규 업체 등록]


데모기간 10일 제공',to_date('25/03/04','RR/MM/DD'));
Insert into ERP_CUSTOMER_SERVICE (CUSTOMER_SERVICE_NUM,COMPANY_NUM,EMPLOYEE_NUM,CUSTOMER_SERVICE_DIVISION,CUSTOMER_SERVICE_CONTENT,CUSTOMER_SERVICE_DATE) values (186,47,1,'EQ01','빵집 지점 등록 메뉴가 안눌러진다 문의와서
지점관리는 구독결제 필요하다 안내하였습니다.
1일 500원으로 한달 15000원으로 저렴하다 안내하였습니다.',to_date('25/03/04','RR/MM/DD'));
Insert into ERP_CUSTOMER_SERVICE (CUSTOMER_SERVICE_NUM,COMPANY_NUM,EMPLOYEE_NUM,CUSTOMER_SERVICE_DIVISION,CUSTOMER_SERVICE_CONTENT,CUSTOMER_SERVICE_DATE) values (20,20,1,'EQ04','신규등록하심',to_date('25/02/14','RR/MM/DD'));
Insert into ERP_CUSTOMER_SERVICE (CUSTOMER_SERVICE_NUM,COMPANY_NUM,EMPLOYEE_NUM,CUSTOMER_SERVICE_DIVISION,CUSTOMER_SERVICE_CONTENT,CUSTOMER_SERVICE_DATE) values (21,23,1,'EQ04','[신규 업체 등록]


문의내용이에요',to_date('25/02/14','RR/MM/DD'));
Insert into ERP_CUSTOMER_SERVICE (CUSTOMER_SERVICE_NUM,COMPANY_NUM,EMPLOYEE_NUM,CUSTOMER_SERVICE_DIVISION,CUSTOMER_SERVICE_CONTENT,CUSTOMER_SERVICE_DATE) values (22,25,1,'EQ04','[신규 업체 등록]


문의내용이에요',to_date('25/02/14','RR/MM/DD'));
Insert into ERP_CUSTOMER_SERVICE (CUSTOMER_SERVICE_NUM,COMPANY_NUM,EMPLOYEE_NUM,CUSTOMER_SERVICE_DIVISION,CUSTOMER_SERVICE_CONTENT,CUSTOMER_SERVICE_DATE) values (23,26,1,'EQ04','[신규 업체 등록]


문의내용이에요',to_date('25/02/14','RR/MM/DD'));
Insert into ERP_CUSTOMER_SERVICE (CUSTOMER_SERVICE_NUM,COMPANY_NUM,EMPLOYEE_NUM,CUSTOMER_SERVICE_DIVISION,CUSTOMER_SERVICE_CONTENT,CUSTOMER_SERVICE_DATE) values (28,31,1,'EQ04','[신규 업체 등록]


문의내용이에요',to_date('25/02/14','RR/MM/DD'));
Insert into ERP_CUSTOMER_SERVICE (CUSTOMER_SERVICE_NUM,COMPANY_NUM,EMPLOYEE_NUM,CUSTOMER_SERVICE_DIVISION,CUSTOMER_SERVICE_CONTENT,CUSTOMER_SERVICE_DATE) values (29,32,1,'EQ04','[신규 업체 등록]


문의내용이에요',to_date('25/02/14','RR/MM/DD'));
Insert into ERP_CUSTOMER_SERVICE (CUSTOMER_SERVICE_NUM,COMPANY_NUM,EMPLOYEE_NUM,CUSTOMER_SERVICE_DIVISION,CUSTOMER_SERVICE_CONTENT,CUSTOMER_SERVICE_DATE) values (30,33,1,'EQ04','[신규 업체 등록]


문의내용이에요',to_date('25/02/14','RR/MM/DD'));
Insert into ERP_CUSTOMER_SERVICE (CUSTOMER_SERVICE_NUM,COMPANY_NUM,EMPLOYEE_NUM,CUSTOMER_SERVICE_DIVISION,CUSTOMER_SERVICE_CONTENT,CUSTOMER_SERVICE_DATE) values (31,34,1,'EQ04','[신규 업체 등록]


문의내용이에요',to_date('25/02/14','RR/MM/DD'));
Insert into ERP_CUSTOMER_SERVICE (CUSTOMER_SERVICE_NUM,COMPANY_NUM,EMPLOYEE_NUM,CUSTOMER_SERVICE_DIVISION,CUSTOMER_SERVICE_CONTENT,CUSTOMER_SERVICE_DATE) values (32,35,1,'EQ04','[신규 업체 등록]


문의내용이에요',to_date('25/02/14','RR/MM/DD'));
Insert into ERP_CUSTOMER_SERVICE (CUSTOMER_SERVICE_NUM,COMPANY_NUM,EMPLOYEE_NUM,CUSTOMER_SERVICE_DIVISION,CUSTOMER_SERVICE_CONTENT,CUSTOMER_SERVICE_DATE) values (33,36,1,'EQ04','[신규 업체 등록]


문의내용이에요',to_date('25/02/14','RR/MM/DD'));
Insert into ERP_CUSTOMER_SERVICE (CUSTOMER_SERVICE_NUM,COMPANY_NUM,EMPLOYEE_NUM,CUSTOMER_SERVICE_DIVISION,CUSTOMER_SERVICE_CONTENT,CUSTOMER_SERVICE_DATE) values (34,37,1,'EQ04','[신규 업체 등록]


문의내용이에요',to_date('25/02/14','RR/MM/DD'));
Insert into ERP_CUSTOMER_SERVICE (CUSTOMER_SERVICE_NUM,COMPANY_NUM,EMPLOYEE_NUM,CUSTOMER_SERVICE_DIVISION,CUSTOMER_SERVICE_CONTENT,CUSTOMER_SERVICE_DATE) values (35,38,1,'EQ04','[신규 업체 등록]


문의내용이에요',to_date('25/02/14','RR/MM/DD'));
Insert into ERP_CUSTOMER_SERVICE (CUSTOMER_SERVICE_NUM,COMPANY_NUM,EMPLOYEE_NUM,CUSTOMER_SERVICE_DIVISION,CUSTOMER_SERVICE_CONTENT,CUSTOMER_SERVICE_DATE) values (36,39,1,'EQ04','[신규 업체 등록]


문의내용이에요',to_date('25/02/14','RR/MM/DD'));
Insert into ERP_CUSTOMER_SERVICE (CUSTOMER_SERVICE_NUM,COMPANY_NUM,EMPLOYEE_NUM,CUSTOMER_SERVICE_DIVISION,CUSTOMER_SERVICE_CONTENT,CUSTOMER_SERVICE_DATE) values (37,40,1,'EQ04','[신규 업체 등록]


전화문의로 사용요청와서 계정 만들어드렸습니다.
사용문제 없으나 10일 이후에 결제하셔야한다 말했습니다.',to_date('25/02/14','RR/MM/DD'));
Insert into ERP_CUSTOMER_SERVICE (CUSTOMER_SERVICE_NUM,COMPANY_NUM,EMPLOYEE_NUM,CUSTOMER_SERVICE_DIVISION,CUSTOMER_SERVICE_CONTENT,CUSTOMER_SERVICE_DATE) values (38,41,1,'EQ04','[신규 업체 등록]


어ㅏㄴ어리',to_date('25/02/14','RR/MM/DD'));
Insert into ERP_CUSTOMER_SERVICE (CUSTOMER_SERVICE_NUM,COMPANY_NUM,EMPLOYEE_NUM,CUSTOMER_SERVICE_DIVISION,CUSTOMER_SERVICE_CONTENT,CUSTOMER_SERVICE_DATE) values (60,39,1,'EQ01','12',to_date('25/02/15','RR/MM/DD'));
Insert into ERP_CUSTOMER_SERVICE (CUSTOMER_SERVICE_NUM,COMPANY_NUM,EMPLOYEE_NUM,CUSTOMER_SERVICE_DIVISION,CUSTOMER_SERVICE_CONTENT,CUSTOMER_SERVICE_DATE) values (120,43,1,'EQ02','[업체정보수정]
[기존] ComDTO(companyNum=43, companyName=crsf회사, companyEngName=crsfcompany, representationName=나보안, representationPhone=010-5555-6666, chargerName=나해커, chargerPhone=010-7894-5612, chargerEmail=sdafas@ejfksdf.net, companyAddress=울산 남구 갈밭로 3 (삼산동) 123, businessNum=123-21-54856, businessLicense={"fileName":"사업자.png","success":true,"message":"파일 업로드 성공"}, serviceState=EC01, registerDate=Sun Feb 16 05:48:37 KST 2025)
[변경] ComDTO(companyNum=43, companyName=crsf회사임, companyEngName=crsfcompany, representationName=나보안, representationPhone=010-5555-6666, chargerName=나해커, chargerPhone=010-7894-5612, chargerEmail=sdafas@ejfksdf.net, companyAddress=울산 남구 갈밭로 3 (삼산동) 123, businessNum=123-21-54856, businessLicense={"fileName":"사업자.png","success":true,"message":"파일 업로드 성공"}, serviceState=EC01, registerDate=null)
[사유] 회사명 변경',to_date('25/02/18','RR/MM/DD'));
Insert into ERP_CUSTOMER_SERVICE (CUSTOMER_SERVICE_NUM,COMPANY_NUM,EMPLOYEE_NUM,CUSTOMER_SERVICE_DIVISION,CUSTOMER_SERVICE_CONTENT,CUSTOMER_SERVICE_DATE) values (121,43,1,'EQ01','그냥 CS',to_date('25/02/18','RR/MM/DD'));
Insert into ERP_CUSTOMER_SERVICE (CUSTOMER_SERVICE_NUM,COMPANY_NUM,EMPLOYEE_NUM,CUSTOMER_SERVICE_DIVISION,CUSTOMER_SERVICE_CONTENT,CUSTOMER_SERVICE_DATE) values (122,43,1,'EQ01','12',to_date('25/02/18','RR/MM/DD'));
Insert into ERP_CUSTOMER_SERVICE (CUSTOMER_SERVICE_NUM,COMPANY_NUM,EMPLOYEE_NUM,CUSTOMER_SERVICE_DIVISION,CUSTOMER_SERVICE_CONTENT,CUSTOMER_SERVICE_DATE) values (123,43,1,'EQ02','[서비스상태변경]
[변경상태] : EC03
[기존] : 2025-02-26
[변경] : 1010-10-10
[사유] : 12',to_date('25/02/18','RR/MM/DD'));
Insert into ERP_CUSTOMER_SERVICE (CUSTOMER_SERVICE_NUM,COMPANY_NUM,EMPLOYEE_NUM,CUSTOMER_SERVICE_DIVISION,CUSTOMER_SERVICE_CONTENT,CUSTOMER_SERVICE_DATE) values (124,43,1,'EQ02','[서비스상태변경]
[변경상태] : EC01
[기존] : 1010-10-10
[변경] : 2025-02-27
[사유] : 12',to_date('25/02/18','RR/MM/DD'));
Insert into ERP_CUSTOMER_SERVICE (CUSTOMER_SERVICE_NUM,COMPANY_NUM,EMPLOYEE_NUM,CUSTOMER_SERVICE_DIVISION,CUSTOMER_SERVICE_CONTENT,CUSTOMER_SERVICE_DATE) values (125,43,1,'EQ02','[서비스기간변경]
39추가 
[사유] : 12',to_date('25/02/18','RR/MM/DD'));
Insert into ERP_CUSTOMER_SERVICE (CUSTOMER_SERVICE_NUM,COMPANY_NUM,EMPLOYEE_NUM,CUSTOMER_SERVICE_DIVISION,CUSTOMER_SERVICE_CONTENT,CUSTOMER_SERVICE_DATE) values (127,43,1,'EQ02','[업체정보수정]
[기존] ComDTO(companyNum=43, companyName=crsf회사임, companyEngName=crsfcompany, representationName=나보안, representationPhone=010-5555-6666, chargerName=나해커, chargerPhone=010-7894-5612, chargerEmail=sdafas@ejfksdf.net, companyAddress=울산 남구 갈밭로 3 (삼산동) 123, businessNum=123-21-54856, businessLicense=사업자_20250218_090549.png, serviceState=EC01, registerDate=Sun Feb 16 05:48:37 KST 2025)
[변경] ComDTO(companyNum=43, companyName=crsf회사임, companyEngName=crsfcompany, representationName=나보안, representationPhone=010-5555-6666, chargerName=나해커, chargerPhone=010-7894-5612, chargerEmail=sdafas@ejfksdf.net, companyAddress=울산 남구 갈밭로 3 (삼산동) 123, businessNum=123-21-54856, businessLicense=image_20250218_090615.png, serviceState=EC01, registerDate=null)
[사유] 3321',to_date('25/02/18','RR/MM/DD'));
Insert into ERP_CUSTOMER_SERVICE (CUSTOMER_SERVICE_NUM,COMPANY_NUM,EMPLOYEE_NUM,CUSTOMER_SERVICE_DIVISION,CUSTOMER_SERVICE_CONTENT,CUSTOMER_SERVICE_DATE) values (128,43,1,'EQ02','[업체정보수정]
[기존] ComDTO(companyNum=43, companyName=crsf회사임, companyEngName=crsfcompany, representationName=나보안, representationPhone=010-5555-6666, chargerName=나해커, chargerPhone=010-7894-5612, chargerEmail=sdafas@ejfksdf.net, companyAddress=울산 남구 갈밭로 3 (삼산동) 123, businessNum=123-21-54856, businessLicense=image_20250218_090615.png, serviceState=EC01, registerDate=Sun Feb 16 05:48:37 KST 2025)
[변경] ComDTO(companyNum=43, companyName=crsf회사임, companyEngName=crsfcompany, representationName=나보안, representationPhone=010-5555-6666, chargerName=나해커, chargerPhone=010-7894-5612, chargerEmail=sdafas@ejfksdf.net, companyAddress=울산 남구 갈밭로 3 (삼산동) 123, businessNum=123-21-54856, businessLicense=사업자_20250218_103007.png, serviceState=EC01, registerDate=null)
[사유] 123',to_date('25/02/18','RR/MM/DD'));
Insert into ERP_CUSTOMER_SERVICE (CUSTOMER_SERVICE_NUM,COMPANY_NUM,EMPLOYEE_NUM,CUSTOMER_SERVICE_DIVISION,CUSTOMER_SERVICE_CONTENT,CUSTOMER_SERVICE_DATE) values (129,43,1,'EQ02','[업체정보수정]
[기존] ComDTO(companyNum=43, companyName=crsf회사임, companyEngName=crsfcompany, representationName=나보안, representationPhone=010-5555-6666, chargerName=나해커, chargerPhone=010-7894-5612, chargerEmail=sdafas@ejfksdf.net, companyAddress=울산 남구 갈밭로 3 (삼산동) 123, businessNum=123-21-54856, businessLicense=사업자_20250218_103007.png, serviceState=EC01, registerDate=Sun Feb 16 05:48:37 KST 2025)
[변경] ComDTO(companyNum=43, companyName=crsf회사임, companyEngName=crsfcompany, representationName=나보안, representationPhone=010-5555-6666, chargerName=나해커, chargerPhone=010-7894-5612, chargerEmail=sdafas@ejfksdf.net, companyAddress=울산 남구 갈밭로 3 (삼산동) 123, businessNum=123-21-54856, businessLicense=image_20250218_103051.png, serviceState=EC01, registerDate=null)
[사유] 123',to_date('25/02/18','RR/MM/DD'));
Insert into ERP_CUSTOMER_SERVICE (CUSTOMER_SERVICE_NUM,COMPANY_NUM,EMPLOYEE_NUM,CUSTOMER_SERVICE_DIVISION,CUSTOMER_SERVICE_CONTENT,CUSTOMER_SERVICE_DATE) values (133,42,1,'EQ01','123',to_date('25/02/18','RR/MM/DD'));
Insert into ERP_CUSTOMER_SERVICE (CUSTOMER_SERVICE_NUM,COMPANY_NUM,EMPLOYEE_NUM,CUSTOMER_SERVICE_DIVISION,CUSTOMER_SERVICE_CONTENT,CUSTOMER_SERVICE_DATE) values (134,42,1,'EQ02','[서비스상태변경]
[변경상태] : EC03
[기존] : 2025-02-26
[변경] : 1010-10-10
[사유] : 23',to_date('25/02/18','RR/MM/DD'));
Insert into ERP_CUSTOMER_SERVICE (CUSTOMER_SERVICE_NUM,COMPANY_NUM,EMPLOYEE_NUM,CUSTOMER_SERVICE_DIVISION,CUSTOMER_SERVICE_CONTENT,CUSTOMER_SERVICE_DATE) values (135,43,1,'EQ02','[서비스기간변경]
51추가 
[사유] : 12',to_date('25/02/18','RR/MM/DD'));
Insert into ERP_CUSTOMER_SERVICE (CUSTOMER_SERVICE_NUM,COMPANY_NUM,EMPLOYEE_NUM,CUSTOMER_SERVICE_DIVISION,CUSTOMER_SERVICE_CONTENT,CUSTOMER_SERVICE_DATE) values (136,43,1,'EQ02','[업체정보수정]
[기존] ComDTO(companyNum=43, companyName=crsf회사임, companyEngName=crsfcompany, representationName=나보안, representationPhone=010-5555-6666, chargerName=나해커, chargerPhone=010-7894-5612, chargerEmail=sdafas@ejfksdf.net, companyAddress=울산 남구 갈밭로 3 (삼산동) 123, businessNum=123-21-54856, businessLicense=사업자_20250218_172133.png, serviceState=EC01, registerDate=Sun Feb 16 05:48:37 KST 2025)
[변경] ComDTO(companyNum=43, companyName=crsf회사, companyEngName=crsfcompany, representationName=나보안, representationPhone=010-5555-6666, chargerName=나해커, chargerPhone=010-7894-5612, chargerEmail=sdafas@ejfksdf.net, companyAddress=울산 남구 갈밭로 3 (삼산동) 123, businessNum=123-21-54856, businessLicense=사업자_20250218_172133.png, serviceState=EC01, registerDate=null)
[사유] 34',to_date('25/02/18','RR/MM/DD'));
Insert into ERP_CUSTOMER_SERVICE (CUSTOMER_SERVICE_NUM,COMPANY_NUM,EMPLOYEE_NUM,CUSTOMER_SERVICE_DIVISION,CUSTOMER_SERVICE_CONTENT,CUSTOMER_SERVICE_DATE) values (82,41,1,'EQ02','[업체정보수정]
[기존] ComDTO(companyNum=41, companyName=회사에요, companyEngName=iscomapny, representationName=권나윤, representationPhone=010-8888-5555, chargerName=최시훈, chargerPhone=123-8567-4856, chargerEmail=sdfsd@jdkslfjl.com, companyAddress=서울 강남구 강남대로 328 (역삼동, 강남역 쉐르빌) 123번지, businessNum=648-11-11235, businessLicense=사업자_20250214_180404.png, serviceState=EC01, registerDate=Fri Feb 14 18:04:04 KST 2025)
[변경] ComDTO(companyNum=41, companyName=회사에요, companyEngName=iscomapny, representationName=권나윤, representationPhone=010-8888-5555, chargerName=표하연, chargerPhone=123-8567-4856, chargerEmail=sdfsd@jdkslfjl.com, companyAddress=서울 강남구 강남대로 328 (역삼동, 강남역 쉐르빌) 123번지, businessNum=648-11-11235, businessLicense=사업자_20250214_180404.png, serviceState=EC01, registerDate=null)
[사유] 담당자 변경요청으로 변경',to_date('25/02/16','RR/MM/DD'));
Insert into ERP_CUSTOMER_SERVICE (CUSTOMER_SERVICE_NUM,COMPANY_NUM,EMPLOYEE_NUM,CUSTOMER_SERVICE_DIVISION,CUSTOMER_SERVICE_CONTENT,CUSTOMER_SERVICE_DATE) values (83,41,1,'EQ02','[업체정보수정]
[기존] ComDTO(companyNum=41, companyName=회사에요, companyEngName=iscomapny, representationName=권나윤, representationPhone=010-8888-5555, chargerName=최시훈, chargerPhone=123-8567-4856, chargerEmail=sdfsd@jdkslfjl.com, companyAddress=서울 강남구 강남대로 328 (역삼동, 강남역 쉐르빌) 123번지, businessNum=648-11-11235, businessLicense=사업자_20250214_180404.png, serviceState=EC01, registerDate=Fri Feb 14 18:04:04 KST 2025)
[변경] ComDTO(companyNum=41, companyName=회사에요, companyEngName=iscomapny, representationName=권나윤, representationPhone=010-8888-5555, chargerName=표하연, chargerPhone=123-8567-4856, chargerEmail=sdfsd@jdkslfjl.com, companyAddress=서울 강남구 강남대로 328 (역삼동, 강남역 쉐르빌) 123번지, businessNum=648-11-11235, businessLicense=사업자_20250214_180404.png, serviceState=EC01, registerDate=null)
[사유] 담당자 변경요청으로 변경',to_date('25/02/16','RR/MM/DD'));
Insert into ERP_CUSTOMER_SERVICE (CUSTOMER_SERVICE_NUM,COMPANY_NUM,EMPLOYEE_NUM,CUSTOMER_SERVICE_DIVISION,CUSTOMER_SERVICE_CONTENT,CUSTOMER_SERVICE_DATE) values (84,41,1,'EQ02','[업체정보수정]
[기존] ComDTO(companyNum=41, companyName=회사에요, companyEngName=iscomapny, representationName=권나윤, representationPhone=010-8888-5555, chargerName=최시훈, chargerPhone=123-8567-4856, chargerEmail=sdfsd@jdkslfjl.com, companyAddress=서울 강남구 강남대로 328 (역삼동, 강남역 쉐르빌) 123번지, businessNum=648-11-11235, businessLicense=사업자_20250214_180404.png, serviceState=EC01, registerDate=Fri Feb 14 18:04:04 KST 2025)
[변경] ComDTO(companyNum=41, companyName=회사에요, companyEngName=iscomapny, representationName=권나윤, representationPhone=010-8888-5555, chargerName=표하연, chargerPhone=123-8567-4856, chargerEmail=sdfsd@jdkslfjl.com, companyAddress=서울 강남구 강남대로 328 (역삼동, 강남역 쉐르빌) 123번지, businessNum=648-11-11235, businessLicense=사업자_20250214_180404.png, serviceState=EC01, registerDate=null)
[사유] 담당자 표하연으로 변경',to_date('25/02/16','RR/MM/DD'));
Insert into ERP_CUSTOMER_SERVICE (CUSTOMER_SERVICE_NUM,COMPANY_NUM,EMPLOYEE_NUM,CUSTOMER_SERVICE_DIVISION,CUSTOMER_SERVICE_CONTENT,CUSTOMER_SERVICE_DATE) values (85,41,1,'EQ02','[업체정보수정]
[기존] ComDTO(companyNum=41, companyName=회사에요, companyEngName=iscomapny, representationName=권나윤, representationPhone=010-8888-5555, chargerName=최시훈, chargerPhone=123-8567-4856, chargerEmail=sdfsd@jdkslfjl.com, companyAddress=서울 강남구 강남대로 328 (역삼동, 강남역 쉐르빌) 123번지, businessNum=648-11-11235, businessLicense=사업자_20250214_180404.png, serviceState=EC01, registerDate=Fri Feb 14 18:04:04 KST 2025)
[변경] ComDTO(companyNum=41, companyName=회사에요, companyEngName=iscomapny, representationName=권나윤, representationPhone=010-8888-5555, chargerName=표하연, chargerPhone=123-8567-4856, chargerEmail=sdfsd@jdkslfjl.com, companyAddress=서울 강남구 강남대로 328 (역삼동, 강남역 쉐르빌) 123번지, businessNum=648-11-11235, businessLicense=사업자_20250214_180404.png, serviceState=EC01, registerDate=null)
[사유] 담당자변경',to_date('25/02/16','RR/MM/DD'));
Insert into ERP_CUSTOMER_SERVICE (CUSTOMER_SERVICE_NUM,COMPANY_NUM,EMPLOYEE_NUM,CUSTOMER_SERVICE_DIVISION,CUSTOMER_SERVICE_CONTENT,CUSTOMER_SERVICE_DATE) values (86,41,1,'EQ02','[업체정보수정]
[기존] ComDTO(companyNum=41, companyName=회사에요, companyEngName=iscomapny, representationName=권나윤, representationPhone=010-8888-5555, chargerName=최시훈, chargerPhone=123-8567-4856, chargerEmail=sdfsd@jdkslfjl.com, companyAddress=서울 강남구 강남대로 328 (역삼동, 강남역 쉐르빌) 123번지, businessNum=648-11-11235, businessLicense=사업자_20250214_180404.png, serviceState=EC01, registerDate=Fri Feb 14 18:04:04 KST 2025)
[변경] ComDTO(companyNum=41, companyName=회사에요, companyEngName=iscomapny, representationName=권나윤, representationPhone=010-8888-5555, chargerName=표하연, chargerPhone=123-8567-4856, chargerEmail=sdfsd@jdkslfjl.com, companyAddress=서울 강남구 강남대로 328 (역삼동, 강남역 쉐르빌) 123번지, businessNum=648-11-11235, businessLicense=사업자_20250214_180404.png, serviceState=EC01, registerDate=null)
[사유] 담당자 변경',to_date('25/02/16','RR/MM/DD'));
Insert into ERP_CUSTOMER_SERVICE (CUSTOMER_SERVICE_NUM,COMPANY_NUM,EMPLOYEE_NUM,CUSTOMER_SERVICE_DIVISION,CUSTOMER_SERVICE_CONTENT,CUSTOMER_SERVICE_DATE) values (87,41,1,'EQ02','[서비스상태변경]
[변경상태] : EC03
[기존] : 2025-02-25
[변경] : 1010-10-10
[사유] : 만료해봄',to_date('25/02/16','RR/MM/DD'));
Insert into ERP_CUSTOMER_SERVICE (CUSTOMER_SERVICE_NUM,COMPANY_NUM,EMPLOYEE_NUM,CUSTOMER_SERVICE_DIVISION,CUSTOMER_SERVICE_CONTENT,CUSTOMER_SERVICE_DATE) values (88,41,1,'EQ02','[서비스상태변경]
[변경상태] : EC01
[기존] : 1010-10-10
[변경] : 2025-02-25
[사유] : 서비스해봄',to_date('25/02/16','RR/MM/DD'));
Insert into ERP_CUSTOMER_SERVICE (CUSTOMER_SERVICE_NUM,COMPANY_NUM,EMPLOYEE_NUM,CUSTOMER_SERVICE_DIVISION,CUSTOMER_SERVICE_CONTENT,CUSTOMER_SERVICE_DATE) values (89,41,1,'EQ02','[서비스기간변경]
20추가 
[사유] : 기간 추가해봄',to_date('25/02/16','RR/MM/DD'));
Insert into ERP_CUSTOMER_SERVICE (CUSTOMER_SERVICE_NUM,COMPANY_NUM,EMPLOYEE_NUM,CUSTOMER_SERVICE_DIVISION,CUSTOMER_SERVICE_CONTENT,CUSTOMER_SERVICE_DATE) values (90,41,1,'EQ02','[서비스기간변경]
-30추가 
[사유] : 기간 빼봄',to_date('25/02/16','RR/MM/DD'));
Insert into ERP_CUSTOMER_SERVICE (CUSTOMER_SERVICE_NUM,COMPANY_NUM,EMPLOYEE_NUM,CUSTOMER_SERVICE_DIVISION,CUSTOMER_SERVICE_CONTENT,CUSTOMER_SERVICE_DATE) values (91,41,1,'EQ02','[서비스상태변경]
[변경상태] : EC01
[기존] : 2025-01-16
[변경] : 2025-02-25
[사유] : 다시 서비스',to_date('25/02/16','RR/MM/DD'));
Insert into ERP_CUSTOMER_SERVICE (CUSTOMER_SERVICE_NUM,COMPANY_NUM,EMPLOYEE_NUM,CUSTOMER_SERVICE_DIVISION,CUSTOMER_SERVICE_CONTENT,CUSTOMER_SERVICE_DATE) values (92,41,1,'EQ01','고객 cs 내용 적기',to_date('25/02/16','RR/MM/DD'));
Insert into ERP_CUSTOMER_SERVICE (CUSTOMER_SERVICE_NUM,COMPANY_NUM,EMPLOYEE_NUM,CUSTOMER_SERVICE_DIVISION,CUSTOMER_SERVICE_CONTENT,CUSTOMER_SERVICE_DATE) values (93,41,1,'EQ02','[업체정보수정]
[기존] ComDTO(companyNum=41, companyName=회사에요, companyEngName=iscomapny, representationName=권나윤, representationPhone=010-8888-5555, chargerName=표하연, chargerPhone=123-8567-4856, chargerEmail=sdfsd@jdkslfjl.com, companyAddress=서울 강남구 강남대로 328 (역삼동, 강남역 쉐르빌) 123번지, businessNum=648-11-11235, businessLicense=사업자_20250214_180404.png, serviceState=EC01, registerDate=Fri Feb 14 18:04:04 KST 2025)
[변경] ComDTO(companyNum=41, companyName=회사에요, companyEngName=iscomapny, representationName=권나윤, representationPhone=010-8888-5555, chargerName=표하연, chargerPhone=010-8521-6704, chargerEmail=sdfsd@jdkslfjl.com, companyAddress=서울 강남구 강남대로 328 (역삼동, 강남역 쉐르빌) 123번지, businessNum=648-11-11235, businessLicense=사업자_20250214_180404.png, serviceState=EC01, registerDate=null)
[사유] 고객 정보 수정',to_date('25/02/16','RR/MM/DD'));
Insert into ERP_CUSTOMER_SERVICE (CUSTOMER_SERVICE_NUM,COMPANY_NUM,EMPLOYEE_NUM,CUSTOMER_SERVICE_DIVISION,CUSTOMER_SERVICE_CONTENT,CUSTOMER_SERVICE_DATE) values (94,1,1,'EQ02','[비밀번호초기화] 
[사유] ',to_date('25/02/16','RR/MM/DD'));
Insert into ERP_CUSTOMER_SERVICE (CUSTOMER_SERVICE_NUM,COMPANY_NUM,EMPLOYEE_NUM,CUSTOMER_SERVICE_DIVISION,CUSTOMER_SERVICE_CONTENT,CUSTOMER_SERVICE_DATE) values (95,1,1,'EQ02','[비밀번호초기화] 
[사유] ',to_date('25/02/16','RR/MM/DD'));
Insert into ERP_CUSTOMER_SERVICE (CUSTOMER_SERVICE_NUM,COMPANY_NUM,EMPLOYEE_NUM,CUSTOMER_SERVICE_DIVISION,CUSTOMER_SERVICE_CONTENT,CUSTOMER_SERVICE_DATE) values (96,1,1,'EQ02','[비밀번호초기화] 
[사유] ',to_date('25/02/16','RR/MM/DD'));
Insert into ERP_CUSTOMER_SERVICE (CUSTOMER_SERVICE_NUM,COMPANY_NUM,EMPLOYEE_NUM,CUSTOMER_SERVICE_DIVISION,CUSTOMER_SERVICE_CONTENT,CUSTOMER_SERVICE_DATE) values (97,2,1,'EQ02','[비밀번호초기화] 
[사유] ',to_date('25/02/16','RR/MM/DD'));
Insert into ERP_CUSTOMER_SERVICE (CUSTOMER_SERVICE_NUM,COMPANY_NUM,EMPLOYEE_NUM,CUSTOMER_SERVICE_DIVISION,CUSTOMER_SERVICE_CONTENT,CUSTOMER_SERVICE_DATE) values (98,1,1,'EQ02','[업체정보수정]
[기존] ComDTO(companyNum=1, companyName=올리브영, companyEngName=oliveyoung, representationName=이선정, representationPhone=010-1111-2222, chargerName=이담당, chargerPhone=010-2222-3333, chargerEmail=lee@abc.com, companyAddress=서울특별시 용산구 한강대로 372, 24층, businessNum=809-81-01574, businessLicense=license_abc.png, serviceState=EC01, registerDate=Tue Feb 11 17:57:24 KST 2025)
[변경] ComDTO(companyNum=1, companyName=올리브영, companyEngName=oliveyoung, representationName=이선정, representationPhone=010-1111-2222, chargerName=이담당, chargerPhone=010-2222-3333, chargerEmail=lee@abc.com, companyAddress=서울특별시 용산구 한강대로 372, 24층, businessNum=809-81-01574, businessLicense=test_20250216_032245.png, serviceState=EC01, registerDate=null)
[사유] 등록증 주소 오류로 다시 넣음',to_date('25/02/16','RR/MM/DD'));
Insert into ERP_CUSTOMER_SERVICE (CUSTOMER_SERVICE_NUM,COMPANY_NUM,EMPLOYEE_NUM,CUSTOMER_SERVICE_DIVISION,CUSTOMER_SERVICE_CONTENT,CUSTOMER_SERVICE_DATE) values (99,41,1,'EQ01','그냥 남겨봄',to_date('25/02/16','RR/MM/DD'));
Insert into ERP_CUSTOMER_SERVICE (CUSTOMER_SERVICE_NUM,COMPANY_NUM,EMPLOYEE_NUM,CUSTOMER_SERVICE_DIVISION,CUSTOMER_SERVICE_CONTENT,CUSTOMER_SERVICE_DATE) values (100,41,1,'EQ01','112233',to_date('25/02/16','RR/MM/DD'));
Insert into ERP_CUSTOMER_SERVICE (CUSTOMER_SERVICE_NUM,COMPANY_NUM,EMPLOYEE_NUM,CUSTOMER_SERVICE_DIVISION,CUSTOMER_SERVICE_CONTENT,CUSTOMER_SERVICE_DATE) values (101,42,1,'EQ04','[신규 업체 등록]


신규등록합니다요!!!',to_date('25/02/16','RR/MM/DD'));
Insert into ERP_CUSTOMER_SERVICE (CUSTOMER_SERVICE_NUM,COMPANY_NUM,EMPLOYEE_NUM,CUSTOMER_SERVICE_DIVISION,CUSTOMER_SERVICE_CONTENT,CUSTOMER_SERVICE_DATE) values (103,42,1,'EQ01','aad',to_date('25/02/16','RR/MM/DD'));
Insert into ERP_CUSTOMER_SERVICE (CUSTOMER_SERVICE_NUM,COMPANY_NUM,EMPLOYEE_NUM,CUSTOMER_SERVICE_DIVISION,CUSTOMER_SERVICE_CONTENT,CUSTOMER_SERVICE_DATE) values (104,42,1,'EQ01','123',to_date('25/02/16','RR/MM/DD'));
Insert into ERP_CUSTOMER_SERVICE (CUSTOMER_SERVICE_NUM,COMPANY_NUM,EMPLOYEE_NUM,CUSTOMER_SERVICE_DIVISION,CUSTOMER_SERVICE_CONTENT,CUSTOMER_SERVICE_DATE) values (105,42,1,'EQ01','123',to_date('25/02/16','RR/MM/DD'));
Insert into ERP_CUSTOMER_SERVICE (CUSTOMER_SERVICE_NUM,COMPANY_NUM,EMPLOYEE_NUM,CUSTOMER_SERVICE_DIVISION,CUSTOMER_SERVICE_CONTENT,CUSTOMER_SERVICE_DATE) values (106,43,1,'EQ04','[신규 업체 등록]


crsf 토큰 테스트',to_date('25/02/16','RR/MM/DD'));
Insert into ERP_CUSTOMER_SERVICE (CUSTOMER_SERVICE_NUM,COMPANY_NUM,EMPLOYEE_NUM,CUSTOMER_SERVICE_DIVISION,CUSTOMER_SERVICE_CONTENT,CUSTOMER_SERVICE_DATE) values (107,43,1,'EQ02','[비밀번호초기화] 
[사유] ',to_date('25/02/16','RR/MM/DD'));
Insert into ERP_CUSTOMER_SERVICE (CUSTOMER_SERVICE_NUM,COMPANY_NUM,EMPLOYEE_NUM,CUSTOMER_SERVICE_DIVISION,CUSTOMER_SERVICE_CONTENT,CUSTOMER_SERVICE_DATE) values (108,43,1,'EQ01','234',to_date('25/02/16','RR/MM/DD'));
Insert into ERP_CUSTOMER_SERVICE (CUSTOMER_SERVICE_NUM,COMPANY_NUM,EMPLOYEE_NUM,CUSTOMER_SERVICE_DIVISION,CUSTOMER_SERVICE_CONTENT,CUSTOMER_SERVICE_DATE) values (109,43,1,'EQ02','[비밀번호초기화] 
[사유] 234',to_date('25/02/16','RR/MM/DD'));
Insert into ERP_CUSTOMER_SERVICE (CUSTOMER_SERVICE_NUM,COMPANY_NUM,EMPLOYEE_NUM,CUSTOMER_SERVICE_DIVISION,CUSTOMER_SERVICE_CONTENT,CUSTOMER_SERVICE_DATE) values (110,43,1,'EQ01','세션테스트',to_date('25/02/16','RR/MM/DD'));
Insert into ERP_CUSTOMER_SERVICE (CUSTOMER_SERVICE_NUM,COMPANY_NUM,EMPLOYEE_NUM,CUSTOMER_SERVICE_DIVISION,CUSTOMER_SERVICE_CONTENT,CUSTOMER_SERVICE_DATE) values (111,43,2,'EQ01','세션테스트 2',to_date('25/02/16','RR/MM/DD'));
Insert into ERP_CUSTOMER_SERVICE (CUSTOMER_SERVICE_NUM,COMPANY_NUM,EMPLOYEE_NUM,CUSTOMER_SERVICE_DIVISION,CUSTOMER_SERVICE_CONTENT,CUSTOMER_SERVICE_DATE) values (112,43,3,'EQ01','마지막 세션테스트',to_date('25/02/16','RR/MM/DD'));
Insert into ERP_CUSTOMER_SERVICE (CUSTOMER_SERVICE_NUM,COMPANY_NUM,EMPLOYEE_NUM,CUSTOMER_SERVICE_DIVISION,CUSTOMER_SERVICE_CONTENT,CUSTOMER_SERVICE_DATE) values (113,43,1,'EQ02','[업체정보수정]
[기존] ComDTO(companyNum=43, companyName=crsf회사, companyEngName=crsfcompany, representationName=나보안, representationPhone=010-5555-6666, chargerName=나해커, chargerPhone=010-7894-5612, chargerEmail=sdafas@ejfksdf.net, companyAddress=울산 남구 갈밭로 3 (삼산동) 123, businessNum=123-21-54856, businessLicense=test_20250216_054839.png, serviceState=EC01, registerDate=Sun Feb 16 05:48:37 KST 2025)
[변경] ComDTO(companyNum=43, companyName=crsf회사, companyEngName=crsfcompany, representationName=나보안, representationPhone=010-5555-6666, chargerName=나해커, chargerPhone=010-7894-5612, chargerEmail=sdafas@ejfksdf.net, companyAddress=울산 남구 갈밭로 3 (삼산동) 123, businessNum=123-21-54856, businessLicense={"success":false,"message":"파일 저장 중 오류 발생: java.io.FileNotFoundException: C:\\Users\\admin\\AppData\\Local\\Temp\\tomcat.81.12904359203765636987\\work\\Tomcat\\localhost\\ROOT\\file\\image\\erpserpinglogo.png (지정된 경로를 찾을 수 없습니다)"}, serviceState=EC01, registerDate=null)
[사유] 로고변경',to_date('25/02/17','RR/MM/DD'));
Insert into ERP_CUSTOMER_SERVICE (CUSTOMER_SERVICE_NUM,COMPANY_NUM,EMPLOYEE_NUM,CUSTOMER_SERVICE_DIVISION,CUSTOMER_SERVICE_CONTENT,CUSTOMER_SERVICE_DATE) values (114,43,1,'EQ02','[업체정보수정]
[기존] ComDTO(companyNum=43, companyName=crsf회사, companyEngName=crsfcompany, representationName=나보안, representationPhone=010-5555-6666, chargerName=나해커, chargerPhone=010-7894-5612, chargerEmail=sdafas@ejfksdf.net, companyAddress=울산 남구 갈밭로 3 (삼산동) 123, businessNum=123-21-54856, businessLicense=test_20250216_054839.png, serviceState=EC01, registerDate=Sun Feb 16 05:48:37 KST 2025)
[변경] ComDTO(companyNum=43, companyName=crsf회사, companyEngName=crsfcompany, representationName=나보안, representationPhone=010-5555-6666, chargerName=나해커, chargerPhone=010-7894-5612, chargerEmail=sdafas@ejfksdf.net, companyAddress=울산 남구 갈밭로 3 (삼산동) 123, businessNum=123-21-54856, businessLicense={"success":false,"message":"파일 저장 중 오류 발생: java.io.FileNotFoundException: c:\\serpinglogo.png (액세스가 거부되었습니다)"}, serviceState=EC01, registerDate=null)
[사유] 로고변경',to_date('25/02/17','RR/MM/DD'));
Insert into ERP_CUSTOMER_SERVICE (CUSTOMER_SERVICE_NUM,COMPANY_NUM,EMPLOYEE_NUM,CUSTOMER_SERVICE_DIVISION,CUSTOMER_SERVICE_CONTENT,CUSTOMER_SERVICE_DATE) values (115,43,1,'EQ02','[업체정보수정]
[기존] ComDTO(companyNum=43, companyName=crsf회사, companyEngName=crsfcompany, representationName=나보안, representationPhone=010-5555-6666, chargerName=나해커, chargerPhone=010-7894-5612, chargerEmail=sdafas@ejfksdf.net, companyAddress=울산 남구 갈밭로 3 (삼산동) 123, businessNum=123-21-54856, businessLicense=test_20250216_054839.png, serviceState=EC01, registerDate=Sun Feb 16 05:48:37 KST 2025)
[변경] ComDTO(companyNum=43, companyName=crsf회사, companyEngName=crsfcompany, representationName=나보안, representationPhone=010-5555-6666, chargerName=나해커, chargerPhone=010-7894-5612, chargerEmail=sdafas@ejfksdf.net, companyAddress=울산 남구 갈밭로 3 (삼산동) 123, businessNum=123-21-54856, businessLicense=serpinglogo_20250217_092418.png, serviceState=EC01, registerDate=null)
[사유] 123',to_date('25/02/17','RR/MM/DD'));
Insert into ERP_CUSTOMER_SERVICE (CUSTOMER_SERVICE_NUM,COMPANY_NUM,EMPLOYEE_NUM,CUSTOMER_SERVICE_DIVISION,CUSTOMER_SERVICE_CONTENT,CUSTOMER_SERVICE_DATE) values (116,43,1,'EQ02','[업체정보수정]
[기존] ComDTO(companyNum=43, companyName=crsf회사, companyEngName=crsfcompany, representationName=나보안, representationPhone=010-5555-6666, chargerName=나해커, chargerPhone=010-7894-5612, chargerEmail=sdafas@ejfksdf.net, companyAddress=울산 남구 갈밭로 3 (삼산동) 123, businessNum=123-21-54856, businessLicense=serpinglogo_20250217_092418.png, serviceState=EC01, registerDate=Sun Feb 16 05:48:37 KST 2025)
[변경] ComDTO(companyNum=43, companyName=crsf회사, companyEngName=crsfcompany, representationName=나보안, representationPhone=010-5555-6666, chargerName=나해커, chargerPhone=010-7894-5612, chargerEmail=sdafas@ejfksdf.net, companyAddress=울산 남구 갈밭로 3 (삼산동) 123, businessNum=123-21-54856, businessLicense={"fileName":"사업자.png","success":true,"message":"파일 업로드 성공"}, serviceState=EC01, registerDate=null)
[사유] 123',to_date('25/02/17','RR/MM/DD'));
Insert into ERP_CUSTOMER_SERVICE (CUSTOMER_SERVICE_NUM,COMPANY_NUM,EMPLOYEE_NUM,CUSTOMER_SERVICE_DIVISION,CUSTOMER_SERVICE_CONTENT,CUSTOMER_SERVICE_DATE) values (117,42,1,'EQ02','[업체정보수정]
[기존] ComDTO(companyNum=42, companyName=등록회사, companyEngName=registercompany, representationName=나등록, representationPhone=010-7894-6542, chargerName=나삭제, chargerPhone=010-8885-2225, chargerEmail=dasjfklas@ajsdklfjkl.com, companyAddress=대구 군위군 군위읍 개봉길 23-72 (내량리) 경리아파트, businessNum=123-12-11234, businessLicense=test_20250216_051358.png, serviceState=EC01, registerDate=Sun Feb 16 05:13:56 KST 2025)
[변경] ComDTO(companyNum=42, companyName=등록회사, companyEngName=registercompany, representationName=나등록, representationPhone=010-7894-6542, chargerName=나삭제, chargerPhone=010-8885-2225, chargerEmail=dasjfklas@ajsdklfjkl.com, companyAddress=대구 군위군 군위읍 개봉길 23-72 (내량리) 경리아파트, businessNum=123-12-11234, businessLicense={"fileName":"serpinglogo.png","success":true,"message":"파일 업로드 성공"}, serviceState=EC01, registerDate=null)
[사유] 사업자 변경으로 변경합니다 ',to_date('25/02/17','RR/MM/DD'));
Insert into ERP_CUSTOMER_SERVICE (CUSTOMER_SERVICE_NUM,COMPANY_NUM,EMPLOYEE_NUM,CUSTOMER_SERVICE_DIVISION,CUSTOMER_SERVICE_CONTENT,CUSTOMER_SERVICE_DATE) values (192,40,1,'EQ01','2323',to_date('25/03/05','RR/MM/DD'));
Insert into ERP_CUSTOMER_SERVICE (CUSTOMER_SERVICE_NUM,COMPANY_NUM,EMPLOYEE_NUM,CUSTOMER_SERVICE_DIVISION,CUSTOMER_SERVICE_CONTENT,CUSTOMER_SERVICE_DATE) values (193,40,1,'EQ02','[서비스상태변경]
[변경상태] : EC03
[기존] : 2025-04-08
[변경] : 1010-10-10
[사유] : 123444',to_date('25/03/05','RR/MM/DD'));
Insert into ERP_CUSTOMER_SERVICE (CUSTOMER_SERVICE_NUM,COMPANY_NUM,EMPLOYEE_NUM,CUSTOMER_SERVICE_DIVISION,CUSTOMER_SERVICE_CONTENT,CUSTOMER_SERVICE_DATE) values (211,51,1,'EQ02','[업체정보수정]
[기존] ComDTO(companyNum=51, companyName=타임스탭, companyEngName=timestep, representationName=나문희, representationPhone=010-7777-8888, chargerName=이순재, chargerPhone=010-2346-8549, chargerEmail=mynamemoon@gmail.com, companyAddress=서울 강남구 개포로 202 (개포동, 석인빌딩) 102호, businessNum=784-45-85462, businessLicense=사업자_20250307_125830.png, serviceState=EC01, registerDate=Thu Mar 06 00:32:21 KST 2025, employeeNum=0)
[변경] ComDTO(companyNum=51, companyName=타임스탭, companyEngName=timestep, representationName=나문희, representationPhone=010-7777-8888, chargerName=이순재, chargerPhone=010-2346-8549, chargerEmail=mynamemoon@gmail.com, companyAddress=서울 강남구 개포로 202 (개포동, 석인빌딩) 102호, businessNum=784-45-85462, businessLicense=KakaoTalk_20250205_171917496_01_20250307_141147.jpg, serviceState=EC01, registerDate=null, employeeNum=0)
[사유] 1111',to_date('25/03/07','RR/MM/DD'));
Insert into ERP_CUSTOMER_SERVICE (CUSTOMER_SERVICE_NUM,COMPANY_NUM,EMPLOYEE_NUM,CUSTOMER_SERVICE_DIVISION,CUSTOMER_SERVICE_CONTENT,CUSTOMER_SERVICE_DATE) values (212,51,1,'EQ02','[업체정보수정]
[기존] ComDTO(companyNum=51, companyName=타임스탭, companyEngName=timestep, representationName=나문희, representationPhone=010-7777-8888, chargerName=이순재, chargerPhone=010-2346-8549, chargerEmail=mynamemoon@gmail.com, companyAddress=서울 강남구 개포로 202 (개포동, 석인빌딩) 102호, businessNum=784-45-85462, businessLicense=KakaoTalk_20250205_171917496_01_20250307_141147.jpg, serviceState=EC01, registerDate=Thu Mar 06 00:32:21 KST 2025, employeeNum=0)
[변경] ComDTO(companyNum=51, companyName=타임스탭, companyEngName=timestep, representationName=나문희, representationPhone=010-7777-8888, chargerName=이순재, chargerPhone=010-2346-8549, chargerEmail=mynamemoon@gmail.com, companyAddress=서울 강남구 개포로 202 (개포동, 석인빌딩) 102호, businessNum=784-45-85462, businessLicense=사업자_20250307_141200.png, serviceState=EC01, registerDate=null, employeeNum=0)
[사유] 112',to_date('25/03/07','RR/MM/DD'));
Insert into ERP_CUSTOMER_SERVICE (CUSTOMER_SERVICE_NUM,COMPANY_NUM,EMPLOYEE_NUM,CUSTOMER_SERVICE_DIVISION,CUSTOMER_SERVICE_CONTENT,CUSTOMER_SERVICE_DATE) values (261,34,1,'EQ01','123',to_date('25/03/10','RR/MM/DD'));
Insert into ERP_CUSTOMER_SERVICE (CUSTOMER_SERVICE_NUM,COMPANY_NUM,EMPLOYEE_NUM,CUSTOMER_SERVICE_DIVISION,CUSTOMER_SERVICE_CONTENT,CUSTOMER_SERVICE_DATE) values (199,40,1,'EQ01','123',to_date('25/03/06','RR/MM/DD'));
Insert into ERP_CUSTOMER_SERVICE (CUSTOMER_SERVICE_NUM,COMPANY_NUM,EMPLOYEE_NUM,CUSTOMER_SERVICE_DIVISION,CUSTOMER_SERVICE_CONTENT,CUSTOMER_SERVICE_DATE) values (202,42,1,'EQ01','123',to_date('25/03/06','RR/MM/DD'));
Insert into ERP_CUSTOMER_SERVICE (CUSTOMER_SERVICE_NUM,COMPANY_NUM,EMPLOYEE_NUM,CUSTOMER_SERVICE_DIVISION,CUSTOMER_SERVICE_CONTENT,CUSTOMER_SERVICE_DATE) values (204,38,1,'EQ01','1233',to_date('25/03/06','RR/MM/DD'));
Insert into ERP_CUSTOMER_SERVICE (CUSTOMER_SERVICE_NUM,COMPANY_NUM,EMPLOYEE_NUM,CUSTOMER_SERVICE_DIVISION,CUSTOMER_SERVICE_CONTENT,CUSTOMER_SERVICE_DATE) values (205,38,1,'EQ02','[서비스상태변경]
[변경상태] : EC01
[기존] : 2025-02-24
[변경] : 2025-03-15
[사유] : 12444',to_date('25/03/06','RR/MM/DD'));
Insert into ERP_CUSTOMER_SERVICE (CUSTOMER_SERVICE_NUM,COMPANY_NUM,EMPLOYEE_NUM,CUSTOMER_SERVICE_DIVISION,CUSTOMER_SERVICE_CONTENT,CUSTOMER_SERVICE_DATE) values (206,28,1,'EQ01','erwqr',to_date('25/03/06','RR/MM/DD'));
Insert into ERP_CUSTOMER_SERVICE (CUSTOMER_SERVICE_NUM,COMPANY_NUM,EMPLOYEE_NUM,CUSTOMER_SERVICE_DIVISION,CUSTOMER_SERVICE_CONTENT,CUSTOMER_SERVICE_DATE) values (247,31,1,'EQ02','[업체정보수정]
[기존] ComDTO(companyNum=31, companyName=좋은회사8, companyEngName=olivih, representationName=나대표, representationPhone=010-8521-6704, chargerName=나사원, chargerPhone=010-8521-6704, chargerEmail=hayeon8521@kakao.com, companyAddress=서울시 좋은곳에 위치, businessNum=647-81-00749, businessLicense=사업자_20250214_121311.png, serviceState=EC03, registerDate=Fri Feb 14 12:13:09 UTC 2025, employeeNum=0)
[변경] ComDTO(companyNum=31, companyName=좋은회사8, companyEngName=olivih, representationName=나대표, representationPhone=010-8521-6704, chargerName=나사원, chargerPhone=010-8521-6704, chargerEmail=hayeon8521@kakao.com, companyAddress=서울시 좋은곳에 위치, businessNum=647-81-00749, businessLicense=사업자_20250310_094804.png, serviceState=EC03, registerDate=null, employeeNum=0)
[사유] 사업자등록증 등록',to_date('25/03/10','RR/MM/DD'));
Insert into ERP_CUSTOMER_SERVICE (CUSTOMER_SERVICE_NUM,COMPANY_NUM,EMPLOYEE_NUM,CUSTOMER_SERVICE_DIVISION,CUSTOMER_SERVICE_CONTENT,CUSTOMER_SERVICE_DATE) values (196,51,1,'EQ04','[신규 업체 등록]


사용 문의 와서 계성 생성 해드렸습니다',to_date('25/03/06','RR/MM/DD'));
Insert into ERP_CUSTOMER_SERVICE (CUSTOMER_SERVICE_NUM,COMPANY_NUM,EMPLOYEE_NUM,CUSTOMER_SERVICE_DIVISION,CUSTOMER_SERVICE_CONTENT,CUSTOMER_SERVICE_DATE) values (197,1,1,'EQ02','[서비스기간변경]
52추가 
[사유] : 장기 사용고객
회사 결제가 밀려 납부가 불가하여 우선 서비스 제공
이후 현금으로 금액 납부 받기로 함',to_date('25/03/06','RR/MM/DD'));
Insert into ERP_CUSTOMER_SERVICE (CUSTOMER_SERVICE_NUM,COMPANY_NUM,EMPLOYEE_NUM,CUSTOMER_SERVICE_DIVISION,CUSTOMER_SERVICE_CONTENT,CUSTOMER_SERVICE_DATE) values (198,1,1,'EQ02','[서비스기간변경]
32추가 
[사유] : 단골고객 결제가 밀려 외상처리하여
다음달 결제가 돌때 현금 입금 해주신다고 하셨습니다.',to_date('25/03/06','RR/MM/DD'));
Insert into ERP_CUSTOMER_SERVICE (CUSTOMER_SERVICE_NUM,COMPANY_NUM,EMPLOYEE_NUM,CUSTOMER_SERVICE_DIVISION,CUSTOMER_SERVICE_CONTENT,CUSTOMER_SERVICE_DATE) values (200,40,1,'EQ02','[서비스상태변경]
[변경상태] : EC01
[기존] : 1010-10-10
[변경] : 2025-03-15
[사유] : 123',to_date('25/03/06','RR/MM/DD'));
Insert into ERP_CUSTOMER_SERVICE (CUSTOMER_SERVICE_NUM,COMPANY_NUM,EMPLOYEE_NUM,CUSTOMER_SERVICE_DIVISION,CUSTOMER_SERVICE_CONTENT,CUSTOMER_SERVICE_DATE) values (201,40,1,'EQ02','[서비스기간변경]
1추가 
[사유] : 321',to_date('25/03/06','RR/MM/DD'));
Insert into ERP_CUSTOMER_SERVICE (CUSTOMER_SERVICE_NUM,COMPANY_NUM,EMPLOYEE_NUM,CUSTOMER_SERVICE_DIVISION,CUSTOMER_SERVICE_CONTENT,CUSTOMER_SERVICE_DATE) values (208,38,1,'EQ01','safa',to_date('25/03/06','RR/MM/DD'));
Insert into ERP_CUSTOMER_SERVICE (CUSTOMER_SERVICE_NUM,COMPANY_NUM,EMPLOYEE_NUM,CUSTOMER_SERVICE_DIVISION,CUSTOMER_SERVICE_CONTENT,CUSTOMER_SERVICE_DATE) values (254,34,1,'EQ01','123',to_date('25/03/10','RR/MM/DD'));
Insert into ERP_CUSTOMER_SERVICE (CUSTOMER_SERVICE_NUM,COMPANY_NUM,EMPLOYEE_NUM,CUSTOMER_SERVICE_DIVISION,CUSTOMER_SERVICE_CONTENT,CUSTOMER_SERVICE_DATE) values (279,30,1,'EQ01','123',to_date('25/03/11','RR/MM/DD'));
Insert into ERP_CUSTOMER_SERVICE (CUSTOMER_SERVICE_NUM,COMPANY_NUM,EMPLOYEE_NUM,CUSTOMER_SERVICE_DIVISION,CUSTOMER_SERVICE_CONTENT,CUSTOMER_SERVICE_DATE) values (286,29,1,'EQ01','23',to_date('25/03/11','RR/MM/DD'));
Insert into ERP_CUSTOMER_SERVICE (CUSTOMER_SERVICE_NUM,COMPANY_NUM,EMPLOYEE_NUM,CUSTOMER_SERVICE_DIVISION,CUSTOMER_SERVICE_CONTENT,CUSTOMER_SERVICE_DATE) values (287,29,1,'EQ02','[서비스상태변경]
[변경상태] : EC03
[기존] : 2025-03-19
[변경] : 1010-10-10
[사유] : 4333',to_date('25/03/11','RR/MM/DD'));
Insert into ERP_CUSTOMER_SERVICE (CUSTOMER_SERVICE_NUM,COMPANY_NUM,EMPLOYEE_NUM,CUSTOMER_SERVICE_DIVISION,CUSTOMER_SERVICE_CONTENT,CUSTOMER_SERVICE_DATE) values (189,41,1,'EQ01','123',to_date('25/03/04','RR/MM/DD'));
Insert into ERP_CUSTOMER_SERVICE (CUSTOMER_SERVICE_NUM,COMPANY_NUM,EMPLOYEE_NUM,CUSTOMER_SERVICE_DIVISION,CUSTOMER_SERVICE_CONTENT,CUSTOMER_SERVICE_DATE) values (190,41,1,'EQ01','443325',to_date('25/03/04','RR/MM/DD'));
Insert into ERP_CUSTOMER_SERVICE (CUSTOMER_SERVICE_NUM,COMPANY_NUM,EMPLOYEE_NUM,CUSTOMER_SERVICE_DIVISION,CUSTOMER_SERVICE_CONTENT,CUSTOMER_SERVICE_DATE) values (191,41,1,'EQ02','[서비스상태변경]
[변경상태] : EC01
[기존] : 2025-02-25
[변경] : 2025-03-13
[사유] : 242',to_date('25/03/04','RR/MM/DD'));
Insert into ERP_CUSTOMER_SERVICE (CUSTOMER_SERVICE_NUM,COMPANY_NUM,EMPLOYEE_NUM,CUSTOMER_SERVICE_DIVISION,CUSTOMER_SERVICE_CONTENT,CUSTOMER_SERVICE_DATE) values (214,51,1,'EQ02','[업체정보수정]
[기존] ComDTO(companyNum=51, companyName=타임스탭, companyEngName=timestep, representationName=나문희, representationPhone=010-7777-8888, chargerName=이순재, chargerPhone=010-2346-8549, chargerEmail=mynamemoon@gmail.com, companyAddress=서울 강남구 개포로 202 (개포동, 석인빌딩) 102호, businessNum=784-45-85462, businessLicense=serpinglogo_20250307_055633.png, serviceState=EC01, registerDate=Thu Mar 06 00:32:21 UTC 2025, employeeNum=0)
[변경] ComDTO(companyNum=51, companyName=타임스탭, companyEngName=timestep, representationName=나문희, representationPhone=010-7777-8888, chargerName=이순재, chargerPhone=010-2346-8549, chargerEmail=mynamemoon@gmail.com, companyAddress=서울 강남구 개포로 202 (개포동, 석인빌딩) 102호, businessNum=784-45-85462, businessLicense=사업자_20250307_055640.png, serviceState=EC01, registerDate=null, employeeNum=0)
[사유] 123',to_date('25/03/07','RR/MM/DD'));
Insert into ERP_CUSTOMER_SERVICE (CUSTOMER_SERVICE_NUM,COMPANY_NUM,EMPLOYEE_NUM,CUSTOMER_SERVICE_DIVISION,CUSTOMER_SERVICE_CONTENT,CUSTOMER_SERVICE_DATE) values (234,34,1,'EQ02','[서비스상태변경]
[변경상태] : EC01
[기존] : 2025-02-24
[변경] : 2025-03-19
[사유] : 123',to_date('25/03/10','RR/MM/DD'));
Insert into ERP_CUSTOMER_SERVICE (CUSTOMER_SERVICE_NUM,COMPANY_NUM,EMPLOYEE_NUM,CUSTOMER_SERVICE_DIVISION,CUSTOMER_SERVICE_CONTENT,CUSTOMER_SERVICE_DATE) values (235,39,1,'EQ02','[서비스상태변경]
[변경상태] : EC01
[기존] : 2025-02-24
[변경] : 2025-03-19
[사유] : 123',to_date('25/03/10','RR/MM/DD'));
Insert into ERP_CUSTOMER_SERVICE (CUSTOMER_SERVICE_NUM,COMPANY_NUM,EMPLOYEE_NUM,CUSTOMER_SERVICE_DIVISION,CUSTOMER_SERVICE_CONTENT,CUSTOMER_SERVICE_DATE) values (188,45,1,'EQ01','사용하신다고 회신주셔서 알겠다고 말했습니다',to_date('25/03/04','RR/MM/DD'));
Insert into ERP_CUSTOMER_SERVICE (CUSTOMER_SERVICE_NUM,COMPANY_NUM,EMPLOYEE_NUM,CUSTOMER_SERVICE_DIVISION,CUSTOMER_SERVICE_CONTENT,CUSTOMER_SERVICE_DATE) values (195,50,1,'EQ01','사원등록 안내 유선으로 도와 드렸습니다 ',to_date('25/03/05','RR/MM/DD'));
Insert into ERP_CUSTOMER_SERVICE (CUSTOMER_SERVICE_NUM,COMPANY_NUM,EMPLOYEE_NUM,CUSTOMER_SERVICE_DIVISION,CUSTOMER_SERVICE_CONTENT,CUSTOMER_SERVICE_DATE) values (209,38,1,'EQ02','[서비스상태변경]
[변경상태] : EC03
[기존] : 2025-03-15
[변경] : 1010-10-10
[사유] : asdfasdf',to_date('25/03/06','RR/MM/DD'));
Insert into ERP_CUSTOMER_SERVICE (CUSTOMER_SERVICE_NUM,COMPANY_NUM,EMPLOYEE_NUM,CUSTOMER_SERVICE_DIVISION,CUSTOMER_SERVICE_CONTENT,CUSTOMER_SERVICE_DATE) values (215,51,1,'EQ02','[업체정보수정]
[기존] ComDTO(companyNum=51, companyName=타임스탭, companyEngName=timestep, representationName=나문희, representationPhone=010-7777-8888, chargerName=이순재, chargerPhone=010-2346-8549, chargerEmail=mynamemoon@gmail.com, companyAddress=서울 강남구 개포로 202 (개포동, 석인빌딩) 102호, businessNum=784-45-85462, businessLicense=사업자_20250307_055640.png, serviceState=EC01, registerDate=Thu Mar 06 00:32:21 UTC 2025, employeeNum=0)
[변경] ComDTO(companyNum=51, companyName=타임스탭, companyEngName=timestep, representationName=나문희, representationPhone=010-7777-8888, chargerName=이순재, chargerPhone=010-2346-8549, chargerEmail=mynamemoon@gmail.com, companyAddress=서울 강남구 개포로 202 (개포동, 석인빌딩) 102호, businessNum=784-45-85462, businessLicense=bill_20250307_063856.jpg, serviceState=EC01, registerDate=null, employeeNum=0)
[사유] 2331132',to_date('25/03/07','RR/MM/DD'));
Insert into ERP_CUSTOMER_SERVICE (CUSTOMER_SERVICE_NUM,COMPANY_NUM,EMPLOYEE_NUM,CUSTOMER_SERVICE_DIVISION,CUSTOMER_SERVICE_CONTENT,CUSTOMER_SERVICE_DATE) values (217,30,1,'EQ01','asdf',to_date('25/03/10','RR/MM/DD'));
Insert into ERP_CUSTOMER_SERVICE (CUSTOMER_SERVICE_NUM,COMPANY_NUM,EMPLOYEE_NUM,CUSTOMER_SERVICE_DIVISION,CUSTOMER_SERVICE_CONTENT,CUSTOMER_SERVICE_DATE) values (222,46,1,'EQ01','12312',to_date('25/03/10','RR/MM/DD'));
Insert into ERP_CUSTOMER_SERVICE (CUSTOMER_SERVICE_NUM,COMPANY_NUM,EMPLOYEE_NUM,CUSTOMER_SERVICE_DIVISION,CUSTOMER_SERVICE_CONTENT,CUSTOMER_SERVICE_DATE) values (231,32,1,'EQ02','[업체정보수정]
[기존] ComDTO(companyNum=32, companyName=좋은회사9, companyEngName=olivii, representationName=나대표, representationPhone=010-8521-6704, chargerName=나사원, chargerPhone=010-8521-6704, chargerEmail=hayeon8521@kakao.com, companyAddress=서울시 좋은곳에 위치, businessNum=647-81-00749, businessLicense=사업자_20250214_145401.png, serviceState=EC03, registerDate=Fri Feb 14 14:54:01 UTC 2025, employeeNum=0)
[변경] ComDTO(companyNum=32, companyName=좋은회사9, companyEngName=olivii, representationName=나대표, representationPhone=010-8521-6704, chargerName=나사원, chargerPhone=010-8521-6704, chargerEmail=hayeon8521@kakao.com, companyAddress=서울시 좋은곳에 위치, businessNum=647-81-00749, businessLicense=bodybill_20250310_091211.jpg, serviceState=EC03, registerDate=null, employeeNum=0)
[사유] 232',to_date('25/03/10','RR/MM/DD'));
Insert into ERP_CUSTOMER_SERVICE (CUSTOMER_SERVICE_NUM,COMPANY_NUM,EMPLOYEE_NUM,CUSTOMER_SERVICE_DIVISION,CUSTOMER_SERVICE_CONTENT,CUSTOMER_SERVICE_DATE) values (237,35,1,'EQ01','123',to_date('25/03/10','RR/MM/DD'));
Insert into ERP_CUSTOMER_SERVICE (CUSTOMER_SERVICE_NUM,COMPANY_NUM,EMPLOYEE_NUM,CUSTOMER_SERVICE_DIVISION,CUSTOMER_SERVICE_CONTENT,CUSTOMER_SERVICE_DATE) values (240,39,1,'EQ01','12',to_date('25/03/10','RR/MM/DD'));
Insert into ERP_CUSTOMER_SERVICE (CUSTOMER_SERVICE_NUM,COMPANY_NUM,EMPLOYEE_NUM,CUSTOMER_SERVICE_DIVISION,CUSTOMER_SERVICE_CONTENT,CUSTOMER_SERVICE_DATE) values (245,34,1,'EQ01','123',to_date('25/03/10','RR/MM/DD'));
Insert into ERP_CUSTOMER_SERVICE (CUSTOMER_SERVICE_NUM,COMPANY_NUM,EMPLOYEE_NUM,CUSTOMER_SERVICE_DIVISION,CUSTOMER_SERVICE_CONTENT,CUSTOMER_SERVICE_DATE) values (252,29,1,'EQ02','[서비스상태변경]
[변경상태] : EC01
[기존] : 2025-02-24
[변경] : 2025-03-19
[사유] : 123',to_date('25/03/10','RR/MM/DD'));
Insert into ERP_CUSTOMER_SERVICE (CUSTOMER_SERVICE_NUM,COMPANY_NUM,EMPLOYEE_NUM,CUSTOMER_SERVICE_DIVISION,CUSTOMER_SERVICE_CONTENT,CUSTOMER_SERVICE_DATE) values (255,29,1,'EQ01','123',to_date('25/03/10','RR/MM/DD'));
Insert into ERP_CUSTOMER_SERVICE (CUSTOMER_SERVICE_NUM,COMPANY_NUM,EMPLOYEE_NUM,CUSTOMER_SERVICE_DIVISION,CUSTOMER_SERVICE_CONTENT,CUSTOMER_SERVICE_DATE) values (256,34,1,'EQ01','123',to_date('25/03/10','RR/MM/DD'));
Insert into ERP_CUSTOMER_SERVICE (CUSTOMER_SERVICE_NUM,COMPANY_NUM,EMPLOYEE_NUM,CUSTOMER_SERVICE_DIVISION,CUSTOMER_SERVICE_CONTENT,CUSTOMER_SERVICE_DATE) values (257,34,1,'EQ01','321',to_date('25/03/10','RR/MM/DD'));
Insert into ERP_CUSTOMER_SERVICE (CUSTOMER_SERVICE_NUM,COMPANY_NUM,EMPLOYEE_NUM,CUSTOMER_SERVICE_DIVISION,CUSTOMER_SERVICE_CONTENT,CUSTOMER_SERVICE_DATE) values (259,34,1,'EQ02','[서비스상태변경]
[변경상태] : EC01
[기존] : 1010-10-10
[변경] : 2025-03-19
[사유] : 123',to_date('25/03/10','RR/MM/DD'));
Insert into ERP_CUSTOMER_SERVICE (CUSTOMER_SERVICE_NUM,COMPANY_NUM,EMPLOYEE_NUM,CUSTOMER_SERVICE_DIVISION,CUSTOMER_SERVICE_CONTENT,CUSTOMER_SERVICE_DATE) values (262,34,1,'EQ01','123',to_date('25/03/10','RR/MM/DD'));
Insert into ERP_CUSTOMER_SERVICE (CUSTOMER_SERVICE_NUM,COMPANY_NUM,EMPLOYEE_NUM,CUSTOMER_SERVICE_DIVISION,CUSTOMER_SERVICE_CONTENT,CUSTOMER_SERVICE_DATE) values (263,34,1,'EQ01','321',to_date('25/03/10','RR/MM/DD'));
Insert into ERP_CUSTOMER_SERVICE (CUSTOMER_SERVICE_NUM,COMPANY_NUM,EMPLOYEE_NUM,CUSTOMER_SERVICE_DIVISION,CUSTOMER_SERVICE_CONTENT,CUSTOMER_SERVICE_DATE) values (264,34,1,'EQ01','443',to_date('25/03/10','RR/MM/DD'));
Insert into ERP_CUSTOMER_SERVICE (CUSTOMER_SERVICE_NUM,COMPANY_NUM,EMPLOYEE_NUM,CUSTOMER_SERVICE_DIVISION,CUSTOMER_SERVICE_CONTENT,CUSTOMER_SERVICE_DATE) values (265,34,1,'EQ01','44322',to_date('25/03/10','RR/MM/DD'));
Insert into ERP_CUSTOMER_SERVICE (CUSTOMER_SERVICE_NUM,COMPANY_NUM,EMPLOYEE_NUM,CUSTOMER_SERVICE_DIVISION,CUSTOMER_SERVICE_CONTENT,CUSTOMER_SERVICE_DATE) values (266,34,1,'EQ02','[서비스상태변경]
[변경상태] : EC03
[기존] : 2025-03-19
[변경] : 1010-10-10
[사유] : 4343',to_date('25/03/10','RR/MM/DD'));
Insert into ERP_CUSTOMER_SERVICE (CUSTOMER_SERVICE_NUM,COMPANY_NUM,EMPLOYEE_NUM,CUSTOMER_SERVICE_DIVISION,CUSTOMER_SERVICE_CONTENT,CUSTOMER_SERVICE_DATE) values (268,34,1,'EQ02','[업체정보수정]
[기존] ComDTO(companyNum=34, companyName=좋은회사11, companyEngName=olivik, representationName=나대표, representationPhone=010-8521-6704, chargerName=나사원, chargerPhone=010-8521-6704, chargerEmail=hayeon8521@kakao.com, companyAddress=서울시 좋은곳에 위치, businessNum=647-81-00749, businessLicense=%C3%AC%C2%82%C2%AC%C3%AC%C2%97%C2%85%C3%AC%C2%9E%C2%90_20250214_145834.png, serviceState=EC01, registerDate=Fri Feb 14 14:58:34 KST 2025, employeeNum=0)
[변경] ComDTO(companyNum=34, companyName=좋은회사11, companyEngName=olivik, representationName=나대표, representationPhone=010-8521-6704, chargerName=나사원, chargerPhone=010-8521-6704, chargerEmail=hayeon8521@kakao.com, companyAddress=서울시 좋은곳에 위치, businessNum=647-81-00749, businessLicense=team-7_20250310_204408.jpg, serviceState=EC01, registerDate=null, employeeNum=0)
[사유] 123',to_date('25/03/10','RR/MM/DD'));
Insert into ERP_CUSTOMER_SERVICE (CUSTOMER_SERVICE_NUM,COMPANY_NUM,EMPLOYEE_NUM,CUSTOMER_SERVICE_DIVISION,CUSTOMER_SERVICE_CONTENT,CUSTOMER_SERVICE_DATE) values (269,23,1,'EQ01','123',to_date('25/03/10','RR/MM/DD'));
Insert into ERP_CUSTOMER_SERVICE (CUSTOMER_SERVICE_NUM,COMPANY_NUM,EMPLOYEE_NUM,CUSTOMER_SERVICE_DIVISION,CUSTOMER_SERVICE_CONTENT,CUSTOMER_SERVICE_DATE) values (270,23,1,'EQ01','321',to_date('25/03/10','RR/MM/DD'));
Insert into ERP_CUSTOMER_SERVICE (CUSTOMER_SERVICE_NUM,COMPANY_NUM,EMPLOYEE_NUM,CUSTOMER_SERVICE_DIVISION,CUSTOMER_SERVICE_CONTENT,CUSTOMER_SERVICE_DATE) values (272,29,1,'EQ01','321',to_date('25/03/10','RR/MM/DD'));
Insert into ERP_CUSTOMER_SERVICE (CUSTOMER_SERVICE_NUM,COMPANY_NUM,EMPLOYEE_NUM,CUSTOMER_SERVICE_DIVISION,CUSTOMER_SERVICE_CONTENT,CUSTOMER_SERVICE_DATE) values (273,39,1,'EQ01','1542',to_date('25/03/10','RR/MM/DD'));
Insert into ERP_CUSTOMER_SERVICE (CUSTOMER_SERVICE_NUM,COMPANY_NUM,EMPLOYEE_NUM,CUSTOMER_SERVICE_DIVISION,CUSTOMER_SERVICE_CONTENT,CUSTOMER_SERVICE_DATE) values (274,39,1,'EQ01','457',to_date('25/03/10','RR/MM/DD'));
Insert into ERP_CUSTOMER_SERVICE (CUSTOMER_SERVICE_NUM,COMPANY_NUM,EMPLOYEE_NUM,CUSTOMER_SERVICE_DIVISION,CUSTOMER_SERVICE_CONTENT,CUSTOMER_SERVICE_DATE) values (281,29,1,'EQ01','123',to_date('25/03/11','RR/MM/DD'));
Insert into ERP_CUSTOMER_SERVICE (CUSTOMER_SERVICE_NUM,COMPANY_NUM,EMPLOYEE_NUM,CUSTOMER_SERVICE_DIVISION,CUSTOMER_SERVICE_CONTENT,CUSTOMER_SERVICE_DATE) values (213,51,1,'EQ02','[업체정보수정]
[기존] ComDTO(companyNum=51, companyName=타임스탭, companyEngName=timestep, representationName=나문희, representationPhone=010-7777-8888, chargerName=이순재, chargerPhone=010-2346-8549, chargerEmail=mynamemoon@gmail.com, companyAddress=서울 강남구 개포로 202 (개포동, 석인빌딩) 102호, businessNum=784-45-85462, businessLicense=사업자_20250307_141200.png, serviceState=EC01, registerDate=Thu Mar 06 00:32:21 UTC 2025, employeeNum=0)
[변경] ComDTO(companyNum=51, companyName=타임스탭, companyEngName=timestep, representationName=나문희, representationPhone=010-7777-8888, chargerName=이순재, chargerPhone=010-2346-8549, chargerEmail=mynamemoon@gmail.com, companyAddress=서울 강남구 개포로 202 (개포동, 석인빌딩) 102호, businessNum=784-45-85462, businessLicense=serpinglogo_20250307_055633.png, serviceState=EC01, registerDate=null, employeeNum=0)
[사유] 123',to_date('25/03/07','RR/MM/DD'));
Insert into ERP_CUSTOMER_SERVICE (CUSTOMER_SERVICE_NUM,COMPANY_NUM,EMPLOYEE_NUM,CUSTOMER_SERVICE_DIVISION,CUSTOMER_SERVICE_CONTENT,CUSTOMER_SERVICE_DATE) values (216,52,1,'EQ04','[신규 업체 등록]


데모신청 적용',to_date('25/03/07','RR/MM/DD'));
Insert into ERP_CUSTOMER_SERVICE (CUSTOMER_SERVICE_NUM,COMPANY_NUM,EMPLOYEE_NUM,CUSTOMER_SERVICE_DIVISION,CUSTOMER_SERVICE_CONTENT,CUSTOMER_SERVICE_DATE) values (292,54,1,'EQ02','[서비스기간변경]
11추가 
[사유] : 서비스기간은
+2일 추가합니다
현재만료일은 2025년 03월 20일 입니다.',to_date('25/03/11','RR/MM/DD'));
Insert into ERP_CUSTOMER_SERVICE (CUSTOMER_SERVICE_NUM,COMPANY_NUM,EMPLOYEE_NUM,CUSTOMER_SERVICE_DIVISION,CUSTOMER_SERVICE_CONTENT,CUSTOMER_SERVICE_DATE) values (187,47,1,'EQ01','고객님 사용 괜찮다고 하셔서
나중에 정기구독 서비스 생성해달라고 하십니다',to_date('25/03/04','RR/MM/DD'));
Insert into ERP_CUSTOMER_SERVICE (CUSTOMER_SERVICE_NUM,COMPANY_NUM,EMPLOYEE_NUM,CUSTOMER_SERVICE_DIVISION,CUSTOMER_SERVICE_CONTENT,CUSTOMER_SERVICE_DATE) values (194,50,1,'EQ04','[신규 업체 등록]


유선 통화하여
10일 데모기간을 제공하여 ERP서비스 사용',to_date('25/03/05','RR/MM/DD'));
Insert into ERP_CUSTOMER_SERVICE (CUSTOMER_SERVICE_NUM,COMPANY_NUM,EMPLOYEE_NUM,CUSTOMER_SERVICE_DIVISION,CUSTOMER_SERVICE_CONTENT,CUSTOMER_SERVICE_DATE) values (210,51,1,'EQ02','[업체정보수정]
[기존] ComDTO(companyNum=51, companyName=타임스탭, companyEngName=timestep, representationName=나문희, representationPhone=010-7777-8888, chargerName=이순재, chargerPhone=010-2346-8549, chargerEmail=mynamemoon@gmail.com, companyAddress=서울 강남구 개포로 202 (개포동, 석인빌딩) 102호, businessNum=784-45-85462, businessLicense=test_20250306_003221.png, serviceState=EC01, registerDate=Thu Mar 06 00:32:21 KST 2025, employeeNum=0)
[변경] ComDTO(companyNum=51, companyName=타임스탭, companyEngName=timestep, representationName=나문희, representationPhone=010-7777-8888, chargerName=이순재, chargerPhone=010-2346-8549, chargerEmail=mynamemoon@gmail.com, companyAddress=서울 강남구 개포로 202 (개포동, 석인빌딩) 102호, businessNum=784-45-85462, businessLicense=사업자_20250307_125830.png, serviceState=EC01, registerDate=null, employeeNum=0)
[사유] 123',to_date('25/03/07','RR/MM/DD'));
Insert into ERP_CUSTOMER_SERVICE (CUSTOMER_SERVICE_NUM,COMPANY_NUM,EMPLOYEE_NUM,CUSTOMER_SERVICE_DIVISION,CUSTOMER_SERVICE_CONTENT,CUSTOMER_SERVICE_DATE) values (225,47,1,'EQ01','12',to_date('25/03/10','RR/MM/DD'));
Insert into ERP_CUSTOMER_SERVICE (CUSTOMER_SERVICE_NUM,COMPANY_NUM,EMPLOYEE_NUM,CUSTOMER_SERVICE_DIVISION,CUSTOMER_SERVICE_CONTENT,CUSTOMER_SERVICE_DATE) values (230,28,1,'EQ02','[업체정보수정]
[기존] ComDTO(companyNum=28, companyName=좋은회사5, companyEngName=olivie, representationName=나대표, representationPhone=010-8521-6704, chargerName=나사원, chargerPhone=010-8521-6704, chargerEmail=hayeon8521@kakao.com, companyAddress=서울시 좋은곳에 위치, businessNum=647-81-00749, businessLicense=사업자_20250214_105237.png, serviceState=EC01, registerDate=Fri Feb 14 10:52:35 UTC 2025, employeeNum=0)
[변경] ComDTO(companyNum=28, companyName=좋은회사5, companyEngName=olivie, representationName=나대표, representationPhone=010-8521-6704, chargerName=나사원, chargerPhone=010-8521-6704, chargerEmail=hayeon8521@kakao.com, companyAddress=서울시 좋은곳에 위치, businessNum=647-81-00749, businessLicense=logo_hometax_20250310_091201.png, serviceState=EC01, registerDate=null, employeeNum=0)
[사유] 243',to_date('25/03/10','RR/MM/DD'));
Insert into ERP_CUSTOMER_SERVICE (CUSTOMER_SERVICE_NUM,COMPANY_NUM,EMPLOYEE_NUM,CUSTOMER_SERVICE_DIVISION,CUSTOMER_SERVICE_CONTENT,CUSTOMER_SERVICE_DATE) values (244,53,1,'EQ04','[신규 업체 등록]


데모 테스트 10일',to_date('25/03/10','RR/MM/DD'));
Insert into ERP_CUSTOMER_SERVICE (CUSTOMER_SERVICE_NUM,COMPANY_NUM,EMPLOYEE_NUM,CUSTOMER_SERVICE_DIVISION,CUSTOMER_SERVICE_CONTENT,CUSTOMER_SERVICE_DATE) values (258,34,1,'EQ02','[서비스상태변경]
[변경상태] : EC03
[기존] : 2025-03-19
[변경] : 1010-10-10
[사유] : 123',to_date('25/03/10','RR/MM/DD'));
Insert into ERP_CUSTOMER_SERVICE (CUSTOMER_SERVICE_NUM,COMPANY_NUM,EMPLOYEE_NUM,CUSTOMER_SERVICE_DIVISION,CUSTOMER_SERVICE_CONTENT,CUSTOMER_SERVICE_DATE) values (267,34,1,'EQ02','[서비스상태변경]
[변경상태] : EC01
[기존] : 1010-10-10
[변경] : 2025-03-19
[사유] : 4345545',to_date('25/03/10','RR/MM/DD'));
Insert into ERP_CUSTOMER_SERVICE (CUSTOMER_SERVICE_NUM,COMPANY_NUM,EMPLOYEE_NUM,CUSTOMER_SERVICE_DIVISION,CUSTOMER_SERVICE_CONTENT,CUSTOMER_SERVICE_DATE) values (271,29,1,'EQ01','123',to_date('25/03/10','RR/MM/DD'));
Insert into ERP_CUSTOMER_SERVICE (CUSTOMER_SERVICE_NUM,COMPANY_NUM,EMPLOYEE_NUM,CUSTOMER_SERVICE_DIVISION,CUSTOMER_SERVICE_CONTENT,CUSTOMER_SERVICE_DATE) values (276,23,1,'EQ01','`323',to_date('25/03/11','RR/MM/DD'));
Insert into ERP_CUSTOMER_SERVICE (CUSTOMER_SERVICE_NUM,COMPANY_NUM,EMPLOYEE_NUM,CUSTOMER_SERVICE_DIVISION,CUSTOMER_SERVICE_CONTENT,CUSTOMER_SERVICE_DATE) values (277,34,1,'EQ01','33',to_date('25/03/11','RR/MM/DD'));
Insert into ERP_CUSTOMER_SERVICE (CUSTOMER_SERVICE_NUM,COMPANY_NUM,EMPLOYEE_NUM,CUSTOMER_SERVICE_DIVISION,CUSTOMER_SERVICE_CONTENT,CUSTOMER_SERVICE_DATE) values (283,23,1,'EQ01','3',to_date('25/03/11','RR/MM/DD'));
Insert into ERP_CUSTOMER_SERVICE (CUSTOMER_SERVICE_NUM,COMPANY_NUM,EMPLOYEE_NUM,CUSTOMER_SERVICE_DIVISION,CUSTOMER_SERVICE_CONTENT,CUSTOMER_SERVICE_DATE) values (284,23,1,'EQ02','[서비스상태변경]
[변경상태] : EC01
[기존] : 2025-02-24
[변경] : 2025-03-20
[사유] : 443',to_date('25/03/11','RR/MM/DD'));
Insert into ERP_CUSTOMER_SERVICE (CUSTOMER_SERVICE_NUM,COMPANY_NUM,EMPLOYEE_NUM,CUSTOMER_SERVICE_DIVISION,CUSTOMER_SERVICE_CONTENT,CUSTOMER_SERVICE_DATE) values (285,23,1,'EQ02','[서비스기간변경]
21추가 
[사유] : 235',to_date('25/03/11','RR/MM/DD'));
Insert into ERP_CUSTOMER_SERVICE (CUSTOMER_SERVICE_NUM,COMPANY_NUM,EMPLOYEE_NUM,CUSTOMER_SERVICE_DIVISION,CUSTOMER_SERVICE_CONTENT,CUSTOMER_SERVICE_DATE) values (288,54,1,'EQ04','[신규 업체 등록]


마지막 등록 테스트 입니다',to_date('25/03/11','RR/MM/DD'));
Insert into ERP_CUSTOMER_SERVICE (CUSTOMER_SERVICE_NUM,COMPANY_NUM,EMPLOYEE_NUM,CUSTOMER_SERVICE_DIVISION,CUSTOMER_SERVICE_CONTENT,CUSTOMER_SERVICE_DATE) values (289,54,1,'EQ01','문의가 정상적으로
남겨지는지 확인하고 있습니다',to_date('25/03/11','RR/MM/DD'));
Insert into ERP_CUSTOMER_SERVICE (CUSTOMER_SERVICE_NUM,COMPANY_NUM,EMPLOYEE_NUM,CUSTOMER_SERVICE_DIVISION,CUSTOMER_SERVICE_CONTENT,CUSTOMER_SERVICE_DATE) values (290,54,1,'EQ02','[서비스상태변경]
[변경상태] : EC03
[기존] : 2025-03-21
[변경] : 1010-10-10
[사유] : 서비스를 정지 합니다',to_date('25/03/11','RR/MM/DD'));
Insert into ERP_CUSTOMER_SERVICE (CUSTOMER_SERVICE_NUM,COMPANY_NUM,EMPLOYEE_NUM,CUSTOMER_SERVICE_DIVISION,CUSTOMER_SERVICE_CONTENT,CUSTOMER_SERVICE_DATE) values (291,54,1,'EQ02','[서비스상태변경]
[변경상태] : EC01
[기존] : 1010-10-10
[변경] : 2025-03-20
[사유] : 서비스를 재사용 합니다',to_date('25/03/11','RR/MM/DD'));
Insert into ERP_CUSTOMER_SERVICE (CUSTOMER_SERVICE_NUM,COMPANY_NUM,EMPLOYEE_NUM,CUSTOMER_SERVICE_DIVISION,CUSTOMER_SERVICE_CONTENT,CUSTOMER_SERVICE_DATE) values (203,40,1,'EQ01','123',to_date('25/03/06','RR/MM/DD'));
Insert into ERP_CUSTOMER_SERVICE (CUSTOMER_SERVICE_NUM,COMPANY_NUM,EMPLOYEE_NUM,CUSTOMER_SERVICE_DIVISION,CUSTOMER_SERVICE_CONTENT,CUSTOMER_SERVICE_DATE) values (207,28,1,'EQ02','[서비스상태변경]
[변경상태] : EC01
[기존] : 2025-02-24
[변경] : 2025-03-15
[사유] : 2143214',to_date('25/03/06','RR/MM/DD'));
REM INSERTING into ERP_EMPLOYEES
SET DEFINE OFF;
Insert into ERP_EMPLOYEES (EMPLOYEE_NUM,EMPLOYEE_ID,EMPLOYEE_PW,EMPLOYEE_NAME,DEPARTMENT,POSITION,JOB,BIRTHDAY,PHONE,EMAIL,ADDRESS,HIRE_DATE,RETIREMENT_DATE,WORK_STATE,UDATE_DATE,REGISTER_DATE) values (1,'ceo890302','$2a$10$uGJZdj7sHmIUvZLxlXpfae50w9ArghiUIQF76ixbim1EHiUZs5FkC','표하연','경영','대표','관리',to_date('89/03/02','RR/MM/DD'),'010-8521-6704','hayeon8521@kakao.com','대구시 서문로1가 34-8',to_date('25/02/11','RR/MM/DD'),null,'EM01',to_date('25/02/11','RR/MM/DD'),to_date('25/02/11','RR/MM/DD'));
Insert into ERP_EMPLOYEES (EMPLOYEE_NUM,EMPLOYEE_ID,EMPLOYEE_PW,EMPLOYEE_NAME,DEPARTMENT,POSITION,JOB,BIRTHDAY,PHONE,EMAIL,ADDRESS,HIRE_DATE,RETIREMENT_DATE,WORK_STATE,UDATE_DATE,REGISTER_DATE) values (2,'cme020202','$2a$10$qqn7dbnW3.9CjsK.NGqySuJmkigtyA2SxDj9BnKFuptdrTJ6FsF0K','최문의','고객지원','사원','CS',to_date('02/02/02','RR/MM/DD'),'010-9874-6541','cs020202@serping.com','대구시 강북고 남산로 123',to_date('25/02/11','RR/MM/DD'),null,'EM01',to_date('25/02/11','RR/MM/DD'),to_date('25/02/11','RR/MM/DD'));
Insert into ERP_EMPLOYEES (EMPLOYEE_NUM,EMPLOYEE_ID,EMPLOYEE_PW,EMPLOYEE_NAME,DEPARTMENT,POSITION,JOB,BIRTHDAY,PHONE,EMAIL,ADDRESS,HIRE_DATE,RETIREMENT_DATE,WORK_STATE,UDATE_DATE,REGISTER_DATE) values (3,'nyy990505','$2a$10$KYK2u7bPeqECAuwli2LDX.KXemQjYwUiMGin1MW3pGeavi.jZdR5G','나영업','영업','과장','영업',to_date('99/05/05','RR/MM/DD'),'010-1234-5678','sale990505@serping.com','서울특별시 강남구 테헤란로 123',to_date('25/02/11','RR/MM/DD'),null,'EM01',to_date('25/02/11','RR/MM/DD'),to_date('25/02/11','RR/MM/DD'));
Insert into ERP_EMPLOYEES (EMPLOYEE_NUM,EMPLOYEE_ID,EMPLOYEE_PW,EMPLOYEE_NAME,DEPARTMENT,POSITION,JOB,BIRTHDAY,PHONE,EMAIL,ADDRESS,HIRE_DATE,RETIREMENT_DATE,WORK_STATE,UDATE_DATE,REGISTER_DATE) values (4,'serping','$2a$10$o1S0J7wknvSM5WxaZ9VxL.7nTvr7PyMpsRq1AomhpWfcrk7mPK2Nq','나예담','경영','전무','관리',to_date('89/03/02','RR/MM/DD'),'010-8521-6704','hayeon8521@kakao.com','대구시 서문로1가 34-8',to_date('25/02/11','RR/MM/DD'),null,'EM01',to_date('25/02/11','RR/MM/DD'),to_date('25/02/11','RR/MM/DD'));
REM INSERTING into ERP_INQUIRY
SET DEFINE OFF;
Insert into ERP_INQUIRY (INQUIRY_NUM,COMPANY_NAME,CHARGER_NAME,CHARGER_PHONE,CHARGER_EMAIL,INQUIRY_CONTENT,INQUIRY_DATE) values (22,'올리브영','123','123','123@asdf.com','길게 남기는 문의
길게 남기는 문의
길게 남기는 문의길게 남기는 문의
길게 남기는 문의
길게 남기는 문의길게 남기는 문의
길게 남기는 문의
길게 남기는 문의길게 남기는 문의
길게 남기는 문의
길게 남기는 문의길게 남기는 문의
길게 남기는 문의
길게 남기는 문의길게 남기는 문의
길게 남기는 문의
길게 남기는 문의길게 남기는 문의
길게 남기는 문의
길게 남기는 문의길게 남기는 문의
길게 남기는 문의
길게 남기는 문의길게 남기는 문의
길게 남기는 문의
길게 남기는 문의길게 남기는 문의
길게 남기는 문의
길게 남기는 문의길게 남기는 문의
길게 남기는 문의
길게 남기는 문의',to_date('25/03/03','RR/MM/DD'));
Insert into ERP_INQUIRY (INQUIRY_NUM,COMPANY_NAME,CHARGER_NAME,CHARGER_PHONE,CHARGER_EMAIL,INQUIRY_CONTENT,INQUIRY_DATE) values (23,'123','12','123','123@asdf.com','12312123',to_date('25/03/03','RR/MM/DD'));
Insert into ERP_INQUIRY (INQUIRY_NUM,COMPANY_NAME,CHARGER_NAME,CHARGER_PHONE,CHARGER_EMAIL,INQUIRY_CONTENT,INQUIRY_DATE) values (24,'4345','345345','34534','123@asdf.com','345345',to_date('25/03/03','RR/MM/DD'));
Insert into ERP_INQUIRY (INQUIRY_NUM,COMPANY_NAME,CHARGER_NAME,CHARGER_PHONE,CHARGER_EMAIL,INQUIRY_CONTENT,INQUIRY_DATE) values (56,'올리브영','12312','asdf','123@asdf.com','올리브영올리브영올리브영올리브영',to_date('25/03/10','RR/MM/DD'));
Insert into ERP_INQUIRY (INQUIRY_NUM,COMPANY_NAME,CHARGER_NAME,CHARGER_PHONE,CHARGER_EMAIL,INQUIRY_CONTENT,INQUIRY_DATE) values (57,'올리브영','이담당','010-2222-3333','lee@abc.com','안녕하세요',to_date('25/03/11','RR/MM/DD'));
Insert into ERP_INQUIRY (INQUIRY_NUM,COMPANY_NAME,CHARGER_NAME,CHARGER_PHONE,CHARGER_EMAIL,INQUIRY_CONTENT,INQUIRY_DATE) values (1,'ABC Corp','김철수','010-1111-2222','kim@abc.com','ERP 도입 관련 문의드립니다.',to_date('25/02/11','RR/MM/DD'));
Insert into ERP_INQUIRY (INQUIRY_NUM,COMPANY_NAME,CHARGER_NAME,CHARGER_PHONE,CHARGER_EMAIL,INQUIRY_CONTENT,INQUIRY_DATE) values (2,'XYZ Ltd','이영희','010-2222-3333','lee@xyz.com','ERP 시스템 커스터마이징 가능 여부 확인 요청.',to_date('25/02/11','RR/MM/DD'));
Insert into ERP_INQUIRY (INQUIRY_NUM,COMPANY_NAME,CHARGER_NAME,CHARGER_PHONE,CHARGER_EMAIL,INQUIRY_CONTENT,INQUIRY_DATE) values (3,'QWE Inc','박민수','010-3333-4444','park@qwe.com','도입 일정 및 견적 요청드립니다.',to_date('25/02/11','RR/MM/DD'));
Insert into ERP_INQUIRY (INQUIRY_NUM,COMPANY_NAME,CHARGER_NAME,CHARGER_PHONE,CHARGER_EMAIL,INQUIRY_CONTENT,INQUIRY_DATE) values (4,'JKL Co','최지훈','010-4444-5555','choi@jkl.com','기존 ERP 시스템과의 연동 가능 여부 문의.',to_date('25/02/11','RR/MM/DD'));
Insert into ERP_INQUIRY (INQUIRY_NUM,COMPANY_NAME,CHARGER_NAME,CHARGER_PHONE,CHARGER_EMAIL,INQUIRY_CONTENT,INQUIRY_DATE) values (5,'MNO Tech','정다혜','010-5555-6666','jung@mno.com','ERP 데모 및 상담 요청드립니다.',to_date('25/02/11','RR/MM/DD'));
Insert into ERP_INQUIRY (INQUIRY_NUM,COMPANY_NAME,CHARGER_NAME,CHARGER_PHONE,CHARGER_EMAIL,INQUIRY_CONTENT,INQUIRY_DATE) values (21,'뷰티인사이드','인사이드','123123123123','bbbaa@naaa.com','123123123132123ㅇㄴㄹ',to_date('25/02/28','RR/MM/DD'));
Insert into ERP_INQUIRY (INQUIRY_NUM,COMPANY_NAME,CHARGER_NAME,CHARGER_PHONE,CHARGER_EMAIL,INQUIRY_CONTENT,INQUIRY_DATE) values (25,'올리브영','123','123','123@asdf.com','길게 남기는 문의
길게 남기는 문의
길게 남기는 문의길게 남기는 문의
길게 남기는 문의
길게 남기는 문의길게 남기는 문의
길게 남기는 문의
길게 남기는 문의길게 남기는 문의
길게 남기는 문의
길게 남기는 문의길게 남기는 문의
길게 남기는 문의
길게 남기는 문의길게 남기는 문의
길게 남기는 문의
길게 남기는 문의길게 남기는 문의
길게 남기는 문의
길게 남기는 문의길게 남기는 문의
길게 남기는 문의
길게 남기는 문의길게 남기는 문의
길게 남기는 문의
길게 남기는 문의길게 남기는 문의
길게 남기는 문의
길게 남기는 문의길게 남기는 문의
길게 남기는 문의
길게 남기는 문의',to_date('25/03/03','RR/MM/DD'));
Insert into ERP_INQUIRY (INQUIRY_NUM,COMPANY_NAME,CHARGER_NAME,CHARGER_PHONE,CHARGER_EMAIL,INQUIRY_CONTENT,INQUIRY_DATE) values (26,'123','12','123','123@asdf.com','12312123',to_date('25/03/03','RR/MM/DD'));
Insert into ERP_INQUIRY (INQUIRY_NUM,COMPANY_NAME,CHARGER_NAME,CHARGER_PHONE,CHARGER_EMAIL,INQUIRY_CONTENT,INQUIRY_DATE) values (27,'4345','345345','34534','123@asdf.com','345345',to_date('25/03/03','RR/MM/DD'));
Insert into ERP_INQUIRY (INQUIRY_NUM,COMPANY_NAME,CHARGER_NAME,CHARGER_PHONE,CHARGER_EMAIL,INQUIRY_CONTENT,INQUIRY_DATE) values (28,'ABC Corp','김철수','010-1111-2222','kim@abc.com','ERP 도입 관련 문의드립니다.',to_date('25/02/11','RR/MM/DD'));
Insert into ERP_INQUIRY (INQUIRY_NUM,COMPANY_NAME,CHARGER_NAME,CHARGER_PHONE,CHARGER_EMAIL,INQUIRY_CONTENT,INQUIRY_DATE) values (29,'XYZ Ltd','이영희','010-2222-3333','lee@xyz.com','ERP 시스템 커스터마이징 가능 여부 확인 요청.',to_date('25/02/11','RR/MM/DD'));
Insert into ERP_INQUIRY (INQUIRY_NUM,COMPANY_NAME,CHARGER_NAME,CHARGER_PHONE,CHARGER_EMAIL,INQUIRY_CONTENT,INQUIRY_DATE) values (30,'QWE Inc','박민수','010-3333-4444','park@qwe.com','도입 일정 및 견적 요청드립니다.',to_date('25/02/11','RR/MM/DD'));
Insert into ERP_INQUIRY (INQUIRY_NUM,COMPANY_NAME,CHARGER_NAME,CHARGER_PHONE,CHARGER_EMAIL,INQUIRY_CONTENT,INQUIRY_DATE) values (31,'JKL Co','최지훈','010-4444-5555','choi@jkl.com','기존 ERP 시스템과의 연동 가능 여부 문의.',to_date('25/02/11','RR/MM/DD'));
Insert into ERP_INQUIRY (INQUIRY_NUM,COMPANY_NAME,CHARGER_NAME,CHARGER_PHONE,CHARGER_EMAIL,INQUIRY_CONTENT,INQUIRY_DATE) values (32,'MNO Tech','정다혜','010-5555-6666','jung@mno.com','ERP 데모 및 상담 요청드립니다.',to_date('25/02/11','RR/MM/DD'));
Insert into ERP_INQUIRY (INQUIRY_NUM,COMPANY_NAME,CHARGER_NAME,CHARGER_PHONE,CHARGER_EMAIL,INQUIRY_CONTENT,INQUIRY_DATE) values (33,'뷰티인사이드','인사이드','123123123123','bbbaa@naaa.com','123123123132123ㅇㄴㄹ',to_date('25/02/28','RR/MM/DD'));
Insert into ERP_INQUIRY (INQUIRY_NUM,COMPANY_NAME,CHARGER_NAME,CHARGER_PHONE,CHARGER_EMAIL,INQUIRY_CONTENT,INQUIRY_DATE) values (34,'올리브영','이담당','010-2222-3333','lee@abc.com','사용 문의 드립니다',to_date('25/02/28','RR/MM/DD'));
Insert into ERP_INQUIRY (INQUIRY_NUM,COMPANY_NAME,CHARGER_NAME,CHARGER_PHONE,CHARGER_EMAIL,INQUIRY_CONTENT,INQUIRY_DATE) values (35,'올리브영','123','123','123@asdf.com','길게 남기는 문의
길게 남기는 문의
길게 남기는 문의길게 남기는 문의
길게 남기는 문의
길게 남기는 문의길게 남기는 문의
길게 남기는 문의
길게 남기는 문의길게 남기는 문의
길게 남기는 문의
길게 남기는 문의길게 남기는 문의
길게 남기는 문의
길게 남기는 문의길게 남기는 문의
길게 남기는 문의
길게 남기는 문의길게 남기는 문의
길게 남기는 문의
길게 남기는 문의길게 남기는 문의
길게 남기는 문의
길게 남기는 문의길게 남기는 문의
길게 남기는 문의
길게 남기는 문의길게 남기는 문의
길게 남기는 문의
길게 남기는 문의길게 남기는 문의
길게 남기는 문의
길게 남기는 문의',to_date('25/03/03','RR/MM/DD'));
Insert into ERP_INQUIRY (INQUIRY_NUM,COMPANY_NAME,CHARGER_NAME,CHARGER_PHONE,CHARGER_EMAIL,INQUIRY_CONTENT,INQUIRY_DATE) values (36,'123','12','123','123@asdf.com','12312123',to_date('25/03/03','RR/MM/DD'));
Insert into ERP_INQUIRY (INQUIRY_NUM,COMPANY_NAME,CHARGER_NAME,CHARGER_PHONE,CHARGER_EMAIL,INQUIRY_CONTENT,INQUIRY_DATE) values (37,'4345','345345','34534','123@asdf.com','345345',to_date('25/03/03','RR/MM/DD'));
Insert into ERP_INQUIRY (INQUIRY_NUM,COMPANY_NAME,CHARGER_NAME,CHARGER_PHONE,CHARGER_EMAIL,INQUIRY_CONTENT,INQUIRY_DATE) values (38,'ABC Corp','김철수','010-1111-2222','kim@abc.com','ERP 도입 관련 문의드립니다.',to_date('25/02/11','RR/MM/DD'));
Insert into ERP_INQUIRY (INQUIRY_NUM,COMPANY_NAME,CHARGER_NAME,CHARGER_PHONE,CHARGER_EMAIL,INQUIRY_CONTENT,INQUIRY_DATE) values (39,'XYZ Ltd','이영희','010-2222-3333','lee@xyz.com','ERP 시스템 커스터마이징 가능 여부 확인 요청.',to_date('25/02/11','RR/MM/DD'));
Insert into ERP_INQUIRY (INQUIRY_NUM,COMPANY_NAME,CHARGER_NAME,CHARGER_PHONE,CHARGER_EMAIL,INQUIRY_CONTENT,INQUIRY_DATE) values (40,'QWE Inc','박민수','010-3333-4444','park@qwe.com','도입 일정 및 견적 요청드립니다.',to_date('25/02/11','RR/MM/DD'));
Insert into ERP_INQUIRY (INQUIRY_NUM,COMPANY_NAME,CHARGER_NAME,CHARGER_PHONE,CHARGER_EMAIL,INQUIRY_CONTENT,INQUIRY_DATE) values (41,'JKL Co','최지훈','010-4444-5555','choi@jkl.com','기존 ERP 시스템과의 연동 가능 여부 문의.',to_date('25/02/11','RR/MM/DD'));
Insert into ERP_INQUIRY (INQUIRY_NUM,COMPANY_NAME,CHARGER_NAME,CHARGER_PHONE,CHARGER_EMAIL,INQUIRY_CONTENT,INQUIRY_DATE) values (42,'MNO Tech','정다혜','010-5555-6666','jung@mno.com','ERP 데모 및 상담 요청드립니다.',to_date('25/02/11','RR/MM/DD'));
Insert into ERP_INQUIRY (INQUIRY_NUM,COMPANY_NAME,CHARGER_NAME,CHARGER_PHONE,CHARGER_EMAIL,INQUIRY_CONTENT,INQUIRY_DATE) values (43,'뷰티인사이드','인사이드','123123123123','bbbaa@naaa.com','123123123132123ㅇㄴㄹ',to_date('25/02/28','RR/MM/DD'));
Insert into ERP_INQUIRY (INQUIRY_NUM,COMPANY_NAME,CHARGER_NAME,CHARGER_PHONE,CHARGER_EMAIL,INQUIRY_CONTENT,INQUIRY_DATE) values (44,'올리브영','123','123','123@asdf.com','길게 남기는 문의
길게 남기는 문의
길게 남기는 문의길게 남기는 문의
길게 남기는 문의
길게 남기는 문의길게 남기는 문의
길게 남기는 문의
길게 남기는 문의길게 남기는 문의
길게 남기는 문의
길게 남기는 문의길게 남기는 문의
길게 남기는 문의
길게 남기는 문의길게 남기는 문의
길게 남기는 문의
길게 남기는 문의길게 남기는 문의
길게 남기는 문의
길게 남기는 문의길게 남기는 문의
길게 남기는 문의
길게 남기는 문의길게 남기는 문의
길게 남기는 문의
길게 남기는 문의길게 남기는 문의
길게 남기는 문의
길게 남기는 문의길게 남기는 문의
길게 남기는 문의
길게 남기는 문의',to_date('25/03/03','RR/MM/DD'));
Insert into ERP_INQUIRY (INQUIRY_NUM,COMPANY_NAME,CHARGER_NAME,CHARGER_PHONE,CHARGER_EMAIL,INQUIRY_CONTENT,INQUIRY_DATE) values (45,'123','12','123','123@asdf.com','12312123',to_date('25/03/03','RR/MM/DD'));
Insert into ERP_INQUIRY (INQUIRY_NUM,COMPANY_NAME,CHARGER_NAME,CHARGER_PHONE,CHARGER_EMAIL,INQUIRY_CONTENT,INQUIRY_DATE) values (46,'4345','345345','34534','123@asdf.com','345345',to_date('25/03/03','RR/MM/DD'));
Insert into ERP_INQUIRY (INQUIRY_NUM,COMPANY_NAME,CHARGER_NAME,CHARGER_PHONE,CHARGER_EMAIL,INQUIRY_CONTENT,INQUIRY_DATE) values (47,'ABC Corp','김철수','010-1111-2222','kim@abc.com','ERP 도입 관련 문의드립니다.',to_date('25/02/11','RR/MM/DD'));
Insert into ERP_INQUIRY (INQUIRY_NUM,COMPANY_NAME,CHARGER_NAME,CHARGER_PHONE,CHARGER_EMAIL,INQUIRY_CONTENT,INQUIRY_DATE) values (48,'XYZ Ltd','이영희','010-2222-3333','lee@xyz.com','ERP 시스템 커스터마이징 가능 여부 확인 요청.',to_date('25/02/11','RR/MM/DD'));
Insert into ERP_INQUIRY (INQUIRY_NUM,COMPANY_NAME,CHARGER_NAME,CHARGER_PHONE,CHARGER_EMAIL,INQUIRY_CONTENT,INQUIRY_DATE) values (49,'QWE Inc','박민수','010-3333-4444','park@qwe.com','도입 일정 및 견적 요청드립니다.',to_date('25/02/11','RR/MM/DD'));
Insert into ERP_INQUIRY (INQUIRY_NUM,COMPANY_NAME,CHARGER_NAME,CHARGER_PHONE,CHARGER_EMAIL,INQUIRY_CONTENT,INQUIRY_DATE) values (50,'JKL Co','최지훈','010-4444-5555','choi@jkl.com','기존 ERP 시스템과의 연동 가능 여부 문의.',to_date('25/02/11','RR/MM/DD'));
Insert into ERP_INQUIRY (INQUIRY_NUM,COMPANY_NAME,CHARGER_NAME,CHARGER_PHONE,CHARGER_EMAIL,INQUIRY_CONTENT,INQUIRY_DATE) values (51,'MNO Tech','정다혜','010-5555-6666','jung@mno.com','ERP 데모 및 상담 요청드립니다.',to_date('25/02/11','RR/MM/DD'));
Insert into ERP_INQUIRY (INQUIRY_NUM,COMPANY_NAME,CHARGER_NAME,CHARGER_PHONE,CHARGER_EMAIL,INQUIRY_CONTENT,INQUIRY_DATE) values (52,'뷰티인사이드','인사이드','123123123123','bbbaa@naaa.com','123123123132123ㅇㄴㄹ',to_date('25/02/28','RR/MM/DD'));
Insert into ERP_INQUIRY (INQUIRY_NUM,COMPANY_NAME,CHARGER_NAME,CHARGER_PHONE,CHARGER_EMAIL,INQUIRY_CONTENT,INQUIRY_DATE) values (53,'올리브영','이담당','010-2222-3333','lee@abc.com','사용 문의 드립니다',to_date('25/02/28','RR/MM/DD'));
Insert into ERP_INQUIRY (INQUIRY_NUM,COMPANY_NAME,CHARGER_NAME,CHARGER_PHONE,CHARGER_EMAIL,INQUIRY_CONTENT,INQUIRY_DATE) values (54,'올리브영','이담당','010-2222-3333','lee@abc.com','사용 문의 드립니다',to_date('25/02/28','RR/MM/DD'));
Insert into ERP_INQUIRY (INQUIRY_NUM,COMPANY_NAME,CHARGER_NAME,CHARGER_PHONE,CHARGER_EMAIL,INQUIRY_CONTENT,INQUIRY_DATE) values (55,'올리브영','이담당','010-2222-3333','lee@abc.com','12333',to_date('25/03/04','RR/MM/DD'));
Insert into ERP_INQUIRY (INQUIRY_NUM,COMPANY_NAME,CHARGER_NAME,CHARGER_PHONE,CHARGER_EMAIL,INQUIRY_CONTENT,INQUIRY_DATE) values (20,'올리브영','이담당','010-2222-3333','lee@abc.com','사용 문의 드립니다',to_date('25/02/28','RR/MM/DD'));
REM INSERTING into ERP_SUBSCRIPTION_INFO_LIST
SET DEFINE OFF;
Insert into ERP_SUBSCRIPTION_INFO_LIST (SUBSCRIPTION_NUM,COMPANY_NUM,SUBSCRIPTION_FORM,SUBSCRIPTION_NAME_NUM,SUBSCRIPTION_OPTION_NUM,SUBSCRIPTION_END_DATE,SUBSCRIPTION_UPDATE_DATE,SUBSCRIPTION_MEAN,SUBSCRIPTION_MEAN_NUM) values (41,3,'EL01',2,27,to_date('25/02/27','RR/MM/DD'),to_date('25/02/17','RR/MM/DD'),null,null);
Insert into ERP_SUBSCRIPTION_INFO_LIST (SUBSCRIPTION_NUM,COMPANY_NUM,SUBSCRIPTION_FORM,SUBSCRIPTION_NAME_NUM,SUBSCRIPTION_OPTION_NUM,SUBSCRIPTION_END_DATE,SUBSCRIPTION_UPDATE_DATE,SUBSCRIPTION_MEAN,SUBSCRIPTION_MEAN_NUM) values (42,2,'EL01',2,27,to_date('25/02/20','RR/MM/DD'),to_date('25/02/17','RR/MM/DD'),null,null);
Insert into ERP_SUBSCRIPTION_INFO_LIST (SUBSCRIPTION_NUM,COMPANY_NUM,SUBSCRIPTION_FORM,SUBSCRIPTION_NAME_NUM,SUBSCRIPTION_OPTION_NUM,SUBSCRIPTION_END_DATE,SUBSCRIPTION_UPDATE_DATE,SUBSCRIPTION_MEAN,SUBSCRIPTION_MEAN_NUM) values (67,45,'EL01',1,27,to_date('25/03/25','RR/MM/DD'),to_date('25/02/28','RR/MM/DD'),null,null);
Insert into ERP_SUBSCRIPTION_INFO_LIST (SUBSCRIPTION_NUM,COMPANY_NUM,SUBSCRIPTION_FORM,SUBSCRIPTION_NAME_NUM,SUBSCRIPTION_OPTION_NUM,SUBSCRIPTION_END_DATE,SUBSCRIPTION_UPDATE_DATE,SUBSCRIPTION_MEAN,SUBSCRIPTION_MEAN_NUM) values (69,45,'EL01',3,30,to_date('25/03/25','RR/MM/DD'),to_date('25/02/28','RR/MM/DD'),null,null);
Insert into ERP_SUBSCRIPTION_INFO_LIST (SUBSCRIPTION_NUM,COMPANY_NUM,SUBSCRIPTION_FORM,SUBSCRIPTION_NAME_NUM,SUBSCRIPTION_OPTION_NUM,SUBSCRIPTION_END_DATE,SUBSCRIPTION_UPDATE_DATE,SUBSCRIPTION_MEAN,SUBSCRIPTION_MEAN_NUM) values (68,45,'EL01',2,6,to_date('25/03/25','RR/MM/DD'),to_date('25/02/28','RR/MM/DD'),null,null);
Insert into ERP_SUBSCRIPTION_INFO_LIST (SUBSCRIPTION_NUM,COMPANY_NUM,SUBSCRIPTION_FORM,SUBSCRIPTION_NAME_NUM,SUBSCRIPTION_OPTION_NUM,SUBSCRIPTION_END_DATE,SUBSCRIPTION_UPDATE_DATE,SUBSCRIPTION_MEAN,SUBSCRIPTION_MEAN_NUM) values (70,45,'EL01',4,31,to_date('25/03/25','RR/MM/DD'),to_date('25/02/28','RR/MM/DD'),null,null);
Insert into ERP_SUBSCRIPTION_INFO_LIST (SUBSCRIPTION_NUM,COMPANY_NUM,SUBSCRIPTION_FORM,SUBSCRIPTION_NAME_NUM,SUBSCRIPTION_OPTION_NUM,SUBSCRIPTION_END_DATE,SUBSCRIPTION_UPDATE_DATE,SUBSCRIPTION_MEAN,SUBSCRIPTION_MEAN_NUM) values (71,45,'EL01',5,32,to_date('25/03/25','RR/MM/DD'),to_date('25/02/28','RR/MM/DD'),null,null);
Insert into ERP_SUBSCRIPTION_INFO_LIST (SUBSCRIPTION_NUM,COMPANY_NUM,SUBSCRIPTION_FORM,SUBSCRIPTION_NAME_NUM,SUBSCRIPTION_OPTION_NUM,SUBSCRIPTION_END_DATE,SUBSCRIPTION_UPDATE_DATE,SUBSCRIPTION_MEAN,SUBSCRIPTION_MEAN_NUM) values (83,49,'EL01',2,6,to_date('25/04/13','RR/MM/DD'),to_date('25/03/04','RR/MM/DD'),null,null);
Insert into ERP_SUBSCRIPTION_INFO_LIST (SUBSCRIPTION_NUM,COMPANY_NUM,SUBSCRIPTION_FORM,SUBSCRIPTION_NAME_NUM,SUBSCRIPTION_OPTION_NUM,SUBSCRIPTION_END_DATE,SUBSCRIPTION_UPDATE_DATE,SUBSCRIPTION_MEAN,SUBSCRIPTION_MEAN_NUM) values (84,49,'EL01',3,30,to_date('25/04/13','RR/MM/DD'),to_date('25/03/04','RR/MM/DD'),null,null);
Insert into ERP_SUBSCRIPTION_INFO_LIST (SUBSCRIPTION_NUM,COMPANY_NUM,SUBSCRIPTION_FORM,SUBSCRIPTION_NAME_NUM,SUBSCRIPTION_OPTION_NUM,SUBSCRIPTION_END_DATE,SUBSCRIPTION_UPDATE_DATE,SUBSCRIPTION_MEAN,SUBSCRIPTION_MEAN_NUM) values (85,49,'EL01',4,31,to_date('25/04/13','RR/MM/DD'),to_date('25/03/04','RR/MM/DD'),null,null);
Insert into ERP_SUBSCRIPTION_INFO_LIST (SUBSCRIPTION_NUM,COMPANY_NUM,SUBSCRIPTION_FORM,SUBSCRIPTION_NAME_NUM,SUBSCRIPTION_OPTION_NUM,SUBSCRIPTION_END_DATE,SUBSCRIPTION_UPDATE_DATE,SUBSCRIPTION_MEAN,SUBSCRIPTION_MEAN_NUM) values (86,49,'EL01',5,32,to_date('25/04/13','RR/MM/DD'),to_date('25/03/04','RR/MM/DD'),null,null);
Insert into ERP_SUBSCRIPTION_INFO_LIST (SUBSCRIPTION_NUM,COMPANY_NUM,SUBSCRIPTION_FORM,SUBSCRIPTION_NAME_NUM,SUBSCRIPTION_OPTION_NUM,SUBSCRIPTION_END_DATE,SUBSCRIPTION_UPDATE_DATE,SUBSCRIPTION_MEAN,SUBSCRIPTION_MEAN_NUM) values (94,52,'EL01',1,27,to_date('25/03/17','RR/MM/DD'),to_date('25/03/07','RR/MM/DD'),null,null);
Insert into ERP_SUBSCRIPTION_INFO_LIST (SUBSCRIPTION_NUM,COMPANY_NUM,SUBSCRIPTION_FORM,SUBSCRIPTION_NAME_NUM,SUBSCRIPTION_OPTION_NUM,SUBSCRIPTION_END_DATE,SUBSCRIPTION_UPDATE_DATE,SUBSCRIPTION_MEAN,SUBSCRIPTION_MEAN_NUM) values (1,1,'EL01',1,1,to_date('25/04/06','RR/MM/DD'),to_date('25/03/06','RR/MM/DD'),null,null);
Insert into ERP_SUBSCRIPTION_INFO_LIST (SUBSCRIPTION_NUM,COMPANY_NUM,SUBSCRIPTION_FORM,SUBSCRIPTION_NAME_NUM,SUBSCRIPTION_OPTION_NUM,SUBSCRIPTION_END_DATE,SUBSCRIPTION_UPDATE_DATE,SUBSCRIPTION_MEAN,SUBSCRIPTION_MEAN_NUM) values (2,2,'EL01',1,27,to_date('25/03/30','RR/MM/DD'),to_date('25/02/11','RR/MM/DD'),null,null);
Insert into ERP_SUBSCRIPTION_INFO_LIST (SUBSCRIPTION_NUM,COMPANY_NUM,SUBSCRIPTION_FORM,SUBSCRIPTION_NAME_NUM,SUBSCRIPTION_OPTION_NUM,SUBSCRIPTION_END_DATE,SUBSCRIPTION_UPDATE_DATE,SUBSCRIPTION_MEAN,SUBSCRIPTION_MEAN_NUM) values (3,3,'EL01',1,27,to_date('25/03/30','RR/MM/DD'),to_date('25/02/11','RR/MM/DD'),null,null);
Insert into ERP_SUBSCRIPTION_INFO_LIST (SUBSCRIPTION_NUM,COMPANY_NUM,SUBSCRIPTION_FORM,SUBSCRIPTION_NAME_NUM,SUBSCRIPTION_OPTION_NUM,SUBSCRIPTION_END_DATE,SUBSCRIPTION_UPDATE_DATE,SUBSCRIPTION_MEAN,SUBSCRIPTION_MEAN_NUM) values (4,4,'EL01',1,27,to_date('25/03/30','RR/MM/DD'),to_date('25/02/11','RR/MM/DD'),null,null);
Insert into ERP_SUBSCRIPTION_INFO_LIST (SUBSCRIPTION_NUM,COMPANY_NUM,SUBSCRIPTION_FORM,SUBSCRIPTION_NAME_NUM,SUBSCRIPTION_OPTION_NUM,SUBSCRIPTION_END_DATE,SUBSCRIPTION_UPDATE_DATE,SUBSCRIPTION_MEAN,SUBSCRIPTION_MEAN_NUM) values (5,5,'EL01',1,27,to_date('25/03/30','RR/MM/DD'),to_date('25/02/11','RR/MM/DD'),null,null);
Insert into ERP_SUBSCRIPTION_INFO_LIST (SUBSCRIPTION_NUM,COMPANY_NUM,SUBSCRIPTION_FORM,SUBSCRIPTION_NAME_NUM,SUBSCRIPTION_OPTION_NUM,SUBSCRIPTION_END_DATE,SUBSCRIPTION_UPDATE_DATE,SUBSCRIPTION_MEAN,SUBSCRIPTION_MEAN_NUM) values (24,27,'EL01',1,27,to_date('25/02/24','RR/MM/DD'),to_date('25/02/14','RR/MM/DD'),null,null);
Insert into ERP_SUBSCRIPTION_INFO_LIST (SUBSCRIPTION_NUM,COMPANY_NUM,SUBSCRIPTION_FORM,SUBSCRIPTION_NAME_NUM,SUBSCRIPTION_OPTION_NUM,SUBSCRIPTION_END_DATE,SUBSCRIPTION_UPDATE_DATE,SUBSCRIPTION_MEAN,SUBSCRIPTION_MEAN_NUM) values (25,28,'EL01',1,27,to_date('25/03/15','RR/MM/DD'),to_date('25/03/06','RR/MM/DD'),null,null);
Insert into ERP_SUBSCRIPTION_INFO_LIST (SUBSCRIPTION_NUM,COMPANY_NUM,SUBSCRIPTION_FORM,SUBSCRIPTION_NAME_NUM,SUBSCRIPTION_OPTION_NUM,SUBSCRIPTION_END_DATE,SUBSCRIPTION_UPDATE_DATE,SUBSCRIPTION_MEAN,SUBSCRIPTION_MEAN_NUM) values (26,29,'EL01',1,27,to_date('10/10/10','RR/MM/DD'),to_date('25/03/11','RR/MM/DD'),null,null);
Insert into ERP_SUBSCRIPTION_INFO_LIST (SUBSCRIPTION_NUM,COMPANY_NUM,SUBSCRIPTION_FORM,SUBSCRIPTION_NAME_NUM,SUBSCRIPTION_OPTION_NUM,SUBSCRIPTION_END_DATE,SUBSCRIPTION_UPDATE_DATE,SUBSCRIPTION_MEAN,SUBSCRIPTION_MEAN_NUM) values (27,30,'EL01',1,27,to_date('25/02/24','RR/MM/DD'),to_date('25/02/14','RR/MM/DD'),null,null);
Insert into ERP_SUBSCRIPTION_INFO_LIST (SUBSCRIPTION_NUM,COMPANY_NUM,SUBSCRIPTION_FORM,SUBSCRIPTION_NAME_NUM,SUBSCRIPTION_OPTION_NUM,SUBSCRIPTION_END_DATE,SUBSCRIPTION_UPDATE_DATE,SUBSCRIPTION_MEAN,SUBSCRIPTION_MEAN_NUM) values (75,1,'EL01',2,6,to_date('25/04/06','RR/MM/DD'),to_date('25/03/03','RR/MM/DD'),null,null);
Insert into ERP_SUBSCRIPTION_INFO_LIST (SUBSCRIPTION_NUM,COMPANY_NUM,SUBSCRIPTION_FORM,SUBSCRIPTION_NAME_NUM,SUBSCRIPTION_OPTION_NUM,SUBSCRIPTION_END_DATE,SUBSCRIPTION_UPDATE_DATE,SUBSCRIPTION_MEAN,SUBSCRIPTION_MEAN_NUM) values (77,48,'EL01',1,1,to_date('25/06/12','RR/MM/DD'),to_date('25/03/04','RR/MM/DD'),null,null);
Insert into ERP_SUBSCRIPTION_INFO_LIST (SUBSCRIPTION_NUM,COMPANY_NUM,SUBSCRIPTION_FORM,SUBSCRIPTION_NAME_NUM,SUBSCRIPTION_OPTION_NUM,SUBSCRIPTION_END_DATE,SUBSCRIPTION_UPDATE_DATE,SUBSCRIPTION_MEAN,SUBSCRIPTION_MEAN_NUM) values (78,48,'EL01',2,6,to_date('25/07/22','RR/MM/DD'),to_date('25/03/04','RR/MM/DD'),null,null);
Insert into ERP_SUBSCRIPTION_INFO_LIST (SUBSCRIPTION_NUM,COMPANY_NUM,SUBSCRIPTION_FORM,SUBSCRIPTION_NAME_NUM,SUBSCRIPTION_OPTION_NUM,SUBSCRIPTION_END_DATE,SUBSCRIPTION_UPDATE_DATE,SUBSCRIPTION_MEAN,SUBSCRIPTION_MEAN_NUM) values (80,48,'EL01',4,31,to_date('25/06/12','RR/MM/DD'),to_date('25/03/04','RR/MM/DD'),null,null);
Insert into ERP_SUBSCRIPTION_INFO_LIST (SUBSCRIPTION_NUM,COMPANY_NUM,SUBSCRIPTION_FORM,SUBSCRIPTION_NAME_NUM,SUBSCRIPTION_OPTION_NUM,SUBSCRIPTION_END_DATE,SUBSCRIPTION_UPDATE_DATE,SUBSCRIPTION_MEAN,SUBSCRIPTION_MEAN_NUM) values (72,46,'EL01',1,27,to_date('25/03/13','RR/MM/DD'),to_date('25/03/03','RR/MM/DD'),null,null);
Insert into ERP_SUBSCRIPTION_INFO_LIST (SUBSCRIPTION_NUM,COMPANY_NUM,SUBSCRIPTION_FORM,SUBSCRIPTION_NAME_NUM,SUBSCRIPTION_OPTION_NUM,SUBSCRIPTION_END_DATE,SUBSCRIPTION_UPDATE_DATE,SUBSCRIPTION_MEAN,SUBSCRIPTION_MEAN_NUM) values (73,1,'EL01',3,30,to_date('25/04/06','RR/MM/DD'),to_date('25/03/03','RR/MM/DD'),null,null);
Insert into ERP_SUBSCRIPTION_INFO_LIST (SUBSCRIPTION_NUM,COMPANY_NUM,SUBSCRIPTION_FORM,SUBSCRIPTION_NAME_NUM,SUBSCRIPTION_OPTION_NUM,SUBSCRIPTION_END_DATE,SUBSCRIPTION_UPDATE_DATE,SUBSCRIPTION_MEAN,SUBSCRIPTION_MEAN_NUM) values (74,1,'EL01',4,31,to_date('25/04/06','RR/MM/DD'),to_date('25/03/03','RR/MM/DD'),null,null);
Insert into ERP_SUBSCRIPTION_INFO_LIST (SUBSCRIPTION_NUM,COMPANY_NUM,SUBSCRIPTION_FORM,SUBSCRIPTION_NAME_NUM,SUBSCRIPTION_OPTION_NUM,SUBSCRIPTION_END_DATE,SUBSCRIPTION_UPDATE_DATE,SUBSCRIPTION_MEAN,SUBSCRIPTION_MEAN_NUM) values (81,48,'EL01',5,32,to_date('25/06/12','RR/MM/DD'),to_date('25/03/04','RR/MM/DD'),null,null);
Insert into ERP_SUBSCRIPTION_INFO_LIST (SUBSCRIPTION_NUM,COMPANY_NUM,SUBSCRIPTION_FORM,SUBSCRIPTION_NAME_NUM,SUBSCRIPTION_OPTION_NUM,SUBSCRIPTION_END_DATE,SUBSCRIPTION_UPDATE_DATE,SUBSCRIPTION_MEAN,SUBSCRIPTION_MEAN_NUM) values (82,49,'EL01',1,1,to_date('25/04/13','RR/MM/DD'),to_date('25/03/04','RR/MM/DD'),null,null);
Insert into ERP_SUBSCRIPTION_INFO_LIST (SUBSCRIPTION_NUM,COMPANY_NUM,SUBSCRIPTION_FORM,SUBSCRIPTION_NAME_NUM,SUBSCRIPTION_OPTION_NUM,SUBSCRIPTION_END_DATE,SUBSCRIPTION_UPDATE_DATE,SUBSCRIPTION_MEAN,SUBSCRIPTION_MEAN_NUM) values (95,52,'EL01',2,6,to_date('25/03/17','RR/MM/DD'),to_date('25/03/07','RR/MM/DD'),null,null);
Insert into ERP_SUBSCRIPTION_INFO_LIST (SUBSCRIPTION_NUM,COMPANY_NUM,SUBSCRIPTION_FORM,SUBSCRIPTION_NAME_NUM,SUBSCRIPTION_OPTION_NUM,SUBSCRIPTION_END_DATE,SUBSCRIPTION_UPDATE_DATE,SUBSCRIPTION_MEAN,SUBSCRIPTION_MEAN_NUM) values (96,52,'EL01',3,30,to_date('25/03/17','RR/MM/DD'),to_date('25/03/07','RR/MM/DD'),null,null);
Insert into ERP_SUBSCRIPTION_INFO_LIST (SUBSCRIPTION_NUM,COMPANY_NUM,SUBSCRIPTION_FORM,SUBSCRIPTION_NAME_NUM,SUBSCRIPTION_OPTION_NUM,SUBSCRIPTION_END_DATE,SUBSCRIPTION_UPDATE_DATE,SUBSCRIPTION_MEAN,SUBSCRIPTION_MEAN_NUM) values (97,52,'EL01',4,31,to_date('25/03/17','RR/MM/DD'),to_date('25/03/07','RR/MM/DD'),null,null);
Insert into ERP_SUBSCRIPTION_INFO_LIST (SUBSCRIPTION_NUM,COMPANY_NUM,SUBSCRIPTION_FORM,SUBSCRIPTION_NAME_NUM,SUBSCRIPTION_OPTION_NUM,SUBSCRIPTION_END_DATE,SUBSCRIPTION_UPDATE_DATE,SUBSCRIPTION_MEAN,SUBSCRIPTION_MEAN_NUM) values (98,52,'EL01',5,32,to_date('25/03/17','RR/MM/DD'),to_date('25/03/07','RR/MM/DD'),null,null);
Insert into ERP_SUBSCRIPTION_INFO_LIST (SUBSCRIPTION_NUM,COMPANY_NUM,SUBSCRIPTION_FORM,SUBSCRIPTION_NAME_NUM,SUBSCRIPTION_OPTION_NUM,SUBSCRIPTION_END_DATE,SUBSCRIPTION_UPDATE_DATE,SUBSCRIPTION_MEAN,SUBSCRIPTION_MEAN_NUM) values (100,54,'EL01',1,1,to_date('25/04/21','RR/MM/DD'),to_date('25/03/11','RR/MM/DD'),null,null);
Insert into ERP_SUBSCRIPTION_INFO_LIST (SUBSCRIPTION_NUM,COMPANY_NUM,SUBSCRIPTION_FORM,SUBSCRIPTION_NAME_NUM,SUBSCRIPTION_OPTION_NUM,SUBSCRIPTION_END_DATE,SUBSCRIPTION_UPDATE_DATE,SUBSCRIPTION_MEAN,SUBSCRIPTION_MEAN_NUM) values (20,20,'EL01',1,27,to_date('25/02/24','RR/MM/DD'),to_date('25/02/14','RR/MM/DD'),null,null);
Insert into ERP_SUBSCRIPTION_INFO_LIST (SUBSCRIPTION_NUM,COMPANY_NUM,SUBSCRIPTION_FORM,SUBSCRIPTION_NAME_NUM,SUBSCRIPTION_OPTION_NUM,SUBSCRIPTION_END_DATE,SUBSCRIPTION_UPDATE_DATE,SUBSCRIPTION_MEAN,SUBSCRIPTION_MEAN_NUM) values (21,23,'EL01',1,27,to_date('25/04/01','RR/MM/DD'),to_date('25/03/11','RR/MM/DD'),null,null);
Insert into ERP_SUBSCRIPTION_INFO_LIST (SUBSCRIPTION_NUM,COMPANY_NUM,SUBSCRIPTION_FORM,SUBSCRIPTION_NAME_NUM,SUBSCRIPTION_OPTION_NUM,SUBSCRIPTION_END_DATE,SUBSCRIPTION_UPDATE_DATE,SUBSCRIPTION_MEAN,SUBSCRIPTION_MEAN_NUM) values (22,25,'EL01',1,27,to_date('25/02/24','RR/MM/DD'),to_date('25/02/14','RR/MM/DD'),null,null);
Insert into ERP_SUBSCRIPTION_INFO_LIST (SUBSCRIPTION_NUM,COMPANY_NUM,SUBSCRIPTION_FORM,SUBSCRIPTION_NAME_NUM,SUBSCRIPTION_OPTION_NUM,SUBSCRIPTION_END_DATE,SUBSCRIPTION_UPDATE_DATE,SUBSCRIPTION_MEAN,SUBSCRIPTION_MEAN_NUM) values (23,26,'EL01',1,27,to_date('25/02/24','RR/MM/DD'),to_date('25/02/14','RR/MM/DD'),null,null);
Insert into ERP_SUBSCRIPTION_INFO_LIST (SUBSCRIPTION_NUM,COMPANY_NUM,SUBSCRIPTION_FORM,SUBSCRIPTION_NAME_NUM,SUBSCRIPTION_OPTION_NUM,SUBSCRIPTION_END_DATE,SUBSCRIPTION_UPDATE_DATE,SUBSCRIPTION_MEAN,SUBSCRIPTION_MEAN_NUM) values (28,31,'EL01',1,27,to_date('25/02/24','RR/MM/DD'),to_date('25/02/14','RR/MM/DD'),null,null);
Insert into ERP_SUBSCRIPTION_INFO_LIST (SUBSCRIPTION_NUM,COMPANY_NUM,SUBSCRIPTION_FORM,SUBSCRIPTION_NAME_NUM,SUBSCRIPTION_OPTION_NUM,SUBSCRIPTION_END_DATE,SUBSCRIPTION_UPDATE_DATE,SUBSCRIPTION_MEAN,SUBSCRIPTION_MEAN_NUM) values (29,32,'EL01',1,27,to_date('25/02/24','RR/MM/DD'),to_date('25/02/14','RR/MM/DD'),null,null);
Insert into ERP_SUBSCRIPTION_INFO_LIST (SUBSCRIPTION_NUM,COMPANY_NUM,SUBSCRIPTION_FORM,SUBSCRIPTION_NAME_NUM,SUBSCRIPTION_OPTION_NUM,SUBSCRIPTION_END_DATE,SUBSCRIPTION_UPDATE_DATE,SUBSCRIPTION_MEAN,SUBSCRIPTION_MEAN_NUM) values (30,33,'EL01',1,27,to_date('25/02/24','RR/MM/DD'),to_date('25/02/14','RR/MM/DD'),null,null);
Insert into ERP_SUBSCRIPTION_INFO_LIST (SUBSCRIPTION_NUM,COMPANY_NUM,SUBSCRIPTION_FORM,SUBSCRIPTION_NAME_NUM,SUBSCRIPTION_OPTION_NUM,SUBSCRIPTION_END_DATE,SUBSCRIPTION_UPDATE_DATE,SUBSCRIPTION_MEAN,SUBSCRIPTION_MEAN_NUM) values (31,34,'EL01',1,27,to_date('25/03/19','RR/MM/DD'),to_date('25/03/10','RR/MM/DD'),null,null);
Insert into ERP_SUBSCRIPTION_INFO_LIST (SUBSCRIPTION_NUM,COMPANY_NUM,SUBSCRIPTION_FORM,SUBSCRIPTION_NAME_NUM,SUBSCRIPTION_OPTION_NUM,SUBSCRIPTION_END_DATE,SUBSCRIPTION_UPDATE_DATE,SUBSCRIPTION_MEAN,SUBSCRIPTION_MEAN_NUM) values (32,35,'EL01',1,27,to_date('25/02/24','RR/MM/DD'),to_date('25/02/14','RR/MM/DD'),null,null);
Insert into ERP_SUBSCRIPTION_INFO_LIST (SUBSCRIPTION_NUM,COMPANY_NUM,SUBSCRIPTION_FORM,SUBSCRIPTION_NAME_NUM,SUBSCRIPTION_OPTION_NUM,SUBSCRIPTION_END_DATE,SUBSCRIPTION_UPDATE_DATE,SUBSCRIPTION_MEAN,SUBSCRIPTION_MEAN_NUM) values (33,36,'EL01',1,27,to_date('25/02/24','RR/MM/DD'),to_date('25/02/14','RR/MM/DD'),null,null);
Insert into ERP_SUBSCRIPTION_INFO_LIST (SUBSCRIPTION_NUM,COMPANY_NUM,SUBSCRIPTION_FORM,SUBSCRIPTION_NAME_NUM,SUBSCRIPTION_OPTION_NUM,SUBSCRIPTION_END_DATE,SUBSCRIPTION_UPDATE_DATE,SUBSCRIPTION_MEAN,SUBSCRIPTION_MEAN_NUM) values (34,37,'EL01',1,27,to_date('25/02/24','RR/MM/DD'),to_date('25/02/14','RR/MM/DD'),null,null);
Insert into ERP_SUBSCRIPTION_INFO_LIST (SUBSCRIPTION_NUM,COMPANY_NUM,SUBSCRIPTION_FORM,SUBSCRIPTION_NAME_NUM,SUBSCRIPTION_OPTION_NUM,SUBSCRIPTION_END_DATE,SUBSCRIPTION_UPDATE_DATE,SUBSCRIPTION_MEAN,SUBSCRIPTION_MEAN_NUM) values (35,38,'EL01',1,27,to_date('10/10/10','RR/MM/DD'),to_date('25/03/06','RR/MM/DD'),null,null);
Insert into ERP_SUBSCRIPTION_INFO_LIST (SUBSCRIPTION_NUM,COMPANY_NUM,SUBSCRIPTION_FORM,SUBSCRIPTION_NAME_NUM,SUBSCRIPTION_OPTION_NUM,SUBSCRIPTION_END_DATE,SUBSCRIPTION_UPDATE_DATE,SUBSCRIPTION_MEAN,SUBSCRIPTION_MEAN_NUM) values (36,39,'EL01',1,27,to_date('25/03/19','RR/MM/DD'),to_date('25/03/10','RR/MM/DD'),null,null);
Insert into ERP_SUBSCRIPTION_INFO_LIST (SUBSCRIPTION_NUM,COMPANY_NUM,SUBSCRIPTION_FORM,SUBSCRIPTION_NAME_NUM,SUBSCRIPTION_OPTION_NUM,SUBSCRIPTION_END_DATE,SUBSCRIPTION_UPDATE_DATE,SUBSCRIPTION_MEAN,SUBSCRIPTION_MEAN_NUM) values (37,40,'EL01',1,1,to_date('25/03/06','RR/MM/DD'),to_date('25/03/06','RR/MM/DD'),null,null);
Insert into ERP_SUBSCRIPTION_INFO_LIST (SUBSCRIPTION_NUM,COMPANY_NUM,SUBSCRIPTION_FORM,SUBSCRIPTION_NAME_NUM,SUBSCRIPTION_OPTION_NUM,SUBSCRIPTION_END_DATE,SUBSCRIPTION_UPDATE_DATE,SUBSCRIPTION_MEAN,SUBSCRIPTION_MEAN_NUM) values (38,41,'EL01',1,27,to_date('25/03/13','RR/MM/DD'),to_date('25/03/04','RR/MM/DD'),null,null);
Insert into ERP_SUBSCRIPTION_INFO_LIST (SUBSCRIPTION_NUM,COMPANY_NUM,SUBSCRIPTION_FORM,SUBSCRIPTION_NAME_NUM,SUBSCRIPTION_OPTION_NUM,SUBSCRIPTION_END_DATE,SUBSCRIPTION_UPDATE_DATE,SUBSCRIPTION_MEAN,SUBSCRIPTION_MEAN_NUM) values (99,53,'EL01',1,27,to_date('25/03/20','RR/MM/DD'),to_date('25/03/10','RR/MM/DD'),null,null);
Insert into ERP_SUBSCRIPTION_INFO_LIST (SUBSCRIPTION_NUM,COMPANY_NUM,SUBSCRIPTION_FORM,SUBSCRIPTION_NAME_NUM,SUBSCRIPTION_OPTION_NUM,SUBSCRIPTION_END_DATE,SUBSCRIPTION_UPDATE_DATE,SUBSCRIPTION_MEAN,SUBSCRIPTION_MEAN_NUM) values (39,42,'EL01',1,27,to_date('10/10/10','RR/MM/DD'),to_date('25/02/18','RR/MM/DD'),null,null);
Insert into ERP_SUBSCRIPTION_INFO_LIST (SUBSCRIPTION_NUM,COMPANY_NUM,SUBSCRIPTION_FORM,SUBSCRIPTION_NAME_NUM,SUBSCRIPTION_OPTION_NUM,SUBSCRIPTION_END_DATE,SUBSCRIPTION_UPDATE_DATE,SUBSCRIPTION_MEAN,SUBSCRIPTION_MEAN_NUM) values (40,43,'EL01',1,27,to_date('25/03/23','RR/MM/DD'),to_date('25/03/04','RR/MM/DD'),null,null);
Insert into ERP_SUBSCRIPTION_INFO_LIST (SUBSCRIPTION_NUM,COMPANY_NUM,SUBSCRIPTION_FORM,SUBSCRIPTION_NAME_NUM,SUBSCRIPTION_OPTION_NUM,SUBSCRIPTION_END_DATE,SUBSCRIPTION_UPDATE_DATE,SUBSCRIPTION_MEAN,SUBSCRIPTION_MEAN_NUM) values (87,50,'EL01',1,1,to_date('25/04/14','RR/MM/DD'),to_date('25/03/05','RR/MM/DD'),null,null);
Insert into ERP_SUBSCRIPTION_INFO_LIST (SUBSCRIPTION_NUM,COMPANY_NUM,SUBSCRIPTION_FORM,SUBSCRIPTION_NAME_NUM,SUBSCRIPTION_OPTION_NUM,SUBSCRIPTION_END_DATE,SUBSCRIPTION_UPDATE_DATE,SUBSCRIPTION_MEAN,SUBSCRIPTION_MEAN_NUM) values (55,44,'EL01',1,27,to_date('25/03/09','RR/MM/DD'),to_date('25/02/28','RR/MM/DD'),null,null);
Insert into ERP_SUBSCRIPTION_INFO_LIST (SUBSCRIPTION_NUM,COMPANY_NUM,SUBSCRIPTION_FORM,SUBSCRIPTION_NAME_NUM,SUBSCRIPTION_OPTION_NUM,SUBSCRIPTION_END_DATE,SUBSCRIPTION_UPDATE_DATE,SUBSCRIPTION_MEAN,SUBSCRIPTION_MEAN_NUM) values (76,47,'EL01',1,27,to_date('25/03/14','RR/MM/DD'),to_date('25/03/04','RR/MM/DD'),null,null);
Insert into ERP_SUBSCRIPTION_INFO_LIST (SUBSCRIPTION_NUM,COMPANY_NUM,SUBSCRIPTION_FORM,SUBSCRIPTION_NAME_NUM,SUBSCRIPTION_OPTION_NUM,SUBSCRIPTION_END_DATE,SUBSCRIPTION_UPDATE_DATE,SUBSCRIPTION_MEAN,SUBSCRIPTION_MEAN_NUM) values (79,48,'EL01',3,30,to_date('25/06/12','RR/MM/DD'),to_date('25/03/04','RR/MM/DD'),null,null);
Insert into ERP_SUBSCRIPTION_INFO_LIST (SUBSCRIPTION_NUM,COMPANY_NUM,SUBSCRIPTION_FORM,SUBSCRIPTION_NAME_NUM,SUBSCRIPTION_OPTION_NUM,SUBSCRIPTION_END_DATE,SUBSCRIPTION_UPDATE_DATE,SUBSCRIPTION_MEAN,SUBSCRIPTION_MEAN_NUM) values (88,50,'EL01',2,6,to_date('25/04/14','RR/MM/DD'),to_date('25/03/05','RR/MM/DD'),null,null);
Insert into ERP_SUBSCRIPTION_INFO_LIST (SUBSCRIPTION_NUM,COMPANY_NUM,SUBSCRIPTION_FORM,SUBSCRIPTION_NAME_NUM,SUBSCRIPTION_OPTION_NUM,SUBSCRIPTION_END_DATE,SUBSCRIPTION_UPDATE_DATE,SUBSCRIPTION_MEAN,SUBSCRIPTION_MEAN_NUM) values (89,50,'EL01',3,30,to_date('25/04/14','RR/MM/DD'),to_date('25/03/05','RR/MM/DD'),null,null);
Insert into ERP_SUBSCRIPTION_INFO_LIST (SUBSCRIPTION_NUM,COMPANY_NUM,SUBSCRIPTION_FORM,SUBSCRIPTION_NAME_NUM,SUBSCRIPTION_OPTION_NUM,SUBSCRIPTION_END_DATE,SUBSCRIPTION_UPDATE_DATE,SUBSCRIPTION_MEAN,SUBSCRIPTION_MEAN_NUM) values (90,50,'EL01',4,31,to_date('25/04/14','RR/MM/DD'),to_date('25/03/05','RR/MM/DD'),null,null);
Insert into ERP_SUBSCRIPTION_INFO_LIST (SUBSCRIPTION_NUM,COMPANY_NUM,SUBSCRIPTION_FORM,SUBSCRIPTION_NAME_NUM,SUBSCRIPTION_OPTION_NUM,SUBSCRIPTION_END_DATE,SUBSCRIPTION_UPDATE_DATE,SUBSCRIPTION_MEAN,SUBSCRIPTION_MEAN_NUM) values (91,50,'EL01',5,32,to_date('25/04/14','RR/MM/DD'),to_date('25/03/05','RR/MM/DD'),null,null);
Insert into ERP_SUBSCRIPTION_INFO_LIST (SUBSCRIPTION_NUM,COMPANY_NUM,SUBSCRIPTION_FORM,SUBSCRIPTION_NAME_NUM,SUBSCRIPTION_OPTION_NUM,SUBSCRIPTION_END_DATE,SUBSCRIPTION_UPDATE_DATE,SUBSCRIPTION_MEAN,SUBSCRIPTION_MEAN_NUM) values (92,1,'EL01',5,32,to_date('25/04/06','RR/MM/DD'),to_date('25/03/05','RR/MM/DD'),null,null);
Insert into ERP_SUBSCRIPTION_INFO_LIST (SUBSCRIPTION_NUM,COMPANY_NUM,SUBSCRIPTION_FORM,SUBSCRIPTION_NAME_NUM,SUBSCRIPTION_OPTION_NUM,SUBSCRIPTION_END_DATE,SUBSCRIPTION_UPDATE_DATE,SUBSCRIPTION_MEAN,SUBSCRIPTION_MEAN_NUM) values (93,51,'EL01',1,27,to_date('25/03/16','RR/MM/DD'),to_date('25/03/06','RR/MM/DD'),null,null);
Insert into ERP_SUBSCRIPTION_INFO_LIST (SUBSCRIPTION_NUM,COMPANY_NUM,SUBSCRIPTION_FORM,SUBSCRIPTION_NAME_NUM,SUBSCRIPTION_OPTION_NUM,SUBSCRIPTION_END_DATE,SUBSCRIPTION_UPDATE_DATE,SUBSCRIPTION_MEAN,SUBSCRIPTION_MEAN_NUM) values (101,54,'EL01',2,6,to_date('25/04/21','RR/MM/DD'),to_date('25/03/11','RR/MM/DD'),null,null);
Insert into ERP_SUBSCRIPTION_INFO_LIST (SUBSCRIPTION_NUM,COMPANY_NUM,SUBSCRIPTION_FORM,SUBSCRIPTION_NAME_NUM,SUBSCRIPTION_OPTION_NUM,SUBSCRIPTION_END_DATE,SUBSCRIPTION_UPDATE_DATE,SUBSCRIPTION_MEAN,SUBSCRIPTION_MEAN_NUM) values (102,54,'EL01',3,8,to_date('25/04/10','RR/MM/DD'),to_date('25/03/11','RR/MM/DD'),null,null);
Insert into ERP_SUBSCRIPTION_INFO_LIST (SUBSCRIPTION_NUM,COMPANY_NUM,SUBSCRIPTION_FORM,SUBSCRIPTION_NAME_NUM,SUBSCRIPTION_OPTION_NUM,SUBSCRIPTION_END_DATE,SUBSCRIPTION_UPDATE_DATE,SUBSCRIPTION_MEAN,SUBSCRIPTION_MEAN_NUM) values (103,54,'EL01',4,12,to_date('25/04/10','RR/MM/DD'),to_date('25/03/11','RR/MM/DD'),null,null);
Insert into ERP_SUBSCRIPTION_INFO_LIST (SUBSCRIPTION_NUM,COMPANY_NUM,SUBSCRIPTION_FORM,SUBSCRIPTION_NAME_NUM,SUBSCRIPTION_OPTION_NUM,SUBSCRIPTION_END_DATE,SUBSCRIPTION_UPDATE_DATE,SUBSCRIPTION_MEAN,SUBSCRIPTION_MEAN_NUM) values (104,54,'EL01',5,16,to_date('25/04/10','RR/MM/DD'),to_date('25/03/11','RR/MM/DD'),null,null);
REM INSERTING into ERP_SUBSCRIPTION_LIST
SET DEFINE OFF;
Insert into ERP_SUBSCRIPTION_LIST (SUBSCRIPTION_NUM,COMPANY_NUM,EMPLOYEE_NUM,SUBSCRIPTION_FORM,SUBSCRIPTION_MEAN,SUBSCRIPTION_MEAN_NUM,SUBSCRIPTION_AMOUNT,STATE,SUBSCRIPTION_DATE) values (63,1,1,'EL01','EP02',null,38000,'ES04',to_date('25/02/21','RR/MM/DD'));
Insert into ERP_SUBSCRIPTION_LIST (SUBSCRIPTION_NUM,COMPANY_NUM,EMPLOYEE_NUM,SUBSCRIPTION_FORM,SUBSCRIPTION_MEAN,SUBSCRIPTION_MEAN_NUM,SUBSCRIPTION_AMOUNT,STATE,SUBSCRIPTION_DATE) values (64,1,1,'EL01','EP02',null,158000,'ES04',to_date('25/02/21','RR/MM/DD'));
Insert into ERP_SUBSCRIPTION_LIST (SUBSCRIPTION_NUM,COMPANY_NUM,EMPLOYEE_NUM,SUBSCRIPTION_FORM,SUBSCRIPTION_MEAN,SUBSCRIPTION_MEAN_NUM,SUBSCRIPTION_AMOUNT,STATE,SUBSCRIPTION_DATE) values (75,45,100000,'EL01','EP02',null,15000,'ES04',to_date('25/02/28','RR/MM/DD'));
Insert into ERP_SUBSCRIPTION_LIST (SUBSCRIPTION_NUM,COMPANY_NUM,EMPLOYEE_NUM,SUBSCRIPTION_FORM,SUBSCRIPTION_MEAN,SUBSCRIPTION_MEAN_NUM,SUBSCRIPTION_AMOUNT,STATE,SUBSCRIPTION_DATE) values (84,49,100004,'EL01','EP02',null,160000,'ES04',to_date('25/03/04','RR/MM/DD'));
Insert into ERP_SUBSCRIPTION_LIST (SUBSCRIPTION_NUM,COMPANY_NUM,EMPLOYEE_NUM,SUBSCRIPTION_FORM,SUBSCRIPTION_MEAN,SUBSCRIPTION_MEAN_NUM,SUBSCRIPTION_AMOUNT,STATE,SUBSCRIPTION_DATE) values (73,1,99977,'EL01','EP02',null,147000,'ES04',to_date('25/02/28','RR/MM/DD'));
Insert into ERP_SUBSCRIPTION_LIST (SUBSCRIPTION_NUM,COMPANY_NUM,EMPLOYEE_NUM,SUBSCRIPTION_FORM,SUBSCRIPTION_MEAN,SUBSCRIPTION_MEAN_NUM,SUBSCRIPTION_AMOUNT,STATE,SUBSCRIPTION_DATE) values (77,1,99977,'EL01','EP02',null,2000,'ES04',to_date('25/03/03','RR/MM/DD'));
Insert into ERP_SUBSCRIPTION_LIST (SUBSCRIPTION_NUM,COMPANY_NUM,EMPLOYEE_NUM,SUBSCRIPTION_FORM,SUBSCRIPTION_MEAN,SUBSCRIPTION_MEAN_NUM,SUBSCRIPTION_AMOUNT,STATE,SUBSCRIPTION_DATE) values (78,1,99977,'EL01','EP02',null,2000,'ES04',to_date('25/03/03','RR/MM/DD'));
Insert into ERP_SUBSCRIPTION_LIST (SUBSCRIPTION_NUM,COMPANY_NUM,EMPLOYEE_NUM,SUBSCRIPTION_FORM,SUBSCRIPTION_MEAN,SUBSCRIPTION_MEAN_NUM,SUBSCRIPTION_AMOUNT,STATE,SUBSCRIPTION_DATE) values (79,1,99977,'EL01','EP02',null,4000,'ES04',to_date('25/03/03','RR/MM/DD'));
Insert into ERP_SUBSCRIPTION_LIST (SUBSCRIPTION_NUM,COMPANY_NUM,EMPLOYEE_NUM,SUBSCRIPTION_FORM,SUBSCRIPTION_MEAN,SUBSCRIPTION_MEAN_NUM,SUBSCRIPTION_AMOUNT,STATE,SUBSCRIPTION_DATE) values (80,48,100003,'EL01','EP02',null,60000,'ES04',to_date('25/03/04','RR/MM/DD'));
Insert into ERP_SUBSCRIPTION_LIST (SUBSCRIPTION_NUM,COMPANY_NUM,EMPLOYEE_NUM,SUBSCRIPTION_FORM,SUBSCRIPTION_MEAN,SUBSCRIPTION_MEAN_NUM,SUBSCRIPTION_AMOUNT,STATE,SUBSCRIPTION_DATE) values (81,48,100003,'EL01','EP02',null,40000,'ES04',to_date('25/03/04','RR/MM/DD'));
Insert into ERP_SUBSCRIPTION_LIST (SUBSCRIPTION_NUM,COMPANY_NUM,EMPLOYEE_NUM,SUBSCRIPTION_FORM,SUBSCRIPTION_MEAN,SUBSCRIPTION_MEAN_NUM,SUBSCRIPTION_AMOUNT,STATE,SUBSCRIPTION_DATE) values (83,48,100003,'EL01','EP02',null,225000,'ES04',to_date('25/03/04','RR/MM/DD'));
Insert into ERP_SUBSCRIPTION_LIST (SUBSCRIPTION_NUM,COMPANY_NUM,EMPLOYEE_NUM,SUBSCRIPTION_FORM,SUBSCRIPTION_MEAN,SUBSCRIPTION_MEAN_NUM,SUBSCRIPTION_AMOUNT,STATE,SUBSCRIPTION_DATE) values (87,52,100007,'EL01','EP02',null,27500,'ES04',to_date('25/03/07','RR/MM/DD'));
Insert into ERP_SUBSCRIPTION_LIST (SUBSCRIPTION_NUM,COMPANY_NUM,EMPLOYEE_NUM,SUBSCRIPTION_FORM,SUBSCRIPTION_MEAN,SUBSCRIPTION_MEAN_NUM,SUBSCRIPTION_AMOUNT,STATE,SUBSCRIPTION_DATE) values (62,1,1,'EL01','EP02',null,60000,'ES04',to_date('25/02/21','RR/MM/DD'));
Insert into ERP_SUBSCRIPTION_LIST (SUBSCRIPTION_NUM,COMPANY_NUM,EMPLOYEE_NUM,SUBSCRIPTION_FORM,SUBSCRIPTION_MEAN,SUBSCRIPTION_MEAN_NUM,SUBSCRIPTION_AMOUNT,STATE,SUBSCRIPTION_DATE) values (65,1,1,'EL01','EP02',null,15000,'ES04',to_date('25/02/21','RR/MM/DD'));
Insert into ERP_SUBSCRIPTION_LIST (SUBSCRIPTION_NUM,COMPANY_NUM,EMPLOYEE_NUM,SUBSCRIPTION_FORM,SUBSCRIPTION_MEAN,SUBSCRIPTION_MEAN_NUM,SUBSCRIPTION_AMOUNT,STATE,SUBSCRIPTION_DATE) values (67,1,1,'EL01','EP02',null,60000,'ES04',to_date('25/02/21','RR/MM/DD'));
Insert into ERP_SUBSCRIPTION_LIST (SUBSCRIPTION_NUM,COMPANY_NUM,EMPLOYEE_NUM,SUBSCRIPTION_FORM,SUBSCRIPTION_MEAN,SUBSCRIPTION_MEAN_NUM,SUBSCRIPTION_AMOUNT,STATE,SUBSCRIPTION_DATE) values (70,1,1,'EL01','EP02',null,60000,'ES04',to_date('25/02/27','RR/MM/DD'));
Insert into ERP_SUBSCRIPTION_LIST (SUBSCRIPTION_NUM,COMPANY_NUM,EMPLOYEE_NUM,SUBSCRIPTION_FORM,SUBSCRIPTION_MEAN,SUBSCRIPTION_MEAN_NUM,SUBSCRIPTION_AMOUNT,STATE,SUBSCRIPTION_DATE) values (74,40,99995,'EL01','EP02',null,148500,'ES04',to_date('25/02/28','RR/MM/DD'));
Insert into ERP_SUBSCRIPTION_LIST (SUBSCRIPTION_NUM,COMPANY_NUM,EMPLOYEE_NUM,SUBSCRIPTION_FORM,SUBSCRIPTION_MEAN,SUBSCRIPTION_MEAN_NUM,SUBSCRIPTION_AMOUNT,STATE,SUBSCRIPTION_DATE) values (66,1,1,'EL01','EP02',null,15000,'ES04',to_date('25/02/21','RR/MM/DD'));
Insert into ERP_SUBSCRIPTION_LIST (SUBSCRIPTION_NUM,COMPANY_NUM,EMPLOYEE_NUM,SUBSCRIPTION_FORM,SUBSCRIPTION_MEAN,SUBSCRIPTION_MEAN_NUM,SUBSCRIPTION_AMOUNT,STATE,SUBSCRIPTION_DATE) values (68,1,1,'EL01','EP03',null,282000,'ES04',to_date('25/02/21','RR/MM/DD'));
Insert into ERP_SUBSCRIPTION_LIST (SUBSCRIPTION_NUM,COMPANY_NUM,EMPLOYEE_NUM,SUBSCRIPTION_FORM,SUBSCRIPTION_MEAN,SUBSCRIPTION_MEAN_NUM,SUBSCRIPTION_AMOUNT,STATE,SUBSCRIPTION_DATE) values (71,1,1,'EL01','EP02',null,4500,'ES04',to_date('25/02/27','RR/MM/DD'));
Insert into ERP_SUBSCRIPTION_LIST (SUBSCRIPTION_NUM,COMPANY_NUM,EMPLOYEE_NUM,SUBSCRIPTION_FORM,SUBSCRIPTION_MEAN,SUBSCRIPTION_MEAN_NUM,SUBSCRIPTION_AMOUNT,STATE,SUBSCRIPTION_DATE) values (72,1,1,'EL01','EP02',null,4500,'ES04',to_date('25/02/27','RR/MM/DD'));
Insert into ERP_SUBSCRIPTION_LIST (SUBSCRIPTION_NUM,COMPANY_NUM,EMPLOYEE_NUM,SUBSCRIPTION_FORM,SUBSCRIPTION_MEAN,SUBSCRIPTION_MEAN_NUM,SUBSCRIPTION_AMOUNT,STATE,SUBSCRIPTION_DATE) values (76,1,99977,'EL01','EP02',null,127800,'ES04',to_date('25/03/03','RR/MM/DD'));
Insert into ERP_SUBSCRIPTION_LIST (SUBSCRIPTION_NUM,COMPANY_NUM,EMPLOYEE_NUM,SUBSCRIPTION_FORM,SUBSCRIPTION_MEAN,SUBSCRIPTION_MEAN_NUM,SUBSCRIPTION_AMOUNT,STATE,SUBSCRIPTION_DATE) values (86,1,99977,'EL01','EP02',null,1000,'ES04',to_date('25/03/05','RR/MM/DD'));
Insert into ERP_SUBSCRIPTION_LIST (SUBSCRIPTION_NUM,COMPANY_NUM,EMPLOYEE_NUM,SUBSCRIPTION_FORM,SUBSCRIPTION_MEAN,SUBSCRIPTION_MEAN_NUM,SUBSCRIPTION_AMOUNT,STATE,SUBSCRIPTION_DATE) values (88,54,100009,'EL01','EP02',null,146000,'ES04',to_date('25/03/11','RR/MM/DD'));
Insert into ERP_SUBSCRIPTION_LIST (SUBSCRIPTION_NUM,COMPANY_NUM,EMPLOYEE_NUM,SUBSCRIPTION_FORM,SUBSCRIPTION_MEAN,SUBSCRIPTION_MEAN_NUM,SUBSCRIPTION_AMOUNT,STATE,SUBSCRIPTION_DATE) values (82,48,100003,'EL01','EP02',null,75000,'ES04',to_date('25/03/04','RR/MM/DD'));
Insert into ERP_SUBSCRIPTION_LIST (SUBSCRIPTION_NUM,COMPANY_NUM,EMPLOYEE_NUM,SUBSCRIPTION_FORM,SUBSCRIPTION_MEAN,SUBSCRIPTION_MEAN_NUM,SUBSCRIPTION_AMOUNT,STATE,SUBSCRIPTION_DATE) values (85,50,100005,'EL01','EP02',null,160000,'ES04',to_date('25/03/05','RR/MM/DD'));
REM INSERTING into ERP_SUBSCRIPTION_NAME
SET DEFINE OFF;
Insert into ERP_SUBSCRIPTION_NAME (SUBSCRIPTION_NAME_NUM,SUBSCRIPTION_NAME) values (1,'sERPing 기간서비스');
Insert into ERP_SUBSCRIPTION_NAME (SUBSCRIPTION_NAME_NUM,SUBSCRIPTION_NAME) values (2,'그룹웨어(기간)');
Insert into ERP_SUBSCRIPTION_NAME (SUBSCRIPTION_NAME_NUM,SUBSCRIPTION_NAME) values (3,'인사관리(기간)');
Insert into ERP_SUBSCRIPTION_NAME (SUBSCRIPTION_NAME_NUM,SUBSCRIPTION_NAME) values (4,'지점관리(기간)');
Insert into ERP_SUBSCRIPTION_NAME (SUBSCRIPTION_NAME_NUM,SUBSCRIPTION_NAME) values (5,'회계관리(기간)');
Insert into ERP_SUBSCRIPTION_NAME (SUBSCRIPTION_NAME_NUM,SUBSCRIPTION_NAME) values (6,'sERPing 구독서비스');
Insert into ERP_SUBSCRIPTION_NAME (SUBSCRIPTION_NAME_NUM,SUBSCRIPTION_NAME) values (7,'그룹웨어(구독)');
Insert into ERP_SUBSCRIPTION_NAME (SUBSCRIPTION_NAME_NUM,SUBSCRIPTION_NAME) values (8,'인사관리(구독)');
Insert into ERP_SUBSCRIPTION_NAME (SUBSCRIPTION_NAME_NUM,SUBSCRIPTION_NAME) values (9,'지점관리(구독)');
Insert into ERP_SUBSCRIPTION_NAME (SUBSCRIPTION_NAME_NUM,SUBSCRIPTION_NAME) values (10,'회계관리(구독)');
Insert into ERP_SUBSCRIPTION_NAME (SUBSCRIPTION_NAME_NUM,SUBSCRIPTION_NAME) values (11,'기간서비스 제공');
REM INSERTING into ERP_SUBSCRIPTION_OPTION
SET DEFINE OFF;
Insert into ERP_SUBSCRIPTION_OPTION (SUBSCRIPTION_OPTION_NUM,SUBSCRIPTION_NAME_NUM,SUBSCRIPTION_OPTION,SUBSCRIPTION_OPTION_PRICE,SUBSCRIPTION_DISCOUNT,SUBSCRIPTION_PERIOD) values (28,1,'기간맞춤','0',0,0);
Insert into ERP_SUBSCRIPTION_OPTION (SUBSCRIPTION_OPTION_NUM,SUBSCRIPTION_NAME_NUM,SUBSCRIPTION_OPTION,SUBSCRIPTION_OPTION_PRICE,SUBSCRIPTION_DISCOUNT,SUBSCRIPTION_PERIOD) values (29,2,'기간맞춤','0',0,0);
Insert into ERP_SUBSCRIPTION_OPTION (SUBSCRIPTION_OPTION_NUM,SUBSCRIPTION_NAME_NUM,SUBSCRIPTION_OPTION,SUBSCRIPTION_OPTION_PRICE,SUBSCRIPTION_DISCOUNT,SUBSCRIPTION_PERIOD) values (30,3,'기간맞춤','0',0,0);
Insert into ERP_SUBSCRIPTION_OPTION (SUBSCRIPTION_OPTION_NUM,SUBSCRIPTION_NAME_NUM,SUBSCRIPTION_OPTION,SUBSCRIPTION_OPTION_PRICE,SUBSCRIPTION_DISCOUNT,SUBSCRIPTION_PERIOD) values (31,4,'기간맞춤','0',0,0);
Insert into ERP_SUBSCRIPTION_OPTION (SUBSCRIPTION_OPTION_NUM,SUBSCRIPTION_NAME_NUM,SUBSCRIPTION_OPTION,SUBSCRIPTION_OPTION_PRICE,SUBSCRIPTION_DISCOUNT,SUBSCRIPTION_PERIOD) values (32,5,'기간맞춤','0',0,0);
Insert into ERP_SUBSCRIPTION_OPTION (SUBSCRIPTION_OPTION_NUM,SUBSCRIPTION_NAME_NUM,SUBSCRIPTION_OPTION,SUBSCRIPTION_OPTION_PRICE,SUBSCRIPTION_DISCOUNT,SUBSCRIPTION_PERIOD) values (33,6,'기간맞춤','0',0,0);
Insert into ERP_SUBSCRIPTION_OPTION (SUBSCRIPTION_OPTION_NUM,SUBSCRIPTION_NAME_NUM,SUBSCRIPTION_OPTION,SUBSCRIPTION_OPTION_PRICE,SUBSCRIPTION_DISCOUNT,SUBSCRIPTION_PERIOD) values (34,7,'기간맞춤','0',0,0);
Insert into ERP_SUBSCRIPTION_OPTION (SUBSCRIPTION_OPTION_NUM,SUBSCRIPTION_NAME_NUM,SUBSCRIPTION_OPTION,SUBSCRIPTION_OPTION_PRICE,SUBSCRIPTION_DISCOUNT,SUBSCRIPTION_PERIOD) values (35,8,'기간맞춤','0',0,0);
Insert into ERP_SUBSCRIPTION_OPTION (SUBSCRIPTION_OPTION_NUM,SUBSCRIPTION_NAME_NUM,SUBSCRIPTION_OPTION,SUBSCRIPTION_OPTION_PRICE,SUBSCRIPTION_DISCOUNT,SUBSCRIPTION_PERIOD) values (36,9,'기간맞춤','0',0,0);
Insert into ERP_SUBSCRIPTION_OPTION (SUBSCRIPTION_OPTION_NUM,SUBSCRIPTION_NAME_NUM,SUBSCRIPTION_OPTION,SUBSCRIPTION_OPTION_PRICE,SUBSCRIPTION_DISCOUNT,SUBSCRIPTION_PERIOD) values (37,10,'기간맞춤','0',0,0);
Insert into ERP_SUBSCRIPTION_OPTION (SUBSCRIPTION_OPTION_NUM,SUBSCRIPTION_NAME_NUM,SUBSCRIPTION_OPTION,SUBSCRIPTION_OPTION_PRICE,SUBSCRIPTION_DISCOUNT,SUBSCRIPTION_PERIOD) values (1,1,'30일','60000',0,30);
Insert into ERP_SUBSCRIPTION_OPTION (SUBSCRIPTION_OPTION_NUM,SUBSCRIPTION_NAME_NUM,SUBSCRIPTION_OPTION,SUBSCRIPTION_OPTION_PRICE,SUBSCRIPTION_DISCOUNT,SUBSCRIPTION_PERIOD) values (2,1,'90일','174600',0.03,90);
Insert into ERP_SUBSCRIPTION_OPTION (SUBSCRIPTION_OPTION_NUM,SUBSCRIPTION_NAME_NUM,SUBSCRIPTION_OPTION,SUBSCRIPTION_OPTION_PRICE,SUBSCRIPTION_DISCOUNT,SUBSCRIPTION_PERIOD) values (3,1,'180일','338400',0.06,180);
Insert into ERP_SUBSCRIPTION_OPTION (SUBSCRIPTION_OPTION_NUM,SUBSCRIPTION_NAME_NUM,SUBSCRIPTION_OPTION,SUBSCRIPTION_OPTION_PRICE,SUBSCRIPTION_DISCOUNT,SUBSCRIPTION_PERIOD) values (4,1,'360일','648000',0.1,360);
Insert into ERP_SUBSCRIPTION_OPTION (SUBSCRIPTION_OPTION_NUM,SUBSCRIPTION_NAME_NUM,SUBSCRIPTION_OPTION,SUBSCRIPTION_OPTION_PRICE,SUBSCRIPTION_DISCOUNT,SUBSCRIPTION_PERIOD) values (5,2,'50명(기간맞춤)','0',0,50);
Insert into ERP_SUBSCRIPTION_OPTION (SUBSCRIPTION_OPTION_NUM,SUBSCRIPTION_NAME_NUM,SUBSCRIPTION_OPTION,SUBSCRIPTION_OPTION_PRICE,SUBSCRIPTION_DISCOUNT,SUBSCRIPTION_PERIOD) values (6,2,'100명(기간맞춤)','0',0,100);
Insert into ERP_SUBSCRIPTION_OPTION (SUBSCRIPTION_OPTION_NUM,SUBSCRIPTION_NAME_NUM,SUBSCRIPTION_OPTION,SUBSCRIPTION_OPTION_PRICE,SUBSCRIPTION_DISCOUNT,SUBSCRIPTION_PERIOD) values (7,2,'무제한(기간맞춤)','0',0,9999);
Insert into ERP_SUBSCRIPTION_OPTION (SUBSCRIPTION_OPTION_NUM,SUBSCRIPTION_NAME_NUM,SUBSCRIPTION_OPTION,SUBSCRIPTION_OPTION_PRICE,SUBSCRIPTION_DISCOUNT,SUBSCRIPTION_PERIOD) values (8,3,'30일','15000',0,30);
Insert into ERP_SUBSCRIPTION_OPTION (SUBSCRIPTION_OPTION_NUM,SUBSCRIPTION_NAME_NUM,SUBSCRIPTION_OPTION,SUBSCRIPTION_OPTION_PRICE,SUBSCRIPTION_DISCOUNT,SUBSCRIPTION_PERIOD) values (9,3,'90일','27000',0,90);
Insert into ERP_SUBSCRIPTION_OPTION (SUBSCRIPTION_OPTION_NUM,SUBSCRIPTION_NAME_NUM,SUBSCRIPTION_OPTION,SUBSCRIPTION_OPTION_PRICE,SUBSCRIPTION_DISCOUNT,SUBSCRIPTION_PERIOD) values (10,3,'180일','54000',0,180);
Insert into ERP_SUBSCRIPTION_OPTION (SUBSCRIPTION_OPTION_NUM,SUBSCRIPTION_NAME_NUM,SUBSCRIPTION_OPTION,SUBSCRIPTION_OPTION_PRICE,SUBSCRIPTION_DISCOUNT,SUBSCRIPTION_PERIOD) values (11,3,'360일','108000',0,360);
Insert into ERP_SUBSCRIPTION_OPTION (SUBSCRIPTION_OPTION_NUM,SUBSCRIPTION_NAME_NUM,SUBSCRIPTION_OPTION,SUBSCRIPTION_OPTION_PRICE,SUBSCRIPTION_DISCOUNT,SUBSCRIPTION_PERIOD) values (12,4,'30일','15000',0,30);
Insert into ERP_SUBSCRIPTION_OPTION (SUBSCRIPTION_OPTION_NUM,SUBSCRIPTION_NAME_NUM,SUBSCRIPTION_OPTION,SUBSCRIPTION_OPTION_PRICE,SUBSCRIPTION_DISCOUNT,SUBSCRIPTION_PERIOD) values (13,4,'90일','27000',0,90);
Insert into ERP_SUBSCRIPTION_OPTION (SUBSCRIPTION_OPTION_NUM,SUBSCRIPTION_NAME_NUM,SUBSCRIPTION_OPTION,SUBSCRIPTION_OPTION_PRICE,SUBSCRIPTION_DISCOUNT,SUBSCRIPTION_PERIOD) values (14,4,'180일','54000',0,180);
Insert into ERP_SUBSCRIPTION_OPTION (SUBSCRIPTION_OPTION_NUM,SUBSCRIPTION_NAME_NUM,SUBSCRIPTION_OPTION,SUBSCRIPTION_OPTION_PRICE,SUBSCRIPTION_DISCOUNT,SUBSCRIPTION_PERIOD) values (15,4,'360일','108000',0,360);
Insert into ERP_SUBSCRIPTION_OPTION (SUBSCRIPTION_OPTION_NUM,SUBSCRIPTION_NAME_NUM,SUBSCRIPTION_OPTION,SUBSCRIPTION_OPTION_PRICE,SUBSCRIPTION_DISCOUNT,SUBSCRIPTION_PERIOD) values (16,5,'30일','15000',0,30);
Insert into ERP_SUBSCRIPTION_OPTION (SUBSCRIPTION_OPTION_NUM,SUBSCRIPTION_NAME_NUM,SUBSCRIPTION_OPTION,SUBSCRIPTION_OPTION_PRICE,SUBSCRIPTION_DISCOUNT,SUBSCRIPTION_PERIOD) values (17,5,'90일','27000',0,90);
Insert into ERP_SUBSCRIPTION_OPTION (SUBSCRIPTION_OPTION_NUM,SUBSCRIPTION_NAME_NUM,SUBSCRIPTION_OPTION,SUBSCRIPTION_OPTION_PRICE,SUBSCRIPTION_DISCOUNT,SUBSCRIPTION_PERIOD) values (18,5,'180일','54000',0,180);
Insert into ERP_SUBSCRIPTION_OPTION (SUBSCRIPTION_OPTION_NUM,SUBSCRIPTION_NAME_NUM,SUBSCRIPTION_OPTION,SUBSCRIPTION_OPTION_PRICE,SUBSCRIPTION_DISCOUNT,SUBSCRIPTION_PERIOD) values (19,5,'360일','108000',0,360);
Insert into ERP_SUBSCRIPTION_OPTION (SUBSCRIPTION_OPTION_NUM,SUBSCRIPTION_NAME_NUM,SUBSCRIPTION_OPTION,SUBSCRIPTION_OPTION_PRICE,SUBSCRIPTION_DISCOUNT,SUBSCRIPTION_PERIOD) values (20,6,'정기구독','52800',0.12,30);
Insert into ERP_SUBSCRIPTION_OPTION (SUBSCRIPTION_OPTION_NUM,SUBSCRIPTION_NAME_NUM,SUBSCRIPTION_OPTION,SUBSCRIPTION_OPTION_PRICE,SUBSCRIPTION_DISCOUNT,SUBSCRIPTION_PERIOD) values (21,7,'50명 정기구독','0',0,50);
Insert into ERP_SUBSCRIPTION_OPTION (SUBSCRIPTION_OPTION_NUM,SUBSCRIPTION_NAME_NUM,SUBSCRIPTION_OPTION,SUBSCRIPTION_OPTION_PRICE,SUBSCRIPTION_DISCOUNT,SUBSCRIPTION_PERIOD) values (22,7,'100명 정기구독','0',0,100);
Insert into ERP_SUBSCRIPTION_OPTION (SUBSCRIPTION_OPTION_NUM,SUBSCRIPTION_NAME_NUM,SUBSCRIPTION_OPTION,SUBSCRIPTION_OPTION_PRICE,SUBSCRIPTION_DISCOUNT,SUBSCRIPTION_PERIOD) values (23,7,'무제한 정기구독','0',0,9999);
Insert into ERP_SUBSCRIPTION_OPTION (SUBSCRIPTION_OPTION_NUM,SUBSCRIPTION_NAME_NUM,SUBSCRIPTION_OPTION,SUBSCRIPTION_OPTION_PRICE,SUBSCRIPTION_DISCOUNT,SUBSCRIPTION_PERIOD) values (24,8,'정기구독','13200',0.12,30);
Insert into ERP_SUBSCRIPTION_OPTION (SUBSCRIPTION_OPTION_NUM,SUBSCRIPTION_NAME_NUM,SUBSCRIPTION_OPTION,SUBSCRIPTION_OPTION_PRICE,SUBSCRIPTION_DISCOUNT,SUBSCRIPTION_PERIOD) values (25,9,'정기구독','13200',0.12,30);
Insert into ERP_SUBSCRIPTION_OPTION (SUBSCRIPTION_OPTION_NUM,SUBSCRIPTION_NAME_NUM,SUBSCRIPTION_OPTION,SUBSCRIPTION_OPTION_PRICE,SUBSCRIPTION_DISCOUNT,SUBSCRIPTION_PERIOD) values (26,10,'정기구독','13200',0.12,30);
Insert into ERP_SUBSCRIPTION_OPTION (SUBSCRIPTION_OPTION_NUM,SUBSCRIPTION_NAME_NUM,SUBSCRIPTION_OPTION,SUBSCRIPTION_OPTION_PRICE,SUBSCRIPTION_DISCOUNT,SUBSCRIPTION_PERIOD) values (27,11,'관리자서비스','0',0,0);
REM INSERTING into ERP_SUBSCRIPTION_TAIL
SET DEFINE OFF;
Insert into ERP_SUBSCRIPTION_TAIL (SUBSCRIPTION_TAIL_NUM,SUBSCRIPTION_NUM,SUBSCRIPTION_OPTION_NUM,SUBSCRIPTION_PERIOD,SUBSCRIPTION_OPTION_PRICE) values (87,63,6,38,'38000');
Insert into ERP_SUBSCRIPTION_TAIL (SUBSCRIPTION_TAIL_NUM,SUBSCRIPTION_NUM,SUBSCRIPTION_OPTION_NUM,SUBSCRIPTION_PERIOD,SUBSCRIPTION_OPTION_PRICE) values (88,64,1,30,'60000');
Insert into ERP_SUBSCRIPTION_TAIL (SUBSCRIPTION_TAIL_NUM,SUBSCRIPTION_NUM,SUBSCRIPTION_OPTION_NUM,SUBSCRIPTION_PERIOD,SUBSCRIPTION_OPTION_PRICE) values (89,64,7,30,'98000');
Insert into ERP_SUBSCRIPTION_TAIL (SUBSCRIPTION_TAIL_NUM,SUBSCRIPTION_NUM,SUBSCRIPTION_OPTION_NUM,SUBSCRIPTION_PERIOD,SUBSCRIPTION_OPTION_PRICE) values (112,75,6,0,'0');
Insert into ERP_SUBSCRIPTION_TAIL (SUBSCRIPTION_TAIL_NUM,SUBSCRIPTION_NUM,SUBSCRIPTION_OPTION_NUM,SUBSCRIPTION_PERIOD,SUBSCRIPTION_OPTION_PRICE) values (113,75,30,10,'5000');
Insert into ERP_SUBSCRIPTION_TAIL (SUBSCRIPTION_TAIL_NUM,SUBSCRIPTION_NUM,SUBSCRIPTION_OPTION_NUM,SUBSCRIPTION_PERIOD,SUBSCRIPTION_OPTION_PRICE) values (114,75,31,10,'5000');
Insert into ERP_SUBSCRIPTION_TAIL (SUBSCRIPTION_TAIL_NUM,SUBSCRIPTION_NUM,SUBSCRIPTION_OPTION_NUM,SUBSCRIPTION_PERIOD,SUBSCRIPTION_OPTION_PRICE) values (115,75,32,10,'5000');
Insert into ERP_SUBSCRIPTION_TAIL (SUBSCRIPTION_TAIL_NUM,SUBSCRIPTION_NUM,SUBSCRIPTION_OPTION_NUM,SUBSCRIPTION_PERIOD,SUBSCRIPTION_OPTION_PRICE) values (133,84,1,30,'60000');
Insert into ERP_SUBSCRIPTION_TAIL (SUBSCRIPTION_TAIL_NUM,SUBSCRIPTION_NUM,SUBSCRIPTION_OPTION_NUM,SUBSCRIPTION_PERIOD,SUBSCRIPTION_OPTION_PRICE) values (134,84,6,40,'40000');
Insert into ERP_SUBSCRIPTION_TAIL (SUBSCRIPTION_TAIL_NUM,SUBSCRIPTION_NUM,SUBSCRIPTION_OPTION_NUM,SUBSCRIPTION_PERIOD,SUBSCRIPTION_OPTION_PRICE) values (135,84,30,40,'20000');
Insert into ERP_SUBSCRIPTION_TAIL (SUBSCRIPTION_TAIL_NUM,SUBSCRIPTION_NUM,SUBSCRIPTION_OPTION_NUM,SUBSCRIPTION_PERIOD,SUBSCRIPTION_OPTION_PRICE) values (136,84,31,40,'20000');
Insert into ERP_SUBSCRIPTION_TAIL (SUBSCRIPTION_TAIL_NUM,SUBSCRIPTION_NUM,SUBSCRIPTION_OPTION_NUM,SUBSCRIPTION_PERIOD,SUBSCRIPTION_OPTION_PRICE) values (137,84,32,40,'20000');
Insert into ERP_SUBSCRIPTION_TAIL (SUBSCRIPTION_TAIL_NUM,SUBSCRIPTION_NUM,SUBSCRIPTION_OPTION_NUM,SUBSCRIPTION_PERIOD,SUBSCRIPTION_OPTION_PRICE) values (102,73,1,30,'60000');
Insert into ERP_SUBSCRIPTION_TAIL (SUBSCRIPTION_TAIL_NUM,SUBSCRIPTION_NUM,SUBSCRIPTION_OPTION_NUM,SUBSCRIPTION_PERIOD,SUBSCRIPTION_OPTION_PRICE) values (103,73,6,30,'30000');
Insert into ERP_SUBSCRIPTION_TAIL (SUBSCRIPTION_TAIL_NUM,SUBSCRIPTION_NUM,SUBSCRIPTION_OPTION_NUM,SUBSCRIPTION_PERIOD,SUBSCRIPTION_OPTION_PRICE) values (104,73,30,38,'19000');
Insert into ERP_SUBSCRIPTION_TAIL (SUBSCRIPTION_TAIL_NUM,SUBSCRIPTION_NUM,SUBSCRIPTION_OPTION_NUM,SUBSCRIPTION_PERIOD,SUBSCRIPTION_OPTION_PRICE) values (105,73,31,38,'19000');
Insert into ERP_SUBSCRIPTION_TAIL (SUBSCRIPTION_TAIL_NUM,SUBSCRIPTION_NUM,SUBSCRIPTION_OPTION_NUM,SUBSCRIPTION_PERIOD,SUBSCRIPTION_OPTION_PRICE) values (106,73,32,38,'19000');
Insert into ERP_SUBSCRIPTION_TAIL (SUBSCRIPTION_TAIL_NUM,SUBSCRIPTION_NUM,SUBSCRIPTION_OPTION_NUM,SUBSCRIPTION_PERIOD,SUBSCRIPTION_OPTION_PRICE) values (121,77,30,4,'2000');
Insert into ERP_SUBSCRIPTION_TAIL (SUBSCRIPTION_TAIL_NUM,SUBSCRIPTION_NUM,SUBSCRIPTION_OPTION_NUM,SUBSCRIPTION_PERIOD,SUBSCRIPTION_OPTION_PRICE) values (122,78,31,4,'2000');
Insert into ERP_SUBSCRIPTION_TAIL (SUBSCRIPTION_TAIL_NUM,SUBSCRIPTION_NUM,SUBSCRIPTION_OPTION_NUM,SUBSCRIPTION_PERIOD,SUBSCRIPTION_OPTION_PRICE) values (123,79,6,4,'4000');
Insert into ERP_SUBSCRIPTION_TAIL (SUBSCRIPTION_TAIL_NUM,SUBSCRIPTION_NUM,SUBSCRIPTION_OPTION_NUM,SUBSCRIPTION_PERIOD,SUBSCRIPTION_OPTION_PRICE) values (124,80,1,30,'60000');
Insert into ERP_SUBSCRIPTION_TAIL (SUBSCRIPTION_TAIL_NUM,SUBSCRIPTION_NUM,SUBSCRIPTION_OPTION_NUM,SUBSCRIPTION_PERIOD,SUBSCRIPTION_OPTION_PRICE) values (125,81,6,40,'40000');
Insert into ERP_SUBSCRIPTION_TAIL (SUBSCRIPTION_TAIL_NUM,SUBSCRIPTION_NUM,SUBSCRIPTION_OPTION_NUM,SUBSCRIPTION_PERIOD,SUBSCRIPTION_OPTION_PRICE) values (128,83,1,30,'60000');
Insert into ERP_SUBSCRIPTION_TAIL (SUBSCRIPTION_TAIL_NUM,SUBSCRIPTION_NUM,SUBSCRIPTION_OPTION_NUM,SUBSCRIPTION_PERIOD,SUBSCRIPTION_OPTION_PRICE) values (129,83,6,30,'30000');
Insert into ERP_SUBSCRIPTION_TAIL (SUBSCRIPTION_TAIL_NUM,SUBSCRIPTION_NUM,SUBSCRIPTION_OPTION_NUM,SUBSCRIPTION_PERIOD,SUBSCRIPTION_OPTION_PRICE) values (130,83,30,70,'35000');
Insert into ERP_SUBSCRIPTION_TAIL (SUBSCRIPTION_TAIL_NUM,SUBSCRIPTION_NUM,SUBSCRIPTION_OPTION_NUM,SUBSCRIPTION_PERIOD,SUBSCRIPTION_OPTION_PRICE) values (131,83,31,100,'50000');
Insert into ERP_SUBSCRIPTION_TAIL (SUBSCRIPTION_TAIL_NUM,SUBSCRIPTION_NUM,SUBSCRIPTION_OPTION_NUM,SUBSCRIPTION_PERIOD,SUBSCRIPTION_OPTION_PRICE) values (132,83,32,100,'50000');
Insert into ERP_SUBSCRIPTION_TAIL (SUBSCRIPTION_TAIL_NUM,SUBSCRIPTION_NUM,SUBSCRIPTION_OPTION_NUM,SUBSCRIPTION_PERIOD,SUBSCRIPTION_OPTION_PRICE) values (144,87,6,11,'11000');
Insert into ERP_SUBSCRIPTION_TAIL (SUBSCRIPTION_TAIL_NUM,SUBSCRIPTION_NUM,SUBSCRIPTION_OPTION_NUM,SUBSCRIPTION_PERIOD,SUBSCRIPTION_OPTION_PRICE) values (145,87,30,11,'5500');
Insert into ERP_SUBSCRIPTION_TAIL (SUBSCRIPTION_TAIL_NUM,SUBSCRIPTION_NUM,SUBSCRIPTION_OPTION_NUM,SUBSCRIPTION_PERIOD,SUBSCRIPTION_OPTION_PRICE) values (146,87,31,11,'5500');
Insert into ERP_SUBSCRIPTION_TAIL (SUBSCRIPTION_TAIL_NUM,SUBSCRIPTION_NUM,SUBSCRIPTION_OPTION_NUM,SUBSCRIPTION_PERIOD,SUBSCRIPTION_OPTION_PRICE) values (147,87,32,11,'5500');
Insert into ERP_SUBSCRIPTION_TAIL (SUBSCRIPTION_TAIL_NUM,SUBSCRIPTION_NUM,SUBSCRIPTION_OPTION_NUM,SUBSCRIPTION_PERIOD,SUBSCRIPTION_OPTION_PRICE) values (86,62,1,30,'60000');
Insert into ERP_SUBSCRIPTION_TAIL (SUBSCRIPTION_TAIL_NUM,SUBSCRIPTION_NUM,SUBSCRIPTION_OPTION_NUM,SUBSCRIPTION_PERIOD,SUBSCRIPTION_OPTION_PRICE) values (90,65,8,30,'15000');
Insert into ERP_SUBSCRIPTION_TAIL (SUBSCRIPTION_TAIL_NUM,SUBSCRIPTION_NUM,SUBSCRIPTION_OPTION_NUM,SUBSCRIPTION_PERIOD,SUBSCRIPTION_OPTION_PRICE) values (92,67,1,30,'60000');
Insert into ERP_SUBSCRIPTION_TAIL (SUBSCRIPTION_TAIL_NUM,SUBSCRIPTION_NUM,SUBSCRIPTION_OPTION_NUM,SUBSCRIPTION_PERIOD,SUBSCRIPTION_OPTION_PRICE) values (98,70,1,30,'60000');
Insert into ERP_SUBSCRIPTION_TAIL (SUBSCRIPTION_TAIL_NUM,SUBSCRIPTION_NUM,SUBSCRIPTION_OPTION_NUM,SUBSCRIPTION_PERIOD,SUBSCRIPTION_OPTION_PRICE) values (107,74,1,30,'60000');
Insert into ERP_SUBSCRIPTION_TAIL (SUBSCRIPTION_TAIL_NUM,SUBSCRIPTION_NUM,SUBSCRIPTION_OPTION_NUM,SUBSCRIPTION_PERIOD,SUBSCRIPTION_OPTION_PRICE) values (108,74,6,30,'30000');
Insert into ERP_SUBSCRIPTION_TAIL (SUBSCRIPTION_TAIL_NUM,SUBSCRIPTION_NUM,SUBSCRIPTION_OPTION_NUM,SUBSCRIPTION_PERIOD,SUBSCRIPTION_OPTION_PRICE) values (109,74,30,39,'19500');
Insert into ERP_SUBSCRIPTION_TAIL (SUBSCRIPTION_TAIL_NUM,SUBSCRIPTION_NUM,SUBSCRIPTION_OPTION_NUM,SUBSCRIPTION_PERIOD,SUBSCRIPTION_OPTION_PRICE) values (110,74,31,39,'19500');
Insert into ERP_SUBSCRIPTION_TAIL (SUBSCRIPTION_TAIL_NUM,SUBSCRIPTION_NUM,SUBSCRIPTION_OPTION_NUM,SUBSCRIPTION_PERIOD,SUBSCRIPTION_OPTION_PRICE) values (111,74,32,39,'19500');
Insert into ERP_SUBSCRIPTION_TAIL (SUBSCRIPTION_TAIL_NUM,SUBSCRIPTION_NUM,SUBSCRIPTION_OPTION_NUM,SUBSCRIPTION_PERIOD,SUBSCRIPTION_OPTION_PRICE) values (91,66,12,30,'15000');
Insert into ERP_SUBSCRIPTION_TAIL (SUBSCRIPTION_TAIL_NUM,SUBSCRIPTION_NUM,SUBSCRIPTION_OPTION_NUM,SUBSCRIPTION_PERIOD,SUBSCRIPTION_OPTION_PRICE) values (93,68,1,30,'60000');
Insert into ERP_SUBSCRIPTION_TAIL (SUBSCRIPTION_TAIL_NUM,SUBSCRIPTION_NUM,SUBSCRIPTION_OPTION_NUM,SUBSCRIPTION_PERIOD,SUBSCRIPTION_OPTION_PRICE) values (94,68,7,30,'60000');
Insert into ERP_SUBSCRIPTION_TAIL (SUBSCRIPTION_TAIL_NUM,SUBSCRIPTION_NUM,SUBSCRIPTION_OPTION_NUM,SUBSCRIPTION_PERIOD,SUBSCRIPTION_OPTION_PRICE) values (95,68,30,98,'49000');
Insert into ERP_SUBSCRIPTION_TAIL (SUBSCRIPTION_TAIL_NUM,SUBSCRIPTION_NUM,SUBSCRIPTION_OPTION_NUM,SUBSCRIPTION_PERIOD,SUBSCRIPTION_OPTION_PRICE) values (96,68,31,98,'49000');
Insert into ERP_SUBSCRIPTION_TAIL (SUBSCRIPTION_TAIL_NUM,SUBSCRIPTION_NUM,SUBSCRIPTION_OPTION_NUM,SUBSCRIPTION_PERIOD,SUBSCRIPTION_OPTION_PRICE) values (97,68,32,128,'64000');
Insert into ERP_SUBSCRIPTION_TAIL (SUBSCRIPTION_TAIL_NUM,SUBSCRIPTION_NUM,SUBSCRIPTION_OPTION_NUM,SUBSCRIPTION_PERIOD,SUBSCRIPTION_OPTION_PRICE) values (99,71,30,9,'4500');
Insert into ERP_SUBSCRIPTION_TAIL (SUBSCRIPTION_TAIL_NUM,SUBSCRIPTION_NUM,SUBSCRIPTION_OPTION_NUM,SUBSCRIPTION_PERIOD,SUBSCRIPTION_OPTION_PRICE) values (100,72,5,0,'0');
Insert into ERP_SUBSCRIPTION_TAIL (SUBSCRIPTION_TAIL_NUM,SUBSCRIPTION_NUM,SUBSCRIPTION_OPTION_NUM,SUBSCRIPTION_PERIOD,SUBSCRIPTION_OPTION_PRICE) values (101,72,30,9,'4500');
Insert into ERP_SUBSCRIPTION_TAIL (SUBSCRIPTION_TAIL_NUM,SUBSCRIPTION_NUM,SUBSCRIPTION_OPTION_NUM,SUBSCRIPTION_PERIOD,SUBSCRIPTION_OPTION_PRICE) values (116,76,1,30,'60000');
Insert into ERP_SUBSCRIPTION_TAIL (SUBSCRIPTION_TAIL_NUM,SUBSCRIPTION_NUM,SUBSCRIPTION_OPTION_NUM,SUBSCRIPTION_PERIOD,SUBSCRIPTION_OPTION_PRICE) values (117,76,30,30,'15000');
Insert into ERP_SUBSCRIPTION_TAIL (SUBSCRIPTION_TAIL_NUM,SUBSCRIPTION_NUM,SUBSCRIPTION_OPTION_NUM,SUBSCRIPTION_PERIOD,SUBSCRIPTION_OPTION_PRICE) values (118,76,22,22,'26400');
Insert into ERP_SUBSCRIPTION_TAIL (SUBSCRIPTION_TAIL_NUM,SUBSCRIPTION_NUM,SUBSCRIPTION_OPTION_NUM,SUBSCRIPTION_PERIOD,SUBSCRIPTION_OPTION_PRICE) values (119,76,24,24,'13200');
Insert into ERP_SUBSCRIPTION_TAIL (SUBSCRIPTION_TAIL_NUM,SUBSCRIPTION_NUM,SUBSCRIPTION_OPTION_NUM,SUBSCRIPTION_PERIOD,SUBSCRIPTION_OPTION_PRICE) values (120,76,25,25,'13200');
Insert into ERP_SUBSCRIPTION_TAIL (SUBSCRIPTION_TAIL_NUM,SUBSCRIPTION_NUM,SUBSCRIPTION_OPTION_NUM,SUBSCRIPTION_PERIOD,SUBSCRIPTION_OPTION_PRICE) values (126,82,1,30,'60000');
Insert into ERP_SUBSCRIPTION_TAIL (SUBSCRIPTION_TAIL_NUM,SUBSCRIPTION_NUM,SUBSCRIPTION_OPTION_NUM,SUBSCRIPTION_PERIOD,SUBSCRIPTION_OPTION_PRICE) values (127,82,8,30,'15000');
Insert into ERP_SUBSCRIPTION_TAIL (SUBSCRIPTION_TAIL_NUM,SUBSCRIPTION_NUM,SUBSCRIPTION_OPTION_NUM,SUBSCRIPTION_PERIOD,SUBSCRIPTION_OPTION_PRICE) values (138,85,1,30,'60000');
Insert into ERP_SUBSCRIPTION_TAIL (SUBSCRIPTION_TAIL_NUM,SUBSCRIPTION_NUM,SUBSCRIPTION_OPTION_NUM,SUBSCRIPTION_PERIOD,SUBSCRIPTION_OPTION_PRICE) values (139,85,6,40,'40000');
Insert into ERP_SUBSCRIPTION_TAIL (SUBSCRIPTION_TAIL_NUM,SUBSCRIPTION_NUM,SUBSCRIPTION_OPTION_NUM,SUBSCRIPTION_PERIOD,SUBSCRIPTION_OPTION_PRICE) values (140,85,30,40,'20000');
Insert into ERP_SUBSCRIPTION_TAIL (SUBSCRIPTION_TAIL_NUM,SUBSCRIPTION_NUM,SUBSCRIPTION_OPTION_NUM,SUBSCRIPTION_PERIOD,SUBSCRIPTION_OPTION_PRICE) values (141,85,31,40,'20000');
Insert into ERP_SUBSCRIPTION_TAIL (SUBSCRIPTION_TAIL_NUM,SUBSCRIPTION_NUM,SUBSCRIPTION_OPTION_NUM,SUBSCRIPTION_PERIOD,SUBSCRIPTION_OPTION_PRICE) values (142,85,32,40,'20000');
Insert into ERP_SUBSCRIPTION_TAIL (SUBSCRIPTION_TAIL_NUM,SUBSCRIPTION_NUM,SUBSCRIPTION_OPTION_NUM,SUBSCRIPTION_PERIOD,SUBSCRIPTION_OPTION_PRICE) values (143,86,32,2,'1000');
Insert into ERP_SUBSCRIPTION_TAIL (SUBSCRIPTION_TAIL_NUM,SUBSCRIPTION_NUM,SUBSCRIPTION_OPTION_NUM,SUBSCRIPTION_PERIOD,SUBSCRIPTION_OPTION_PRICE) values (148,88,1,30,'60000');
Insert into ERP_SUBSCRIPTION_TAIL (SUBSCRIPTION_TAIL_NUM,SUBSCRIPTION_NUM,SUBSCRIPTION_OPTION_NUM,SUBSCRIPTION_PERIOD,SUBSCRIPTION_OPTION_PRICE) values (149,88,6,41,'41000');
Insert into ERP_SUBSCRIPTION_TAIL (SUBSCRIPTION_TAIL_NUM,SUBSCRIPTION_NUM,SUBSCRIPTION_OPTION_NUM,SUBSCRIPTION_PERIOD,SUBSCRIPTION_OPTION_PRICE) values (150,88,8,30,'15000');
Insert into ERP_SUBSCRIPTION_TAIL (SUBSCRIPTION_TAIL_NUM,SUBSCRIPTION_NUM,SUBSCRIPTION_OPTION_NUM,SUBSCRIPTION_PERIOD,SUBSCRIPTION_OPTION_PRICE) values (151,88,12,30,'15000');
Insert into ERP_SUBSCRIPTION_TAIL (SUBSCRIPTION_TAIL_NUM,SUBSCRIPTION_NUM,SUBSCRIPTION_OPTION_NUM,SUBSCRIPTION_PERIOD,SUBSCRIPTION_OPTION_PRICE) values (152,88,16,30,'15000');
REM INSERTING into ERP_USER_ACCOUNTS
SET DEFINE OFF;
Insert into ERP_USER_ACCOUNTS (ACCOUNT_NUM,COMPANY_NUM,EMPLOYEE_ID,EMPLOYEE_PW,AUTHORITY,REGISTER_DATE,UPDATE_DATE,EMPLOYEE_NUM) values (43,45,'beautyinside','$2a$10$pOAJ.ad4nLXSBn71Ied8Lu4Os2eofqJo/SNKrx9n1CheA.kytkJPm','AU001',to_date('25/02/28','RR/MM/DD'),to_date('25/02/28','RR/MM/DD'),100000);
Insert into ERP_USER_ACCOUNTS (ACCOUNT_NUM,COMPANY_NUM,EMPLOYEE_ID,EMPLOYEE_PW,AUTHORITY,REGISTER_DATE,UPDATE_DATE,EMPLOYEE_NUM) values (50,52,'spao','$2a$10$/5EIVl7vQuNniyaK1hOq8OkebIzcSO4Myty581rDBEIiQy3TvQgPq','AU001',to_date('25/03/07','RR/MM/DD'),to_date('25/03/07','RR/MM/DD'),100007);
Insert into ERP_USER_ACCOUNTS (ACCOUNT_NUM,COMPANY_NUM,EMPLOYEE_ID,EMPLOYEE_PW,AUTHORITY,REGISTER_DATE,UPDATE_DATE,EMPLOYEE_NUM) values (25,27,'olivid','$2a$10$wNKSO5ve0MPrl3e3am0Ieeldg4xBl92A876V41.qZ8iO.oCNGfrKa','AU001',to_date('25/02/14','RR/MM/DD'),to_date('25/02/14','RR/MM/DD'),99973);
Insert into ERP_USER_ACCOUNTS (ACCOUNT_NUM,COMPANY_NUM,EMPLOYEE_ID,EMPLOYEE_PW,AUTHORITY,REGISTER_DATE,UPDATE_DATE,EMPLOYEE_NUM) values (26,28,'olivie','$2a$10$fmo.BL../01MaUw8ISnFbeJbHLnVXvJlDdJGk/HrkbpQXDvafe4EC','AU001',to_date('25/02/14','RR/MM/DD'),to_date('25/02/14','RR/MM/DD'),99974);
Insert into ERP_USER_ACCOUNTS (ACCOUNT_NUM,COMPANY_NUM,EMPLOYEE_ID,EMPLOYEE_PW,AUTHORITY,REGISTER_DATE,UPDATE_DATE,EMPLOYEE_NUM) values (27,29,'olivif','$2a$10$qCoLKUnI0ZHfdTPscFlUWeqRmESor2cgfu7d7Gm7C3PuBj7JrKzCC','AU001',to_date('25/02/14','RR/MM/DD'),to_date('25/02/14','RR/MM/DD'),99975);
Insert into ERP_USER_ACCOUNTS (ACCOUNT_NUM,COMPANY_NUM,EMPLOYEE_ID,EMPLOYEE_PW,AUTHORITY,REGISTER_DATE,UPDATE_DATE,EMPLOYEE_NUM) values (28,30,'olivig','$2a$10$qFQ3zyySFyH7opcNs9lDiuL/35DfMH7Ex1w1bQjIvV86QsUruJupu','AU001',to_date('25/02/14','RR/MM/DD'),to_date('25/02/14','RR/MM/DD'),99976);
Insert into ERP_USER_ACCOUNTS (ACCOUNT_NUM,COMPANY_NUM,EMPLOYEE_ID,EMPLOYEE_PW,AUTHORITY,REGISTER_DATE,UPDATE_DATE,EMPLOYEE_NUM) values (44,46,'hayeoncom','$2a$10$tlpBd1r0rhIrTqexznCiSeieYvt9Mla2TbzzxMaFNuTsuyCDH2M2m','AU001',to_date('25/03/03','RR/MM/DD'),to_date('25/03/03','RR/MM/DD'),100001);
Insert into ERP_USER_ACCOUNTS (ACCOUNT_NUM,COMPANY_NUM,EMPLOYEE_ID,EMPLOYEE_PW,AUTHORITY,REGISTER_DATE,UPDATE_DATE,EMPLOYEE_NUM) values (46,48,'startract','$2a$10$FMjeo8To4BIY/yMobA2ykuYlrw.jVuGLnn.bfQyYYfQZlSlShIFWu','AU001',to_date('25/03/04','RR/MM/DD'),to_date('25/03/04','RR/MM/DD'),100003);
Insert into ERP_USER_ACCOUNTS (ACCOUNT_NUM,COMPANY_NUM,EMPLOYEE_ID,EMPLOYEE_PW,AUTHORITY,REGISTER_DATE,UPDATE_DATE,EMPLOYEE_NUM) values (47,49,'girlibermachang','$2a$10$6px6eDT4L.AZeNdepxEdSOysxpDHy/7rAwc.9SiTGFF5APrxVNDxq','AU001',to_date('25/03/04','RR/MM/DD'),to_date('25/03/04','RR/MM/DD'),100004);
Insert into ERP_USER_ACCOUNTS (ACCOUNT_NUM,COMPANY_NUM,EMPLOYEE_ID,EMPLOYEE_PW,AUTHORITY,REGISTER_DATE,UPDATE_DATE,EMPLOYEE_NUM) values (52,54,'navercloub','$2a$10$TKxZyrbQGRYZNxctbn22SOyDUYN0xorTC.WqPkuuq4nUf7KzSqJm2','AU001',to_date('25/03/11','RR/MM/DD'),to_date('25/03/11','RR/MM/DD'),100009);
Insert into ERP_USER_ACCOUNTS (ACCOUNT_NUM,COMPANY_NUM,EMPLOYEE_ID,EMPLOYEE_PW,AUTHORITY,REGISTER_DATE,UPDATE_DATE,EMPLOYEE_NUM) values (1,1,'oliveyoung','$2a$10$O63ifA2VnsVPvjwyRP0Q2.IV6bsMNqAKImFuwWVeSFNvBblMD2P9i','AU001',to_date('25/02/12','RR/MM/DD'),to_date('25/02/16','RR/MM/DD'),99977);
Insert into ERP_USER_ACCOUNTS (ACCOUNT_NUM,COMPANY_NUM,EMPLOYEE_ID,EMPLOYEE_PW,AUTHORITY,REGISTER_DATE,UPDATE_DATE,EMPLOYEE_NUM) values (2,2,'xyzlimited','$2a$10$V.rxXQqyyGYuJWAUkFRKluQ8M1yDX/K7nZ.UKFikDdw5payo/ul9W','AU001',to_date('25/02/12','RR/MM/DD'),to_date('25/02/16','RR/MM/DD'),99978);
Insert into ERP_USER_ACCOUNTS (ACCOUNT_NUM,COMPANY_NUM,EMPLOYEE_ID,EMPLOYEE_PW,AUTHORITY,REGISTER_DATE,UPDATE_DATE,EMPLOYEE_NUM) values (3,3,'qweincorporated','qweincorporated','AU001',to_date('25/02/12','RR/MM/DD'),to_date('25/02/12','RR/MM/DD'),99979);
Insert into ERP_USER_ACCOUNTS (ACCOUNT_NUM,COMPANY_NUM,EMPLOYEE_ID,EMPLOYEE_PW,AUTHORITY,REGISTER_DATE,UPDATE_DATE,EMPLOYEE_NUM) values (4,4,'jklcompany','jklcompany','AU001',to_date('25/02/12','RR/MM/DD'),to_date('25/02/12','RR/MM/DD'),99980);
Insert into ERP_USER_ACCOUNTS (ACCOUNT_NUM,COMPANY_NUM,EMPLOYEE_ID,EMPLOYEE_PW,AUTHORITY,REGISTER_DATE,UPDATE_DATE,EMPLOYEE_NUM) values (5,5,'mnotechnologies','mnotechnologies','AU001',to_date('25/02/12','RR/MM/DD'),to_date('25/02/12','RR/MM/DD'),99981);
Insert into ERP_USER_ACCOUNTS (ACCOUNT_NUM,COMPANY_NUM,EMPLOYEE_ID,EMPLOYEE_PW,AUTHORITY,REGISTER_DATE,UPDATE_DATE,EMPLOYEE_NUM) values (21,20,'testone','testone','AU001',to_date('25/02/14','RR/MM/DD'),to_date('25/02/14','RR/MM/DD'),99982);
Insert into ERP_USER_ACCOUNTS (ACCOUNT_NUM,COMPANY_NUM,EMPLOYEE_ID,EMPLOYEE_PW,AUTHORITY,REGISTER_DATE,UPDATE_DATE,EMPLOYEE_NUM) values (22,23,'olivia','olivia','AU001',to_date('25/02/14','RR/MM/DD'),to_date('25/02/14','RR/MM/DD'),99983);
Insert into ERP_USER_ACCOUNTS (ACCOUNT_NUM,COMPANY_NUM,EMPLOYEE_ID,EMPLOYEE_PW,AUTHORITY,REGISTER_DATE,UPDATE_DATE,EMPLOYEE_NUM) values (23,25,'olivib','olivib','AU001',to_date('25/02/14','RR/MM/DD'),to_date('25/02/14','RR/MM/DD'),99984);
Insert into ERP_USER_ACCOUNTS (ACCOUNT_NUM,COMPANY_NUM,EMPLOYEE_ID,EMPLOYEE_PW,AUTHORITY,REGISTER_DATE,UPDATE_DATE,EMPLOYEE_NUM) values (24,26,'olivic','olivic','AU001',to_date('25/02/14','RR/MM/DD'),to_date('25/02/14','RR/MM/DD'),99985);
Insert into ERP_USER_ACCOUNTS (ACCOUNT_NUM,COMPANY_NUM,EMPLOYEE_ID,EMPLOYEE_PW,AUTHORITY,REGISTER_DATE,UPDATE_DATE,EMPLOYEE_NUM) values (29,31,'olivih','$2a$10$Ru29YT3ntte/QAjGFVu/XOgKVCtU23sfNrVmiS4IkczdAaA3iiA66','AU001',to_date('25/02/14','RR/MM/DD'),to_date('25/02/14','RR/MM/DD'),99986);
Insert into ERP_USER_ACCOUNTS (ACCOUNT_NUM,COMPANY_NUM,EMPLOYEE_ID,EMPLOYEE_PW,AUTHORITY,REGISTER_DATE,UPDATE_DATE,EMPLOYEE_NUM) values (30,32,'olivii','$2a$10$kVN1nphA3AFBVwMIKbVrhu7vLFfqtZ68ujKEtfLC6aFVjbYeSXXi2','AU001',to_date('25/02/14','RR/MM/DD'),to_date('25/02/14','RR/MM/DD'),99987);
Insert into ERP_USER_ACCOUNTS (ACCOUNT_NUM,COMPANY_NUM,EMPLOYEE_ID,EMPLOYEE_PW,AUTHORITY,REGISTER_DATE,UPDATE_DATE,EMPLOYEE_NUM) values (31,33,'olivij','$2a$10$9zgYqsjmMhNPYr9YYTmudeON4G7Tlg69WNzOKhb.y5mWmUia7apZW','AU001',to_date('25/02/14','RR/MM/DD'),to_date('25/02/14','RR/MM/DD'),99988);
Insert into ERP_USER_ACCOUNTS (ACCOUNT_NUM,COMPANY_NUM,EMPLOYEE_ID,EMPLOYEE_PW,AUTHORITY,REGISTER_DATE,UPDATE_DATE,EMPLOYEE_NUM) values (32,34,'olivik','$2a$10$fXE1NN1rw6uXs3Lp4R.oRuJlfRepzUs3fumN93.cADQfcw58AcL/6','AU001',to_date('25/02/14','RR/MM/DD'),to_date('25/02/14','RR/MM/DD'),99989);
Insert into ERP_USER_ACCOUNTS (ACCOUNT_NUM,COMPANY_NUM,EMPLOYEE_ID,EMPLOYEE_PW,AUTHORITY,REGISTER_DATE,UPDATE_DATE,EMPLOYEE_NUM) values (33,35,'olivil','$2a$10$TnEBoLDRvjvNb0Twlxd6WOGsRS2UBilRG7eHgtMLY2CJxLkqBvZJe','AU001',to_date('25/02/14','RR/MM/DD'),to_date('25/02/14','RR/MM/DD'),99990);
Insert into ERP_USER_ACCOUNTS (ACCOUNT_NUM,COMPANY_NUM,EMPLOYEE_ID,EMPLOYEE_PW,AUTHORITY,REGISTER_DATE,UPDATE_DATE,EMPLOYEE_NUM) values (34,36,'olivim','$2a$10$21DpuLnBeeZIpKQ8mk3ds.Bx1lNqbTvslazYFujUCgNpQyPnayan.','AU001',to_date('25/02/14','RR/MM/DD'),to_date('25/02/14','RR/MM/DD'),99991);
Insert into ERP_USER_ACCOUNTS (ACCOUNT_NUM,COMPANY_NUM,EMPLOYEE_ID,EMPLOYEE_PW,AUTHORITY,REGISTER_DATE,UPDATE_DATE,EMPLOYEE_NUM) values (35,37,'olivin','$2a$10$Ndv38lwb.Ib5NgMNVquwwOrSMTPrV0ofGRFTXTN9SZU03viOohSTm','AU001',to_date('25/02/14','RR/MM/DD'),to_date('25/02/14','RR/MM/DD'),99992);
Insert into ERP_USER_ACCOUNTS (ACCOUNT_NUM,COMPANY_NUM,EMPLOYEE_ID,EMPLOYEE_PW,AUTHORITY,REGISTER_DATE,UPDATE_DATE,EMPLOYEE_NUM) values (36,38,'olivio','$2a$10$gLPqMhGvQl9kvECICt7gGuVD/Cd54sBhY6YK8NuP5rTmYTDeIcJHa','AU001',to_date('25/02/14','RR/MM/DD'),to_date('25/02/14','RR/MM/DD'),99993);
Insert into ERP_USER_ACCOUNTS (ACCOUNT_NUM,COMPANY_NUM,EMPLOYEE_ID,EMPLOYEE_PW,AUTHORITY,REGISTER_DATE,UPDATE_DATE,EMPLOYEE_NUM) values (37,39,'olivip','$2a$10$xQOpV2jQK8NdwJYAWCSzQu0gH0..tdUJj05lWU.SQ53sj.hYKt5wy','AU001',to_date('25/02/14','RR/MM/DD'),to_date('25/02/14','RR/MM/DD'),99994);
Insert into ERP_USER_ACCOUNTS (ACCOUNT_NUM,COMPANY_NUM,EMPLOYEE_ID,EMPLOYEE_PW,AUTHORITY,REGISTER_DATE,UPDATE_DATE,EMPLOYEE_NUM) values (38,40,'realcomapny','$2a$10$pG5aK/NSDhCC69aIXYJIj.WQAwMZ.J5GS4sVgMqhmYt3G4csfkb1K','AU001',to_date('25/02/14','RR/MM/DD'),to_date('25/02/14','RR/MM/DD'),99995);
Insert into ERP_USER_ACCOUNTS (ACCOUNT_NUM,COMPANY_NUM,EMPLOYEE_ID,EMPLOYEE_PW,AUTHORITY,REGISTER_DATE,UPDATE_DATE,EMPLOYEE_NUM) values (39,41,'iscomapny','$2a$10$UxGBFkhrMDc8cwfpXCHchu7JtwoMwyL9PGNuY3GTjpIHQD1npzHu.','AU001',to_date('25/02/14','RR/MM/DD'),to_date('25/02/14','RR/MM/DD'),99996);
Insert into ERP_USER_ACCOUNTS (ACCOUNT_NUM,COMPANY_NUM,EMPLOYEE_ID,EMPLOYEE_PW,AUTHORITY,REGISTER_DATE,UPDATE_DATE,EMPLOYEE_NUM) values (51,53,'github','$2a$10$ay.0T6lBwlacmdgdks7yzOpBj2jy4/3Bqpz/.AB4SJ82k9Qy.9u1S','AU001',to_date('25/03/10','RR/MM/DD'),to_date('25/03/10','RR/MM/DD'),100008);
Insert into ERP_USER_ACCOUNTS (ACCOUNT_NUM,COMPANY_NUM,EMPLOYEE_ID,EMPLOYEE_PW,AUTHORITY,REGISTER_DATE,UPDATE_DATE,EMPLOYEE_NUM) values (40,42,'registercompany','$2a$10$2V6pMQ5nXcgJNvHbCdm3S.leiI2Jz/SmPgXsvEOvJkOBonj7su8pO','AU001',to_date('25/02/16','RR/MM/DD'),to_date('25/02/16','RR/MM/DD'),99997);
Insert into ERP_USER_ACCOUNTS (ACCOUNT_NUM,COMPANY_NUM,EMPLOYEE_ID,EMPLOYEE_PW,AUTHORITY,REGISTER_DATE,UPDATE_DATE,EMPLOYEE_NUM) values (41,43,'crsfcompany','$2a$10$t3py..07h3fRoA49Id43a.5cDrZAsRliioJqN5aIFf5B7g/aJ3s2e','AU001',to_date('25/02/16','RR/MM/DD'),to_date('25/02/27','RR/MM/DD'),99998);
Insert into ERP_USER_ACCOUNTS (ACCOUNT_NUM,COMPANY_NUM,EMPLOYEE_ID,EMPLOYEE_PW,AUTHORITY,REGISTER_DATE,UPDATE_DATE,EMPLOYEE_NUM) values (42,44,'yedamcom','$2a$10$oYU2GqJYh0kyZRNQzaUfVOw.WoRr0Yow4HULAYP.frEnEfNJYwAlO','AU001',to_date('25/02/27','RR/MM/DD'),to_date('25/02/27','RR/MM/DD'),99999);
Insert into ERP_USER_ACCOUNTS (ACCOUNT_NUM,COMPANY_NUM,EMPLOYEE_ID,EMPLOYEE_PW,AUTHORITY,REGISTER_DATE,UPDATE_DATE,EMPLOYEE_NUM) values (48,50,'natureblend','$2a$10$xuLXrz7OHmaZe4QNqN42reetW7rkftGnxhbOvaqFSA8njvO6ciG.2','AU001',to_date('25/03/05','RR/MM/DD'),to_date('25/03/05','RR/MM/DD'),100005);
Insert into ERP_USER_ACCOUNTS (ACCOUNT_NUM,COMPANY_NUM,EMPLOYEE_ID,EMPLOYEE_PW,AUTHORITY,REGISTER_DATE,UPDATE_DATE,EMPLOYEE_NUM) values (45,47,'paribaget','$2a$10$/OqYaYEVha4UJgaUJWv//ulgPzz1AS2E1Mu3wejYzPxapwdb/J0eS','AU001',to_date('25/03/04','RR/MM/DD'),to_date('25/03/04','RR/MM/DD'),100002);
Insert into ERP_USER_ACCOUNTS (ACCOUNT_NUM,COMPANY_NUM,EMPLOYEE_ID,EMPLOYEE_PW,AUTHORITY,REGISTER_DATE,UPDATE_DATE,EMPLOYEE_NUM) values (49,51,'timestep','$2a$10$7E2jSRkDZj.wqyhHKAQS4O8Mu/lCuPd0hN95hcDyYwjF3wBvIJHL.','AU001',to_date('25/03/06','RR/MM/DD'),to_date('25/03/06','RR/MM/DD'),100006);
REM INSERTING into GRPWR_BOARD
SET DEFINE OFF;
Insert into GRPWR_BOARD (BOARD_ID,BOARD_TITLE,BOARD_CONTENT,BOARD_CATEGORY,EMPLOYEE_NUM,BOARD_DATE,COMPANY_NUM,EMPLOYEE_NAME) values (34,'테스트','화면에서 게시글 등록 테스트','공지',1,to_date('25/03/03','RR/MM/DD'),1,'홍길동');
Insert into GRPWR_BOARD (BOARD_ID,BOARD_TITLE,BOARD_CONTENT,BOARD_CATEGORY,EMPLOYEE_NUM,BOARD_DATE,COMPANY_NUM,EMPLOYEE_NAME) values (1214,'📢 [대구점] 특별 행사 안내 🎉','대구점 행사 안내드립니다.

📅 행사 일정: 2025년 3월 30일
📍 행사 장소: 현대백화점
🎁 이벤트 내용:
✔️ [이벤트 1: 사은품 증정]
✔️ [이벤트 2: 특별 할인]
✔️ [이벤트 3: 경품 추첨]

감사합니다.','행사',162,to_date('25/03/07','RR/MM/DD'),45,'황예린');
Insert into GRPWR_BOARD (BOARD_ID,BOARD_TITLE,BOARD_CONTENT,BOARD_CATEGORY,EMPLOYEE_NUM,BOARD_DATE,COMPANY_NUM,EMPLOYEE_NAME) values (1014,'🏢 [전사 회식 공지] 함께하는 즐거운 저녁! 🍽️🎉','안녕하세요, 여러분! 😊

한 해 동안 모두의 노력과 수고에 감사드리며, 팀워크를 다질 수 있는 전사 회식을 준비했습니다.
맛있는 음식과 즐거운 시간을 함께하며 유익한 자리를 만들어보아요!

📅 일정: 2025년 3월 20일
📍 장소: 예담
🍽️ 메뉴: 한우
💰 비용: 회사 지원 (개인 부담 없음)

편안한 마음으로 오셔서 즐거운 시간 보내시길 바랍니다.
많은 참석 부탁드립니다! 🎊

감사합니다.','공지',162,to_date('25/03/07','RR/MM/DD'),45,'황예린');
Insert into GRPWR_BOARD (BOARD_ID,BOARD_TITLE,BOARD_CONTENT,BOARD_CATEGORY,EMPLOYEE_NUM,BOARD_DATE,COMPANY_NUM,EMPLOYEE_NAME) values (64,'다른 아이디 테스트','다른 회사 번호 아이디 작업이 안되서 이거로 해보기','공지',163,to_date('25/03/03','RR/MM/DD'),45,'권가네');
Insert into GRPWR_BOARD (BOARD_ID,BOARD_TITLE,BOARD_CONTENT,BOARD_CATEGORY,EMPLOYEE_NUM,BOARD_DATE,COMPANY_NUM,EMPLOYEE_NAME) values (1,'123','123','행사',1,to_date('25/03/04','RR/MM/DD'),1,'홍길동');
Insert into GRPWR_BOARD (BOARD_ID,BOARD_TITLE,BOARD_CONTENT,BOARD_CATEGORY,EMPLOYEE_NUM,BOARD_DATE,COMPANY_NUM,EMPLOYEE_NAME) values (2,'TEST','TESTCONTENT','행사',141,to_date('25/01/01','RR/MM/DD'),1,'길동이');
Insert into GRPWR_BOARD (BOARD_ID,BOARD_TITLE,BOARD_CONTENT,BOARD_CATEGORY,EMPLOYEE_NUM,BOARD_DATE,COMPANY_NUM,EMPLOYEE_NAME) values (3,'설날 선물세트','이번 설날 선물 세트는 어떤게 좋을지 각 부서들끼리 회의하고 부서장들은 추려서 보고 바랍니다.','공지',146,to_date('25/01/10','RR/MM/DD'),1,'나대표');
Insert into GRPWR_BOARD (BOARD_ID,BOARD_TITLE,BOARD_CONTENT,BOARD_CATEGORY,EMPLOYEE_NUM,BOARD_DATE,COMPANY_NUM,EMPLOYEE_NAME) values (4,'김철수 사원에 결혼 축하','김철수 사원이 4월 14일 결혼식을 진행하게 되었습니다. 직원들은 축하에 한마디와 각 부서장에게 축의금을 전달하여 모아주시기 바랍니다.','공지',143,to_date('25/02/14','RR/MM/DD'),1,'강사원');
Insert into GRPWR_BOARD (BOARD_ID,BOARD_TITLE,BOARD_CONTENT,BOARD_CATEGORY,EMPLOYEE_NUM,BOARD_DATE,COMPANY_NUM,EMPLOYEE_NAME) values (5,'선스틱 행사','선스틱 재고가 많이 남아서 각 지점별로 선스틱 물량 1000개를 반값 할인하는 이벤트를 진행하게 되었습니다.','행사',2,to_date('25/02/23','RR/MM/DD'),1,'김철수');
Insert into GRPWR_BOARD (BOARD_ID,BOARD_TITLE,BOARD_CONTENT,BOARD_CATEGORY,EMPLOYEE_NUM,BOARD_DATE,COMPANY_NUM,EMPLOYEE_NAME) values (6,'월말 평가 공지','월말 평가를 위해서 각 부서들은 실적 보고서를 사흘안에 보내주시기 바랍니다.','공지',146,to_date('25/02/28','RR/MM/DD'),1,'나대표');
Insert into GRPWR_BOARD (BOARD_ID,BOARD_TITLE,BOARD_CONTENT,BOARD_CATEGORY,EMPLOYEE_NUM,BOARD_DATE,COMPANY_NUM,EMPLOYEE_NAME) values (7,'창립기념일 공지','창립 기념일을 맞이하여 회사 복지 차원에서 호텔뷔페를 부르고 상금 100만원을 걸고 부서끼리 체육대회를 진행 하겠습니다.','공지',146,to_date('25/03/01','RR/MM/DD'),1,'나대표');
REM INSERTING into GRPWR_CHAT_MESSAGE
SET DEFINE OFF;
Insert into GRPWR_CHAT_MESSAGE (MSG_ID,ROOM_ID,EMPLOYEE_NUM,MSG_CONTENT,SEND_DATE,IMG_PATH) values (182,179,1,'fffff',to_timestamp('25/02/27 11:55:35.000000000','RR/MM/DD HH24:MI:SSXFF'),null);
Insert into GRPWR_CHAT_MESSAGE (MSG_ID,ROOM_ID,EMPLOYEE_NUM,MSG_CONTENT,SEND_DATE,IMG_PATH) values (187,179,1,'3',to_timestamp('25/02/27 11:56:09.000000000','RR/MM/DD HH24:MI:SSXFF'),null);
Insert into GRPWR_CHAT_MESSAGE (MSG_ID,ROOM_ID,EMPLOYEE_NUM,MSG_CONTENT,SEND_DATE,IMG_PATH) values (192,179,1,'5',to_timestamp('25/02/27 12:46:39.000000000','RR/MM/DD HH24:MI:SSXFF'),null);
Insert into GRPWR_CHAT_MESSAGE (MSG_ID,ROOM_ID,EMPLOYEE_NUM,MSG_CONTENT,SEND_DATE,IMG_PATH) values (195,179,1,'7',to_timestamp('25/02/27 12:58:26.000000000','RR/MM/DD HH24:MI:SSXFF'),null);
Insert into GRPWR_CHAT_MESSAGE (MSG_ID,ROOM_ID,EMPLOYEE_NUM,MSG_CONTENT,SEND_DATE,IMG_PATH) values (196,179,1,'8',to_timestamp('25/02/28 10:31:58.000000000','RR/MM/DD HH24:MI:SSXFF'),null);
Insert into GRPWR_CHAT_MESSAGE (MSG_ID,ROOM_ID,EMPLOYEE_NUM,MSG_CONTENT,SEND_DATE,IMG_PATH) values (197,180,1,'11111',to_timestamp('25/02/28 10:36:13.000000000','RR/MM/DD HH24:MI:SSXFF'),null);
Insert into GRPWR_CHAT_MESSAGE (MSG_ID,ROOM_ID,EMPLOYEE_NUM,MSG_CONTENT,SEND_DATE,IMG_PATH) values (198,180,1,'22222',to_timestamp('25/02/28 10:49:58.000000000','RR/MM/DD HH24:MI:SSXFF'),null);
Insert into GRPWR_CHAT_MESSAGE (MSG_ID,ROOM_ID,EMPLOYEE_NUM,MSG_CONTENT,SEND_DATE,IMG_PATH) values (200,180,1,'444',to_timestamp('25/02/28 11:03:37.000000000','RR/MM/DD HH24:MI:SSXFF'),null);
Insert into GRPWR_CHAT_MESSAGE (MSG_ID,ROOM_ID,EMPLOYEE_NUM,MSG_CONTENT,SEND_DATE,IMG_PATH) values (201,180,2,'5555555',to_timestamp('25/02/28 11:04:42.000000000','RR/MM/DD HH24:MI:SSXFF'),null);
Insert into GRPWR_CHAT_MESSAGE (MSG_ID,ROOM_ID,EMPLOYEE_NUM,MSG_CONTENT,SEND_DATE,IMG_PATH) values (206,180,1,'10',to_timestamp('25/02/28 11:32:47.000000000','RR/MM/DD HH24:MI:SSXFF'),null);
Insert into GRPWR_CHAT_MESSAGE (MSG_ID,ROOM_ID,EMPLOYEE_NUM,MSG_CONTENT,SEND_DATE,IMG_PATH) values (209,180,1,'13',to_timestamp('25/02/28 11:36:51.000000000','RR/MM/DD HH24:MI:SSXFF'),null);
Insert into GRPWR_CHAT_MESSAGE (MSG_ID,ROOM_ID,EMPLOYEE_NUM,MSG_CONTENT,SEND_DATE,IMG_PATH) values (219,180,2,'aaaaaa',to_timestamp('25/02/28 12:16:39.000000000','RR/MM/DD HH24:MI:SSXFF'),null);
Insert into GRPWR_CHAT_MESSAGE (MSG_ID,ROOM_ID,EMPLOYEE_NUM,MSG_CONTENT,SEND_DATE,IMG_PATH) values (225,180,2,'666666',to_timestamp('25/02/28 12:27:27.000000000','RR/MM/DD HH24:MI:SSXFF'),null);
Insert into GRPWR_CHAT_MESSAGE (MSG_ID,ROOM_ID,EMPLOYEE_NUM,MSG_CONTENT,SEND_DATE,IMG_PATH) values (227,180,2,'88888',to_timestamp('25/02/28 12:27:46.000000000','RR/MM/DD HH24:MI:SSXFF'),null);
Insert into GRPWR_CHAT_MESSAGE (MSG_ID,ROOM_ID,EMPLOYEE_NUM,MSG_CONTENT,SEND_DATE,IMG_PATH) values (228,180,2,'9999',to_timestamp('25/02/28 12:28:29.000000000','RR/MM/DD HH24:MI:SSXFF'),null);
Insert into GRPWR_CHAT_MESSAGE (MSG_ID,ROOM_ID,EMPLOYEE_NUM,MSG_CONTENT,SEND_DATE,IMG_PATH) values (234,183,1,'첫 채팅',to_timestamp('25/02/28 12:49:09.000000000','RR/MM/DD HH24:MI:SSXFF'),null);
Insert into GRPWR_CHAT_MESSAGE (MSG_ID,ROOM_ID,EMPLOYEE_NUM,MSG_CONTENT,SEND_DATE,IMG_PATH) values (237,180,1,'15',to_timestamp('25/02/28 14:19:42.000000000','RR/MM/DD HH24:MI:SSXFF'),null);
Insert into GRPWR_CHAT_MESSAGE (MSG_ID,ROOM_ID,EMPLOYEE_NUM,MSG_CONTENT,SEND_DATE,IMG_PATH) values (238,187,1,'강사원!',to_timestamp('25/02/28 14:20:23.000000000','RR/MM/DD HH24:MI:SSXFF'),null);
Insert into GRPWR_CHAT_MESSAGE (MSG_ID,ROOM_ID,EMPLOYEE_NUM,MSG_CONTENT,SEND_DATE,IMG_PATH) values (239,190,161,'나사원 하이',to_timestamp('25/02/28 15:46:21.000000000','RR/MM/DD HH24:MI:SSXFF'),null);
Insert into GRPWR_CHAT_MESSAGE (MSG_ID,ROOM_ID,EMPLOYEE_NUM,MSG_CONTENT,SEND_DATE,IMG_PATH) values (241,188,1,'길동아 머하니',to_timestamp('25/02/28 17:23:36.000000000','RR/MM/DD HH24:MI:SSXFF'),null);
Insert into GRPWR_CHAT_MESSAGE (MSG_ID,ROOM_ID,EMPLOYEE_NUM,MSG_CONTENT,SEND_DATE,IMG_PATH) values (349,203,162,null,to_timestamp('25/03/07 11:48:08.000000000','RR/MM/DD HH24:MI:SSXFF'),'/image/151388e0-539e-400d-9dfe-f720a53cc56d_istockphoto-1437816897-612x612.jpg');
Insert into GRPWR_CHAT_MESSAGE (MSG_ID,ROOM_ID,EMPLOYEE_NUM,MSG_CONTENT,SEND_DATE,IMG_PATH) values (350,203,162,'!!!',to_timestamp('25/03/07 11:59:09.000000000','RR/MM/DD HH24:MI:SSXFF'),null);
Insert into GRPWR_CHAT_MESSAGE (MSG_ID,ROOM_ID,EMPLOYEE_NUM,MSG_CONTENT,SEND_DATE,IMG_PATH) values (351,203,162,null,to_timestamp('25/03/07 11:59:24.000000000','RR/MM/DD HH24:MI:SSXFF'),'/image/3c822a9e-3e3f-4364-9b6b-14d1b241b4fe_images (2).jpg');
Insert into GRPWR_CHAT_MESSAGE (MSG_ID,ROOM_ID,EMPLOYEE_NUM,MSG_CONTENT,SEND_DATE,IMG_PATH) values (354,203,162,null,to_timestamp('25/03/07 12:04:18.000000000','RR/MM/DD HH24:MI:SSXFF'),'/image/7580365f-6dea-432e-a488-bdaeffec8286_images (1).jpg');
Insert into GRPWR_CHAT_MESSAGE (MSG_ID,ROOM_ID,EMPLOYEE_NUM,MSG_CONTENT,SEND_DATE,IMG_PATH) values (356,203,162,null,to_timestamp('25/03/07 12:19:11.000000000','RR/MM/DD HH24:MI:SSXFF'),'/image/f1050fe4-65bf-4ab5-a04e-62a5a5fe15b1_360_F_364211147_1qgLVxv1Tcq0Ohz3FawUfrtONzz8nq3e.jpg');
Insert into GRPWR_CHAT_MESSAGE (MSG_ID,ROOM_ID,EMPLOYEE_NUM,MSG_CONTENT,SEND_DATE,IMG_PATH) values (357,203,162,null,to_timestamp('25/03/07 12:21:38.000000000','RR/MM/DD HH24:MI:SSXFF'),'/image/6685dfef-fbd8-43a7-b532-93be847aad71_images (1).jpg');
Insert into GRPWR_CHAT_MESSAGE (MSG_ID,ROOM_ID,EMPLOYEE_NUM,MSG_CONTENT,SEND_DATE,IMG_PATH) values (359,203,162,null,to_timestamp('25/03/07 12:23:56.000000000','RR/MM/DD HH24:MI:SSXFF'),'/image/47eb756d-a6dc-4307-85cf-5e5927cd8ce8_depositphotos_1380772-stock-photo-profile-of-beautiful-smiling-girl.jpg');
Insert into GRPWR_CHAT_MESSAGE (MSG_ID,ROOM_ID,EMPLOYEE_NUM,MSG_CONTENT,SEND_DATE,IMG_PATH) values (372,192,162,'ㄹㄹㄹ',to_timestamp('25/03/07 15:07:21.000000000','RR/MM/DD HH24:MI:SSXFF'),null);
Insert into GRPWR_CHAT_MESSAGE (MSG_ID,ROOM_ID,EMPLOYEE_NUM,MSG_CONTENT,SEND_DATE,IMG_PATH) values (373,192,162,'ㅏㅏㅏㅏㅏㅏ',to_timestamp('25/03/07 15:07:31.000000000','RR/MM/DD HH24:MI:SSXFF'),null);
Insert into GRPWR_CHAT_MESSAGE (MSG_ID,ROOM_ID,EMPLOYEE_NUM,MSG_CONTENT,SEND_DATE,IMG_PATH) values (375,192,162,'ㄴㄴㄴㄴㄴ',to_timestamp('25/03/07 15:08:01.000000000','RR/MM/DD HH24:MI:SSXFF'),null);
Insert into GRPWR_CHAT_MESSAGE (MSG_ID,ROOM_ID,EMPLOYEE_NUM,MSG_CONTENT,SEND_DATE,IMG_PATH) values (376,192,162,null,to_timestamp('25/03/07 15:08:23.000000000','RR/MM/DD HH24:MI:SSXFF'),'/image/a0e2493b-445a-453e-8b40-bbb4508b9ab4_참외.jpg');
Insert into GRPWR_CHAT_MESSAGE (MSG_ID,ROOM_ID,EMPLOYEE_NUM,MSG_CONTENT,SEND_DATE,IMG_PATH) values (377,192,162,null,to_timestamp('25/03/07 15:09:45.000000000','RR/MM/DD HH24:MI:SSXFF'),'/image/364a1f9c-e278-43d2-95e3-39bce4a05b6c_자몽.jpg');
Insert into GRPWR_CHAT_MESSAGE (MSG_ID,ROOM_ID,EMPLOYEE_NUM,MSG_CONTENT,SEND_DATE,IMG_PATH) values (379,192,162,'ㄹㄹㄹㄹㄹ',to_timestamp('25/03/07 15:10:00.000000000','RR/MM/DD HH24:MI:SSXFF'),null);
Insert into GRPWR_CHAT_MESSAGE (MSG_ID,ROOM_ID,EMPLOYEE_NUM,MSG_CONTENT,SEND_DATE,IMG_PATH) values (387,205,461,'오늘 회의 때 뵙겠습니다',to_timestamp('25/03/10 16:16:02.000000000','RR/MM/DD HH24:MI:SSXFF'),null);
Insert into GRPWR_CHAT_MESSAGE (MSG_ID,ROOM_ID,EMPLOYEE_NUM,MSG_CONTENT,SEND_DATE,IMG_PATH) values (389,205,162,null,to_timestamp('25/03/10 16:16:27.000000000','RR/MM/DD HH24:MI:SSXFF'),'/image/79ce67fc-5303-4541-81cd-d7f466cde1cb_jun_officehero_01-1.jpg');
Insert into GRPWR_CHAT_MESSAGE (MSG_ID,ROOM_ID,EMPLOYEE_NUM,MSG_CONTENT,SEND_DATE,IMG_PATH) values (184,179,1,'fffff',to_timestamp('25/02/27 11:55:39.000000000','RR/MM/DD HH24:MI:SSXFF'),null);
Insert into GRPWR_CHAT_MESSAGE (MSG_ID,ROOM_ID,EMPLOYEE_NUM,MSG_CONTENT,SEND_DATE,IMG_PATH) values (188,179,1,'4',to_timestamp('25/02/27 12:00:02.000000000','RR/MM/DD HH24:MI:SSXFF'),null);
Insert into GRPWR_CHAT_MESSAGE (MSG_ID,ROOM_ID,EMPLOYEE_NUM,MSG_CONTENT,SEND_DATE,IMG_PATH) values (202,180,2,'66666',to_timestamp('25/02/28 11:05:44.000000000','RR/MM/DD HH24:MI:SSXFF'),null);
Insert into GRPWR_CHAT_MESSAGE (MSG_ID,ROOM_ID,EMPLOYEE_NUM,MSG_CONTENT,SEND_DATE,IMG_PATH) values (204,180,1,'8888',to_timestamp('25/02/28 11:29:40.000000000','RR/MM/DD HH24:MI:SSXFF'),null);
Insert into GRPWR_CHAT_MESSAGE (MSG_ID,ROOM_ID,EMPLOYEE_NUM,MSG_CONTENT,SEND_DATE,IMG_PATH) values (205,180,1,'99999',to_timestamp('25/02/28 11:32:36.000000000','RR/MM/DD HH24:MI:SSXFF'),null);
Insert into GRPWR_CHAT_MESSAGE (MSG_ID,ROOM_ID,EMPLOYEE_NUM,MSG_CONTENT,SEND_DATE,IMG_PATH) values (208,180,1,'12',to_timestamp('25/02/28 11:36:41.000000000','RR/MM/DD HH24:MI:SSXFF'),null);
Insert into GRPWR_CHAT_MESSAGE (MSG_ID,ROOM_ID,EMPLOYEE_NUM,MSG_CONTENT,SEND_DATE,IMG_PATH) values (211,180,1,'15',to_timestamp('25/02/28 11:41:49.000000000','RR/MM/DD HH24:MI:SSXFF'),null);
Insert into GRPWR_CHAT_MESSAGE (MSG_ID,ROOM_ID,EMPLOYEE_NUM,MSG_CONTENT,SEND_DATE,IMG_PATH) values (213,180,1,'17',to_timestamp('25/02/28 12:00:48.000000000','RR/MM/DD HH24:MI:SSXFF'),null);
Insert into GRPWR_CHAT_MESSAGE (MSG_ID,ROOM_ID,EMPLOYEE_NUM,MSG_CONTENT,SEND_DATE,IMG_PATH) values (214,180,1,'18',to_timestamp('25/02/28 12:02:21.000000000','RR/MM/DD HH24:MI:SSXFF'),null);
Insert into GRPWR_CHAT_MESSAGE (MSG_ID,ROOM_ID,EMPLOYEE_NUM,MSG_CONTENT,SEND_DATE,IMG_PATH) values (217,180,2,'21',to_timestamp('25/02/28 12:16:31.000000000','RR/MM/DD HH24:MI:SSXFF'),null);
Insert into GRPWR_CHAT_MESSAGE (MSG_ID,ROOM_ID,EMPLOYEE_NUM,MSG_CONTENT,SEND_DATE,IMG_PATH) values (218,180,1,'22',to_timestamp('25/02/28 12:16:35.000000000','RR/MM/DD HH24:MI:SSXFF'),null);
Insert into GRPWR_CHAT_MESSAGE (MSG_ID,ROOM_ID,EMPLOYEE_NUM,MSG_CONTENT,SEND_DATE,IMG_PATH) values (220,180,2,'2222',to_timestamp('25/02/28 12:17:44.000000000','RR/MM/DD HH24:MI:SSXFF'),null);
Insert into GRPWR_CHAT_MESSAGE (MSG_ID,ROOM_ID,EMPLOYEE_NUM,MSG_CONTENT,SEND_DATE,IMG_PATH) values (224,180,2,'55555',to_timestamp('25/02/28 12:23:52.000000000','RR/MM/DD HH24:MI:SSXFF'),null);
Insert into GRPWR_CHAT_MESSAGE (MSG_ID,ROOM_ID,EMPLOYEE_NUM,MSG_CONTENT,SEND_DATE,IMG_PATH) values (226,180,1,'777777',to_timestamp('25/02/28 12:27:33.000000000','RR/MM/DD HH24:MI:SSXFF'),null);
Insert into GRPWR_CHAT_MESSAGE (MSG_ID,ROOM_ID,EMPLOYEE_NUM,MSG_CONTENT,SEND_DATE,IMG_PATH) values (229,180,2,'10',to_timestamp('25/02/28 12:28:31.000000000','RR/MM/DD HH24:MI:SSXFF'),null);
Insert into GRPWR_CHAT_MESSAGE (MSG_ID,ROOM_ID,EMPLOYEE_NUM,MSG_CONTENT,SEND_DATE,IMG_PATH) values (230,180,1,'11',to_timestamp('25/02/28 12:28:37.000000000','RR/MM/DD HH24:MI:SSXFF'),null);
Insert into GRPWR_CHAT_MESSAGE (MSG_ID,ROOM_ID,EMPLOYEE_NUM,MSG_CONTENT,SEND_DATE,IMG_PATH) values (231,180,1,'12',to_timestamp('25/02/28 12:28:53.000000000','RR/MM/DD HH24:MI:SSXFF'),null);
Insert into GRPWR_CHAT_MESSAGE (MSG_ID,ROOM_ID,EMPLOYEE_NUM,MSG_CONTENT,SEND_DATE,IMG_PATH) values (232,180,1,'13',to_timestamp('25/02/28 12:28:55.000000000','RR/MM/DD HH24:MI:SSXFF'),null);
Insert into GRPWR_CHAT_MESSAGE (MSG_ID,ROOM_ID,EMPLOYEE_NUM,MSG_CONTENT,SEND_DATE,IMG_PATH) values (240,190,162,'강사원 하이',to_timestamp('25/02/28 15:46:32.000000000','RR/MM/DD HH24:MI:SSXFF'),null);
Insert into GRPWR_CHAT_MESSAGE (MSG_ID,ROOM_ID,EMPLOYEE_NUM,MSG_CONTENT,SEND_DATE,IMG_PATH) values (365,203,162,null,to_timestamp('25/03/07 12:38:26.000000000','RR/MM/DD HH24:MI:SSXFF'),'/image/a8485615-9605-4ef2-9e0c-a5274ffbe8c4_noProfileImg.jpg');
Insert into GRPWR_CHAT_MESSAGE (MSG_ID,ROOM_ID,EMPLOYEE_NUM,MSG_CONTENT,SEND_DATE,IMG_PATH) values (367,203,162,null,to_timestamp('25/03/07 12:40:19.000000000','RR/MM/DD HH24:MI:SSXFF'),'/image/bcc71dfc-27e7-40ce-9d97-b3a93384a7ec_1-intro-photo-final.jpg');
Insert into GRPWR_CHAT_MESSAGE (MSG_ID,ROOM_ID,EMPLOYEE_NUM,MSG_CONTENT,SEND_DATE,IMG_PATH) values (362,203,162,'ㅁㅁㅁㅁㅁㅁㅁ',to_timestamp('25/03/07 12:34:32.000000000','RR/MM/DD HH24:MI:SSXFF'),null);
Insert into GRPWR_CHAT_MESSAGE (MSG_ID,ROOM_ID,EMPLOYEE_NUM,MSG_CONTENT,SEND_DATE,IMG_PATH) values (364,203,162,null,to_timestamp('25/03/07 12:35:28.000000000','RR/MM/DD HH24:MI:SSXFF'),'/image/cc867898-87d8-4569-8f28-30f2aff31020_images (1).jpg');
Insert into GRPWR_CHAT_MESSAGE (MSG_ID,ROOM_ID,EMPLOYEE_NUM,MSG_CONTENT,SEND_DATE,IMG_PATH) values (368,203,162,'ㅇㅇㅇㅇ',to_timestamp('25/03/07 12:41:05.000000000','RR/MM/DD HH24:MI:SSXFF'),null);
Insert into GRPWR_CHAT_MESSAGE (MSG_ID,ROOM_ID,EMPLOYEE_NUM,MSG_CONTENT,SEND_DATE,IMG_PATH) values (370,201,162,null,to_timestamp('25/03/07 12:48:12.000000000','RR/MM/DD HH24:MI:SSXFF'),'/image/866901d8-9050-47ec-a5e4-865c2b72c8ae_결재 요청 서류.pdf');
Insert into GRPWR_CHAT_MESSAGE (MSG_ID,ROOM_ID,EMPLOYEE_NUM,MSG_CONTENT,SEND_DATE,IMG_PATH) values (381,199,162,'2시 회의입니다',to_timestamp('25/03/10 15:42:22.000000000','RR/MM/DD HH24:MI:SSXFF'),null);
Insert into GRPWR_CHAT_MESSAGE (MSG_ID,ROOM_ID,EMPLOYEE_NUM,MSG_CONTENT,SEND_DATE,IMG_PATH) values (383,199,162,'💌💌',to_timestamp('25/03/10 15:44:31.000000000','RR/MM/DD HH24:MI:SSXFF'),null);
Insert into GRPWR_CHAT_MESSAGE (MSG_ID,ROOM_ID,EMPLOYEE_NUM,MSG_CONTENT,SEND_DATE,IMG_PATH) values (384,199,162,null,to_timestamp('25/03/10 15:46:02.000000000','RR/MM/DD HH24:MI:SSXFF'),'/image/924b6579-991b-44c0-95bd-c07f4afe1798_jun_officehero_01-1.jpg');
Insert into GRPWR_CHAT_MESSAGE (MSG_ID,ROOM_ID,EMPLOYEE_NUM,MSG_CONTENT,SEND_DATE,IMG_PATH) values (388,205,162,'그래요^^',to_timestamp('25/03/10 16:16:21.000000000','RR/MM/DD HH24:MI:SSXFF'),null);
Insert into GRPWR_CHAT_MESSAGE (MSG_ID,ROOM_ID,EMPLOYEE_NUM,MSG_CONTENT,SEND_DATE,IMG_PATH) values (393,201,162,'강동원 조화',to_timestamp('25/03/11 11:02:05.000000000','RR/MM/DD HH24:MI:SSXFF'),null);
Insert into GRPWR_CHAT_MESSAGE (MSG_ID,ROOM_ID,EMPLOYEE_NUM,MSG_CONTENT,SEND_DATE,IMG_PATH) values (394,205,162,null,to_timestamp('25/03/11 11:04:25.000000000','RR/MM/DD HH24:MI:SSXFF'),'/image/474ef60f-a5bf-4c82-ad89-17adc5857c96_1_gLBbycoPkt6wAPGTyDAbZQ.png');
Insert into GRPWR_CHAT_MESSAGE (MSG_ID,ROOM_ID,EMPLOYEE_NUM,MSG_CONTENT,SEND_DATE,IMG_PATH) values (398,199,162,'해킹되었습니다.',to_timestamp('25/03/12 12:40:21.000000000','RR/MM/DD HH24:MI:SSXFF'),null);
Insert into GRPWR_CHAT_MESSAGE (MSG_ID,ROOM_ID,EMPLOYEE_NUM,MSG_CONTENT,SEND_DATE,IMG_PATH) values (399,199,162,'ㅋㅋㅋㅋㅋㅋㅋㅋㅋㅋ',to_timestamp('25/03/12 14:19:30.000000000','RR/MM/DD HH24:MI:SSXFF'),null);
Insert into GRPWR_CHAT_MESSAGE (MSG_ID,ROOM_ID,EMPLOYEE_NUM,MSG_CONTENT,SEND_DATE,IMG_PATH) values (400,199,162,'시간이 이상해요',to_timestamp('25/03/12 14:30:22.000000000','RR/MM/DD HH24:MI:SSXFF'),null);
Insert into GRPWR_CHAT_MESSAGE (MSG_ID,ROOM_ID,EMPLOYEE_NUM,MSG_CONTENT,SEND_DATE,IMG_PATH) values (179,179,1,'sdfsdf',to_timestamp('25/02/27 11:29:47.000000000','RR/MM/DD HH24:MI:SSXFF'),null);
Insert into GRPWR_CHAT_MESSAGE (MSG_ID,ROOM_ID,EMPLOYEE_NUM,MSG_CONTENT,SEND_DATE,IMG_PATH) values (180,179,1,'ㄷㄷㄷㄷㄷ',to_timestamp('25/02/27 11:43:27.000000000','RR/MM/DD HH24:MI:SSXFF'),null);
Insert into GRPWR_CHAT_MESSAGE (MSG_ID,ROOM_ID,EMPLOYEE_NUM,MSG_CONTENT,SEND_DATE,IMG_PATH) values (181,179,1,'ㄷㄷㄷㄷㄷ',to_timestamp('25/02/27 11:43:27.000000000','RR/MM/DD HH24:MI:SSXFF'),null);
Insert into GRPWR_CHAT_MESSAGE (MSG_ID,ROOM_ID,EMPLOYEE_NUM,MSG_CONTENT,SEND_DATE,IMG_PATH) values (183,179,1,'fffff',to_timestamp('25/02/27 11:55:37.000000000','RR/MM/DD HH24:MI:SSXFF'),null);
Insert into GRPWR_CHAT_MESSAGE (MSG_ID,ROOM_ID,EMPLOYEE_NUM,MSG_CONTENT,SEND_DATE,IMG_PATH) values (185,179,1,'1',to_timestamp('25/02/27 11:56:05.000000000','RR/MM/DD HH24:MI:SSXFF'),null);
Insert into GRPWR_CHAT_MESSAGE (MSG_ID,ROOM_ID,EMPLOYEE_NUM,MSG_CONTENT,SEND_DATE,IMG_PATH) values (186,179,1,'2',to_timestamp('25/02/27 11:56:07.000000000','RR/MM/DD HH24:MI:SSXFF'),null);
Insert into GRPWR_CHAT_MESSAGE (MSG_ID,ROOM_ID,EMPLOYEE_NUM,MSG_CONTENT,SEND_DATE,IMG_PATH) values (194,179,1,'6',to_timestamp('25/02/27 12:52:27.000000000','RR/MM/DD HH24:MI:SSXFF'),null);
Insert into GRPWR_CHAT_MESSAGE (MSG_ID,ROOM_ID,EMPLOYEE_NUM,MSG_CONTENT,SEND_DATE,IMG_PATH) values (245,190,162,'ㄴㅇㅁㅇㅁㄴㅇ',to_timestamp('25/03/06 14:12:37.000000000','RR/MM/DD HH24:MI:SSXFF'),null);
Insert into GRPWR_CHAT_MESSAGE (MSG_ID,ROOM_ID,EMPLOYEE_NUM,MSG_CONTENT,SEND_DATE,IMG_PATH) values (247,199,162,'야',to_timestamp('25/03/06 15:23:07.000000000','RR/MM/DD HH24:MI:SSXFF'),null);
Insert into GRPWR_CHAT_MESSAGE (MSG_ID,ROOM_ID,EMPLOYEE_NUM,MSG_CONTENT,SEND_DATE,IMG_PATH) values (249,199,162,'ㄹㄹㄹㄹ',to_timestamp('25/03/06 15:23:32.000000000','RR/MM/DD HH24:MI:SSXFF'),null);
Insert into GRPWR_CHAT_MESSAGE (MSG_ID,ROOM_ID,EMPLOYEE_NUM,MSG_CONTENT,SEND_DATE,IMG_PATH) values (259,199,162,'ㄴㅇㅇㅇㅇㅇ',to_timestamp('25/03/06 15:32:50.000000000','RR/MM/DD HH24:MI:SSXFF'),null);
Insert into GRPWR_CHAT_MESSAGE (MSG_ID,ROOM_ID,EMPLOYEE_NUM,MSG_CONTENT,SEND_DATE,IMG_PATH) values (260,199,162,'ㄹㄹㄹㄹ',to_timestamp('25/03/06 15:33:22.000000000','RR/MM/DD HH24:MI:SSXFF'),null);
Insert into GRPWR_CHAT_MESSAGE (MSG_ID,ROOM_ID,EMPLOYEE_NUM,MSG_CONTENT,SEND_DATE,IMG_PATH) values (261,199,162,'ㅇㄹㅇㄹ',to_timestamp('25/03/06 15:34:01.000000000','RR/MM/DD HH24:MI:SSXFF'),null);
Insert into GRPWR_CHAT_MESSAGE (MSG_ID,ROOM_ID,EMPLOYEE_NUM,MSG_CONTENT,SEND_DATE,IMG_PATH) values (264,199,162,'ㄴㅇㄹ',to_timestamp('25/03/06 15:36:23.000000000','RR/MM/DD HH24:MI:SSXFF'),null);
Insert into GRPWR_CHAT_MESSAGE (MSG_ID,ROOM_ID,EMPLOYEE_NUM,MSG_CONTENT,SEND_DATE,IMG_PATH) values (266,199,162,'ㄱㄱㄱㄱㄱ?',to_timestamp('25/03/06 15:36:32.000000000','RR/MM/DD HH24:MI:SSXFF'),null);
Insert into GRPWR_CHAT_MESSAGE (MSG_ID,ROOM_ID,EMPLOYEE_NUM,MSG_CONTENT,SEND_DATE,IMG_PATH) values (267,199,162,'ㅇㅀㅇㅀ',to_timestamp('25/03/06 15:36:55.000000000','RR/MM/DD HH24:MI:SSXFF'),null);
Insert into GRPWR_CHAT_MESSAGE (MSG_ID,ROOM_ID,EMPLOYEE_NUM,MSG_CONTENT,SEND_DATE,IMG_PATH) values (268,199,381,'dfgdfg',to_timestamp('25/03/06 15:36:59.000000000','RR/MM/DD HH24:MI:SSXFF'),null);
Insert into GRPWR_CHAT_MESSAGE (MSG_ID,ROOM_ID,EMPLOYEE_NUM,MSG_CONTENT,SEND_DATE,IMG_PATH) values (269,199,381,'ggggggg',to_timestamp('25/03/06 15:37:03.000000000','RR/MM/DD HH24:MI:SSXFF'),null);
Insert into GRPWR_CHAT_MESSAGE (MSG_ID,ROOM_ID,EMPLOYEE_NUM,MSG_CONTENT,SEND_DATE,IMG_PATH) values (271,199,162,'ㄴㅇㄹㄴㅇㄹ',to_timestamp('25/03/06 15:37:21.000000000','RR/MM/DD HH24:MI:SSXFF'),null);
Insert into GRPWR_CHAT_MESSAGE (MSG_ID,ROOM_ID,EMPLOYEE_NUM,MSG_CONTENT,SEND_DATE,IMG_PATH) values (275,199,381,'ffffffff',to_timestamp('25/03/06 15:39:05.000000000','RR/MM/DD HH24:MI:SSXFF'),null);
Insert into GRPWR_CHAT_MESSAGE (MSG_ID,ROOM_ID,EMPLOYEE_NUM,MSG_CONTENT,SEND_DATE,IMG_PATH) values (281,199,162,'ㅎ',to_timestamp('25/03/06 15:49:08.000000000','RR/MM/DD HH24:MI:SSXFF'),null);
Insert into GRPWR_CHAT_MESSAGE (MSG_ID,ROOM_ID,EMPLOYEE_NUM,MSG_CONTENT,SEND_DATE,IMG_PATH) values (284,199,381,'ggaaaaa',to_timestamp('25/03/06 15:49:17.000000000','RR/MM/DD HH24:MI:SSXFF'),null);
Insert into GRPWR_CHAT_MESSAGE (MSG_ID,ROOM_ID,EMPLOYEE_NUM,MSG_CONTENT,SEND_DATE,IMG_PATH) values (288,199,162,'ㅁㅁㅁㅁㅁㅁ',to_timestamp('25/03/06 15:49:30.000000000','RR/MM/DD HH24:MI:SSXFF'),null);
Insert into GRPWR_CHAT_MESSAGE (MSG_ID,ROOM_ID,EMPLOYEE_NUM,MSG_CONTENT,SEND_DATE,IMG_PATH) values (289,199,162,'ㄹㅇㄹㅇㄹㅇㄹ',to_timestamp('25/03/06 15:49:32.000000000','RR/MM/DD HH24:MI:SSXFF'),null);
Insert into GRPWR_CHAT_MESSAGE (MSG_ID,ROOM_ID,EMPLOYEE_NUM,MSG_CONTENT,SEND_DATE,IMG_PATH) values (291,199,162,'111',to_timestamp('25/03/06 15:49:39.000000000','RR/MM/DD HH24:MI:SSXFF'),null);
Insert into GRPWR_CHAT_MESSAGE (MSG_ID,ROOM_ID,EMPLOYEE_NUM,MSG_CONTENT,SEND_DATE,IMG_PATH) values (295,199,381,'cvxcv',to_timestamp('25/03/06 15:50:10.000000000','RR/MM/DD HH24:MI:SSXFF'),null);
Insert into GRPWR_CHAT_MESSAGE (MSG_ID,ROOM_ID,EMPLOYEE_NUM,MSG_CONTENT,SEND_DATE,IMG_PATH) values (299,199,162,'555555',to_timestamp('25/03/06 15:50:23.000000000','RR/MM/DD HH24:MI:SSXFF'),null);
Insert into GRPWR_CHAT_MESSAGE (MSG_ID,ROOM_ID,EMPLOYEE_NUM,MSG_CONTENT,SEND_DATE,IMG_PATH) values (302,199,162,'ㄷㄷㄷㄷㄷㄷㄷㄷ',to_timestamp('25/03/06 15:51:05.000000000','RR/MM/DD HH24:MI:SSXFF'),null);
Insert into GRPWR_CHAT_MESSAGE (MSG_ID,ROOM_ID,EMPLOYEE_NUM,MSG_CONTENT,SEND_DATE,IMG_PATH) values (303,199,162,'1111',to_timestamp('25/03/06 15:51:17.000000000','RR/MM/DD HH24:MI:SSXFF'),null);
Insert into GRPWR_CHAT_MESSAGE (MSG_ID,ROOM_ID,EMPLOYEE_NUM,MSG_CONTENT,SEND_DATE,IMG_PATH) values (309,199,381,'33333',to_timestamp('25/03/06 15:53:18.000000000','RR/MM/DD HH24:MI:SSXFF'),null);
Insert into GRPWR_CHAT_MESSAGE (MSG_ID,ROOM_ID,EMPLOYEE_NUM,MSG_CONTENT,SEND_DATE,IMG_PATH) values (314,199,381,'99999',to_timestamp('25/03/06 15:55:18.000000000','RR/MM/DD HH24:MI:SSXFF'),null);
Insert into GRPWR_CHAT_MESSAGE (MSG_ID,ROOM_ID,EMPLOYEE_NUM,MSG_CONTENT,SEND_DATE,IMG_PATH) values (322,199,381,'iittt',to_timestamp('25/03/06 16:01:56.000000000','RR/MM/DD HH24:MI:SSXFF'),null);
Insert into GRPWR_CHAT_MESSAGE (MSG_ID,ROOM_ID,EMPLOYEE_NUM,MSG_CONTENT,SEND_DATE,IMG_PATH) values (374,192,162,'ㅗㅗㅗㅗ',to_timestamp('25/03/07 15:07:59.000000000','RR/MM/DD HH24:MI:SSXFF'),null);
Insert into GRPWR_CHAT_MESSAGE (MSG_ID,ROOM_ID,EMPLOYEE_NUM,MSG_CONTENT,SEND_DATE,IMG_PATH) values (378,192,185,'fffff',to_timestamp('25/03/07 15:09:54.000000000','RR/MM/DD HH24:MI:SSXFF'),null);
Insert into GRPWR_CHAT_MESSAGE (MSG_ID,ROOM_ID,EMPLOYEE_NUM,MSG_CONTENT,SEND_DATE,IMG_PATH) values (385,205,461,'넵',to_timestamp('25/03/10 16:11:43.000000000','RR/MM/DD HH24:MI:SSXFF'),null);
Insert into GRPWR_CHAT_MESSAGE (MSG_ID,ROOM_ID,EMPLOYEE_NUM,MSG_CONTENT,SEND_DATE,IMG_PATH) values (390,191,162,'서류 결제좀 해줘',to_timestamp('25/03/10 21:11:49.000000000','RR/MM/DD HH24:MI:SSXFF'),null);
Insert into GRPWR_CHAT_MESSAGE (MSG_ID,ROOM_ID,EMPLOYEE_NUM,MSG_CONTENT,SEND_DATE,IMG_PATH) values (395,210,100000,'꾸래핑',to_timestamp('25/03/11 14:58:36.000000000','RR/MM/DD HH24:MI:SSXFF'),null);
Insert into GRPWR_CHAT_MESSAGE (MSG_ID,ROOM_ID,EMPLOYEE_NUM,MSG_CONTENT,SEND_DATE,IMG_PATH) values (396,212,381,'참치',to_timestamp('25/03/11 15:02:46.000000000','RR/MM/DD HH24:MI:SSXFF'),null);
Insert into GRPWR_CHAT_MESSAGE (MSG_ID,ROOM_ID,EMPLOYEE_NUM,MSG_CONTENT,SEND_DATE,IMG_PATH) values (199,180,1,'3333',to_timestamp('25/02/28 11:02:33.000000000','RR/MM/DD HH24:MI:SSXFF'),null);
Insert into GRPWR_CHAT_MESSAGE (MSG_ID,ROOM_ID,EMPLOYEE_NUM,MSG_CONTENT,SEND_DATE,IMG_PATH) values (203,180,1,'77777',to_timestamp('25/02/28 11:10:00.000000000','RR/MM/DD HH24:MI:SSXFF'),null);
Insert into GRPWR_CHAT_MESSAGE (MSG_ID,ROOM_ID,EMPLOYEE_NUM,MSG_CONTENT,SEND_DATE,IMG_PATH) values (207,180,1,'11',to_timestamp('25/02/28 11:35:55.000000000','RR/MM/DD HH24:MI:SSXFF'),null);
Insert into GRPWR_CHAT_MESSAGE (MSG_ID,ROOM_ID,EMPLOYEE_NUM,MSG_CONTENT,SEND_DATE,IMG_PATH) values (210,180,1,'14',to_timestamp('25/02/28 11:39:40.000000000','RR/MM/DD HH24:MI:SSXFF'),null);
Insert into GRPWR_CHAT_MESSAGE (MSG_ID,ROOM_ID,EMPLOYEE_NUM,MSG_CONTENT,SEND_DATE,IMG_PATH) values (212,180,1,'16',to_timestamp('25/02/28 11:43:00.000000000','RR/MM/DD HH24:MI:SSXFF'),null);
Insert into GRPWR_CHAT_MESSAGE (MSG_ID,ROOM_ID,EMPLOYEE_NUM,MSG_CONTENT,SEND_DATE,IMG_PATH) values (215,180,2,'19',to_timestamp('25/02/28 12:02:34.000000000','RR/MM/DD HH24:MI:SSXFF'),null);
Insert into GRPWR_CHAT_MESSAGE (MSG_ID,ROOM_ID,EMPLOYEE_NUM,MSG_CONTENT,SEND_DATE,IMG_PATH) values (216,180,1,'20',to_timestamp('25/02/28 12:16:07.000000000','RR/MM/DD HH24:MI:SSXFF'),null);
Insert into GRPWR_CHAT_MESSAGE (MSG_ID,ROOM_ID,EMPLOYEE_NUM,MSG_CONTENT,SEND_DATE,IMG_PATH) values (221,180,2,'444444',to_timestamp('25/02/28 12:18:48.000000000','RR/MM/DD HH24:MI:SSXFF'),null);
Insert into GRPWR_CHAT_MESSAGE (MSG_ID,ROOM_ID,EMPLOYEE_NUM,MSG_CONTENT,SEND_DATE,IMG_PATH) values (222,180,2,'5555',to_timestamp('25/02/28 12:20:34.000000000','RR/MM/DD HH24:MI:SSXFF'),null);
Insert into GRPWR_CHAT_MESSAGE (MSG_ID,ROOM_ID,EMPLOYEE_NUM,MSG_CONTENT,SEND_DATE,IMG_PATH) values (223,180,2,'44444444',to_timestamp('25/02/28 12:21:41.000000000','RR/MM/DD HH24:MI:SSXFF'),null);
Insert into GRPWR_CHAT_MESSAGE (MSG_ID,ROOM_ID,EMPLOYEE_NUM,MSG_CONTENT,SEND_DATE,IMG_PATH) values (233,180,2,'14',to_timestamp('25/02/28 12:29:10.000000000','RR/MM/DD HH24:MI:SSXFF'),null);
Insert into GRPWR_CHAT_MESSAGE (MSG_ID,ROOM_ID,EMPLOYEE_NUM,MSG_CONTENT,SEND_DATE,IMG_PATH) values (235,186,142,'하염',to_timestamp('25/02/28 14:16:15.000000000','RR/MM/DD HH24:MI:SSXFF'),null);
Insert into GRPWR_CHAT_MESSAGE (MSG_ID,ROOM_ID,EMPLOYEE_NUM,MSG_CONTENT,SEND_DATE,IMG_PATH) values (236,186,1,'ㄱㄱㄱ',to_timestamp('25/02/28 14:19:31.000000000','RR/MM/DD HH24:MI:SSXFF'),null);
Insert into GRPWR_CHAT_MESSAGE (MSG_ID,ROOM_ID,EMPLOYEE_NUM,MSG_CONTENT,SEND_DATE,IMG_PATH) values (242,192,162,'이사원!!',to_timestamp('25/03/05 10:22:04.000000000','RR/MM/DD HH24:MI:SSXFF'),null);
Insert into GRPWR_CHAT_MESSAGE (MSG_ID,ROOM_ID,EMPLOYEE_NUM,MSG_CONTENT,SEND_DATE,IMG_PATH) values (243,192,185,'!!!!!!',to_timestamp('25/03/05 10:22:24.000000000','RR/MM/DD HH24:MI:SSXFF'),null);
Insert into GRPWR_CHAT_MESSAGE (MSG_ID,ROOM_ID,EMPLOYEE_NUM,MSG_CONTENT,SEND_DATE,IMG_PATH) values (244,192,162,'ㄹㄹㄹㄹ',to_timestamp('25/03/05 10:22:27.000000000','RR/MM/DD HH24:MI:SSXFF'),null);
Insert into GRPWR_CHAT_MESSAGE (MSG_ID,ROOM_ID,EMPLOYEE_NUM,MSG_CONTENT,SEND_DATE,IMG_PATH) values (246,190,162,'ㅇㅇㅇㅇㅇ',to_timestamp('25/03/06 14:12:41.000000000','RR/MM/DD HH24:MI:SSXFF'),null);
Insert into GRPWR_CHAT_MESSAGE (MSG_ID,ROOM_ID,EMPLOYEE_NUM,MSG_CONTENT,SEND_DATE,IMG_PATH) values (248,199,162,'ㅇㅇㅇㅇㅇ',to_timestamp('25/03/06 15:23:15.000000000','RR/MM/DD HH24:MI:SSXFF'),null);
Insert into GRPWR_CHAT_MESSAGE (MSG_ID,ROOM_ID,EMPLOYEE_NUM,MSG_CONTENT,SEND_DATE,IMG_PATH) values (250,199,162,'ㅎㅎㅎㅎㅎ',to_timestamp('25/03/06 15:24:45.000000000','RR/MM/DD HH24:MI:SSXFF'),null);
Insert into GRPWR_CHAT_MESSAGE (MSG_ID,ROOM_ID,EMPLOYEE_NUM,MSG_CONTENT,SEND_DATE,IMG_PATH) values (251,199,162,'ㅀㅀㅎㅎㅎㅎ',to_timestamp('25/03/06 15:24:54.000000000','RR/MM/DD HH24:MI:SSXFF'),null);
Insert into GRPWR_CHAT_MESSAGE (MSG_ID,ROOM_ID,EMPLOYEE_NUM,MSG_CONTENT,SEND_DATE,IMG_PATH) values (253,199,162,'ㅎㅎㅎㅎㅎ',to_timestamp('25/03/06 15:25:28.000000000','RR/MM/DD HH24:MI:SSXFF'),null);
Insert into GRPWR_CHAT_MESSAGE (MSG_ID,ROOM_ID,EMPLOYEE_NUM,MSG_CONTENT,SEND_DATE,IMG_PATH) values (255,199,381,'llllllllllll',to_timestamp('25/03/06 15:26:01.000000000','RR/MM/DD HH24:MI:SSXFF'),null);
Insert into GRPWR_CHAT_MESSAGE (MSG_ID,ROOM_ID,EMPLOYEE_NUM,MSG_CONTENT,SEND_DATE,IMG_PATH) values (257,199,162,'ㄹㄹㄹㄹㄹ',to_timestamp('25/03/06 15:30:07.000000000','RR/MM/DD HH24:MI:SSXFF'),null);
Insert into GRPWR_CHAT_MESSAGE (MSG_ID,ROOM_ID,EMPLOYEE_NUM,MSG_CONTENT,SEND_DATE,IMG_PATH) values (258,199,162,'ㄹㄹㄹㄹㄹㄹㄹㄹㄹㄹㄹㄹㄹ',to_timestamp('25/03/06 15:30:17.000000000','RR/MM/DD HH24:MI:SSXFF'),null);
Insert into GRPWR_CHAT_MESSAGE (MSG_ID,ROOM_ID,EMPLOYEE_NUM,MSG_CONTENT,SEND_DATE,IMG_PATH) values (273,199,162,'ㄴㅇㄹ',to_timestamp('25/03/06 15:38:50.000000000','RR/MM/DD HH24:MI:SSXFF'),null);
Insert into GRPWR_CHAT_MESSAGE (MSG_ID,ROOM_ID,EMPLOYEE_NUM,MSG_CONTENT,SEND_DATE,IMG_PATH) values (277,199,162,'ㅇㅇㅇ',to_timestamp('25/03/06 15:43:36.000000000','RR/MM/DD HH24:MI:SSXFF'),null);
Insert into GRPWR_CHAT_MESSAGE (MSG_ID,ROOM_ID,EMPLOYEE_NUM,MSG_CONTENT,SEND_DATE,IMG_PATH) values (278,199,162,'ㅇㅎㅇㅎ',to_timestamp('25/03/06 15:44:09.000000000','RR/MM/DD HH24:MI:SSXFF'),null);
Insert into GRPWR_CHAT_MESSAGE (MSG_ID,ROOM_ID,EMPLOYEE_NUM,MSG_CONTENT,SEND_DATE,IMG_PATH) values (280,199,381,'haaaa',to_timestamp('25/03/06 15:44:22.000000000','RR/MM/DD HH24:MI:SSXFF'),null);
Insert into GRPWR_CHAT_MESSAGE (MSG_ID,ROOM_ID,EMPLOYEE_NUM,MSG_CONTENT,SEND_DATE,IMG_PATH) values (285,199,381,'a',to_timestamp('25/03/06 15:49:18.000000000','RR/MM/DD HH24:MI:SSXFF'),null);
Insert into GRPWR_CHAT_MESSAGE (MSG_ID,ROOM_ID,EMPLOYEE_NUM,MSG_CONTENT,SEND_DATE,IMG_PATH) values (286,199,162,'ㄹㄹㄹㄹ',to_timestamp('25/03/06 15:49:25.000000000','RR/MM/DD HH24:MI:SSXFF'),null);
Insert into GRPWR_CHAT_MESSAGE (MSG_ID,ROOM_ID,EMPLOYEE_NUM,MSG_CONTENT,SEND_DATE,IMG_PATH) values (292,199,162,'2222',to_timestamp('25/03/06 15:49:41.000000000','RR/MM/DD HH24:MI:SSXFF'),null);
Insert into GRPWR_CHAT_MESSAGE (MSG_ID,ROOM_ID,EMPLOYEE_NUM,MSG_CONTENT,SEND_DATE,IMG_PATH) values (293,199,381,'xcv',to_timestamp('25/03/06 15:50:02.000000000','RR/MM/DD HH24:MI:SSXFF'),null);
Insert into GRPWR_CHAT_MESSAGE (MSG_ID,ROOM_ID,EMPLOYEE_NUM,MSG_CONTENT,SEND_DATE,IMG_PATH) values (307,199,162,'1111',to_timestamp('25/03/06 15:53:08.000000000','RR/MM/DD HH24:MI:SSXFF'),null);
Insert into GRPWR_CHAT_MESSAGE (MSG_ID,ROOM_ID,EMPLOYEE_NUM,MSG_CONTENT,SEND_DATE,IMG_PATH) values (310,199,381,'444444',to_timestamp('25/03/06 15:53:21.000000000','RR/MM/DD HH24:MI:SSXFF'),null);
Insert into GRPWR_CHAT_MESSAGE (MSG_ID,ROOM_ID,EMPLOYEE_NUM,MSG_CONTENT,SEND_DATE,IMG_PATH) values (311,199,162,'666666',to_timestamp('25/03/06 15:53:42.000000000','RR/MM/DD HH24:MI:SSXFF'),null);
Insert into GRPWR_CHAT_MESSAGE (MSG_ID,ROOM_ID,EMPLOYEE_NUM,MSG_CONTENT,SEND_DATE,IMG_PATH) values (312,199,381,'r55555',to_timestamp('25/03/06 15:53:47.000000000','RR/MM/DD HH24:MI:SSXFF'),null);
Insert into GRPWR_CHAT_MESSAGE (MSG_ID,ROOM_ID,EMPLOYEE_NUM,MSG_CONTENT,SEND_DATE,IMG_PATH) values (315,199,162,'ㅎㅎㅎㅎㅎㅎ',to_timestamp('25/03/06 15:59:53.000000000','RR/MM/DD HH24:MI:SSXFF'),null);
Insert into GRPWR_CHAT_MESSAGE (MSG_ID,ROOM_ID,EMPLOYEE_NUM,MSG_CONTENT,SEND_DATE,IMG_PATH) values (319,199,162,'!!!!',to_timestamp('25/03/06 16:00:25.000000000','RR/MM/DD HH24:MI:SSXFF'),null);
Insert into GRPWR_CHAT_MESSAGE (MSG_ID,ROOM_ID,EMPLOYEE_NUM,MSG_CONTENT,SEND_DATE,IMG_PATH) values (321,199,162,'ㅕㅕㅕㅕ',to_timestamp('25/03/06 16:01:52.000000000','RR/MM/DD HH24:MI:SSXFF'),null);
Insert into GRPWR_CHAT_MESSAGE (MSG_ID,ROOM_ID,EMPLOYEE_NUM,MSG_CONTENT,SEND_DATE,IMG_PATH) values (366,203,162,null,to_timestamp('25/03/07 12:39:17.000000000','RR/MM/DD HH24:MI:SSXFF'),'/image/1b31982b-9b7b-40b6-8fa2-84b24892c559_profile.jpg');
Insert into GRPWR_CHAT_MESSAGE (MSG_ID,ROOM_ID,EMPLOYEE_NUM,MSG_CONTENT,SEND_DATE,IMG_PATH) values (369,203,162,null,to_timestamp('25/03/07 12:42:05.000000000','RR/MM/DD HH24:MI:SSXFF'),'/image/4429d838-498a-4fcc-a183-4282d6b94252_360_F_608557356_ELcD2pwQO9pduTRL30umabzgJoQn5fnd.jpg');
Insert into GRPWR_CHAT_MESSAGE (MSG_ID,ROOM_ID,EMPLOYEE_NUM,MSG_CONTENT,SEND_DATE,IMG_PATH) values (371,191,162,'지호야~!!!',to_timestamp('25/03/07 14:19:31.000000000','RR/MM/DD HH24:MI:SSXFF'),null);
Insert into GRPWR_CHAT_MESSAGE (MSG_ID,ROOM_ID,EMPLOYEE_NUM,MSG_CONTENT,SEND_DATE,IMG_PATH) values (380,199,162,'안녕하세요~^^',to_timestamp('25/03/10 15:41:52.000000000','RR/MM/DD HH24:MI:SSXFF'),null);
Insert into GRPWR_CHAT_MESSAGE (MSG_ID,ROOM_ID,EMPLOYEE_NUM,MSG_CONTENT,SEND_DATE,IMG_PATH) values (382,203,162,'안녕하세요~',to_timestamp('25/03/10 15:43:03.000000000','RR/MM/DD HH24:MI:SSXFF'),null);
Insert into GRPWR_CHAT_MESSAGE (MSG_ID,ROOM_ID,EMPLOYEE_NUM,MSG_CONTENT,SEND_DATE,IMG_PATH) values (386,205,162,'^^',to_timestamp('25/03/10 16:15:01.000000000','RR/MM/DD HH24:MI:SSXFF'),null);
Insert into GRPWR_CHAT_MESSAGE (MSG_ID,ROOM_ID,EMPLOYEE_NUM,MSG_CONTENT,SEND_DATE,IMG_PATH) values (391,208,162,'김신입!',to_timestamp('25/03/11 10:59:14.000000000','RR/MM/DD HH24:MI:SSXFF'),null);
Insert into GRPWR_CHAT_MESSAGE (MSG_ID,ROOM_ID,EMPLOYEE_NUM,MSG_CONTENT,SEND_DATE,IMG_PATH) values (337,199,162,'ll''l',to_timestamp('25/03/06 17:56:46.000000000','RR/MM/DD HH24:MI:SSXFF'),null);
Insert into GRPWR_CHAT_MESSAGE (MSG_ID,ROOM_ID,EMPLOYEE_NUM,MSG_CONTENT,SEND_DATE,IMG_PATH) values (363,203,162,null,to_timestamp('25/03/07 12:34:49.000000000','RR/MM/DD HH24:MI:SSXFF'),'/image/4e80e8cc-cfc4-4e5d-8f2e-9f2efc6b5342_images.jpg');
Insert into GRPWR_CHAT_MESSAGE (MSG_ID,ROOM_ID,EMPLOYEE_NUM,MSG_CONTENT,SEND_DATE,IMG_PATH) values (392,207,162,'나윤아',to_timestamp('25/03/11 11:00:34.000000000','RR/MM/DD HH24:MI:SSXFF'),null);
Insert into GRPWR_CHAT_MESSAGE (MSG_ID,ROOM_ID,EMPLOYEE_NUM,MSG_CONTENT,SEND_DATE,IMG_PATH) values (252,199,162,'ㅎㅇㅀㅇㅀ',to_timestamp('25/03/06 15:25:24.000000000','RR/MM/DD HH24:MI:SSXFF'),null);
Insert into GRPWR_CHAT_MESSAGE (MSG_ID,ROOM_ID,EMPLOYEE_NUM,MSG_CONTENT,SEND_DATE,IMG_PATH) values (254,199,162,'''''''''',to_timestamp('25/03/06 15:25:49.000000000','RR/MM/DD HH24:MI:SSXFF'),null);
Insert into GRPWR_CHAT_MESSAGE (MSG_ID,ROOM_ID,EMPLOYEE_NUM,MSG_CONTENT,SEND_DATE,IMG_PATH) values (256,199,381,'l;;;;;;;;;;;',to_timestamp('25/03/06 15:26:05.000000000','RR/MM/DD HH24:MI:SSXFF'),null);
Insert into GRPWR_CHAT_MESSAGE (MSG_ID,ROOM_ID,EMPLOYEE_NUM,MSG_CONTENT,SEND_DATE,IMG_PATH) values (262,199,162,'ㄴㅇㄹ',to_timestamp('25/03/06 15:35:24.000000000','RR/MM/DD HH24:MI:SSXFF'),null);
Insert into GRPWR_CHAT_MESSAGE (MSG_ID,ROOM_ID,EMPLOYEE_NUM,MSG_CONTENT,SEND_DATE,IMG_PATH) values (263,199,162,'ㄴㅇㄹ',to_timestamp('25/03/06 15:35:43.000000000','RR/MM/DD HH24:MI:SSXFF'),null);
Insert into GRPWR_CHAT_MESSAGE (MSG_ID,ROOM_ID,EMPLOYEE_NUM,MSG_CONTENT,SEND_DATE,IMG_PATH) values (265,199,162,'ㄱㄱㄱㄱㄱ?',to_timestamp('25/03/06 15:36:27.000000000','RR/MM/DD HH24:MI:SSXFF'),null);
Insert into GRPWR_CHAT_MESSAGE (MSG_ID,ROOM_ID,EMPLOYEE_NUM,MSG_CONTENT,SEND_DATE,IMG_PATH) values (270,199,381,'sfsdfsdfsfsdsdsdf',to_timestamp('25/03/06 15:37:13.000000000','RR/MM/DD HH24:MI:SSXFF'),null);
Insert into GRPWR_CHAT_MESSAGE (MSG_ID,ROOM_ID,EMPLOYEE_NUM,MSG_CONTENT,SEND_DATE,IMG_PATH) values (272,199,381,'sdfsdf',to_timestamp('25/03/06 15:37:26.000000000','RR/MM/DD HH24:MI:SSXFF'),null);
Insert into GRPWR_CHAT_MESSAGE (MSG_ID,ROOM_ID,EMPLOYEE_NUM,MSG_CONTENT,SEND_DATE,IMG_PATH) values (274,199,381,'dfsdf',to_timestamp('25/03/06 15:38:57.000000000','RR/MM/DD HH24:MI:SSXFF'),null);
Insert into GRPWR_CHAT_MESSAGE (MSG_ID,ROOM_ID,EMPLOYEE_NUM,MSG_CONTENT,SEND_DATE,IMG_PATH) values (276,199,162,'ㅎㅎㅎㅎㅎㅎ',to_timestamp('25/03/06 15:39:21.000000000','RR/MM/DD HH24:MI:SSXFF'),null);
Insert into GRPWR_CHAT_MESSAGE (MSG_ID,ROOM_ID,EMPLOYEE_NUM,MSG_CONTENT,SEND_DATE,IMG_PATH) values (279,199,381,'dfggggg',to_timestamp('25/03/06 15:44:17.000000000','RR/MM/DD HH24:MI:SSXFF'),null);
Insert into GRPWR_CHAT_MESSAGE (MSG_ID,ROOM_ID,EMPLOYEE_NUM,MSG_CONTENT,SEND_DATE,IMG_PATH) values (282,199,381,'gggg',to_timestamp('25/03/06 15:49:12.000000000','RR/MM/DD HH24:MI:SSXFF'),null);
Insert into GRPWR_CHAT_MESSAGE (MSG_ID,ROOM_ID,EMPLOYEE_NUM,MSG_CONTENT,SEND_DATE,IMG_PATH) values (283,199,381,'ggg',to_timestamp('25/03/06 15:49:13.000000000','RR/MM/DD HH24:MI:SSXFF'),null);
Insert into GRPWR_CHAT_MESSAGE (MSG_ID,ROOM_ID,EMPLOYEE_NUM,MSG_CONTENT,SEND_DATE,IMG_PATH) values (287,199,162,'ㅗㅗㅗㅗㅗㅗ',to_timestamp('25/03/06 15:49:28.000000000','RR/MM/DD HH24:MI:SSXFF'),null);
Insert into GRPWR_CHAT_MESSAGE (MSG_ID,ROOM_ID,EMPLOYEE_NUM,MSG_CONTENT,SEND_DATE,IMG_PATH) values (290,199,162,'ㅇㄹㅇㄹㅇ',to_timestamp('25/03/06 15:49:36.000000000','RR/MM/DD HH24:MI:SSXFF'),null);
Insert into GRPWR_CHAT_MESSAGE (MSG_ID,ROOM_ID,EMPLOYEE_NUM,MSG_CONTENT,SEND_DATE,IMG_PATH) values (294,199,381,'cvcv',to_timestamp('25/03/06 15:50:07.000000000','RR/MM/DD HH24:MI:SSXFF'),null);
Insert into GRPWR_CHAT_MESSAGE (MSG_ID,ROOM_ID,EMPLOYEE_NUM,MSG_CONTENT,SEND_DATE,IMG_PATH) values (296,199,381,'aaaa111',to_timestamp('25/03/06 15:50:13.000000000','RR/MM/DD HH24:MI:SSXFF'),null);
Insert into GRPWR_CHAT_MESSAGE (MSG_ID,ROOM_ID,EMPLOYEE_NUM,MSG_CONTENT,SEND_DATE,IMG_PATH) values (297,199,381,'ggggg',to_timestamp('25/03/06 15:50:16.000000000','RR/MM/DD HH24:MI:SSXFF'),null);
Insert into GRPWR_CHAT_MESSAGE (MSG_ID,ROOM_ID,EMPLOYEE_NUM,MSG_CONTENT,SEND_DATE,IMG_PATH) values (298,199,162,'33333',to_timestamp('25/03/06 15:50:21.000000000','RR/MM/DD HH24:MI:SSXFF'),null);
Insert into GRPWR_CHAT_MESSAGE (MSG_ID,ROOM_ID,EMPLOYEE_NUM,MSG_CONTENT,SEND_DATE,IMG_PATH) values (300,199,381,'dfgd',to_timestamp('25/03/06 15:50:56.000000000','RR/MM/DD HH24:MI:SSXFF'),null);
Insert into GRPWR_CHAT_MESSAGE (MSG_ID,ROOM_ID,EMPLOYEE_NUM,MSG_CONTENT,SEND_DATE,IMG_PATH) values (301,199,162,'호호호',to_timestamp('25/03/06 15:51:01.000000000','RR/MM/DD HH24:MI:SSXFF'),null);
Insert into GRPWR_CHAT_MESSAGE (MSG_ID,ROOM_ID,EMPLOYEE_NUM,MSG_CONTENT,SEND_DATE,IMG_PATH) values (304,199,162,'222',to_timestamp('25/03/06 15:51:19.000000000','RR/MM/DD HH24:MI:SSXFF'),null);
Insert into GRPWR_CHAT_MESSAGE (MSG_ID,ROOM_ID,EMPLOYEE_NUM,MSG_CONTENT,SEND_DATE,IMG_PATH) values (305,199,381,'333333',to_timestamp('25/03/06 15:51:27.000000000','RR/MM/DD HH24:MI:SSXFF'),null);
Insert into GRPWR_CHAT_MESSAGE (MSG_ID,ROOM_ID,EMPLOYEE_NUM,MSG_CONTENT,SEND_DATE,IMG_PATH) values (306,199,381,'4444',to_timestamp('25/03/06 15:51:30.000000000','RR/MM/DD HH24:MI:SSXFF'),null);
Insert into GRPWR_CHAT_MESSAGE (MSG_ID,ROOM_ID,EMPLOYEE_NUM,MSG_CONTENT,SEND_DATE,IMG_PATH) values (308,199,162,'2222',to_timestamp('25/03/06 15:53:13.000000000','RR/MM/DD HH24:MI:SSXFF'),null);
Insert into GRPWR_CHAT_MESSAGE (MSG_ID,ROOM_ID,EMPLOYEE_NUM,MSG_CONTENT,SEND_DATE,IMG_PATH) values (313,199,381,'0000',to_timestamp('25/03/06 15:55:14.000000000','RR/MM/DD HH24:MI:SSXFF'),null);
Insert into GRPWR_CHAT_MESSAGE (MSG_ID,ROOM_ID,EMPLOYEE_NUM,MSG_CONTENT,SEND_DATE,IMG_PATH) values (316,199,381,'qqqqqqqq',to_timestamp('25/03/06 15:59:58.000000000','RR/MM/DD HH24:MI:SSXFF'),null);
Insert into GRPWR_CHAT_MESSAGE (MSG_ID,ROOM_ID,EMPLOYEE_NUM,MSG_CONTENT,SEND_DATE,IMG_PATH) values (317,199,381,'sdf',to_timestamp('25/03/06 16:00:00.000000000','RR/MM/DD HH24:MI:SSXFF'),null);
Insert into GRPWR_CHAT_MESSAGE (MSG_ID,ROOM_ID,EMPLOYEE_NUM,MSG_CONTENT,SEND_DATE,IMG_PATH) values (318,199,381,'!!!!!',to_timestamp('25/03/06 16:00:04.000000000','RR/MM/DD HH24:MI:SSXFF'),null);
Insert into GRPWR_CHAT_MESSAGE (MSG_ID,ROOM_ID,EMPLOYEE_NUM,MSG_CONTENT,SEND_DATE,IMG_PATH) values (320,199,162,'ㄹ호',to_timestamp('25/03/06 16:01:25.000000000','RR/MM/DD HH24:MI:SSXFF'),null);
Insert into GRPWR_CHAT_MESSAGE (MSG_ID,ROOM_ID,EMPLOYEE_NUM,MSG_CONTENT,SEND_DATE,IMG_PATH) values (340,203,162,null,to_timestamp('25/03/07 11:15:47.000000000','RR/MM/DD HH24:MI:SSXFF'),'/image/07f453b0-4fe3-455e-9557-a70c5d03980b_istockphoto-1437816897-612x612.jpg');
Insert into GRPWR_CHAT_MESSAGE (MSG_ID,ROOM_ID,EMPLOYEE_NUM,MSG_CONTENT,SEND_DATE,IMG_PATH) values (341,203,162,null,to_timestamp('25/03/07 11:24:03.000000000','RR/MM/DD HH24:MI:SSXFF'),'/image/03ee0f10-a4f3-4436-bb6b-cc6879ec7277_istockphoto-1437816897-612x612.jpg');
Insert into GRPWR_CHAT_MESSAGE (MSG_ID,ROOM_ID,EMPLOYEE_NUM,MSG_CONTENT,SEND_DATE,IMG_PATH) values (342,203,162,null,to_timestamp('25/03/07 11:25:05.000000000','RR/MM/DD HH24:MI:SSXFF'),'/image/505c129d-d245-482a-8cd7-481949c8b110_images.jpg');
Insert into GRPWR_CHAT_MESSAGE (MSG_ID,ROOM_ID,EMPLOYEE_NUM,MSG_CONTENT,SEND_DATE,IMG_PATH) values (343,203,162,null,to_timestamp('25/03/07 11:26:08.000000000','RR/MM/DD HH24:MI:SSXFF'),'/image/545101fe-87b3-41d2-9802-611132978564_istockphoto-1437816897-612x612.jpg');
Insert into GRPWR_CHAT_MESSAGE (MSG_ID,ROOM_ID,EMPLOYEE_NUM,MSG_CONTENT,SEND_DATE,IMG_PATH) values (344,203,162,null,to_timestamp('25/03/07 11:35:05.000000000','RR/MM/DD HH24:MI:SSXFF'),'/image/a74adb19-b70a-46e7-b16b-f14c3539e064_istockphoto-1437816897-612x612.jpg');
Insert into GRPWR_CHAT_MESSAGE (MSG_ID,ROOM_ID,EMPLOYEE_NUM,MSG_CONTENT,SEND_DATE,IMG_PATH) values (345,203,162,null,to_timestamp('25/03/07 11:35:48.000000000','RR/MM/DD HH24:MI:SSXFF'),'/image/a72ad71c-0f85-4648-9df8-bb00eda2f2c5_istockphoto-1437816897-612x612.jpg');
Insert into GRPWR_CHAT_MESSAGE (MSG_ID,ROOM_ID,EMPLOYEE_NUM,MSG_CONTENT,SEND_DATE,IMG_PATH) values (346,203,162,null,to_timestamp('25/03/07 11:35:54.000000000','RR/MM/DD HH24:MI:SSXFF'),'/image/1ea3e631-617f-4c9a-b865-cb9d11fe585f_istockphoto-1437816897-612x612.jpg');
Insert into GRPWR_CHAT_MESSAGE (MSG_ID,ROOM_ID,EMPLOYEE_NUM,MSG_CONTENT,SEND_DATE,IMG_PATH) values (347,203,162,null,to_timestamp('25/03/07 11:36:37.000000000','RR/MM/DD HH24:MI:SSXFF'),'/image/fc76221d-a50a-4fa6-a591-eb2a74e6a317_istockphoto-1437816897-612x612.jpg');
Insert into GRPWR_CHAT_MESSAGE (MSG_ID,ROOM_ID,EMPLOYEE_NUM,MSG_CONTENT,SEND_DATE,IMG_PATH) values (348,203,162,null,to_timestamp('25/03/07 11:47:25.000000000','RR/MM/DD HH24:MI:SSXFF'),'/image/2b06b7fb-a97e-40c3-a652-cf1779322603_istockphoto-1437816897-612x612.jpg');
Insert into GRPWR_CHAT_MESSAGE (MSG_ID,ROOM_ID,EMPLOYEE_NUM,MSG_CONTENT,SEND_DATE,IMG_PATH) values (352,203,162,null,to_timestamp('25/03/07 12:02:26.000000000','RR/MM/DD HH24:MI:SSXFF'),'/image/0a13cde4-1b00-4895-abeb-0afa447f600c_noProfileImg.jpg');
Insert into GRPWR_CHAT_MESSAGE (MSG_ID,ROOM_ID,EMPLOYEE_NUM,MSG_CONTENT,SEND_DATE,IMG_PATH) values (353,203,162,null,to_timestamp('25/03/07 12:02:43.000000000','RR/MM/DD HH24:MI:SSXFF'),'/image/9c399c20-591f-4a08-9bdb-50ec3c81ed27_female-2835524_1280.jpg');
Insert into GRPWR_CHAT_MESSAGE (MSG_ID,ROOM_ID,EMPLOYEE_NUM,MSG_CONTENT,SEND_DATE,IMG_PATH) values (355,203,162,null,to_timestamp('25/03/07 12:07:36.000000000','RR/MM/DD HH24:MI:SSXFF'),'/image/46aa3daf-fd8f-4ecd-a84d-7a11ce701ec9_360_F_608557356_ELcD2pwQO9pduTRL30umabzgJoQn5fnd.jpg');
Insert into GRPWR_CHAT_MESSAGE (MSG_ID,ROOM_ID,EMPLOYEE_NUM,MSG_CONTENT,SEND_DATE,IMG_PATH) values (360,203,162,null,to_timestamp('25/03/07 12:24:27.000000000','RR/MM/DD HH24:MI:SSXFF'),'/image/e7d82880-4613-41a8-a18f-33f40d6610ca_1-intro-photo-final.jpg');
Insert into GRPWR_CHAT_MESSAGE (MSG_ID,ROOM_ID,EMPLOYEE_NUM,MSG_CONTENT,SEND_DATE,IMG_PATH) values (361,203,162,null,to_timestamp('25/03/07 12:25:05.000000000','RR/MM/DD HH24:MI:SSXFF'),'/image/f351ee14-4d24-4476-9932-9928e28f7214_skeleton-6639547_1280.webp');
Insert into GRPWR_CHAT_MESSAGE (MSG_ID,ROOM_ID,EMPLOYEE_NUM,MSG_CONTENT,SEND_DATE,IMG_PATH) values (397,213,381,'짱구야 노올자아',to_timestamp('25/03/11 15:02:58.000000000','RR/MM/DD HH24:MI:SSXFF'),null);
REM INSERTING into GRPWR_CHAT_ROOM
SET DEFINE OFF;
Insert into GRPWR_CHAT_ROOM (ROOM_ID,EMPLOYEE_NUM1,EMPLOYEE_NUM2,CREATED_AT,COMPANY_NUM) values (182,1,41,to_timestamp('25/02/26 16:08:28.000000000','RR/MM/DD HH24:MI:SSXFF'),1);
Insert into GRPWR_CHAT_ROOM (ROOM_ID,EMPLOYEE_NUM1,EMPLOYEE_NUM2,CREATED_AT,COMPANY_NUM) values (183,1,61,to_timestamp('25/02/28 12:47:29.000000000','RR/MM/DD HH24:MI:SSXFF'),1);
Insert into GRPWR_CHAT_ROOM (ROOM_ID,EMPLOYEE_NUM1,EMPLOYEE_NUM2,CREATED_AT,COMPANY_NUM) values (186,1,142,to_timestamp('25/02/28 14:13:12.000000000','RR/MM/DD HH24:MI:SSXFF'),1);
Insert into GRPWR_CHAT_ROOM (ROOM_ID,EMPLOYEE_NUM1,EMPLOYEE_NUM2,CREATED_AT,COMPANY_NUM) values (193,185,221,to_timestamp('25/03/05 09:18:43.000000000','RR/MM/DD HH24:MI:SSXFF'),45);
Insert into GRPWR_CHAT_ROOM (ROOM_ID,EMPLOYEE_NUM1,EMPLOYEE_NUM2,CREATED_AT,COMPANY_NUM) values (195,185,241,to_timestamp('25/03/05 09:18:55.000000000','RR/MM/DD HH24:MI:SSXFF'),45);
Insert into GRPWR_CHAT_ROOM (ROOM_ID,EMPLOYEE_NUM1,EMPLOYEE_NUM2,CREATED_AT,COMPANY_NUM) values (196,185,161,to_timestamp('25/03/05 09:19:04.000000000','RR/MM/DD HH24:MI:SSXFF'),45);
Insert into GRPWR_CHAT_ROOM (ROOM_ID,EMPLOYEE_NUM1,EMPLOYEE_NUM2,CREATED_AT,COMPANY_NUM) values (198,162,281,to_timestamp('25/03/06 14:22:25.000000000','RR/MM/DD HH24:MI:SSXFF'),45);
Insert into GRPWR_CHAT_ROOM (ROOM_ID,EMPLOYEE_NUM1,EMPLOYEE_NUM2,CREATED_AT,COMPANY_NUM) values (203,162,301,to_timestamp('25/03/07 11:06:34.000000000','RR/MM/DD HH24:MI:SSXFF'),45);
Insert into GRPWR_CHAT_ROOM (ROOM_ID,EMPLOYEE_NUM1,EMPLOYEE_NUM2,CREATED_AT,COMPANY_NUM) values (204,301,221,to_timestamp('25/03/07 11:11:49.000000000','RR/MM/DD HH24:MI:SSXFF'),45);
Insert into GRPWR_CHAT_ROOM (ROOM_ID,EMPLOYEE_NUM1,EMPLOYEE_NUM2,CREATED_AT,COMPANY_NUM) values (206,162,321,to_timestamp('25/03/10 15:40:30.000000000','RR/MM/DD HH24:MI:SSXFF'),45);
Insert into GRPWR_CHAT_ROOM (ROOM_ID,EMPLOYEE_NUM1,EMPLOYEE_NUM2,CREATED_AT,COMPANY_NUM) values (187,1,143,to_timestamp('25/02/28 14:16:21.000000000','RR/MM/DD HH24:MI:SSXFF'),1);
Insert into GRPWR_CHAT_ROOM (ROOM_ID,EMPLOYEE_NUM1,EMPLOYEE_NUM2,CREATED_AT,COMPANY_NUM) values (189,1,144,to_timestamp('25/02/28 14:29:30.000000000','RR/MM/DD HH24:MI:SSXFF'),1);
Insert into GRPWR_CHAT_ROOM (ROOM_ID,EMPLOYEE_NUM1,EMPLOYEE_NUM2,CREATED_AT,COMPANY_NUM) values (190,161,162,to_timestamp('25/02/28 15:45:54.000000000','RR/MM/DD HH24:MI:SSXFF'),45);
Insert into GRPWR_CHAT_ROOM (ROOM_ID,EMPLOYEE_NUM1,EMPLOYEE_NUM2,CREATED_AT,COMPANY_NUM) values (192,162,185,to_timestamp('25/03/04 15:41:15.000000000','RR/MM/DD HH24:MI:SSXFF'),45);
Insert into GRPWR_CHAT_ROOM (ROOM_ID,EMPLOYEE_NUM1,EMPLOYEE_NUM2,CREATED_AT,COMPANY_NUM) values (194,185,163,to_timestamp('25/03/05 09:18:48.000000000','RR/MM/DD HH24:MI:SSXFF'),45);
Insert into GRPWR_CHAT_ROOM (ROOM_ID,EMPLOYEE_NUM1,EMPLOYEE_NUM2,CREATED_AT,COMPANY_NUM) values (205,162,461,to_timestamp('25/03/10 15:40:10.000000000','RR/MM/DD HH24:MI:SSXFF'),45);
Insert into GRPWR_CHAT_ROOM (ROOM_ID,EMPLOYEE_NUM1,EMPLOYEE_NUM2,CREATED_AT,COMPANY_NUM) values (208,162,541,to_timestamp('25/03/11 10:55:13.000000000','RR/MM/DD HH24:MI:SSXFF'),45);
Insert into GRPWR_CHAT_ROOM (ROOM_ID,EMPLOYEE_NUM1,EMPLOYEE_NUM2,CREATED_AT,COMPANY_NUM) values (209,100000,241,to_timestamp('25/03/11 14:58:10.000000000','RR/MM/DD HH24:MI:SSXFF'),45);
Insert into GRPWR_CHAT_ROOM (ROOM_ID,EMPLOYEE_NUM1,EMPLOYEE_NUM2,CREATED_AT,COMPANY_NUM) values (213,381,281,to_timestamp('25/03/11 15:02:53.000000000','RR/MM/DD HH24:MI:SSXFF'),45);
Insert into GRPWR_CHAT_ROOM (ROOM_ID,EMPLOYEE_NUM1,EMPLOYEE_NUM2,CREATED_AT,COMPANY_NUM) values (200,162,261,to_timestamp('25/03/06 15:53:24.000000000','RR/MM/DD HH24:MI:SSXFF'),45);
Insert into GRPWR_CHAT_ROOM (ROOM_ID,EMPLOYEE_NUM1,EMPLOYEE_NUM2,CREATED_AT,COMPANY_NUM) values (211,100000,261,to_timestamp('25/03/11 14:59:05.000000000','RR/MM/DD HH24:MI:SSXFF'),45);
Insert into GRPWR_CHAT_ROOM (ROOM_ID,EMPLOYEE_NUM1,EMPLOYEE_NUM2,CREATED_AT,COMPANY_NUM) values (212,381,322,to_timestamp('25/03/11 15:02:40.000000000','RR/MM/DD HH24:MI:SSXFF'),45);
Insert into GRPWR_CHAT_ROOM (ROOM_ID,EMPLOYEE_NUM1,EMPLOYEE_NUM2,CREATED_AT,COMPANY_NUM) values (180,1,2,to_timestamp('25/02/26 16:03:42.000000000','RR/MM/DD HH24:MI:SSXFF'),1);
Insert into GRPWR_CHAT_ROOM (ROOM_ID,EMPLOYEE_NUM1,EMPLOYEE_NUM2,CREATED_AT,COMPANY_NUM) values (181,1,49,to_timestamp('25/02/26 16:04:21.000000000','RR/MM/DD HH24:MI:SSXFF'),1);
Insert into GRPWR_CHAT_ROOM (ROOM_ID,EMPLOYEE_NUM1,EMPLOYEE_NUM2,CREATED_AT,COMPANY_NUM) values (188,1,141,to_timestamp('25/02/28 14:20:31.000000000','RR/MM/DD HH24:MI:SSXFF'),1);
Insert into GRPWR_CHAT_ROOM (ROOM_ID,EMPLOYEE_NUM1,EMPLOYEE_NUM2,CREATED_AT,COMPANY_NUM) values (191,162,163,to_timestamp('25/02/28 17:11:25.000000000','RR/MM/DD HH24:MI:SSXFF'),45);
Insert into GRPWR_CHAT_ROOM (ROOM_ID,EMPLOYEE_NUM1,EMPLOYEE_NUM2,CREATED_AT,COMPANY_NUM) values (197,162,221,to_timestamp('25/03/05 10:21:54.000000000','RR/MM/DD HH24:MI:SSXFF'),45);
Insert into GRPWR_CHAT_ROOM (ROOM_ID,EMPLOYEE_NUM1,EMPLOYEE_NUM2,CREATED_AT,COMPANY_NUM) values (207,162,241,to_timestamp('25/03/10 15:40:42.000000000','RR/MM/DD HH24:MI:SSXFF'),45);
Insert into GRPWR_CHAT_ROOM (ROOM_ID,EMPLOYEE_NUM1,EMPLOYEE_NUM2,CREATED_AT,COMPANY_NUM) values (214,301,185,to_timestamp('25/03/12 11:31:33.000000000','RR/MM/DD HH24:MI:SSXFF'),45);
Insert into GRPWR_CHAT_ROOM (ROOM_ID,EMPLOYEE_NUM1,EMPLOYEE_NUM2,CREATED_AT,COMPANY_NUM) values (179,1,48,to_timestamp('25/02/26 16:00:37.000000000','RR/MM/DD HH24:MI:SSXFF'),1);
Insert into GRPWR_CHAT_ROOM (ROOM_ID,EMPLOYEE_NUM1,EMPLOYEE_NUM2,CREATED_AT,COMPANY_NUM) values (199,162,381,to_timestamp('25/03/06 15:22:58.000000000','RR/MM/DD HH24:MI:SSXFF'),45);
Insert into GRPWR_CHAT_ROOM (ROOM_ID,EMPLOYEE_NUM1,EMPLOYEE_NUM2,CREATED_AT,COMPANY_NUM) values (201,162,322,to_timestamp('25/03/06 15:53:57.000000000','RR/MM/DD HH24:MI:SSXFF'),45);
Insert into GRPWR_CHAT_ROOM (ROOM_ID,EMPLOYEE_NUM1,EMPLOYEE_NUM2,CREATED_AT,COMPANY_NUM) values (202,185,322,to_timestamp('25/03/07 10:49:30.000000000','RR/MM/DD HH24:MI:SSXFF'),45);
Insert into GRPWR_CHAT_ROOM (ROOM_ID,EMPLOYEE_NUM1,EMPLOYEE_NUM2,CREATED_AT,COMPANY_NUM) values (210,100000,185,to_timestamp('25/03/11 14:58:16.000000000','RR/MM/DD HH24:MI:SSXFF'),45);
REM INSERTING into GRPWR_EVENT
SET DEFINE OFF;
REM INSERTING into GRPWR_EX_APPROVAL
SET DEFINE OFF;
REM INSERTING into GRPWR_IN_APPROVAL
SET DEFINE OFF;
Insert into GRPWR_IN_APPROVAL (IN_APPROVAL_ID,DOCUMENT_ID,EMPLOYEE_NUM,IN_APPROVAL_REQUEST_DATE,IN_APPROVAL_STATUS,IN_APPROVAL_REQUEST_CONTENT,IN_APPROVAL_REJECTED_CONTENT,IN_APPROVAL_FILE_PATH,COMPANY_NUM) values (18,1,1,to_date('25/02/18','RR/MM/DD'),'APPROVED','<p>Approval request for project A</p>',null,null,1);
Insert into GRPWR_IN_APPROVAL (IN_APPROVAL_ID,DOCUMENT_ID,EMPLOYEE_NUM,IN_APPROVAL_REQUEST_DATE,IN_APPROVAL_STATUS,IN_APPROVAL_REQUEST_CONTENT,IN_APPROVAL_REJECTED_CONTENT,IN_APPROVAL_FILE_PATH,COMPANY_NUM) values (19,1,1,to_date('25/02/18','RR/MM/DD'),'REJECTED','<p>Approval request for project A</p>',null,null,1);
Insert into GRPWR_IN_APPROVAL (IN_APPROVAL_ID,DOCUMENT_ID,EMPLOYEE_NUM,IN_APPROVAL_REQUEST_DATE,IN_APPROVAL_STATUS,IN_APPROVAL_REQUEST_CONTENT,IN_APPROVAL_REJECTED_CONTENT,IN_APPROVAL_FILE_PATH,COMPANY_NUM) values (20,1,1,to_date('25/02/18','RR/MM/DD'),'APPROVED','<p>Approval request for project A</p>',null,null,1);
Insert into GRPWR_IN_APPROVAL (IN_APPROVAL_ID,DOCUMENT_ID,EMPLOYEE_NUM,IN_APPROVAL_REQUEST_DATE,IN_APPROVAL_STATUS,IN_APPROVAL_REQUEST_CONTENT,IN_APPROVAL_REJECTED_CONTENT,IN_APPROVAL_FILE_PATH,COMPANY_NUM) values (21,1,1,to_date('25/02/18','RR/MM/DD'),'REJECTED','<p>Approval request for project A</p>',null,null,1);
Insert into GRPWR_IN_APPROVAL (IN_APPROVAL_ID,DOCUMENT_ID,EMPLOYEE_NUM,IN_APPROVAL_REQUEST_DATE,IN_APPROVAL_STATUS,IN_APPROVAL_REQUEST_CONTENT,IN_APPROVAL_REJECTED_CONTENT,IN_APPROVAL_FILE_PATH,COMPANY_NUM) values (22,1,1,to_date('25/02/18','RR/MM/DD'),'REJECTED','<p>Approval request for project A</p>',null,null,1);
Insert into GRPWR_IN_APPROVAL (IN_APPROVAL_ID,DOCUMENT_ID,EMPLOYEE_NUM,IN_APPROVAL_REQUEST_DATE,IN_APPROVAL_STATUS,IN_APPROVAL_REQUEST_CONTENT,IN_APPROVAL_REJECTED_CONTENT,IN_APPROVAL_FILE_PATH,COMPANY_NUM) values (23,1,1,to_date('25/02/18','RR/MM/DD'),'APPROVED','<p>Approval request for project A</p>',null,null,1);
Insert into GRPWR_IN_APPROVAL (IN_APPROVAL_ID,DOCUMENT_ID,EMPLOYEE_NUM,IN_APPROVAL_REQUEST_DATE,IN_APPROVAL_STATUS,IN_APPROVAL_REQUEST_CONTENT,IN_APPROVAL_REJECTED_CONTENT,IN_APPROVAL_FILE_PATH,COMPANY_NUM) values (24,1,1,to_date('25/02/18','RR/MM/DD'),'APPROVED','<p>Approval request for project A</p>',null,null,1);
Insert into GRPWR_IN_APPROVAL (IN_APPROVAL_ID,DOCUMENT_ID,EMPLOYEE_NUM,IN_APPROVAL_REQUEST_DATE,IN_APPROVAL_STATUS,IN_APPROVAL_REQUEST_CONTENT,IN_APPROVAL_REJECTED_CONTENT,IN_APPROVAL_FILE_PATH,COMPANY_NUM) values (25,1,1,to_date('25/02/18','RR/MM/DD'),'REJECTED','<p>Approval request for project A</p>',null,null,1);
Insert into GRPWR_IN_APPROVAL (IN_APPROVAL_ID,DOCUMENT_ID,EMPLOYEE_NUM,IN_APPROVAL_REQUEST_DATE,IN_APPROVAL_STATUS,IN_APPROVAL_REQUEST_CONTENT,IN_APPROVAL_REJECTED_CONTENT,IN_APPROVAL_FILE_PATH,COMPANY_NUM) values (26,1,1,to_date('25/02/18','RR/MM/DD'),'APPROVED','<p>Approval request for project A</p>',null,null,1);
Insert into GRPWR_IN_APPROVAL (IN_APPROVAL_ID,DOCUMENT_ID,EMPLOYEE_NUM,IN_APPROVAL_REQUEST_DATE,IN_APPROVAL_STATUS,IN_APPROVAL_REQUEST_CONTENT,IN_APPROVAL_REJECTED_CONTENT,IN_APPROVAL_FILE_PATH,COMPANY_NUM) values (27,1,1,to_date('25/02/18','RR/MM/DD'),'APPROVED','<p>Approval request for project A</p>',null,null,1);
Insert into GRPWR_IN_APPROVAL (IN_APPROVAL_ID,DOCUMENT_ID,EMPLOYEE_NUM,IN_APPROVAL_REQUEST_DATE,IN_APPROVAL_STATUS,IN_APPROVAL_REQUEST_CONTENT,IN_APPROVAL_REJECTED_CONTENT,IN_APPROVAL_FILE_PATH,COMPANY_NUM) values (28,1,1,to_date('25/02/18','RR/MM/DD'),'REJECTED','<p>Approval request for project A</p>',null,null,1);
Insert into GRPWR_IN_APPROVAL (IN_APPROVAL_ID,DOCUMENT_ID,EMPLOYEE_NUM,IN_APPROVAL_REQUEST_DATE,IN_APPROVAL_STATUS,IN_APPROVAL_REQUEST_CONTENT,IN_APPROVAL_REJECTED_CONTENT,IN_APPROVAL_FILE_PATH,COMPANY_NUM) values (29,1,1,to_date('25/02/18','RR/MM/DD'),'REJECTED','<p>Approval request for project A</p>',null,null,1);
Insert into GRPWR_IN_APPROVAL (IN_APPROVAL_ID,DOCUMENT_ID,EMPLOYEE_NUM,IN_APPROVAL_REQUEST_DATE,IN_APPROVAL_STATUS,IN_APPROVAL_REQUEST_CONTENT,IN_APPROVAL_REJECTED_CONTENT,IN_APPROVAL_FILE_PATH,COMPANY_NUM) values (30,1,1,to_date('25/02/18','RR/MM/DD'),'APPROVED','<p>Approval request for project A</p>',null,null,1);
Insert into GRPWR_IN_APPROVAL (IN_APPROVAL_ID,DOCUMENT_ID,EMPLOYEE_NUM,IN_APPROVAL_REQUEST_DATE,IN_APPROVAL_STATUS,IN_APPROVAL_REQUEST_CONTENT,IN_APPROVAL_REJECTED_CONTENT,IN_APPROVAL_FILE_PATH,COMPANY_NUM) values (31,1,1,to_date('25/02/18','RR/MM/DD'),'APPROVED','<p>Approval request for project A</p>',null,null,1);
Insert into GRPWR_IN_APPROVAL (IN_APPROVAL_ID,DOCUMENT_ID,EMPLOYEE_NUM,IN_APPROVAL_REQUEST_DATE,IN_APPROVAL_STATUS,IN_APPROVAL_REQUEST_CONTENT,IN_APPROVAL_REJECTED_CONTENT,IN_APPROVAL_FILE_PATH,COMPANY_NUM) values (32,1,1,to_date('25/02/18','RR/MM/DD'),'REJECTED','<p>Approval request for project A</p>',null,null,1);
Insert into GRPWR_IN_APPROVAL (IN_APPROVAL_ID,DOCUMENT_ID,EMPLOYEE_NUM,IN_APPROVAL_REQUEST_DATE,IN_APPROVAL_STATUS,IN_APPROVAL_REQUEST_CONTENT,IN_APPROVAL_REJECTED_CONTENT,IN_APPROVAL_FILE_PATH,COMPANY_NUM) values (33,1,1,to_date('25/02/18','RR/MM/DD'),'REJECTED','<p>Approval request for project A</p>',null,null,1);
Insert into GRPWR_IN_APPROVAL (IN_APPROVAL_ID,DOCUMENT_ID,EMPLOYEE_NUM,IN_APPROVAL_REQUEST_DATE,IN_APPROVAL_STATUS,IN_APPROVAL_REQUEST_CONTENT,IN_APPROVAL_REJECTED_CONTENT,IN_APPROVAL_FILE_PATH,COMPANY_NUM) values (34,1,1,to_date('25/02/18','RR/MM/DD'),'APPROVED','<p>Approval request for project A</p>',null,null,1);
Insert into GRPWR_IN_APPROVAL (IN_APPROVAL_ID,DOCUMENT_ID,EMPLOYEE_NUM,IN_APPROVAL_REQUEST_DATE,IN_APPROVAL_STATUS,IN_APPROVAL_REQUEST_CONTENT,IN_APPROVAL_REJECTED_CONTENT,IN_APPROVAL_FILE_PATH,COMPANY_NUM) values (35,1,1,to_date('25/02/18','RR/MM/DD'),'REJECTED','<p>Approval request for project A</p>',null,null,1);
Insert into GRPWR_IN_APPROVAL (IN_APPROVAL_ID,DOCUMENT_ID,EMPLOYEE_NUM,IN_APPROVAL_REQUEST_DATE,IN_APPROVAL_STATUS,IN_APPROVAL_REQUEST_CONTENT,IN_APPROVAL_REJECTED_CONTENT,IN_APPROVAL_FILE_PATH,COMPANY_NUM) values (175,2,1,to_date('25/02/24','RR/MM/DD'),'WAITING','<h3>구매 요청</h3><p>구매할 항목 상세</p><p><img src="/file/image/stdr/document/1c607659-fd20-4e46-b538-e0dc3505eb9a_화면 캡처 2024-12-12 142459.png" alt="이미지 설명" contenteditable="false"><br></p>',null,null,1);
Insert into GRPWR_IN_APPROVAL (IN_APPROVAL_ID,DOCUMENT_ID,EMPLOYEE_NUM,IN_APPROVAL_REQUEST_DATE,IN_APPROVAL_STATUS,IN_APPROVAL_REQUEST_CONTENT,IN_APPROVAL_REJECTED_CONTENT,IN_APPROVAL_FILE_PATH,COMPANY_NUM) values (176,42,1,to_date('25/02/24','RR/MM/DD'),'WAITING','<h1>비품처리요청서</h1><table><thead><tr><th><p><br></p></th><th><p>번호</p></th><th><p>항목</p></th><th><p><br></p></th></tr></thead><tbody><tr><td><p><br></p></td><td><p>1</p></td><td><p><strong>사원번호</strong></p></td><td><p>111111</p></td></tr><tr><td><p><br></p></td><td><p>2</p></td><td><p><strong>사원명</strong></p></td><td><p>김다영</p></td></tr><tr><td><p><br></p></td><td><p>3</p></td><td><p><strong>부서</strong></p></td><td><p>영업</p></td></tr><tr><td><p><br></p></td><td><p>4</p></td><td><p><strong>수정 요청일</strong></p></td><td><p>[YYYY-MM-DD]</p></td></tr><tr><td><p><br></p></td><td><p>5</p></td><td><p><strong>기존 출근 시간</strong></p></td><td><p>[기존 출근 시간 입력]</p></td></tr><tr><td><p><br></p></td><td><p><br></p></td><td><p><strong>기존 퇴근 시간</strong></p></td><td><p>[기존 퇴근 시간 입력]</p></td></tr><tr><td><p><br></p></td><td><p><br></p></td><td><p><strong>실제 출근 시간</strong></p></td><td><p>[실제 출근 시간 입력]</p></td></tr><tr><td><p><br></p></td><td><p><br></p></td><td><p><strong>실제 퇴근 시간</strong></p></td><td><p>[실제 퇴근 시간 입력]</p></td></tr><tr><td><p><br></p></td><td><p><br></p></td><td><p><strong>수정 사유</strong></p></td><td><p>[수정 사유 입력]</p></td></tr></tbody></table><div contenteditable="false"><hr></div><h3>📌 요청 내용</h3><p>근태 수정 요청 사유를 작성해 주세요.</p><div data-language="text" class="toastui-editor-ww-code-block"><pre><code>ㅎㅅㅎ</code></pre></div><div contenteditable="false"><hr></div><p><strong>📅 작성일:</strong> [YYYY-MM-DD]</p>',null,null,1);
Insert into GRPWR_IN_APPROVAL (IN_APPROVAL_ID,DOCUMENT_ID,EMPLOYEE_NUM,IN_APPROVAL_REQUEST_DATE,IN_APPROVAL_STATUS,IN_APPROVAL_REQUEST_CONTENT,IN_APPROVAL_REJECTED_CONTENT,IN_APPROVAL_FILE_PATH,COMPANY_NUM) values (178,42,1,to_date('25/02/25','RR/MM/DD'),'WAITING','<h1>비품처리요청서</h1><table><thead><tr><th><p><br></p></th><th><p>번호</p></th><th><p>항목</p></th><th><p><br></p></th></tr></thead><tbody><tr><td><p><br></p></td><td><p>1</p></td><td><p><strong>사원번호</strong></p></td><td><p>111111</p></td></tr><tr><td><p><br></p></td><td><p>2</p></td><td><p><strong>사원명</strong></p></td><td><p>김다영</p></td></tr><tr><td><p><br></p></td><td><p>3</p></td><td><p><strong>부서</strong></p></td><td><p>영업</p></td></tr><tr><td><p><br></p></td><td><p>4</p></td><td><p><strong>수정 요청일</strong></p></td><td><p>[YYYY-MM-DD]</p></td></tr><tr><td><p><br></p></td><td><p>5</p></td><td><p><strong>기존 출근 시간</strong></p></td><td><p>[기존 출근 시간 입력]</p></td></tr><tr><td><p><br></p></td><td><p><br></p></td><td><p><strong>기존 퇴근 시간</strong></p></td><td><p>[기존 퇴근 시간 입력]</p></td></tr><tr><td><p><br></p></td><td><p><br></p></td><td><p><strong>실제 출근 시간</strong></p></td><td><p>[실제 출근 시간 입력]</p></td></tr><tr><td><p><br></p></td><td><p><br></p></td><td><p><strong>실제 퇴근 시간</strong></p></td><td><p>[실제 퇴근 시간 입력]</p></td></tr><tr><td><p><br></p></td><td><p><br></p></td><td><p><strong>수정 사유</strong></p></td><td><p>[수정 사유 입력]</p></td></tr></tbody></table><div contenteditable="false"><hr></div><h3>📌 요청 내용</h3><p>근태 수정 요청 사유를 작성해 주세요.</p><div data-language="text" class="toastui-editor-ww-code-block"><pre><code>[사유 입력]</code></pre></div><div contenteditable="false"><hr></div><p><strong>📅 작성일:</strong> [YYYY-MM-DD]</p>',null,null,1);
Insert into GRPWR_IN_APPROVAL (IN_APPROVAL_ID,DOCUMENT_ID,EMPLOYEE_NUM,IN_APPROVAL_REQUEST_DATE,IN_APPROVAL_STATUS,IN_APPROVAL_REQUEST_CONTENT,IN_APPROVAL_REJECTED_CONTENT,IN_APPROVAL_FILE_PATH,COMPANY_NUM) values (180,33,1,to_date('25/02/26','RR/MM/DD'),'WAITING','<h1>test</h1><table><thead><tr><th><p>asfsdfsdfsdf</p></th><th><p>sdfsdf</p></th></tr></thead><tbody><tr><td><p><br></p></td><td><p><br></p><p><br></p><p>sdfsdfsdfsdfsdf</p></td></tr></tbody></table>',null,null,1);
Insert into GRPWR_IN_APPROVAL (IN_APPROVAL_ID,DOCUMENT_ID,EMPLOYEE_NUM,IN_APPROVAL_REQUEST_DATE,IN_APPROVAL_STATUS,IN_APPROVAL_REQUEST_CONTENT,IN_APPROVAL_REJECTED_CONTENT,IN_APPROVAL_FILE_PATH,COMPANY_NUM) values (181,33,1,to_date('25/02/26','RR/MM/DD'),'WAITING','<h1>test</h1><table><thead><tr><th><p>asfsdfsdfsdf</p></th><th><p>sdfsdf</p></th></tr></thead><tbody><tr><td><p><br></p></td><td><p><br></p><p><br></p><p>sdfsdfsdfsdfsdf</p></td></tr></tbody></table>',null,null,1);
Insert into GRPWR_IN_APPROVAL (IN_APPROVAL_ID,DOCUMENT_ID,EMPLOYEE_NUM,IN_APPROVAL_REQUEST_DATE,IN_APPROVAL_STATUS,IN_APPROVAL_REQUEST_CONTENT,IN_APPROVAL_REJECTED_CONTENT,IN_APPROVAL_FILE_PATH,COMPANY_NUM) values (183,47,162,to_date('25/02/28','RR/MM/DD'),'APPROVED','<h1>근태 수정 요청서</h1><table class=""><thead><tr><th><p>항목</p></th><th><p><br></p></th></tr></thead><tbody><tr><td><p><strong>사원번호</strong></p></td><td><p>11111</p></td></tr><tr><td><p><strong>사원명</strong></p></td><td><p>김다영</p></td></tr><tr><td><p><strong>부서</strong></p></td><td><p>영업</p></td></tr><tr><td><p><strong>수정 요청일</strong></p></td><td><p>2025-02-02</p></td></tr><tr><td><p><strong>기존 출근 시간</strong></p></td><td><p>9시</p></td></tr><tr><td><p><strong>기존 퇴근 시간</strong></p></td><td><p>6시</p></td></tr><tr><td><p><strong>실제 출근 시간</strong></p></td><td><p>10시</p></td></tr><tr><td><p><strong>실제 퇴근 시간</strong></p></td></tr><tr><td><p><strong>수정 사유</strong></p></td><td><p>외근</p></td></tr></tbody></table><h3><br></h3>',null,null,45);
Insert into GRPWR_IN_APPROVAL (IN_APPROVAL_ID,DOCUMENT_ID,EMPLOYEE_NUM,IN_APPROVAL_REQUEST_DATE,IN_APPROVAL_STATUS,IN_APPROVAL_REQUEST_CONTENT,IN_APPROVAL_REJECTED_CONTENT,IN_APPROVAL_FILE_PATH,COMPANY_NUM) values (133,5,3,to_date('25/02/21','RR/MM/DD'),'APPROVED','<p>Approval request for project A</p>',null,null,1);
Insert into GRPWR_IN_APPROVAL (IN_APPROVAL_ID,DOCUMENT_ID,EMPLOYEE_NUM,IN_APPROVAL_REQUEST_DATE,IN_APPROVAL_STATUS,IN_APPROVAL_REQUEST_CONTENT,IN_APPROVAL_REJECTED_CONTENT,IN_APPROVAL_FILE_PATH,COMPANY_NUM) values (134,5,3,to_date('25/02/21','RR/MM/DD'),'APPROVED','<p>Approval request for project A</p>',null,null,1);
Insert into GRPWR_IN_APPROVAL (IN_APPROVAL_ID,DOCUMENT_ID,EMPLOYEE_NUM,IN_APPROVAL_REQUEST_DATE,IN_APPROVAL_STATUS,IN_APPROVAL_REQUEST_CONTENT,IN_APPROVAL_REJECTED_CONTENT,IN_APPROVAL_FILE_PATH,COMPANY_NUM) values (135,5,3,to_date('25/02/21','RR/MM/DD'),'REJECTED','<p>Approval request for project A</p>','ㅣㅣㅣㅣㅣㅣ',null,1);
Insert into GRPWR_IN_APPROVAL (IN_APPROVAL_ID,DOCUMENT_ID,EMPLOYEE_NUM,IN_APPROVAL_REQUEST_DATE,IN_APPROVAL_STATUS,IN_APPROVAL_REQUEST_CONTENT,IN_APPROVAL_REJECTED_CONTENT,IN_APPROVAL_FILE_PATH,COMPANY_NUM) values (136,5,3,to_date('25/02/21','RR/MM/DD'),'REJECTED','<p>Approval request for project A</p>','ㄱㄱㄱㄱ',null,1);
Insert into GRPWR_IN_APPROVAL (IN_APPROVAL_ID,DOCUMENT_ID,EMPLOYEE_NUM,IN_APPROVAL_REQUEST_DATE,IN_APPROVAL_STATUS,IN_APPROVAL_REQUEST_CONTENT,IN_APPROVAL_REJECTED_CONTENT,IN_APPROVAL_FILE_PATH,COMPANY_NUM) values (137,5,3,to_date('25/02/21','RR/MM/DD'),'WAITING','<p>Approval request for project A</p>',null,null,1);
Insert into GRPWR_IN_APPROVAL (IN_APPROVAL_ID,DOCUMENT_ID,EMPLOYEE_NUM,IN_APPROVAL_REQUEST_DATE,IN_APPROVAL_STATUS,IN_APPROVAL_REQUEST_CONTENT,IN_APPROVAL_REJECTED_CONTENT,IN_APPROVAL_FILE_PATH,COMPANY_NUM) values (138,5,3,to_date('25/02/21','RR/MM/DD'),'APPROVED','<p>Approval request for project A</p>',null,null,1);
Insert into GRPWR_IN_APPROVAL (IN_APPROVAL_ID,DOCUMENT_ID,EMPLOYEE_NUM,IN_APPROVAL_REQUEST_DATE,IN_APPROVAL_STATUS,IN_APPROVAL_REQUEST_CONTENT,IN_APPROVAL_REJECTED_CONTENT,IN_APPROVAL_FILE_PATH,COMPANY_NUM) values (139,5,3,to_date('25/02/21','RR/MM/DD'),'WAITING','<p>Approval request for project A</p>',null,null,1);
Insert into GRPWR_IN_APPROVAL (IN_APPROVAL_ID,DOCUMENT_ID,EMPLOYEE_NUM,IN_APPROVAL_REQUEST_DATE,IN_APPROVAL_STATUS,IN_APPROVAL_REQUEST_CONTENT,IN_APPROVAL_REJECTED_CONTENT,IN_APPROVAL_FILE_PATH,COMPANY_NUM) values (140,5,3,to_date('25/02/21','RR/MM/DD'),'WAITING','<p>Approval request for project A</p>',null,null,1);
Insert into GRPWR_IN_APPROVAL (IN_APPROVAL_ID,DOCUMENT_ID,EMPLOYEE_NUM,IN_APPROVAL_REQUEST_DATE,IN_APPROVAL_STATUS,IN_APPROVAL_REQUEST_CONTENT,IN_APPROVAL_REJECTED_CONTENT,IN_APPROVAL_FILE_PATH,COMPANY_NUM) values (141,5,3,to_date('25/02/21','RR/MM/DD'),'WAITING','<p>Approval request for project A</p>',null,null,1);
Insert into GRPWR_IN_APPROVAL (IN_APPROVAL_ID,DOCUMENT_ID,EMPLOYEE_NUM,IN_APPROVAL_REQUEST_DATE,IN_APPROVAL_STATUS,IN_APPROVAL_REQUEST_CONTENT,IN_APPROVAL_REJECTED_CONTENT,IN_APPROVAL_FILE_PATH,COMPANY_NUM) values (142,5,3,to_date('25/02/21','RR/MM/DD'),'WAITING','<p>Approval request for project A</p>',null,null,1);
Insert into GRPWR_IN_APPROVAL (IN_APPROVAL_ID,DOCUMENT_ID,EMPLOYEE_NUM,IN_APPROVAL_REQUEST_DATE,IN_APPROVAL_STATUS,IN_APPROVAL_REQUEST_CONTENT,IN_APPROVAL_REJECTED_CONTENT,IN_APPROVAL_FILE_PATH,COMPANY_NUM) values (143,5,3,to_date('25/02/21','RR/MM/DD'),'WAITING','<p>Approval request for project A</p>',null,null,1);
Insert into GRPWR_IN_APPROVAL (IN_APPROVAL_ID,DOCUMENT_ID,EMPLOYEE_NUM,IN_APPROVAL_REQUEST_DATE,IN_APPROVAL_STATUS,IN_APPROVAL_REQUEST_CONTENT,IN_APPROVAL_REJECTED_CONTENT,IN_APPROVAL_FILE_PATH,COMPANY_NUM) values (144,5,3,to_date('25/02/21','RR/MM/DD'),'WAITING','<p>Approval request for project A</p>',null,null,1);
Insert into GRPWR_IN_APPROVAL (IN_APPROVAL_ID,DOCUMENT_ID,EMPLOYEE_NUM,IN_APPROVAL_REQUEST_DATE,IN_APPROVAL_STATUS,IN_APPROVAL_REQUEST_CONTENT,IN_APPROVAL_REJECTED_CONTENT,IN_APPROVAL_FILE_PATH,COMPANY_NUM) values (145,5,3,to_date('25/02/21','RR/MM/DD'),'WAITING','<p>Approval request for project A</p>',null,null,1);
Insert into GRPWR_IN_APPROVAL (IN_APPROVAL_ID,DOCUMENT_ID,EMPLOYEE_NUM,IN_APPROVAL_REQUEST_DATE,IN_APPROVAL_STATUS,IN_APPROVAL_REQUEST_CONTENT,IN_APPROVAL_REJECTED_CONTENT,IN_APPROVAL_FILE_PATH,COMPANY_NUM) values (146,5,3,to_date('25/02/21','RR/MM/DD'),'WAITING','<p>Approval request for project A</p>',null,null,1);
Insert into GRPWR_IN_APPROVAL (IN_APPROVAL_ID,DOCUMENT_ID,EMPLOYEE_NUM,IN_APPROVAL_REQUEST_DATE,IN_APPROVAL_STATUS,IN_APPROVAL_REQUEST_CONTENT,IN_APPROVAL_REJECTED_CONTENT,IN_APPROVAL_FILE_PATH,COMPANY_NUM) values (147,5,3,to_date('25/02/21','RR/MM/DD'),'WAITING','<p>Approval request for project A</p>',null,null,1);
Insert into GRPWR_IN_APPROVAL (IN_APPROVAL_ID,DOCUMENT_ID,EMPLOYEE_NUM,IN_APPROVAL_REQUEST_DATE,IN_APPROVAL_STATUS,IN_APPROVAL_REQUEST_CONTENT,IN_APPROVAL_REJECTED_CONTENT,IN_APPROVAL_FILE_PATH,COMPANY_NUM) values (148,5,3,to_date('25/02/21','RR/MM/DD'),'WAITING','<p>Approval request for project A</p>',null,null,1);
Insert into GRPWR_IN_APPROVAL (IN_APPROVAL_ID,DOCUMENT_ID,EMPLOYEE_NUM,IN_APPROVAL_REQUEST_DATE,IN_APPROVAL_STATUS,IN_APPROVAL_REQUEST_CONTENT,IN_APPROVAL_REJECTED_CONTENT,IN_APPROVAL_FILE_PATH,COMPANY_NUM) values (149,5,3,to_date('25/02/21','RR/MM/DD'),'WAITING','<p>????????????</p>',null,null,1);
Insert into GRPWR_IN_APPROVAL (IN_APPROVAL_ID,DOCUMENT_ID,EMPLOYEE_NUM,IN_APPROVAL_REQUEST_DATE,IN_APPROVAL_STATUS,IN_APPROVAL_REQUEST_CONTENT,IN_APPROVAL_REJECTED_CONTENT,IN_APPROVAL_FILE_PATH,COMPANY_NUM) values (150,5,1,to_date('25/02/21','RR/MM/DD'),'WAITING','<p>????????????</p>',null,null,1);
Insert into GRPWR_IN_APPROVAL (IN_APPROVAL_ID,DOCUMENT_ID,EMPLOYEE_NUM,IN_APPROVAL_REQUEST_DATE,IN_APPROVAL_STATUS,IN_APPROVAL_REQUEST_CONTENT,IN_APPROVAL_REJECTED_CONTENT,IN_APPROVAL_FILE_PATH,COMPANY_NUM) values (158,37,1,to_date('25/02/24','RR/MM/DD'),'WAITING','<h1>왜 네개가 한꺼번에?</h1><ol><li><p>ㄴㅇㄹㄴㅇㄹㄴㅇㄹ</p></li><li><p>ㄴㄹㄴㅇㄹ</p></li><li><p>ㄴㅇㄹㄴㅇㄹ</p></li><li><p>ㄴㅇㄹㄴㅇ</p></li><li><p>ㄹㄴㅇㄹ</p></li></ol><table><thead><tr><th><p>ㄴㄴ</p></th><th><p><br></p></th></tr></thead><tbody><tr><td><p><br></p></td><td><p><br></p></td></tr></tbody></table><table><thead><tr><th><p><br></p></th></tr></thead><tbody><tr></tr></tbody></table>',null,null,1);
Insert into GRPWR_IN_APPROVAL (IN_APPROVAL_ID,DOCUMENT_ID,EMPLOYEE_NUM,IN_APPROVAL_REQUEST_DATE,IN_APPROVAL_STATUS,IN_APPROVAL_REQUEST_CONTENT,IN_APPROVAL_REJECTED_CONTENT,IN_APPROVAL_FILE_PATH,COMPANY_NUM) values (159,37,1,to_date('25/02/24','RR/MM/DD'),'WAITING','<h1>왜 네개가 한꺼번에?</h1><ol><li><p>ㄴㅇㄹㄴㅇㄹㄴㅇㄹ</p></li><li><p>ㄴㄹㄴㅇㄹ</p></li><li><p>ㄴㅇㄹㄴㅇㄹ</p></li><li><p>ㄴㅇㄹㄴㅇ</p></li><li><p>ㄹㄴㅇㄹ</p></li></ol><table><thead><tr><th><p>ㄴㄴ</p></th><th><p><br></p></th></tr></thead><tbody><tr><td><p><br></p></td><td><p><br></p></td></tr></tbody></table><table><thead><tr><th><p><br></p></th></tr></thead><tbody><tr></tr></tbody></table>',null,null,1);
Insert into GRPWR_IN_APPROVAL (IN_APPROVAL_ID,DOCUMENT_ID,EMPLOYEE_NUM,IN_APPROVAL_REQUEST_DATE,IN_APPROVAL_STATUS,IN_APPROVAL_REQUEST_CONTENT,IN_APPROVAL_REJECTED_CONTENT,IN_APPROVAL_FILE_PATH,COMPANY_NUM) values (161,10,1,to_date('25/02/24','RR/MM/DD'),'WAITING','<h1>ㅅㄷㄴㅅㅅㄴㄷㅅ</h1><table><thead><tr><th><p>필드명</p></th><th><p>입력 값</p></th></tr></thead><tbody><tr><td><p><strong>사원번호</strong></p></td><td><p>[사원번호 입력]</p></td></tr><tr><td><p><strong>사원명</strong></p></td><td><p>[사원명 입력]</p></td></tr><tr><td><p><strong>부서</strong></p></td><td><p>[부서 입력]</p></td></tr><tr><td><p><strong>수정 요청일</strong></p></td><td><p>[YYYY-MM-DD]</p></td></tr><tr><td><p><strong>기존 출근 시간</strong></p></td><td><p>[기존 출근 시간 입력]</p></td></tr><tr><td><p><strong>기존 퇴근 시간</strong></p></td><td><p>[기존 퇴근 시간 입력]</p></td></tr><tr><td><p><strong>실제 출근 시간</strong></p></td><td><p>[실제 출근 시간 입력]</p></td></tr><tr><td><p><strong>실제 퇴근 시간</strong></p></td><td><p>[실제 퇴근 시간 입력]</p></td></tr><tr><td><p><strong>수정 사유</strong></p></td><td><p>[수정 사유 입력]</p></td></tr></tbody></table><div contenteditable="false"><hr></div><h3>📌 요청 내용</h3><p>근태 수정 요청 사유를 작성해 주세요.</p><div data-language="text" class="toastui-editor-ww-code-block"><pre><code>[사유 입력]
<br></code></pre></div><div contenteditable="false"><hr></div><p><strong>📅 작성일:</strong> [YYYY-MM-DD]</p>',null,null,1);
Insert into GRPWR_IN_APPROVAL (IN_APPROVAL_ID,DOCUMENT_ID,EMPLOYEE_NUM,IN_APPROVAL_REQUEST_DATE,IN_APPROVAL_STATUS,IN_APPROVAL_REQUEST_CONTENT,IN_APPROVAL_REJECTED_CONTENT,IN_APPROVAL_FILE_PATH,COMPANY_NUM) values (162,10,1,to_date('25/02/24','RR/MM/DD'),'WAITING','<h1>ㅅㄷㄴㅅㅅㄴㄷㅅ</h1><table><thead><tr><th><p>필드명</p></th><th><p>입력 값</p></th></tr></thead><tbody><tr><td><p><strong>사원번호</strong></p></td><td><p>[사원번호 입력]</p></td></tr><tr><td><p><strong>사원명</strong></p></td><td><p>[사원명 입력]</p></td></tr><tr><td><p><strong>부서</strong></p></td><td><p>[부서 입력]</p></td></tr><tr><td><p><strong>수정 요청일</strong></p></td><td><p>[YYYY-MM-DD]</p></td></tr><tr><td><p><strong>기존 출근 시간</strong></p></td><td><p>[기존 출근 시간 입력]</p></td></tr><tr><td><p><strong>기존 퇴근 시간</strong></p></td><td><p>[기존 퇴근 시간 입력]</p></td></tr><tr><td><p><strong>실제 출근 시간</strong></p></td><td><p>[실제 출근 시간 입력]</p></td></tr><tr><td><p><strong>실제 퇴근 시간</strong></p></td><td><p>[실제 퇴근 시간 입력]</p></td></tr><tr><td><p><strong>수정 사유</strong></p></td><td><p>[수정 사유 입력]</p></td></tr></tbody></table><div contenteditable="false"><hr></div><h3>📌 요청 내용</h3><p>근태 수정 요청 사유를 작성해 주세요.</p><div data-language="text" class="toastui-editor-ww-code-block"><pre><code>[사유 입력]
<br></code></pre></div><div contenteditable="false"><hr></div><p><strong>📅 작성일:</strong> [YYYY-MM-DD]</p>',null,null,1);
Insert into GRPWR_IN_APPROVAL (IN_APPROVAL_ID,DOCUMENT_ID,EMPLOYEE_NUM,IN_APPROVAL_REQUEST_DATE,IN_APPROVAL_STATUS,IN_APPROVAL_REQUEST_CONTENT,IN_APPROVAL_REJECTED_CONTENT,IN_APPROVAL_FILE_PATH,COMPANY_NUM) values (163,37,1,to_date('25/02/24','RR/MM/DD'),'WAITING','<h1>ㅁㅁㅁㅁㅁㅁㅁ</h1><ol><li><p>ㄴㅇㄹㄴㅇㄹㄴㅇㄹ</p></li><li><p>ㄴㄹㄴㅇㄹ</p></li><li><p>ㄴㅇㄹㄴㅇㄹ</p></li><li><p>ㄴㅇㄹㄴㅇ</p></li><li><p>ㄹㄴㅇㄹ</p></li></ol><table><thead><tr><th><p>ㄴㄴ</p></th><th><p><br></p></th></tr></thead><tbody><tr><td><p><br></p></td><td><p><br></p></td></tr></tbody></table><table><thead><tr><th><p><br></p></th></tr></thead><tbody><tr></tr></tbody></table>',null,null,1);
Insert into GRPWR_IN_APPROVAL (IN_APPROVAL_ID,DOCUMENT_ID,EMPLOYEE_NUM,IN_APPROVAL_REQUEST_DATE,IN_APPROVAL_STATUS,IN_APPROVAL_REQUEST_CONTENT,IN_APPROVAL_REJECTED_CONTENT,IN_APPROVAL_FILE_PATH,COMPANY_NUM) values (164,37,1,to_date('25/02/24','RR/MM/DD'),'WAITING','<h1>ㅁㅁㅁㅁㅁㅁㅁ</h1><ol><li><p>ㄴㅇㄹㄴㅇㄹㄴㅇㄹ</p></li><li><p>ㄴㄹㄴㅇㄹ</p></li><li><p>ㄴㅇㄹㄴㅇㄹ</p></li><li><p>ㄴㅇㄹㄴㅇ</p></li><li><p>ㄹㄴㅇㄹ</p></li></ol><table><thead><tr><th><p>ㄴㄴ</p></th><th><p><br></p></th></tr></thead><tbody><tr><td><p><br></p></td><td><p><br></p></td></tr></tbody></table><table><thead><tr><th><p><br></p></th></tr></thead><tbody><tr></tr></tbody></table>',null,null,1);
Insert into GRPWR_IN_APPROVAL (IN_APPROVAL_ID,DOCUMENT_ID,EMPLOYEE_NUM,IN_APPROVAL_REQUEST_DATE,IN_APPROVAL_STATUS,IN_APPROVAL_REQUEST_CONTENT,IN_APPROVAL_REJECTED_CONTENT,IN_APPROVAL_FILE_PATH,COMPANY_NUM) values (36,5,3,to_date('25/02/19','RR/MM/DD'),'REJECTED','<p>Approval request for project A</p>',null,null,1);
Insert into GRPWR_IN_APPROVAL (IN_APPROVAL_ID,DOCUMENT_ID,EMPLOYEE_NUM,IN_APPROVAL_REQUEST_DATE,IN_APPROVAL_STATUS,IN_APPROVAL_REQUEST_CONTENT,IN_APPROVAL_REJECTED_CONTENT,IN_APPROVAL_FILE_PATH,COMPANY_NUM) values (37,5,3,to_date('25/02/19','RR/MM/DD'),'APPROVED','<p>Approval request for project A</p>',null,null,1);
Insert into GRPWR_IN_APPROVAL (IN_APPROVAL_ID,DOCUMENT_ID,EMPLOYEE_NUM,IN_APPROVAL_REQUEST_DATE,IN_APPROVAL_STATUS,IN_APPROVAL_REQUEST_CONTENT,IN_APPROVAL_REJECTED_CONTENT,IN_APPROVAL_FILE_PATH,COMPANY_NUM) values (38,5,3,to_date('25/02/19','RR/MM/DD'),'REJECTED','<p>Approval request for project A</p>',null,null,1);
Insert into GRPWR_IN_APPROVAL (IN_APPROVAL_ID,DOCUMENT_ID,EMPLOYEE_NUM,IN_APPROVAL_REQUEST_DATE,IN_APPROVAL_STATUS,IN_APPROVAL_REQUEST_CONTENT,IN_APPROVAL_REJECTED_CONTENT,IN_APPROVAL_FILE_PATH,COMPANY_NUM) values (39,5,3,to_date('25/02/19','RR/MM/DD'),'APPROVED','<p>Approval request for project A</p>',null,null,1);
Insert into GRPWR_IN_APPROVAL (IN_APPROVAL_ID,DOCUMENT_ID,EMPLOYEE_NUM,IN_APPROVAL_REQUEST_DATE,IN_APPROVAL_STATUS,IN_APPROVAL_REQUEST_CONTENT,IN_APPROVAL_REJECTED_CONTENT,IN_APPROVAL_FILE_PATH,COMPANY_NUM) values (40,5,3,to_date('25/02/19','RR/MM/DD'),'REJECTED','<p>Approval request for project A</p>',null,null,1);
Insert into GRPWR_IN_APPROVAL (IN_APPROVAL_ID,DOCUMENT_ID,EMPLOYEE_NUM,IN_APPROVAL_REQUEST_DATE,IN_APPROVAL_STATUS,IN_APPROVAL_REQUEST_CONTENT,IN_APPROVAL_REJECTED_CONTENT,IN_APPROVAL_FILE_PATH,COMPANY_NUM) values (41,5,3,to_date('25/02/19','RR/MM/DD'),'REJECTED','<p>Approval request for project A</p>',null,null,1);
Insert into GRPWR_IN_APPROVAL (IN_APPROVAL_ID,DOCUMENT_ID,EMPLOYEE_NUM,IN_APPROVAL_REQUEST_DATE,IN_APPROVAL_STATUS,IN_APPROVAL_REQUEST_CONTENT,IN_APPROVAL_REJECTED_CONTENT,IN_APPROVAL_FILE_PATH,COMPANY_NUM) values (42,5,3,to_date('25/02/19','RR/MM/DD'),'APPROVED','<p>Approval request for project A</p>',null,null,1);
Insert into GRPWR_IN_APPROVAL (IN_APPROVAL_ID,DOCUMENT_ID,EMPLOYEE_NUM,IN_APPROVAL_REQUEST_DATE,IN_APPROVAL_STATUS,IN_APPROVAL_REQUEST_CONTENT,IN_APPROVAL_REJECTED_CONTENT,IN_APPROVAL_FILE_PATH,COMPANY_NUM) values (43,5,3,to_date('25/02/19','RR/MM/DD'),'REJECTED','<p>Approval request for project A</p>',null,null,1);
Insert into GRPWR_IN_APPROVAL (IN_APPROVAL_ID,DOCUMENT_ID,EMPLOYEE_NUM,IN_APPROVAL_REQUEST_DATE,IN_APPROVAL_STATUS,IN_APPROVAL_REQUEST_CONTENT,IN_APPROVAL_REJECTED_CONTENT,IN_APPROVAL_FILE_PATH,COMPANY_NUM) values (44,5,3,to_date('25/02/19','RR/MM/DD'),'APPROVED','<p>Approval request for project A</p>',null,null,1);
Insert into GRPWR_IN_APPROVAL (IN_APPROVAL_ID,DOCUMENT_ID,EMPLOYEE_NUM,IN_APPROVAL_REQUEST_DATE,IN_APPROVAL_STATUS,IN_APPROVAL_REQUEST_CONTENT,IN_APPROVAL_REJECTED_CONTENT,IN_APPROVAL_FILE_PATH,COMPANY_NUM) values (45,5,3,to_date('25/02/19','RR/MM/DD'),'APPROVED','<p>Approval request for project A</p>',null,null,1);
Insert into GRPWR_IN_APPROVAL (IN_APPROVAL_ID,DOCUMENT_ID,EMPLOYEE_NUM,IN_APPROVAL_REQUEST_DATE,IN_APPROVAL_STATUS,IN_APPROVAL_REQUEST_CONTENT,IN_APPROVAL_REJECTED_CONTENT,IN_APPROVAL_FILE_PATH,COMPANY_NUM) values (46,5,3,to_date('25/02/19','RR/MM/DD'),'APPROVED','<p>Approval request for project A</p>',null,null,1);
Insert into GRPWR_IN_APPROVAL (IN_APPROVAL_ID,DOCUMENT_ID,EMPLOYEE_NUM,IN_APPROVAL_REQUEST_DATE,IN_APPROVAL_STATUS,IN_APPROVAL_REQUEST_CONTENT,IN_APPROVAL_REJECTED_CONTENT,IN_APPROVAL_FILE_PATH,COMPANY_NUM) values (47,5,3,to_date('25/02/19','RR/MM/DD'),'APPROVED','<p>Approval request for project A</p>',null,null,1);
Insert into GRPWR_IN_APPROVAL (IN_APPROVAL_ID,DOCUMENT_ID,EMPLOYEE_NUM,IN_APPROVAL_REQUEST_DATE,IN_APPROVAL_STATUS,IN_APPROVAL_REQUEST_CONTENT,IN_APPROVAL_REJECTED_CONTENT,IN_APPROVAL_FILE_PATH,COMPANY_NUM) values (48,5,3,to_date('25/02/19','RR/MM/DD'),'APPROVED','<p>Approval request for project A</p>',null,null,1);
Insert into GRPWR_IN_APPROVAL (IN_APPROVAL_ID,DOCUMENT_ID,EMPLOYEE_NUM,IN_APPROVAL_REQUEST_DATE,IN_APPROVAL_STATUS,IN_APPROVAL_REQUEST_CONTENT,IN_APPROVAL_REJECTED_CONTENT,IN_APPROVAL_FILE_PATH,COMPANY_NUM) values (49,5,3,to_date('25/02/19','RR/MM/DD'),'REJECTED','<p>Approval request for project A</p>',null,null,1);
Insert into GRPWR_IN_APPROVAL (IN_APPROVAL_ID,DOCUMENT_ID,EMPLOYEE_NUM,IN_APPROVAL_REQUEST_DATE,IN_APPROVAL_STATUS,IN_APPROVAL_REQUEST_CONTENT,IN_APPROVAL_REJECTED_CONTENT,IN_APPROVAL_FILE_PATH,COMPANY_NUM) values (50,5,3,to_date('25/02/19','RR/MM/DD'),'APPROVED','<p>Approval request for project A</p>',null,null,1);
Insert into GRPWR_IN_APPROVAL (IN_APPROVAL_ID,DOCUMENT_ID,EMPLOYEE_NUM,IN_APPROVAL_REQUEST_DATE,IN_APPROVAL_STATUS,IN_APPROVAL_REQUEST_CONTENT,IN_APPROVAL_REJECTED_CONTENT,IN_APPROVAL_FILE_PATH,COMPANY_NUM) values (51,5,3,to_date('25/02/19','RR/MM/DD'),'APPROVED','<p>Approval request for project A</p>',null,null,1);
Insert into GRPWR_IN_APPROVAL (IN_APPROVAL_ID,DOCUMENT_ID,EMPLOYEE_NUM,IN_APPROVAL_REQUEST_DATE,IN_APPROVAL_STATUS,IN_APPROVAL_REQUEST_CONTENT,IN_APPROVAL_REJECTED_CONTENT,IN_APPROVAL_FILE_PATH,COMPANY_NUM) values (52,5,3,to_date('25/02/19','RR/MM/DD'),'APPROVED','<p>Approval request for project A</p>',null,null,1);
Insert into GRPWR_IN_APPROVAL (IN_APPROVAL_ID,DOCUMENT_ID,EMPLOYEE_NUM,IN_APPROVAL_REQUEST_DATE,IN_APPROVAL_STATUS,IN_APPROVAL_REQUEST_CONTENT,IN_APPROVAL_REJECTED_CONTENT,IN_APPROVAL_FILE_PATH,COMPANY_NUM) values (53,5,3,to_date('25/02/19','RR/MM/DD'),'APPROVED','<p>Approval request for project A</p>',null,null,1);
Insert into GRPWR_IN_APPROVAL (IN_APPROVAL_ID,DOCUMENT_ID,EMPLOYEE_NUM,IN_APPROVAL_REQUEST_DATE,IN_APPROVAL_STATUS,IN_APPROVAL_REQUEST_CONTENT,IN_APPROVAL_REJECTED_CONTENT,IN_APPROVAL_FILE_PATH,COMPANY_NUM) values (54,5,3,to_date('25/02/19','RR/MM/DD'),'APPROVED','<p>Approval request for project A</p>',null,null,1);
Insert into GRPWR_IN_APPROVAL (IN_APPROVAL_ID,DOCUMENT_ID,EMPLOYEE_NUM,IN_APPROVAL_REQUEST_DATE,IN_APPROVAL_STATUS,IN_APPROVAL_REQUEST_CONTENT,IN_APPROVAL_REJECTED_CONTENT,IN_APPROVAL_FILE_PATH,COMPANY_NUM) values (55,5,3,to_date('25/02/19','RR/MM/DD'),'APPROVED','<p>Approval request for project A</p>',null,null,1);
Insert into GRPWR_IN_APPROVAL (IN_APPROVAL_ID,DOCUMENT_ID,EMPLOYEE_NUM,IN_APPROVAL_REQUEST_DATE,IN_APPROVAL_STATUS,IN_APPROVAL_REQUEST_CONTENT,IN_APPROVAL_REJECTED_CONTENT,IN_APPROVAL_FILE_PATH,COMPANY_NUM) values (56,5,3,to_date('25/02/19','RR/MM/DD'),'APPROVED','<p>Approval request for project A</p>',null,null,1);
Insert into GRPWR_IN_APPROVAL (IN_APPROVAL_ID,DOCUMENT_ID,EMPLOYEE_NUM,IN_APPROVAL_REQUEST_DATE,IN_APPROVAL_STATUS,IN_APPROVAL_REQUEST_CONTENT,IN_APPROVAL_REJECTED_CONTENT,IN_APPROVAL_FILE_PATH,COMPANY_NUM) values (57,5,3,to_date('25/02/19','RR/MM/DD'),'APPROVED','<p>Approval request for project A</p>',null,null,1);
Insert into GRPWR_IN_APPROVAL (IN_APPROVAL_ID,DOCUMENT_ID,EMPLOYEE_NUM,IN_APPROVAL_REQUEST_DATE,IN_APPROVAL_STATUS,IN_APPROVAL_REQUEST_CONTENT,IN_APPROVAL_REJECTED_CONTENT,IN_APPROVAL_FILE_PATH,COMPANY_NUM) values (58,5,3,to_date('25/02/19','RR/MM/DD'),'APPROVED','<p>Approval request for project A</p>',null,null,1);
Insert into GRPWR_IN_APPROVAL (IN_APPROVAL_ID,DOCUMENT_ID,EMPLOYEE_NUM,IN_APPROVAL_REQUEST_DATE,IN_APPROVAL_STATUS,IN_APPROVAL_REQUEST_CONTENT,IN_APPROVAL_REJECTED_CONTENT,IN_APPROVAL_FILE_PATH,COMPANY_NUM) values (59,5,3,to_date('25/02/19','RR/MM/DD'),'APPROVED','<p>Approval request for project A</p>',null,null,1);
Insert into GRPWR_IN_APPROVAL (IN_APPROVAL_ID,DOCUMENT_ID,EMPLOYEE_NUM,IN_APPROVAL_REQUEST_DATE,IN_APPROVAL_STATUS,IN_APPROVAL_REQUEST_CONTENT,IN_APPROVAL_REJECTED_CONTENT,IN_APPROVAL_FILE_PATH,COMPANY_NUM) values (60,5,3,to_date('25/02/19','RR/MM/DD'),'APPROVED','<p>Approval request for project A</p>',null,null,1);
Insert into GRPWR_IN_APPROVAL (IN_APPROVAL_ID,DOCUMENT_ID,EMPLOYEE_NUM,IN_APPROVAL_REQUEST_DATE,IN_APPROVAL_STATUS,IN_APPROVAL_REQUEST_CONTENT,IN_APPROVAL_REJECTED_CONTENT,IN_APPROVAL_FILE_PATH,COMPANY_NUM) values (61,5,3,to_date('25/02/19','RR/MM/DD'),'REJECTED','<p>Approval request for project A</p>',null,null,1);
Insert into GRPWR_IN_APPROVAL (IN_APPROVAL_ID,DOCUMENT_ID,EMPLOYEE_NUM,IN_APPROVAL_REQUEST_DATE,IN_APPROVAL_STATUS,IN_APPROVAL_REQUEST_CONTENT,IN_APPROVAL_REJECTED_CONTENT,IN_APPROVAL_FILE_PATH,COMPANY_NUM) values (62,5,3,to_date('25/02/19','RR/MM/DD'),'REJECTED','<p>Approval request for project A</p>',null,null,1);
Insert into GRPWR_IN_APPROVAL (IN_APPROVAL_ID,DOCUMENT_ID,EMPLOYEE_NUM,IN_APPROVAL_REQUEST_DATE,IN_APPROVAL_STATUS,IN_APPROVAL_REQUEST_CONTENT,IN_APPROVAL_REJECTED_CONTENT,IN_APPROVAL_FILE_PATH,COMPANY_NUM) values (63,5,3,to_date('25/02/19','RR/MM/DD'),'REJECTED','<p>Approval request for project A</p>',null,null,1);
Insert into GRPWR_IN_APPROVAL (IN_APPROVAL_ID,DOCUMENT_ID,EMPLOYEE_NUM,IN_APPROVAL_REQUEST_DATE,IN_APPROVAL_STATUS,IN_APPROVAL_REQUEST_CONTENT,IN_APPROVAL_REJECTED_CONTENT,IN_APPROVAL_FILE_PATH,COMPANY_NUM) values (64,5,3,to_date('25/02/19','RR/MM/DD'),'REJECTED','<p>Approval request for project A</p>',null,null,1);
Insert into GRPWR_IN_APPROVAL (IN_APPROVAL_ID,DOCUMENT_ID,EMPLOYEE_NUM,IN_APPROVAL_REQUEST_DATE,IN_APPROVAL_STATUS,IN_APPROVAL_REQUEST_CONTENT,IN_APPROVAL_REJECTED_CONTENT,IN_APPROVAL_FILE_PATH,COMPANY_NUM) values (65,5,3,to_date('25/02/19','RR/MM/DD'),'REJECTED','<p>Approval request for project A</p>',null,null,1);
Insert into GRPWR_IN_APPROVAL (IN_APPROVAL_ID,DOCUMENT_ID,EMPLOYEE_NUM,IN_APPROVAL_REQUEST_DATE,IN_APPROVAL_STATUS,IN_APPROVAL_REQUEST_CONTENT,IN_APPROVAL_REJECTED_CONTENT,IN_APPROVAL_FILE_PATH,COMPANY_NUM) values (66,5,3,to_date('25/02/19','RR/MM/DD'),'REJECTED','<p>Approval request for project A</p>',null,null,1);
Insert into GRPWR_IN_APPROVAL (IN_APPROVAL_ID,DOCUMENT_ID,EMPLOYEE_NUM,IN_APPROVAL_REQUEST_DATE,IN_APPROVAL_STATUS,IN_APPROVAL_REQUEST_CONTENT,IN_APPROVAL_REJECTED_CONTENT,IN_APPROVAL_FILE_PATH,COMPANY_NUM) values (67,5,3,to_date('25/02/19','RR/MM/DD'),'REJECTED','<p>Approval request for project A</p>',null,null,1);
Insert into GRPWR_IN_APPROVAL (IN_APPROVAL_ID,DOCUMENT_ID,EMPLOYEE_NUM,IN_APPROVAL_REQUEST_DATE,IN_APPROVAL_STATUS,IN_APPROVAL_REQUEST_CONTENT,IN_APPROVAL_REJECTED_CONTENT,IN_APPROVAL_FILE_PATH,COMPANY_NUM) values (68,5,3,to_date('25/02/19','RR/MM/DD'),'REJECTED','<p>Approval request for project A</p>',null,null,1);
Insert into GRPWR_IN_APPROVAL (IN_APPROVAL_ID,DOCUMENT_ID,EMPLOYEE_NUM,IN_APPROVAL_REQUEST_DATE,IN_APPROVAL_STATUS,IN_APPROVAL_REQUEST_CONTENT,IN_APPROVAL_REJECTED_CONTENT,IN_APPROVAL_FILE_PATH,COMPANY_NUM) values (69,5,3,to_date('25/02/19','RR/MM/DD'),'REJECTED','<p>Approval request for project A</p>',null,null,1);
Insert into GRPWR_IN_APPROVAL (IN_APPROVAL_ID,DOCUMENT_ID,EMPLOYEE_NUM,IN_APPROVAL_REQUEST_DATE,IN_APPROVAL_STATUS,IN_APPROVAL_REQUEST_CONTENT,IN_APPROVAL_REJECTED_CONTENT,IN_APPROVAL_FILE_PATH,COMPANY_NUM) values (70,5,3,to_date('25/02/19','RR/MM/DD'),'REJECTED','<p>Approval request for project A</p>',null,null,1);
Insert into GRPWR_IN_APPROVAL (IN_APPROVAL_ID,DOCUMENT_ID,EMPLOYEE_NUM,IN_APPROVAL_REQUEST_DATE,IN_APPROVAL_STATUS,IN_APPROVAL_REQUEST_CONTENT,IN_APPROVAL_REJECTED_CONTENT,IN_APPROVAL_FILE_PATH,COMPANY_NUM) values (71,5,3,to_date('25/02/19','RR/MM/DD'),'REJECTED','<p>Approval request for project A</p>',null,null,1);
Insert into GRPWR_IN_APPROVAL (IN_APPROVAL_ID,DOCUMENT_ID,EMPLOYEE_NUM,IN_APPROVAL_REQUEST_DATE,IN_APPROVAL_STATUS,IN_APPROVAL_REQUEST_CONTENT,IN_APPROVAL_REJECTED_CONTENT,IN_APPROVAL_FILE_PATH,COMPANY_NUM) values (72,5,3,to_date('25/02/19','RR/MM/DD'),'REJECTED','<p>Approval request for project A</p>',null,null,1);
Insert into GRPWR_IN_APPROVAL (IN_APPROVAL_ID,DOCUMENT_ID,EMPLOYEE_NUM,IN_APPROVAL_REQUEST_DATE,IN_APPROVAL_STATUS,IN_APPROVAL_REQUEST_CONTENT,IN_APPROVAL_REJECTED_CONTENT,IN_APPROVAL_FILE_PATH,COMPANY_NUM) values (73,5,3,to_date('25/02/19','RR/MM/DD'),'REJECTED','<p>Approval request for project A</p>',null,null,1);
Insert into GRPWR_IN_APPROVAL (IN_APPROVAL_ID,DOCUMENT_ID,EMPLOYEE_NUM,IN_APPROVAL_REQUEST_DATE,IN_APPROVAL_STATUS,IN_APPROVAL_REQUEST_CONTENT,IN_APPROVAL_REJECTED_CONTENT,IN_APPROVAL_FILE_PATH,COMPANY_NUM) values (74,5,3,to_date('25/02/19','RR/MM/DD'),'REJECTED','<p>Approval request for project A</p>',null,null,1);
Insert into GRPWR_IN_APPROVAL (IN_APPROVAL_ID,DOCUMENT_ID,EMPLOYEE_NUM,IN_APPROVAL_REQUEST_DATE,IN_APPROVAL_STATUS,IN_APPROVAL_REQUEST_CONTENT,IN_APPROVAL_REJECTED_CONTENT,IN_APPROVAL_FILE_PATH,COMPANY_NUM) values (75,5,3,to_date('25/02/19','RR/MM/DD'),'REJECTED','<p>Approval request for project A</p>',null,null,1);
Insert into GRPWR_IN_APPROVAL (IN_APPROVAL_ID,DOCUMENT_ID,EMPLOYEE_NUM,IN_APPROVAL_REQUEST_DATE,IN_APPROVAL_STATUS,IN_APPROVAL_REQUEST_CONTENT,IN_APPROVAL_REJECTED_CONTENT,IN_APPROVAL_FILE_PATH,COMPANY_NUM) values (76,5,3,to_date('25/02/19','RR/MM/DD'),'REJECTED','<p>Approval request for project A</p>',null,null,1);
Insert into GRPWR_IN_APPROVAL (IN_APPROVAL_ID,DOCUMENT_ID,EMPLOYEE_NUM,IN_APPROVAL_REQUEST_DATE,IN_APPROVAL_STATUS,IN_APPROVAL_REQUEST_CONTENT,IN_APPROVAL_REJECTED_CONTENT,IN_APPROVAL_FILE_PATH,COMPANY_NUM) values (77,5,3,to_date('25/02/19','RR/MM/DD'),'REJECTED','<p>Approval request for project A</p>',null,null,1);
Insert into GRPWR_IN_APPROVAL (IN_APPROVAL_ID,DOCUMENT_ID,EMPLOYEE_NUM,IN_APPROVAL_REQUEST_DATE,IN_APPROVAL_STATUS,IN_APPROVAL_REQUEST_CONTENT,IN_APPROVAL_REJECTED_CONTENT,IN_APPROVAL_FILE_PATH,COMPANY_NUM) values (78,5,3,to_date('25/02/19','RR/MM/DD'),'REJECTED','<p>Approval request for project A</p>',null,null,1);
Insert into GRPWR_IN_APPROVAL (IN_APPROVAL_ID,DOCUMENT_ID,EMPLOYEE_NUM,IN_APPROVAL_REQUEST_DATE,IN_APPROVAL_STATUS,IN_APPROVAL_REQUEST_CONTENT,IN_APPROVAL_REJECTED_CONTENT,IN_APPROVAL_FILE_PATH,COMPANY_NUM) values (79,5,3,to_date('25/02/19','RR/MM/DD'),'REJECTED','<p>Approval request for project A</p>',null,null,1);
Insert into GRPWR_IN_APPROVAL (IN_APPROVAL_ID,DOCUMENT_ID,EMPLOYEE_NUM,IN_APPROVAL_REQUEST_DATE,IN_APPROVAL_STATUS,IN_APPROVAL_REQUEST_CONTENT,IN_APPROVAL_REJECTED_CONTENT,IN_APPROVAL_FILE_PATH,COMPANY_NUM) values (80,5,3,to_date('25/02/19','RR/MM/DD'),'REJECTED','<p>Approval request for project A</p>',null,null,1);
Insert into GRPWR_IN_APPROVAL (IN_APPROVAL_ID,DOCUMENT_ID,EMPLOYEE_NUM,IN_APPROVAL_REQUEST_DATE,IN_APPROVAL_STATUS,IN_APPROVAL_REQUEST_CONTENT,IN_APPROVAL_REJECTED_CONTENT,IN_APPROVAL_FILE_PATH,COMPANY_NUM) values (81,5,3,to_date('25/02/19','RR/MM/DD'),'REJECTED','<p>Approval request for project A</p>',null,null,1);
Insert into GRPWR_IN_APPROVAL (IN_APPROVAL_ID,DOCUMENT_ID,EMPLOYEE_NUM,IN_APPROVAL_REQUEST_DATE,IN_APPROVAL_STATUS,IN_APPROVAL_REQUEST_CONTENT,IN_APPROVAL_REJECTED_CONTENT,IN_APPROVAL_FILE_PATH,COMPANY_NUM) values (82,5,3,to_date('25/02/19','RR/MM/DD'),'REJECTED','<p>Approval request for project A</p>',null,null,1);
Insert into GRPWR_IN_APPROVAL (IN_APPROVAL_ID,DOCUMENT_ID,EMPLOYEE_NUM,IN_APPROVAL_REQUEST_DATE,IN_APPROVAL_STATUS,IN_APPROVAL_REQUEST_CONTENT,IN_APPROVAL_REJECTED_CONTENT,IN_APPROVAL_FILE_PATH,COMPANY_NUM) values (83,5,3,to_date('25/02/19','RR/MM/DD'),'REJECTED','<p>Approval request for project A</p>',null,null,1);
Insert into GRPWR_IN_APPROVAL (IN_APPROVAL_ID,DOCUMENT_ID,EMPLOYEE_NUM,IN_APPROVAL_REQUEST_DATE,IN_APPROVAL_STATUS,IN_APPROVAL_REQUEST_CONTENT,IN_APPROVAL_REJECTED_CONTENT,IN_APPROVAL_FILE_PATH,COMPANY_NUM) values (84,5,3,to_date('25/02/19','RR/MM/DD'),'REJECTED','<p>Approval request for project A</p>',null,null,1);
Insert into GRPWR_IN_APPROVAL (IN_APPROVAL_ID,DOCUMENT_ID,EMPLOYEE_NUM,IN_APPROVAL_REQUEST_DATE,IN_APPROVAL_STATUS,IN_APPROVAL_REQUEST_CONTENT,IN_APPROVAL_REJECTED_CONTENT,IN_APPROVAL_FILE_PATH,COMPANY_NUM) values (85,5,3,to_date('25/02/19','RR/MM/DD'),'REJECTED','<p>Approval request for project A</p>',null,null,1);
Insert into GRPWR_IN_APPROVAL (IN_APPROVAL_ID,DOCUMENT_ID,EMPLOYEE_NUM,IN_APPROVAL_REQUEST_DATE,IN_APPROVAL_STATUS,IN_APPROVAL_REQUEST_CONTENT,IN_APPROVAL_REJECTED_CONTENT,IN_APPROVAL_FILE_PATH,COMPANY_NUM) values (86,5,3,to_date('25/02/19','RR/MM/DD'),'REJECTED','<p>Approval request for project A</p>',null,null,1);
Insert into GRPWR_IN_APPROVAL (IN_APPROVAL_ID,DOCUMENT_ID,EMPLOYEE_NUM,IN_APPROVAL_REQUEST_DATE,IN_APPROVAL_STATUS,IN_APPROVAL_REQUEST_CONTENT,IN_APPROVAL_REJECTED_CONTENT,IN_APPROVAL_FILE_PATH,COMPANY_NUM) values (87,5,3,to_date('25/02/19','RR/MM/DD'),'REJECTED','<p>Approval request for project A</p>',null,null,1);
Insert into GRPWR_IN_APPROVAL (IN_APPROVAL_ID,DOCUMENT_ID,EMPLOYEE_NUM,IN_APPROVAL_REQUEST_DATE,IN_APPROVAL_STATUS,IN_APPROVAL_REQUEST_CONTENT,IN_APPROVAL_REJECTED_CONTENT,IN_APPROVAL_FILE_PATH,COMPANY_NUM) values (88,5,3,to_date('25/02/19','RR/MM/DD'),'REJECTED','<p>Approval request for project A</p>',null,null,1);
Insert into GRPWR_IN_APPROVAL (IN_APPROVAL_ID,DOCUMENT_ID,EMPLOYEE_NUM,IN_APPROVAL_REQUEST_DATE,IN_APPROVAL_STATUS,IN_APPROVAL_REQUEST_CONTENT,IN_APPROVAL_REJECTED_CONTENT,IN_APPROVAL_FILE_PATH,COMPANY_NUM) values (89,5,3,to_date('25/02/19','RR/MM/DD'),'REJECTED','<p>Approval request for project A</p>',null,null,1);
Insert into GRPWR_IN_APPROVAL (IN_APPROVAL_ID,DOCUMENT_ID,EMPLOYEE_NUM,IN_APPROVAL_REQUEST_DATE,IN_APPROVAL_STATUS,IN_APPROVAL_REQUEST_CONTENT,IN_APPROVAL_REJECTED_CONTENT,IN_APPROVAL_FILE_PATH,COMPANY_NUM) values (90,5,3,to_date('25/02/19','RR/MM/DD'),'REJECTED','<p>Approval request for project A</p>',null,null,1);
Insert into GRPWR_IN_APPROVAL (IN_APPROVAL_ID,DOCUMENT_ID,EMPLOYEE_NUM,IN_APPROVAL_REQUEST_DATE,IN_APPROVAL_STATUS,IN_APPROVAL_REQUEST_CONTENT,IN_APPROVAL_REJECTED_CONTENT,IN_APPROVAL_FILE_PATH,COMPANY_NUM) values (91,5,3,to_date('25/02/19','RR/MM/DD'),'REJECTED','<p>Approval request for project A</p>',null,null,1);
Insert into GRPWR_IN_APPROVAL (IN_APPROVAL_ID,DOCUMENT_ID,EMPLOYEE_NUM,IN_APPROVAL_REQUEST_DATE,IN_APPROVAL_STATUS,IN_APPROVAL_REQUEST_CONTENT,IN_APPROVAL_REJECTED_CONTENT,IN_APPROVAL_FILE_PATH,COMPANY_NUM) values (92,5,3,to_date('25/02/19','RR/MM/DD'),'REJECTED','<p>Approval request for project A</p>',null,null,1);
Insert into GRPWR_IN_APPROVAL (IN_APPROVAL_ID,DOCUMENT_ID,EMPLOYEE_NUM,IN_APPROVAL_REQUEST_DATE,IN_APPROVAL_STATUS,IN_APPROVAL_REQUEST_CONTENT,IN_APPROVAL_REJECTED_CONTENT,IN_APPROVAL_FILE_PATH,COMPANY_NUM) values (93,5,3,to_date('25/02/19','RR/MM/DD'),'REJECTED','<p>Approval request for project A</p>',null,null,1);
Insert into GRPWR_IN_APPROVAL (IN_APPROVAL_ID,DOCUMENT_ID,EMPLOYEE_NUM,IN_APPROVAL_REQUEST_DATE,IN_APPROVAL_STATUS,IN_APPROVAL_REQUEST_CONTENT,IN_APPROVAL_REJECTED_CONTENT,IN_APPROVAL_FILE_PATH,COMPANY_NUM) values (94,5,3,to_date('25/02/19','RR/MM/DD'),'REJECTED','<p>Approval request for project A</p>',null,null,1);
Insert into GRPWR_IN_APPROVAL (IN_APPROVAL_ID,DOCUMENT_ID,EMPLOYEE_NUM,IN_APPROVAL_REQUEST_DATE,IN_APPROVAL_STATUS,IN_APPROVAL_REQUEST_CONTENT,IN_APPROVAL_REJECTED_CONTENT,IN_APPROVAL_FILE_PATH,COMPANY_NUM) values (95,5,3,to_date('25/02/19','RR/MM/DD'),'REJECTED','<p>Approval request for project A</p>',null,null,1);
Insert into GRPWR_IN_APPROVAL (IN_APPROVAL_ID,DOCUMENT_ID,EMPLOYEE_NUM,IN_APPROVAL_REQUEST_DATE,IN_APPROVAL_STATUS,IN_APPROVAL_REQUEST_CONTENT,IN_APPROVAL_REJECTED_CONTENT,IN_APPROVAL_FILE_PATH,COMPANY_NUM) values (96,5,3,to_date('25/02/19','RR/MM/DD'),'REJECTED','<p>Approval request for project A</p>',null,null,1);
Insert into GRPWR_IN_APPROVAL (IN_APPROVAL_ID,DOCUMENT_ID,EMPLOYEE_NUM,IN_APPROVAL_REQUEST_DATE,IN_APPROVAL_STATUS,IN_APPROVAL_REQUEST_CONTENT,IN_APPROVAL_REJECTED_CONTENT,IN_APPROVAL_FILE_PATH,COMPANY_NUM) values (97,5,3,to_date('25/02/19','RR/MM/DD'),'REJECTED','<p>Approval request for project A</p>',null,null,1);
Insert into GRPWR_IN_APPROVAL (IN_APPROVAL_ID,DOCUMENT_ID,EMPLOYEE_NUM,IN_APPROVAL_REQUEST_DATE,IN_APPROVAL_STATUS,IN_APPROVAL_REQUEST_CONTENT,IN_APPROVAL_REJECTED_CONTENT,IN_APPROVAL_FILE_PATH,COMPANY_NUM) values (98,5,3,to_date('25/02/19','RR/MM/DD'),'REJECTED','<p>Approval request for project A</p>','{"reason":"test"}',null,1);
Insert into GRPWR_IN_APPROVAL (IN_APPROVAL_ID,DOCUMENT_ID,EMPLOYEE_NUM,IN_APPROVAL_REQUEST_DATE,IN_APPROVAL_STATUS,IN_APPROVAL_REQUEST_CONTENT,IN_APPROVAL_REJECTED_CONTENT,IN_APPROVAL_FILE_PATH,COMPANY_NUM) values (99,5,3,to_date('25/02/19','RR/MM/DD'),'REJECTED','<p>Approval request for project A</p>','string',null,1);
Insert into GRPWR_IN_APPROVAL (IN_APPROVAL_ID,DOCUMENT_ID,EMPLOYEE_NUM,IN_APPROVAL_REQUEST_DATE,IN_APPROVAL_STATUS,IN_APPROVAL_REQUEST_CONTENT,IN_APPROVAL_REJECTED_CONTENT,IN_APPROVAL_FILE_PATH,COMPANY_NUM) values (100,5,3,to_date('25/02/19','RR/MM/DD'),'REJECTED','<p>Approval request for project A</p>','ㅇㅇㅇㅇㅇㅇ',null,1);
Insert into GRPWR_IN_APPROVAL (IN_APPROVAL_ID,DOCUMENT_ID,EMPLOYEE_NUM,IN_APPROVAL_REQUEST_DATE,IN_APPROVAL_STATUS,IN_APPROVAL_REQUEST_CONTENT,IN_APPROVAL_REJECTED_CONTENT,IN_APPROVAL_FILE_PATH,COMPANY_NUM) values (101,5,3,to_date('25/02/19','RR/MM/DD'),'REJECTED','<p>Approval request for project A</p>','ㄹㄹㄹㄹㄹ',null,1);
Insert into GRPWR_IN_APPROVAL (IN_APPROVAL_ID,DOCUMENT_ID,EMPLOYEE_NUM,IN_APPROVAL_REQUEST_DATE,IN_APPROVAL_STATUS,IN_APPROVAL_REQUEST_CONTENT,IN_APPROVAL_REJECTED_CONTENT,IN_APPROVAL_FILE_PATH,COMPANY_NUM) values (102,5,3,to_date('25/02/19','RR/MM/DD'),'REJECTED','<p>Approval request for project A</p>','ㄷㄷㄷㄷㄷㄷㄷ',null,1);
Insert into GRPWR_IN_APPROVAL (IN_APPROVAL_ID,DOCUMENT_ID,EMPLOYEE_NUM,IN_APPROVAL_REQUEST_DATE,IN_APPROVAL_STATUS,IN_APPROVAL_REQUEST_CONTENT,IN_APPROVAL_REJECTED_CONTENT,IN_APPROVAL_FILE_PATH,COMPANY_NUM) values (103,5,3,to_date('25/02/19','RR/MM/DD'),'REJECTED','<p>Approval request for project A</p>','ㄱ',null,1);
Insert into GRPWR_IN_APPROVAL (IN_APPROVAL_ID,DOCUMENT_ID,EMPLOYEE_NUM,IN_APPROVAL_REQUEST_DATE,IN_APPROVAL_STATUS,IN_APPROVAL_REQUEST_CONTENT,IN_APPROVAL_REJECTED_CONTENT,IN_APPROVAL_FILE_PATH,COMPANY_NUM) values (104,5,3,to_date('25/02/19','RR/MM/DD'),'REJECTED','<p>Approval request for project A</p>','ㄱㄱㄱ',null,1);
Insert into GRPWR_IN_APPROVAL (IN_APPROVAL_ID,DOCUMENT_ID,EMPLOYEE_NUM,IN_APPROVAL_REQUEST_DATE,IN_APPROVAL_STATUS,IN_APPROVAL_REQUEST_CONTENT,IN_APPROVAL_REJECTED_CONTENT,IN_APPROVAL_FILE_PATH,COMPANY_NUM) values (105,5,3,to_date('25/02/19','RR/MM/DD'),'REJECTED','<p>Approval request for project A</p>','[object Object]',null,1);
Insert into GRPWR_IN_APPROVAL (IN_APPROVAL_ID,DOCUMENT_ID,EMPLOYEE_NUM,IN_APPROVAL_REQUEST_DATE,IN_APPROVAL_STATUS,IN_APPROVAL_REQUEST_CONTENT,IN_APPROVAL_REJECTED_CONTENT,IN_APPROVAL_FILE_PATH,COMPANY_NUM) values (106,5,3,to_date('25/02/19','RR/MM/DD'),'APPROVED','<p>Approval request for project A</p>',null,null,1);
Insert into GRPWR_IN_APPROVAL (IN_APPROVAL_ID,DOCUMENT_ID,EMPLOYEE_NUM,IN_APPROVAL_REQUEST_DATE,IN_APPROVAL_STATUS,IN_APPROVAL_REQUEST_CONTENT,IN_APPROVAL_REJECTED_CONTENT,IN_APPROVAL_FILE_PATH,COMPANY_NUM) values (107,5,3,to_date('25/02/19','RR/MM/DD'),'REJECTED','<p>Approval request for project A</p>','[object Object]',null,1);
Insert into GRPWR_IN_APPROVAL (IN_APPROVAL_ID,DOCUMENT_ID,EMPLOYEE_NUM,IN_APPROVAL_REQUEST_DATE,IN_APPROVAL_STATUS,IN_APPROVAL_REQUEST_CONTENT,IN_APPROVAL_REJECTED_CONTENT,IN_APPROVAL_FILE_PATH,COMPANY_NUM) values (108,5,3,to_date('25/02/19','RR/MM/DD'),'REJECTED','<p>Approval request for project A</p>','ㄷㄷㄷ',null,1);
Insert into GRPWR_IN_APPROVAL (IN_APPROVAL_ID,DOCUMENT_ID,EMPLOYEE_NUM,IN_APPROVAL_REQUEST_DATE,IN_APPROVAL_STATUS,IN_APPROVAL_REQUEST_CONTENT,IN_APPROVAL_REJECTED_CONTENT,IN_APPROVAL_FILE_PATH,COMPANY_NUM) values (109,5,3,to_date('25/02/19','RR/MM/DD'),'APPROVED','<p>Approval request for project A</p>',null,null,1);
Insert into GRPWR_IN_APPROVAL (IN_APPROVAL_ID,DOCUMENT_ID,EMPLOYEE_NUM,IN_APPROVAL_REQUEST_DATE,IN_APPROVAL_STATUS,IN_APPROVAL_REQUEST_CONTENT,IN_APPROVAL_REJECTED_CONTENT,IN_APPROVAL_FILE_PATH,COMPANY_NUM) values (110,5,3,to_date('25/02/19','RR/MM/DD'),'REJECTED','<p>Approval request for project A</p>','[object Object]',null,1);
Insert into GRPWR_IN_APPROVAL (IN_APPROVAL_ID,DOCUMENT_ID,EMPLOYEE_NUM,IN_APPROVAL_REQUEST_DATE,IN_APPROVAL_STATUS,IN_APPROVAL_REQUEST_CONTENT,IN_APPROVAL_REJECTED_CONTENT,IN_APPROVAL_FILE_PATH,COMPANY_NUM) values (111,5,3,to_date('25/02/19','RR/MM/DD'),'REJECTED','<p>Approval request for project A</p>','[object Object]',null,1);
Insert into GRPWR_IN_APPROVAL (IN_APPROVAL_ID,DOCUMENT_ID,EMPLOYEE_NUM,IN_APPROVAL_REQUEST_DATE,IN_APPROVAL_STATUS,IN_APPROVAL_REQUEST_CONTENT,IN_APPROVAL_REJECTED_CONTENT,IN_APPROVAL_FILE_PATH,COMPANY_NUM) values (112,5,3,to_date('25/02/20','RR/MM/DD'),'REJECTED','<p>Approval request for project A</p>','[object Object]',null,1);
Insert into GRPWR_IN_APPROVAL (IN_APPROVAL_ID,DOCUMENT_ID,EMPLOYEE_NUM,IN_APPROVAL_REQUEST_DATE,IN_APPROVAL_STATUS,IN_APPROVAL_REQUEST_CONTENT,IN_APPROVAL_REJECTED_CONTENT,IN_APPROVAL_FILE_PATH,COMPANY_NUM) values (113,5,3,to_date('25/02/20','RR/MM/DD'),'REJECTED','<p>Approval request for project A</p>','reason',null,1);
Insert into GRPWR_IN_APPROVAL (IN_APPROVAL_ID,DOCUMENT_ID,EMPLOYEE_NUM,IN_APPROVAL_REQUEST_DATE,IN_APPROVAL_STATUS,IN_APPROVAL_REQUEST_CONTENT,IN_APPROVAL_REJECTED_CONTENT,IN_APPROVAL_FILE_PATH,COMPANY_NUM) values (114,5,3,to_date('25/02/20','RR/MM/DD'),'APPROVED','<p>Approval request for project A</p>',null,null,1);
Insert into GRPWR_IN_APPROVAL (IN_APPROVAL_ID,DOCUMENT_ID,EMPLOYEE_NUM,IN_APPROVAL_REQUEST_DATE,IN_APPROVAL_STATUS,IN_APPROVAL_REQUEST_CONTENT,IN_APPROVAL_REJECTED_CONTENT,IN_APPROVAL_FILE_PATH,COMPANY_NUM) values (115,5,3,to_date('25/02/20','RR/MM/DD'),'APPROVED','<p>Approval request for project A</p>',null,null,1);
Insert into GRPWR_IN_APPROVAL (IN_APPROVAL_ID,DOCUMENT_ID,EMPLOYEE_NUM,IN_APPROVAL_REQUEST_DATE,IN_APPROVAL_STATUS,IN_APPROVAL_REQUEST_CONTENT,IN_APPROVAL_REJECTED_CONTENT,IN_APPROVAL_FILE_PATH,COMPANY_NUM) values (116,5,3,to_date('25/02/20','RR/MM/DD'),'APPROVED','<p>Approval request for project A</p>',null,null,1);
Insert into GRPWR_IN_APPROVAL (IN_APPROVAL_ID,DOCUMENT_ID,EMPLOYEE_NUM,IN_APPROVAL_REQUEST_DATE,IN_APPROVAL_STATUS,IN_APPROVAL_REQUEST_CONTENT,IN_APPROVAL_REJECTED_CONTENT,IN_APPROVAL_FILE_PATH,COMPANY_NUM) values (117,5,3,to_date('25/02/20','RR/MM/DD'),'APPROVED','<p>Approval request for project A</p>',null,null,1);
Insert into GRPWR_IN_APPROVAL (IN_APPROVAL_ID,DOCUMENT_ID,EMPLOYEE_NUM,IN_APPROVAL_REQUEST_DATE,IN_APPROVAL_STATUS,IN_APPROVAL_REQUEST_CONTENT,IN_APPROVAL_REJECTED_CONTENT,IN_APPROVAL_FILE_PATH,COMPANY_NUM) values (118,5,3,to_date('25/02/20','RR/MM/DD'),'REJECTED','<p>Approval request for project A</p>',null,null,1);
Insert into GRPWR_IN_APPROVAL (IN_APPROVAL_ID,DOCUMENT_ID,EMPLOYEE_NUM,IN_APPROVAL_REQUEST_DATE,IN_APPROVAL_STATUS,IN_APPROVAL_REQUEST_CONTENT,IN_APPROVAL_REJECTED_CONTENT,IN_APPROVAL_FILE_PATH,COMPANY_NUM) values (119,5,3,to_date('25/02/20','RR/MM/DD'),'REJECTED','<p>Approval request for project A</p>','교교굑쇼ㅛ',null,1);
Insert into GRPWR_IN_APPROVAL (IN_APPROVAL_ID,DOCUMENT_ID,EMPLOYEE_NUM,IN_APPROVAL_REQUEST_DATE,IN_APPROVAL_STATUS,IN_APPROVAL_REQUEST_CONTENT,IN_APPROVAL_REJECTED_CONTENT,IN_APPROVAL_FILE_PATH,COMPANY_NUM) values (120,5,3,to_date('25/02/20','RR/MM/DD'),'APPROVED','<p>Approval request for project A</p>',null,null,1);
Insert into GRPWR_IN_APPROVAL (IN_APPROVAL_ID,DOCUMENT_ID,EMPLOYEE_NUM,IN_APPROVAL_REQUEST_DATE,IN_APPROVAL_STATUS,IN_APPROVAL_REQUEST_CONTENT,IN_APPROVAL_REJECTED_CONTENT,IN_APPROVAL_FILE_PATH,COMPANY_NUM) values (121,5,3,to_date('25/02/20','RR/MM/DD'),'APPROVED','<p>Approval request for project A</p>',null,null,1);
Insert into GRPWR_IN_APPROVAL (IN_APPROVAL_ID,DOCUMENT_ID,EMPLOYEE_NUM,IN_APPROVAL_REQUEST_DATE,IN_APPROVAL_STATUS,IN_APPROVAL_REQUEST_CONTENT,IN_APPROVAL_REJECTED_CONTENT,IN_APPROVAL_FILE_PATH,COMPANY_NUM) values (122,5,3,to_date('25/02/20','RR/MM/DD'),'REJECTED','<p>Approval request for project A</p>','gggg',null,1);
Insert into GRPWR_IN_APPROVAL (IN_APPROVAL_ID,DOCUMENT_ID,EMPLOYEE_NUM,IN_APPROVAL_REQUEST_DATE,IN_APPROVAL_STATUS,IN_APPROVAL_REQUEST_CONTENT,IN_APPROVAL_REJECTED_CONTENT,IN_APPROVAL_FILE_PATH,COMPANY_NUM) values (123,5,3,to_date('25/02/20','RR/MM/DD'),'APPROVED','<p>Approval request for project A</p>',null,null,1);
Insert into GRPWR_IN_APPROVAL (IN_APPROVAL_ID,DOCUMENT_ID,EMPLOYEE_NUM,IN_APPROVAL_REQUEST_DATE,IN_APPROVAL_STATUS,IN_APPROVAL_REQUEST_CONTENT,IN_APPROVAL_REJECTED_CONTENT,IN_APPROVAL_FILE_PATH,COMPANY_NUM) values (124,5,3,to_date('25/02/20','RR/MM/DD'),'REJECTED','<p>Approval request for project A</p>','ㅇㅇㅇㅇㅇㅇ',null,1);
Insert into GRPWR_IN_APPROVAL (IN_APPROVAL_ID,DOCUMENT_ID,EMPLOYEE_NUM,IN_APPROVAL_REQUEST_DATE,IN_APPROVAL_STATUS,IN_APPROVAL_REQUEST_CONTENT,IN_APPROVAL_REJECTED_CONTENT,IN_APPROVAL_FILE_PATH,COMPANY_NUM) values (125,5,3,to_date('25/02/20','RR/MM/DD'),'WAITING','<p>Approval request for project A</p>',null,null,1);
Insert into GRPWR_IN_APPROVAL (IN_APPROVAL_ID,DOCUMENT_ID,EMPLOYEE_NUM,IN_APPROVAL_REQUEST_DATE,IN_APPROVAL_STATUS,IN_APPROVAL_REQUEST_CONTENT,IN_APPROVAL_REJECTED_CONTENT,IN_APPROVAL_FILE_PATH,COMPANY_NUM) values (126,5,3,to_date('25/02/20','RR/MM/DD'),'WAITING','<p>Approval request for project A</p>',null,null,1);
Insert into GRPWR_IN_APPROVAL (IN_APPROVAL_ID,DOCUMENT_ID,EMPLOYEE_NUM,IN_APPROVAL_REQUEST_DATE,IN_APPROVAL_STATUS,IN_APPROVAL_REQUEST_CONTENT,IN_APPROVAL_REJECTED_CONTENT,IN_APPROVAL_FILE_PATH,COMPANY_NUM) values (127,5,3,to_date('25/02/20','RR/MM/DD'),'WAITING','<p>Approval request for project A</p>',null,null,1);
Insert into GRPWR_IN_APPROVAL (IN_APPROVAL_ID,DOCUMENT_ID,EMPLOYEE_NUM,IN_APPROVAL_REQUEST_DATE,IN_APPROVAL_STATUS,IN_APPROVAL_REQUEST_CONTENT,IN_APPROVAL_REJECTED_CONTENT,IN_APPROVAL_FILE_PATH,COMPANY_NUM) values (128,5,3,to_date('25/02/20','RR/MM/DD'),'WAITING','<p>Approval request for project A</p>',null,null,1);
Insert into GRPWR_IN_APPROVAL (IN_APPROVAL_ID,DOCUMENT_ID,EMPLOYEE_NUM,IN_APPROVAL_REQUEST_DATE,IN_APPROVAL_STATUS,IN_APPROVAL_REQUEST_CONTENT,IN_APPROVAL_REJECTED_CONTENT,IN_APPROVAL_FILE_PATH,COMPANY_NUM) values (129,5,3,to_date('25/02/20','RR/MM/DD'),'WAITING','<p>Approval request for project A</p>',null,null,1);
Insert into GRPWR_IN_APPROVAL (IN_APPROVAL_ID,DOCUMENT_ID,EMPLOYEE_NUM,IN_APPROVAL_REQUEST_DATE,IN_APPROVAL_STATUS,IN_APPROVAL_REQUEST_CONTENT,IN_APPROVAL_REJECTED_CONTENT,IN_APPROVAL_FILE_PATH,COMPANY_NUM) values (130,5,3,to_date('25/02/20','RR/MM/DD'),'APPROVED','<p>Approval request for project A</p>',null,null,1);
Insert into GRPWR_IN_APPROVAL (IN_APPROVAL_ID,DOCUMENT_ID,EMPLOYEE_NUM,IN_APPROVAL_REQUEST_DATE,IN_APPROVAL_STATUS,IN_APPROVAL_REQUEST_CONTENT,IN_APPROVAL_REJECTED_CONTENT,IN_APPROVAL_FILE_PATH,COMPANY_NUM) values (1,2,1,to_date('25/02/13','RR/MM/DD'),'APPROVED','<p>Approval request for project A</p>',null,null,1);
Insert into GRPWR_IN_APPROVAL (IN_APPROVAL_ID,DOCUMENT_ID,EMPLOYEE_NUM,IN_APPROVAL_REQUEST_DATE,IN_APPROVAL_STATUS,IN_APPROVAL_REQUEST_CONTENT,IN_APPROVAL_REJECTED_CONTENT,IN_APPROVAL_FILE_PATH,COMPANY_NUM) values (2,2,1,to_date('25/02/13','RR/MM/DD'),'APPROVED','<p>Approval request for project A</p>',null,null,1);
Insert into GRPWR_IN_APPROVAL (IN_APPROVAL_ID,DOCUMENT_ID,EMPLOYEE_NUM,IN_APPROVAL_REQUEST_DATE,IN_APPROVAL_STATUS,IN_APPROVAL_REQUEST_CONTENT,IN_APPROVAL_REJECTED_CONTENT,IN_APPROVAL_FILE_PATH,COMPANY_NUM) values (3,2,1,to_date('25/02/12','RR/MM/DD'),'APPROVED','<p>Approval request for budget review</p>',null,null,1);
Insert into GRPWR_IN_APPROVAL (IN_APPROVAL_ID,DOCUMENT_ID,EMPLOYEE_NUM,IN_APPROVAL_REQUEST_DATE,IN_APPROVAL_STATUS,IN_APPROVAL_REQUEST_CONTENT,IN_APPROVAL_REJECTED_CONTENT,IN_APPROVAL_FILE_PATH,COMPANY_NUM) values (4,2,1,to_date('25/02/11','RR/MM/DD'),'REJECTED','<p>Request for software license purchase</p>','Insufficient budget','/rejected_docs/license_rejection.pdf',1);
Insert into GRPWR_IN_APPROVAL (IN_APPROVAL_ID,DOCUMENT_ID,EMPLOYEE_NUM,IN_APPROVAL_REQUEST_DATE,IN_APPROVAL_STATUS,IN_APPROVAL_REQUEST_CONTENT,IN_APPROVAL_REJECTED_CONTENT,IN_APPROVAL_FILE_PATH,COMPANY_NUM) values (5,2,1,to_date('25/02/10','RR/MM/DD'),'APPROVED','<p>Approval request for team outing</p>',null,null,1);
Insert into GRPWR_IN_APPROVAL (IN_APPROVAL_ID,DOCUMENT_ID,EMPLOYEE_NUM,IN_APPROVAL_REQUEST_DATE,IN_APPROVAL_STATUS,IN_APPROVAL_REQUEST_CONTENT,IN_APPROVAL_REJECTED_CONTENT,IN_APPROVAL_FILE_PATH,COMPANY_NUM) values (6,2,1,to_date('25/02/09','RR/MM/DD'),'APPROVED','<p>Approval request for hiring new developer</p>',null,null,1);
Insert into GRPWR_IN_APPROVAL (IN_APPROVAL_ID,DOCUMENT_ID,EMPLOYEE_NUM,IN_APPROVAL_REQUEST_DATE,IN_APPROVAL_STATUS,IN_APPROVAL_REQUEST_CONTENT,IN_APPROVAL_REJECTED_CONTENT,IN_APPROVAL_FILE_PATH,COMPANY_NUM) values (131,5,3,to_date('25/02/20','RR/MM/DD'),'APPROVED','<p>Approval request for project A</p>',null,null,1);
Insert into GRPWR_IN_APPROVAL (IN_APPROVAL_ID,DOCUMENT_ID,EMPLOYEE_NUM,IN_APPROVAL_REQUEST_DATE,IN_APPROVAL_STATUS,IN_APPROVAL_REQUEST_CONTENT,IN_APPROVAL_REJECTED_CONTENT,IN_APPROVAL_FILE_PATH,COMPANY_NUM) values (132,5,3,to_date('25/02/20','RR/MM/DD'),'WAITING','<p>Approval request for project A</p>',null,null,1);
Insert into GRPWR_IN_APPROVAL (IN_APPROVAL_ID,DOCUMENT_ID,EMPLOYEE_NUM,IN_APPROVAL_REQUEST_DATE,IN_APPROVAL_STATUS,IN_APPROVAL_REQUEST_CONTENT,IN_APPROVAL_REJECTED_CONTENT,IN_APPROVAL_FILE_PATH,COMPANY_NUM) values (154,36,1,to_date('25/02/24','RR/MM/DD'),'REJECTED','<h1>testtest</h1><table><thead><tr><th><p>ㅇㅇㅇㅇㅇㅇㅇㅇㅇㅇㅇㅇㅇㅇㅇ</p></th><th><p>ㅇㅇㅇㅇㅇㅇㅇㅇㅇㅇㅇㅇㅇㅇㅇㅇㅇㅇㅇㅇㅇㅇㅇㅇㅇㅇㅇㅇㅇㅇㅇㅇㅇㅇㅇㅇㅇㅇㅇㅇㅇㅇ</p></th></tr></thead><tbody><tr><td><p><br></p></td><td><p><br></p></td></tr></tbody></table><div contenteditable="false"><hr></div><h3>📌 요청 내용</h3><p>근태 수정 요청 사유를 작성해 주세요.</p><div data-language="text" class="toastui-editor-ww-code-block"><pre><code>[사유 입력]</code></pre></div><div contenteditable="false"><hr></div><p><strong>📅 작성일:</strong> [YYYY-MM-DD]</p>','!!!!!',null,1);
Insert into GRPWR_IN_APPROVAL (IN_APPROVAL_ID,DOCUMENT_ID,EMPLOYEE_NUM,IN_APPROVAL_REQUEST_DATE,IN_APPROVAL_STATUS,IN_APPROVAL_REQUEST_CONTENT,IN_APPROVAL_REJECTED_CONTENT,IN_APPROVAL_FILE_PATH,COMPANY_NUM) values (155,36,1,to_date('25/02/24','RR/MM/DD'),'WAITING','<h1>testtest</h1><table><thead><tr><th><p>ㅇㅇㅇㅇㅇㅇㅇㅇㅇㅇㅇㅇㅇㅇㅇ</p></th><th><p>ㅇㅇㅇㅇㅇㅇㅇㅇㅇㅇㅇㅇㅇㅇㅇㅇㅇㅇㅇㅇㅇㅇㅇㅇㅇㅇㅇㅇㅇㅇㅇㅇㅇㅇㅇㅇㅇㅇㅇㅇㅇㅇ</p></th></tr></thead><tbody><tr><td><p><br></p></td><td><p><br></p></td></tr></tbody></table><div contenteditable="false"><hr></div><h3>📌 요청 내용</h3><p>근태 수정 요청 사유를 작성해 주세요.</p><div data-language="text" class="toastui-editor-ww-code-block"><pre><code>[사유 입력]</code></pre></div><div contenteditable="false"><hr></div><p><strong>📅 작성일:</strong> [YYYY-MM-DD]</p>',null,null,1);
Insert into GRPWR_IN_APPROVAL (IN_APPROVAL_ID,DOCUMENT_ID,EMPLOYEE_NUM,IN_APPROVAL_REQUEST_DATE,IN_APPROVAL_STATUS,IN_APPROVAL_REQUEST_CONTENT,IN_APPROVAL_REJECTED_CONTENT,IN_APPROVAL_FILE_PATH,COMPANY_NUM) values (156,36,1,to_date('25/02/24','RR/MM/DD'),'APPROVED','<h1>testtest</h1><table><thead><tr><th><p>ㅇㅇㅇㅇㅇㅇㅇㅇㅇㅇㅇㅇㅇㅇㅇ</p></th><th><p>ㅇㅇㅇㅇㅇㅇㅇㅇㅇㅇㅇㅇㅇㅇㅇㅇㅇㅇㅇㅇㅇㅇㅇㅇㅇㅇㅇㅇㅇㅇㅇㅇㅇㅇㅇㅇㅇㅇㅇㅇㅇㅇ</p></th></tr></thead><tbody><tr><td><p><br></p></td><td><p><br></p></td></tr></tbody></table><div contenteditable="false"><hr></div><h3>📌 요청 내용</h3><p>근태 수정 요청 사유를 작성해 주세요.</p><div data-language="text" class="toastui-editor-ww-code-block"><pre><code>[사유 입력]</code></pre></div><div contenteditable="false"><hr></div><p><strong>📅 작성일:</strong> [YYYY-MM-DD]</p>',null,null,1);
Insert into GRPWR_IN_APPROVAL (IN_APPROVAL_ID,DOCUMENT_ID,EMPLOYEE_NUM,IN_APPROVAL_REQUEST_DATE,IN_APPROVAL_STATUS,IN_APPROVAL_REQUEST_CONTENT,IN_APPROVAL_REJECTED_CONTENT,IN_APPROVAL_FILE_PATH,COMPANY_NUM) values (157,36,1,to_date('25/02/24','RR/MM/DD'),'WAITING','<h1>testtest</h1><table><thead><tr><th><p>ㅇㅇㅇㅇㅇㅇㅇㅇㅇㅇㅇㅇㅇㅇㅇ</p></th><th><p>ㅇㅇㅇㅇㅇㅇㅇㅇㅇㅇㅇㅇㅇㅇㅇㅇㅇㅇㅇㅇㅇㅇㅇㅇㅇㅇㅇㅇㅇㅇㅇㅇㅇㅇㅇㅇㅇㅇㅇㅇㅇㅇ</p></th></tr></thead><tbody><tr><td><p><br></p></td><td><p><br></p></td></tr></tbody></table><div contenteditable="false"><hr></div><h3>📌 요청 내용</h3><p>근태 수정 요청 사유를 작성해 주세요.</p><div data-language="text" class="toastui-editor-ww-code-block"><pre><code>[사유 입력]</code></pre></div><div contenteditable="false"><hr></div><p><strong>📅 작성일:</strong> [YYYY-MM-DD]</p>',null,null,1);
Insert into GRPWR_IN_APPROVAL (IN_APPROVAL_ID,DOCUMENT_ID,EMPLOYEE_NUM,IN_APPROVAL_REQUEST_DATE,IN_APPROVAL_STATUS,IN_APPROVAL_REQUEST_CONTENT,IN_APPROVAL_REJECTED_CONTENT,IN_APPROVAL_FILE_PATH,COMPANY_NUM) values (165,34,1,to_date('25/02/24','RR/MM/DD'),'WAITING','<h1>test</h1><table><thead><tr><th><p>sfs</p></th><th><p>sfs</p></th></tr></thead><tbody><tr><td><p>fsdf s</p></td><td><p>fsfsfsf</p></td></tr></tbody></table>',null,null,1);
Insert into GRPWR_IN_APPROVAL (IN_APPROVAL_ID,DOCUMENT_ID,EMPLOYEE_NUM,IN_APPROVAL_REQUEST_DATE,IN_APPROVAL_STATUS,IN_APPROVAL_REQUEST_CONTENT,IN_APPROVAL_REJECTED_CONTENT,IN_APPROVAL_FILE_PATH,COMPANY_NUM) values (166,34,1,to_date('25/02/24','RR/MM/DD'),'WAITING','<h1>test</h1><table><thead><tr><th><p>sfs</p></th><th><p>sfs</p></th></tr></thead><tbody><tr><td><p>fsdf s</p></td><td><p>fsfsfsf</p></td></tr></tbody></table>',null,null,1);
Insert into GRPWR_IN_APPROVAL (IN_APPROVAL_ID,DOCUMENT_ID,EMPLOYEE_NUM,IN_APPROVAL_REQUEST_DATE,IN_APPROVAL_STATUS,IN_APPROVAL_REQUEST_CONTENT,IN_APPROVAL_REJECTED_CONTENT,IN_APPROVAL_FILE_PATH,COMPANY_NUM) values (173,42,1,to_date('25/02/24','RR/MM/DD'),'WAITING','<h1>비품처리요청서</h1><table><thead><tr><th><p><br></p></th><th><p>번호</p></th><th><p>항목</p></th><th><p><br></p></th></tr></thead><tbody><tr><td><p><br></p></td><td><p>1</p></td><td><p><strong>사원번호</strong></p></td><td><p>11111</p></td></tr><tr><td><p><br></p></td><td><p>2</p></td><td><p><strong>사원명</strong></p></td><td><p>2222</p></td></tr><tr><td><p><br></p></td><td><p>3</p></td><td><p><strong>부서</strong></p></td><td><p>[부서 입력]</p></td></tr><tr><td><p><br></p></td><td><p>4</p></td><td><p><strong>수정 요청일</strong></p></td><td><p>[YYYY-MM-DD]</p></td></tr><tr><td><p><br></p></td><td><p>5</p></td><td><p><strong>기존 출근 시간</strong></p></td><td><p>[기존 출근 시간 입력]</p></td></tr><tr><td><p><br></p></td><td><p><br></p></td><td><p><strong>기존 퇴근 시간</strong></p></td><td><p>[기존 퇴근 시간 입력]</p></td></tr><tr><td><p><br></p></td><td><p><br></p></td><td><p><strong>실제 출근 시간</strong></p></td><td><p>[실제 출근 시간 입력]</p></td></tr><tr><td><p><br></p></td><td><p><br></p></td><td><p><strong>실제 퇴근 시간</strong></p></td><td><p>[실제 퇴근 시간 입력]</p></td></tr><tr><td><p><br></p></td><td><p><br></p></td><td><p><strong>수정 사유</strong></p></td><td><p>[수정 사유 입력]</p></td></tr></tbody></table><div contenteditable="false"><hr></div><h3>📌 요청 내용</h3><p>근태 수정 요청 사유를 작성해 주세요.</p><div data-language="text" class="toastui-editor-ww-code-block"><pre><code>[사유 입력]</code></pre></div><div contenteditable="false"><hr></div><p><strong>📅 작성일:</strong> [YYYY-MM-DD]</p>',null,null,1);
Insert into GRPWR_IN_APPROVAL (IN_APPROVAL_ID,DOCUMENT_ID,EMPLOYEE_NUM,IN_APPROVAL_REQUEST_DATE,IN_APPROVAL_STATUS,IN_APPROVAL_REQUEST_CONTENT,IN_APPROVAL_REJECTED_CONTENT,IN_APPROVAL_FILE_PATH,COMPANY_NUM) values (174,2,1,to_date('25/02/24','RR/MM/DD'),'WAITING','<h3>구매 요청</h3><p>구매할 항목 상세</p>',null,null,1);
Insert into GRPWR_IN_APPROVAL (IN_APPROVAL_ID,DOCUMENT_ID,EMPLOYEE_NUM,IN_APPROVAL_REQUEST_DATE,IN_APPROVAL_STATUS,IN_APPROVAL_REQUEST_CONTENT,IN_APPROVAL_REJECTED_CONTENT,IN_APPROVAL_FILE_PATH,COMPANY_NUM) values (167,34,1,to_date('25/02/24','RR/MM/DD'),'WAITING','<h1>test</h1><table><thead><tr><th><p>sfs</p></th><th><p>sfs</p></th></tr></thead><tbody><tr><td><p>fsdf s</p></td><td><p>fsfsfsf</p></td></tr></tbody></table>',null,null,1);
Insert into GRPWR_IN_APPROVAL (IN_APPROVAL_ID,DOCUMENT_ID,EMPLOYEE_NUM,IN_APPROVAL_REQUEST_DATE,IN_APPROVAL_STATUS,IN_APPROVAL_REQUEST_CONTENT,IN_APPROVAL_REJECTED_CONTENT,IN_APPROVAL_FILE_PATH,COMPANY_NUM) values (168,34,1,to_date('25/02/24','RR/MM/DD'),'WAITING','<h1>test</h1><table><thead><tr><th><p>sfs</p></th><th><p>sfs</p></th></tr></thead><tbody><tr><td><p>fsdf s</p></td><td><p>fsfsfsf</p></td></tr></tbody></table>',null,null,1);
Insert into GRPWR_IN_APPROVAL (IN_APPROVAL_ID,DOCUMENT_ID,EMPLOYEE_NUM,IN_APPROVAL_REQUEST_DATE,IN_APPROVAL_STATUS,IN_APPROVAL_REQUEST_CONTENT,IN_APPROVAL_REJECTED_CONTENT,IN_APPROVAL_FILE_PATH,COMPANY_NUM) values (169,34,1,to_date('25/02/24','RR/MM/DD'),'WAITING','<h1>test</h1><table><thead><tr><th><p>sfs</p></th><th><p>sfs</p></th></tr></thead><tbody><tr><td><p>fsdf s</p></td><td><p>fsfsfsf</p></td></tr></tbody></table>',null,null,1);
Insert into GRPWR_IN_APPROVAL (IN_APPROVAL_ID,DOCUMENT_ID,EMPLOYEE_NUM,IN_APPROVAL_REQUEST_DATE,IN_APPROVAL_STATUS,IN_APPROVAL_REQUEST_CONTENT,IN_APPROVAL_REJECTED_CONTENT,IN_APPROVAL_FILE_PATH,COMPANY_NUM) values (170,34,1,to_date('25/02/24','RR/MM/DD'),'WAITING','<h1>test</h1><table><thead><tr><th><p>sfs</p></th><th><p>sfs</p></th></tr></thead><tbody><tr><td><p>fsdf s</p></td><td><p>fsfsfsf</p></td></tr></tbody></table>',null,null,1);
Insert into GRPWR_IN_APPROVAL (IN_APPROVAL_ID,DOCUMENT_ID,EMPLOYEE_NUM,IN_APPROVAL_REQUEST_DATE,IN_APPROVAL_STATUS,IN_APPROVAL_REQUEST_CONTENT,IN_APPROVAL_REJECTED_CONTENT,IN_APPROVAL_FILE_PATH,COMPANY_NUM) values (171,34,1,to_date('25/02/24','RR/MM/DD'),'WAITING','<p>ㅁㅁ</p>',null,null,1);
Insert into GRPWR_IN_APPROVAL (IN_APPROVAL_ID,DOCUMENT_ID,EMPLOYEE_NUM,IN_APPROVAL_REQUEST_DATE,IN_APPROVAL_STATUS,IN_APPROVAL_REQUEST_CONTENT,IN_APPROVAL_REJECTED_CONTENT,IN_APPROVAL_FILE_PATH,COMPANY_NUM) values (172,2,1,to_date('25/02/24','RR/MM/DD'),'WAITING','<table><thead><tr><th><p><br></p><p>sample</p><p><br></p></th><th><p><br></p></th></tr></thead><tbody><tr><td><p>1111</p></td><td><p><br></p></td></tr><tr><td><p><br></p></td><td><p><br></p></td></tr></tbody></table><h3><br></h3><p><br></p><p><br></p><p><br></p>',null,null,1);
Insert into GRPWR_IN_APPROVAL (IN_APPROVAL_ID,DOCUMENT_ID,EMPLOYEE_NUM,IN_APPROVAL_REQUEST_DATE,IN_APPROVAL_STATUS,IN_APPROVAL_REQUEST_CONTENT,IN_APPROVAL_REJECTED_CONTENT,IN_APPROVAL_FILE_PATH,COMPANY_NUM) values (177,42,1,to_date('25/02/24','RR/MM/DD'),'WAITING','<h1>비품처리요청서</h1><table><thead><tr><th><p><br></p></th><th><p>번호</p></th><th><p>항목</p></th><th><p><br></p></th></tr></thead><tbody><tr><td><p><br></p></td><td><p>1</p></td><td><p><strong>사원번호</strong></p></td><td><p>[사원번호 입력]</p></td></tr><tr><td><p><br></p></td><td><p>2</p></td><td><p><strong>사원명</strong></p></td><td><p>[사원명 입력]</p></td></tr><tr><td><p><br></p></td><td><p>3</p></td><td><p><strong>부서</strong></p></td><td><p>[부서 입력]</p></td></tr><tr><td><p><br></p></td><td><p>4</p></td><td><p><strong>수정 요청일</strong></p></td><td><p>[YYYY-MM-DD]</p></td></tr><tr><td><p><br></p></td><td><p>5</p></td><td><p><strong>기존 출근 시간</strong></p></td><td><p>[기존 출근 시간 입력]</p></td></tr><tr><td><p><br></p></td><td><p><br></p></td><td><p><strong>기존 퇴근 시간</strong></p></td><td><p>[기존 퇴근 시간 입력]</p></td></tr><tr><td><p><br></p></td><td><p><br></p></td><td><p><strong>실제 출근 시간</strong></p></td><td><p>[실제 출근 시간 입력]</p></td></tr><tr><td><p><br></p></td><td><p><br></p></td><td><p><strong>실제 퇴근 시간</strong></p></td><td><p>[실제 퇴근 시간 입력]</p></td></tr><tr><td><p><br></p></td><td><p><br></p></td><td><p><strong>수정 사유</strong></p></td><td><p>[수정 사유 입력]</p></td></tr></tbody></table><div contenteditable="false"><hr></div><h3>📌 요청 내용</h3><p>근태 수정 요청 사유를 작성해 주세요.</p><div data-language="text" class="toastui-editor-ww-code-block"><pre><code><br></code></pre></div><p><img src="/file/image/stdr/document/21dd98a5-15dc-41d0-9564-a6221f6ee11c_화면 캡처 2024-11-12 171810.png" alt="이미지 설명" contenteditable="false"><br></p><div contenteditable="false"><hr></div><p><strong>📅 작성일:</strong> [YYYY-MM-DD]</p>',null,null,1);
Insert into GRPWR_IN_APPROVAL (IN_APPROVAL_ID,DOCUMENT_ID,EMPLOYEE_NUM,IN_APPROVAL_REQUEST_DATE,IN_APPROVAL_STATUS,IN_APPROVAL_REQUEST_CONTENT,IN_APPROVAL_REJECTED_CONTENT,IN_APPROVAL_FILE_PATH,COMPANY_NUM) values (179,42,1,to_date('25/02/26','RR/MM/DD'),'WAITING','<h1>비품처리요청서</h1><table><thead><tr><th><p><br></p></th><th><p>번호</p></th><th><p>항목</p></th><th><p><br></p></th></tr></thead><tbody><tr><td><p><br></p></td><td><p>1</p></td><td><p><strong>사원번호</strong></p></td><td><p>1111111</p></td></tr><tr><td><p><br></p></td><td><p>2</p></td><td><p><strong>사원명</strong></p></td><td><p>222222</p></td></tr><tr><td><p><br></p></td><td><p>3</p></td><td><p><strong>부서</strong></p></td><td><p>[부서 입력]</p></td></tr><tr><td><p><br></p></td><td><p>4</p></td><td><p><strong>수정 요청일</strong></p></td><td><p>[YYYY-MM-DD]</p></td></tr><tr><td><p><br></p></td><td><p>5</p></td><td><p><strong>기존 출근 시간</strong></p></td><td><p>[기존 출근 시간 입력]</p></td></tr><tr><td><p><br></p></td><td><p><br></p></td><td><p><strong>기존 퇴근 시간</strong></p></td><td><p>[기존 퇴근 시간 입력]</p></td></tr><tr><td><p><br></p></td><td><p><br></p></td><td><p><strong>실제 출근 시간</strong></p></td><td><p>[실제 출근 시간 입력]</p></td></tr><tr><td><p><br></p></td><td><p><br></p></td><td><p><strong>실제 퇴근 시간</strong></p></td><td><p>[실제 퇴근 시간 입력]</p></td></tr><tr><td><p><br></p></td><td><p><br></p></td><td><p><strong>수정 사유</strong></p></td><td><p>[수정 사유 입력]</p></td></tr></tbody></table><div contenteditable="false"><hr></div><h3>📌 요청 내용</h3><p>근태 수정 요청 사유를 작성해 주세요.</p><div data-language="text" class="toastui-editor-ww-code-block"><pre><code>[사유 입력]</code></pre></div><div contenteditable="false"><hr></div><p><strong>📅 작성일:</strong> [YYYY-MM-DD]</p>',null,null,1);
Insert into GRPWR_IN_APPROVAL (IN_APPROVAL_ID,DOCUMENT_ID,EMPLOYEE_NUM,IN_APPROVAL_REQUEST_DATE,IN_APPROVAL_STATUS,IN_APPROVAL_REQUEST_CONTENT,IN_APPROVAL_REJECTED_CONTENT,IN_APPROVAL_FILE_PATH,COMPANY_NUM) values (182,32,1,to_date('25/02/26','RR/MM/DD'),'WAITING','<h1>test</h1>',null,null,1);
Insert into GRPWR_IN_APPROVAL (IN_APPROVAL_ID,DOCUMENT_ID,EMPLOYEE_NUM,IN_APPROVAL_REQUEST_DATE,IN_APPROVAL_STATUS,IN_APPROVAL_REQUEST_CONTENT,IN_APPROVAL_REJECTED_CONTENT,IN_APPROVAL_FILE_PATH,COMPANY_NUM) values (184,47,162,to_date('25/02/28','RR/MM/DD'),'APPROVED','<h1>근태 수정 요청서</h1><table><thead><tr><th><p>항목</p></th><th><p><br></p></th></tr></thead><tbody><tr><td><p><strong>사원번호</strong></p></td><td><p>[사원번호 입력]</p></td></tr><tr><td><p><strong>사원명</strong></p></td><td><p>[사원명 입력]</p></td></tr><tr><td><p><strong>부서</strong></p></td><td><p>[부서 입력]</p></td></tr><tr><td><p><strong>수정 요청일</strong></p></td><td><p>[YYYY-MM-DD]</p></td></tr><tr><td><p><strong>기존 출근 시간</strong></p></td><td><p>[기존 출근 시간 입력]</p></td></tr><tr><td><p><strong>기존 퇴근 시간</strong></p></td><td><p>[기존 퇴근 시간 입력]</p></td></tr><tr><td><p><strong>실제 출근 시간</strong></p></td><td><p>[실제 출근 시간 입력]</p></td></tr><tr><td><p><strong>실제 퇴근 시간</strong></p></td><td><p>[실제 퇴근 시간 입력]</p></td></tr><tr><td><p><strong>수정 사유</strong></p></td><td><p>[수정 사유 입력]</p></td></tr></tbody></table><div contenteditable="false"><hr></div><h3>이미지<img src="/file/image/stdr/document/495a53e7-a6c9-4794-8849-eaa80a09df99_images (1).jpg" alt="이미지 설명" contenteditable="false"><br></h3>',null,null,45);
Insert into GRPWR_IN_APPROVAL (IN_APPROVAL_ID,DOCUMENT_ID,EMPLOYEE_NUM,IN_APPROVAL_REQUEST_DATE,IN_APPROVAL_STATUS,IN_APPROVAL_REQUEST_CONTENT,IN_APPROVAL_REJECTED_CONTENT,IN_APPROVAL_FILE_PATH,COMPANY_NUM) values (185,47,185,to_date('25/03/05','RR/MM/DD'),'REJECTED','<h1>근태 수정 요청서</h1><table><thead><tr><th><p>항목</p></th><th><p><br></p></th></tr></thead><tbody><tr><td><p><strong>사원번호</strong></p></td><td><p>[사원번호 입력]</p></td></tr><tr><td><p><strong>사원명</strong></p></td><td><p>[사원명 입력]</p></td></tr><tr><td><p><strong>부서</strong></p></td><td><p>[부서 입력]</p></td></tr><tr><td><p><strong>수정 요청일</strong></p></td><td><p>[YYYY-MM-DD]</p></td></tr><tr><td><p><strong>기존 출근 시간</strong></p></td><td><p>[기존 출근 시간 입력]</p></td></tr><tr><td><p><strong>기존 퇴근 시간</strong></p></td><td><p>[기존 퇴근 시간 입력]</p></td></tr><tr><td><p><strong>실제 출근 시간</strong></p></td><td><p>[실제 출근 시간 입력]</p></td></tr><tr><td><p><strong>실제 퇴근 시간</strong></p></td><td><p>[실제 퇴근 시간 입력]</p></td></tr><tr><td><p><strong>수정 사유</strong></p></td><td><p>[수정 사유 입력]</p></td></tr></tbody></table><div contenteditable="false"><hr></div><h3>이미지<img src="/file/image/stdr/document/495a53e7-a6c9-4794-8849-eaa80a09df99_images (1).jpg" alt="이미지 설명" contenteditable="false"><br></h3>','aaaa',null,45);
Insert into GRPWR_IN_APPROVAL (IN_APPROVAL_ID,DOCUMENT_ID,EMPLOYEE_NUM,IN_APPROVAL_REQUEST_DATE,IN_APPROVAL_STATUS,IN_APPROVAL_REQUEST_CONTENT,IN_APPROVAL_REJECTED_CONTENT,IN_APPROVAL_FILE_PATH,COMPANY_NUM) values (188,47,100000,to_date('25/03/06','RR/MM/DD'),'WAITING','<h1>근태 수정 요청서</h1><table><thead><tr><th><p>항목</p></th><th><p><br></p></th></tr></thead><tbody><tr><td><p><strong>사원번호</strong></p></td><td><p>623634</p></td></tr><tr><td><p><strong>사원명</strong></p></td><td><p>홍길동</p></td></tr><tr><td><p><strong>부서</strong></p></td><td><p>영업팀</p></td></tr><tr><td><p><strong>수정 요청일</strong></p></td><td><p>2025-02-02</p></td></tr><tr><td><p><strong>기존 출근 시간</strong></p></td><td><p>9:10</p></td></tr><tr><td><p><strong>기존 퇴근 시간</strong></p></td><td><p>20:00</p></td></tr><tr><td><p><strong>실제 출근 시간</strong></p></td><td><p>9:00</p></td></tr><tr><td><p><strong>실제 퇴근 시간</strong></p></td><td><p>18:00</p></td></tr><tr><td><p><strong>수정 사유</strong></p></td><td><p>출퇴근 시간 오류</p></td></tr></tbody></table><div contenteditable="false"><hr></div><h3>이미지</h3><p><img src="C:/atest/653b18cb-2d0e-4a74-bd70-8ca569fefb1e_출퇴근.webp" alt="이미지 설명" contenteditable="false"><br></p>',null,null,45);
Insert into GRPWR_IN_APPROVAL (IN_APPROVAL_ID,DOCUMENT_ID,EMPLOYEE_NUM,IN_APPROVAL_REQUEST_DATE,IN_APPROVAL_STATUS,IN_APPROVAL_REQUEST_CONTENT,IN_APPROVAL_REJECTED_CONTENT,IN_APPROVAL_FILE_PATH,COMPANY_NUM) values (189,47,100000,to_date('25/03/06','RR/MM/DD'),'WAITING','<h1>근태 수정 요청서</h1><table><thead><tr><th><p>항목</p></th><th><p><br></p></th></tr></thead><tbody><tr><td><p><strong>사원번호</strong></p></td><td><p>[사원번호 입력]</p></td></tr><tr><td><p><strong>사원명</strong></p></td><td><p>[사원명 입력]</p></td></tr><tr><td><p><strong>부서</strong></p></td><td><p>[부서 입력]</p></td></tr><tr><td><p><strong>수정 요청일</strong></p></td><td><p>[YYYY-MM-DD]</p></td></tr><tr><td><p><strong>기존 출근 시간</strong></p></td><td><p>[기존 출근 시간 입력]</p></td></tr><tr><td><p><strong>기존 퇴근 시간</strong></p></td><td><p>[기존 퇴근 시간 입력]</p></td></tr><tr><td><p><strong>실제 출근 시간</strong></p></td><td><p>[실제 출근 시간 입력]</p></td></tr><tr><td><p><strong>실제 퇴근 시간</strong></p></td><td><p>[실제 퇴근 시간 입력]</p></td></tr><tr><td><p><strong>수정 사유</strong></p></td><td><p>[수정 사유 입력]</p></td></tr></tbody></table><div contenteditable="false"><hr></div><h3>이미지<img src="/file/image/stdr/document/495a53e7-a6c9-4794-8849-eaa80a09df99_images (1).jpg" alt="이미지 설명" contenteditable="false"><br></h3>',null,null,45);
Insert into GRPWR_IN_APPROVAL (IN_APPROVAL_ID,DOCUMENT_ID,EMPLOYEE_NUM,IN_APPROVAL_REQUEST_DATE,IN_APPROVAL_STATUS,IN_APPROVAL_REQUEST_CONTENT,IN_APPROVAL_REJECTED_CONTENT,IN_APPROVAL_FILE_PATH,COMPANY_NUM) values (190,49,162,to_date('25/03/06','RR/MM/DD'),'WAITING','<h1>근태 수정 요청서</h1><table><thead><tr><th><p>항목</p></th><th><p><br></p></th></tr></thead><tbody><tr><td><p><strong>사원번호</strong></p></td><td><p>123643</p></td></tr><tr><td><p><strong>사원명</strong></p></td><td><p>홍길동</p></td></tr><tr><td><p><strong>부서</strong></p></td><td><p>영업팁</p></td></tr><tr><td><p><strong>수정 요청일</strong></p></td><td><p>2025-02-02</p></td></tr><tr><td><p><strong>기존 출근 시간</strong></p></td><td><p>10:00</p></td></tr><tr><td><p><strong>기존 퇴근 시간</strong></p></td><td><p>19:00</p></td></tr><tr><td><p><strong>실제 출근 시간</strong></p></td><td><p>9:00</p></td></tr><tr><td><p><strong>실제 퇴근 시간</strong></p></td><td><p>18:00</p></td></tr><tr><td><p><strong>수정 사유</strong></p></td><td><p>출퇴근 기록 오류</p></td></tr><tr><td><p><strong>이미지 첨부</strong></p></td><td><p><img src="C:/atest/62a20df2-6787-4083-ad70-3c57e9316624_출퇴근.webp" alt="이미지 설명" contenteditable="false"><br></p></td></tr></tbody></table>',null,null,45);
Insert into GRPWR_IN_APPROVAL (IN_APPROVAL_ID,DOCUMENT_ID,EMPLOYEE_NUM,IN_APPROVAL_REQUEST_DATE,IN_APPROVAL_STATUS,IN_APPROVAL_REQUEST_CONTENT,IN_APPROVAL_REJECTED_CONTENT,IN_APPROVAL_FILE_PATH,COMPANY_NUM) values (191,50,162,to_date('25/03/07','RR/MM/DD'),'APPROVED','<h1>경비 청구서</h1><table><thead><tr><th><p>항목</p></th><th><p>입력</p></th></tr></thead><tbody><tr><td><p><strong>사원번호</strong></p></td><td><p>11111</p></td></tr><tr><td><p><strong>사원명</strong></p></td><td><p>[사원명 입력]</p></td></tr><tr><td><p><strong>부서</strong></p></td><td><p>[부서 입력]</p></td></tr><tr><td><p><strong>청구일자</strong></p></td><td><p>[YYYY-MM-DD]</p></td></tr><tr><td><p><strong>경비 항목</strong></p></td><td><p>[항목 입력]</p></td></tr><tr><td><p><strong>사용 일자</strong></p></td><td><p>[YYYY-MM-DD]</p></td></tr><tr><td><p><strong>사용 금액</strong></p></td><td><p>[금액 입력]</p></td></tr><tr><td><p><strong>지출 내역</strong></p></td><td><p>[지출 상세 내용 입력]</p></td></tr><tr><td><p><strong>결제 방식</strong></p></td><td><p>[현금 / 카드]</p></td></tr><tr><td><p><strong>영수증 첨부</strong></p></td><td><p><img src="/image/c59f72b4-d170-4f9b-853f-00fb8d4bbeb3_자몽.jpg" alt="이미지 설명" contenteditable="false"><br></p></td></tr><tr><td><p><strong>비고</strong></p></td><td><p>[추가 사항 입력]</p></td></tr></tbody></table>',null,null,45);
Insert into GRPWR_IN_APPROVAL (IN_APPROVAL_ID,DOCUMENT_ID,EMPLOYEE_NUM,IN_APPROVAL_REQUEST_DATE,IN_APPROVAL_STATUS,IN_APPROVAL_REQUEST_CONTENT,IN_APPROVAL_REJECTED_CONTENT,IN_APPROVAL_FILE_PATH,COMPANY_NUM) values (192,51,162,to_date('25/03/10','RR/MM/DD'),'WAITING','<h1>휴가신청서</h1><table><thead><tr><th><p>부서</p></th><td><p>영업부</p></td><th><p>직급</p></th><td><p>사원</p></td></tr></thead><tbody><tr><th><p>성명</p></th><td><p>황예린</p></td><th><p>비상연락망</p></th><td><p>010-5148-8485</p></td></tr><tr><th><p>유형</p></th><td colspan="3"><p><strong>v 연차</strong> &nbsp;&nbsp; □ 반차 &nbsp;&nbsp; □ 병가 &nbsp;&nbsp; □ 기타</p></td></tr><tr><th><p>기간</p></th><td colspan="3"><p>[20025년 03월 10일] ~ [2025년 03월 11일] (총 [1] 일)</p></td></tr><tr><th><p>세부 사항</p></th><td colspan="3"><p>개인일정</p></td></tr><tr><td colspan="4"><p>위와 같이 휴가를 신청하오니 허락하여 주시기 바랍니다.</p></td></tr><tr><td colspan="4"><p><strong>신청일:</strong> [2025년 03월 08일]</p></td></tr><tr><td colspan="4"><p>주식회사 beautyinside</p></td></tr></tbody></table>',null,null,45);
Insert into GRPWR_IN_APPROVAL (IN_APPROVAL_ID,DOCUMENT_ID,EMPLOYEE_NUM,IN_APPROVAL_REQUEST_DATE,IN_APPROVAL_STATUS,IN_APPROVAL_REQUEST_CONTENT,IN_APPROVAL_REJECTED_CONTENT,IN_APPROVAL_FILE_PATH,COMPANY_NUM) values (186,47,162,to_date('25/03/05','RR/MM/DD'),'REJECTED','<h1>근태 수정 요청서</h1><table><thead><tr><th><p>항목</p></th><th><p><br></p></th></tr></thead><tbody><tr><td><p><strong>사원번호</strong></p></td><td><p>11111</p></td></tr><tr><td><p><strong>사원명</strong></p></td><td><p>[사원명 입력]</p></td></tr><tr><td><p><strong>부서</strong></p></td><td><p>[부서 입력]</p></td></tr><tr><td><p><strong>수정 요청일</strong></p></td><td><p>[YYYY-MM-DD]</p></td></tr><tr><td><p><strong>기존 출근 시간</strong></p></td><td><p>[기존 출근 시간 입력]</p></td></tr><tr><td><p><strong>기존 퇴근 시간</strong></p></td><td><p>[기존 퇴근 시간 입력]</p></td></tr><tr><td><p><strong>실제 출근 시간</strong></p></td><td><p>[실제 출근 시간 입력]</p></td></tr><tr><td><p><strong>실제 퇴근 시간</strong></p></td><td><p>[실제 퇴근 시간 입력]</p></td></tr><tr><td><p><strong>수정 사유</strong></p></td><td><p>[수정 사유 입력]</p></td></tr></tbody></table><div contenteditable="false"><hr></div><h3>이미지<img src="/file/image/stdr/document/0c48072b-097b-47e1-be4a-4a76d1e035b2_배.jpg" alt="이미지 설명" contenteditable="false"><br></h3>','반려합니다',null,45);
Insert into GRPWR_IN_APPROVAL (IN_APPROVAL_ID,DOCUMENT_ID,EMPLOYEE_NUM,IN_APPROVAL_REQUEST_DATE,IN_APPROVAL_STATUS,IN_APPROVAL_REQUEST_CONTENT,IN_APPROVAL_REJECTED_CONTENT,IN_APPROVAL_FILE_PATH,COMPANY_NUM) values (187,47,162,to_date('25/03/05','RR/MM/DD'),'APPROVED','<h1>근태 수정 요청서</h1><table><thead><tr><th><p>항목</p></th><th><p><br></p></th></tr></thead><tbody><tr><td><p><strong>사원번호</strong></p></td><td><p>[사원번호 입력]</p></td></tr><tr><td><p><strong>사원명</strong></p></td><td><p>[사원명 입력]</p></td></tr><tr><td><p><strong>부서</strong></p></td><td><p>[부서 입력]</p></td></tr><tr><td><p><strong>수정 요청일</strong></p></td><td><p>[YYYY-MM-DD]</p></td></tr><tr><td><p><strong>기존 출근 시간</strong></p></td><td><p>[기존 출근 시간 입력]</p></td></tr><tr><td><p><strong>기존 퇴근 시간</strong></p></td><td><p>[기존 퇴근 시간 입력]</p></td></tr><tr><td><p><strong>실제 출근 시간</strong></p></td><td><p>[실제 출근 시간 입력]</p></td></tr><tr><td><p><strong>실제 퇴근 시간</strong></p></td><td><p>[실제 퇴근 시간 입력]</p></td></tr><tr><td><p><strong>수정 사유</strong></p></td><td><p>[수정 사유 입력]</p></td></tr></tbody></table><div contenteditable="false"><hr></div><h3>이미지<img src="/file/image/stdr/document/495a53e7-a6c9-4794-8849-eaa80a09df99_images (1).jpg" alt="이미지 설명" contenteditable="false"><br></h3>',null,null,45);
REM INSERTING into GRPWR_REPLY
SET DEFINE OFF;
REM INSERTING into GRPWR_SCHEDULE
SET DEFINE OFF;
Insert into GRPWR_SCHEDULE (SCHEDULE_ID,SCHEDULE_TYPE,SCHEDULE_CONTENT,SCHEDULE_START,SCHEDULE_END,EMPLOYEE_NUM,COMPANY_NUM,DEPT_NO,IS_ALLDAY,IS_PRIVATE,LOCATION) values (192,'DEPT','eee',to_timestamp('25/02/02 00:00:00.000000000','RR/MM/DD HH24:MI:SSXFF'),to_timestamp('25/02/02 00:00:00.000000000','RR/MM/DD HH24:MI:SSXFF'),1,1,4,'N','N','eeettt');
Insert into GRPWR_SCHEDULE (SCHEDULE_ID,SCHEDULE_TYPE,SCHEDULE_CONTENT,SCHEDULE_START,SCHEDULE_END,EMPLOYEE_NUM,COMPANY_NUM,DEPT_NO,IS_ALLDAY,IS_PRIVATE,LOCATION) values (195,'DEPT','fffff',to_timestamp('25/02/03 00:00:00.000000000','RR/MM/DD HH24:MI:SSXFF'),to_timestamp('25/02/03 00:00:00.000000000','RR/MM/DD HH24:MI:SSXFF'),1,1,4,'N','Y','ffff');
Insert into GRPWR_SCHEDULE (SCHEDULE_ID,SCHEDULE_TYPE,SCHEDULE_CONTENT,SCHEDULE_START,SCHEDULE_END,EMPLOYEE_NUM,COMPANY_NUM,DEPT_NO,IS_ALLDAY,IS_PRIVATE,LOCATION) values (220,'DEPT','재고확인',to_timestamp('25/03/03 10:00:00.000000000','RR/MM/DD HH24:MI:SSXFF'),to_timestamp('25/03/03 11:00:00.000000000','RR/MM/DD HH24:MI:SSXFF'),100000,45,30,'N','N','예담');
Insert into GRPWR_SCHEDULE (SCHEDULE_ID,SCHEDULE_TYPE,SCHEDULE_CONTENT,SCHEDULE_START,SCHEDULE_END,EMPLOYEE_NUM,COMPANY_NUM,DEPT_NO,IS_ALLDAY,IS_PRIVATE,LOCATION) values (212,'DEPT','신입 온보딩',to_timestamp('25/03/10 09:00:00.000000000','RR/MM/DD HH24:MI:SSXFF'),to_timestamp('25/03/10 18:00:00.000000000','RR/MM/DD HH24:MI:SSXFF'),162,45,14,'N','N','예담');
Insert into GRPWR_SCHEDULE (SCHEDULE_ID,SCHEDULE_TYPE,SCHEDULE_CONTENT,SCHEDULE_START,SCHEDULE_END,EMPLOYEE_NUM,COMPANY_NUM,DEPT_NO,IS_ALLDAY,IS_PRIVATE,LOCATION) values (213,'DEPT','회식',to_timestamp('25/03/10 19:00:00.000000000','RR/MM/DD HH24:MI:SSXFF'),to_timestamp('25/03/10 22:00:00.000000000','RR/MM/DD HH24:MI:SSXFF'),162,45,15,'N','N','고기집');
Insert into GRPWR_SCHEDULE (SCHEDULE_ID,SCHEDULE_TYPE,SCHEDULE_CONTENT,SCHEDULE_START,SCHEDULE_END,EMPLOYEE_NUM,COMPANY_NUM,DEPT_NO,IS_ALLDAY,IS_PRIVATE,LOCATION) values (214,'DEPT','전표 확인',to_timestamp('25/03/12 03:00:00.000000000','RR/MM/DD HH24:MI:SSXFF'),to_timestamp('25/03/14 14:00:00.000000000','RR/MM/DD HH24:MI:SSXFF'),162,45,16,'N','N','예담');
Insert into GRPWR_SCHEDULE (SCHEDULE_ID,SCHEDULE_TYPE,SCHEDULE_CONTENT,SCHEDULE_START,SCHEDULE_END,EMPLOYEE_NUM,COMPANY_NUM,DEPT_NO,IS_ALLDAY,IS_PRIVATE,LOCATION) values (218,'DEPT','협력업체 미팅',to_timestamp('25/03/28 09:30:00.000000000','RR/MM/DD HH24:MI:SSXFF'),to_timestamp('25/03/28 10:20:00.000000000','RR/MM/DD HH24:MI:SSXFF'),162,45,25,'N','N',null);
Insert into GRPWR_SCHEDULE (SCHEDULE_ID,SCHEDULE_TYPE,SCHEDULE_CONTENT,SCHEDULE_START,SCHEDULE_END,EMPLOYEE_NUM,COMPANY_NUM,DEPT_NO,IS_ALLDAY,IS_PRIVATE,LOCATION) values (193,'DEPT','ㅎㅅㅎ',to_timestamp('25/03/01 16:00:00.000000000','RR/MM/DD HH24:MI:SSXFF'),to_timestamp('25/03/01 17:01:00.000000000','RR/MM/DD HH24:MI:SSXFF'),1,1,1,'N','Y','중앙로');
Insert into GRPWR_SCHEDULE (SCHEDULE_ID,SCHEDULE_TYPE,SCHEDULE_CONTENT,SCHEDULE_START,SCHEDULE_END,EMPLOYEE_NUM,COMPANY_NUM,DEPT_NO,IS_ALLDAY,IS_PRIVATE,LOCATION) values (190,'DEPT','일욜',to_timestamp('25/02/07 00:00:00.000000000','RR/MM/DD HH24:MI:SSXFF'),to_timestamp('25/02/14 00:00:00.000000000','RR/MM/DD HH24:MI:SSXFF'),1,1,2,'N','N','ㅇㅇㅇㅇㅇㅠㅠㅠㅠ');
Insert into GRPWR_SCHEDULE (SCHEDULE_ID,SCHEDULE_TYPE,SCHEDULE_CONTENT,SCHEDULE_START,SCHEDULE_END,EMPLOYEE_NUM,COMPANY_NUM,DEPT_NO,IS_ALLDAY,IS_PRIVATE,LOCATION) values (194,'DEPT','emp1 ',to_timestamp('25/02/03 00:00:00.000000000','RR/MM/DD HH24:MI:SSXFF'),to_timestamp('25/02/03 00:00:00.000000000','RR/MM/DD HH24:MI:SSXFF'),1,1,4,'N','Y','emp1 ');
Insert into GRPWR_SCHEDULE (SCHEDULE_ID,SCHEDULE_TYPE,SCHEDULE_CONTENT,SCHEDULE_START,SCHEDULE_END,EMPLOYEE_NUM,COMPANY_NUM,DEPT_NO,IS_ALLDAY,IS_PRIVATE,LOCATION) values (216,'DEPT','통합테스트',to_timestamp('25/03/18 17:00:00.000000000','RR/MM/DD HH24:MI:SSXFF'),to_timestamp('25/03/18 19:00:00.000000000','RR/MM/DD HH24:MI:SSXFF'),162,45,29,'N','N','예담');
Insert into GRPWR_SCHEDULE (SCHEDULE_ID,SCHEDULE_TYPE,SCHEDULE_CONTENT,SCHEDULE_START,SCHEDULE_END,EMPLOYEE_NUM,COMPANY_NUM,DEPT_NO,IS_ALLDAY,IS_PRIVATE,LOCATION) values (180,'DEPT','제품시연',to_timestamp('25/02/11 00:00:00.000000000','RR/MM/DD HH24:MI:SSXFF'),to_timestamp('25/02/11 00:00:00.000000000','RR/MM/DD HH24:MI:SSXFF'),1,1,4,'N','N','본사');
Insert into GRPWR_SCHEDULE (SCHEDULE_ID,SCHEDULE_TYPE,SCHEDULE_CONTENT,SCHEDULE_START,SCHEDULE_END,EMPLOYEE_NUM,COMPANY_NUM,DEPT_NO,IS_ALLDAY,IS_PRIVATE,LOCATION) values (182,'DEPT','스케쥴',to_timestamp('25/02/16 00:00:00.000000000','RR/MM/DD HH24:MI:SSXFF'),to_timestamp('25/02/16 00:00:00.000000000','RR/MM/DD HH24:MI:SSXFF'),1,1,4,'N','N','본사');
Insert into GRPWR_SCHEDULE (SCHEDULE_ID,SCHEDULE_TYPE,SCHEDULE_CONTENT,SCHEDULE_START,SCHEDULE_END,EMPLOYEE_NUM,COMPANY_NUM,DEPT_NO,IS_ALLDAY,IS_PRIVATE,LOCATION) values (183,'DEPT','점심',to_timestamp('25/02/05 00:17:00.000000000','RR/MM/DD HH24:MI:SSXFF'),to_timestamp('25/02/05 00:18:00.000000000','RR/MM/DD HH24:MI:SSXFF'),1,1,0,'N','N','현백');
Insert into GRPWR_SCHEDULE (SCHEDULE_ID,SCHEDULE_TYPE,SCHEDULE_CONTENT,SCHEDULE_START,SCHEDULE_END,EMPLOYEE_NUM,COMPANY_NUM,DEPT_NO,IS_ALLDAY,IS_PRIVATE,LOCATION) values (211,'DEPT','재고추가',to_timestamp('25/03/07 09:00:00.000000000','RR/MM/DD HH24:MI:SSXFF'),to_timestamp('25/03/07 10:10:00.000000000','RR/MM/DD HH24:MI:SSXFF'),162,45,30,'N','N','예담');
Insert into GRPWR_SCHEDULE (SCHEDULE_ID,SCHEDULE_TYPE,SCHEDULE_CONTENT,SCHEDULE_START,SCHEDULE_END,EMPLOYEE_NUM,COMPANY_NUM,DEPT_NO,IS_ALLDAY,IS_PRIVATE,LOCATION) values (217,'DEPT','서버 점검',to_timestamp('25/03/20 07:00:00.000000000','RR/MM/DD HH24:MI:SSXFF'),to_timestamp('25/03/20 07:10:00.000000000','RR/MM/DD HH24:MI:SSXFF'),162,45,23,'N','N','본사');
Insert into GRPWR_SCHEDULE (SCHEDULE_ID,SCHEDULE_TYPE,SCHEDULE_CONTENT,SCHEDULE_START,SCHEDULE_END,EMPLOYEE_NUM,COMPANY_NUM,DEPT_NO,IS_ALLDAY,IS_PRIVATE,LOCATION) values (215,'DEPT','신규구매처 검토',to_timestamp('25/03/17 15:00:00.000000000','RR/MM/DD HH24:MI:SSXFF'),to_timestamp('25/03/17 16:00:00.000000000','RR/MM/DD HH24:MI:SSXFF'),162,45,17,'N','N','예담');
Insert into GRPWR_SCHEDULE (SCHEDULE_ID,SCHEDULE_TYPE,SCHEDULE_CONTENT,SCHEDULE_START,SCHEDULE_END,EMPLOYEE_NUM,COMPANY_NUM,DEPT_NO,IS_ALLDAY,IS_PRIVATE,LOCATION) values (221,'PERSONAL','발표',to_timestamp('25/03/13 03:00:00.000000000','RR/MM/DD HH24:MI:SSXFF'),to_timestamp('25/03/13 04:00:00.000000000','RR/MM/DD HH24:MI:SSXFF'),321,45,0,'Y','Y','예담');
Insert into GRPWR_SCHEDULE (SCHEDULE_ID,SCHEDULE_TYPE,SCHEDULE_CONTENT,SCHEDULE_START,SCHEDULE_END,EMPLOYEE_NUM,COMPANY_NUM,DEPT_NO,IS_ALLDAY,IS_PRIVATE,LOCATION) values (187,'DEPT','ㄴㅇ',to_timestamp('25/02/28 00:00:00.000000000','RR/MM/DD HH24:MI:SSXFF'),to_timestamp('25/02/28 00:00:00.000000000','RR/MM/DD HH24:MI:SSXFF'),1,1,2,'N','N','ㄹㄴㅇㄹ');
REM INSERTING into GRPWR_VENDOR
SET DEFINE OFF;
Insert into GRPWR_VENDOR (VENDOR_ID,VENDOR_NAME,CHIEF_NAME,ADDRESS,OFFICER,BUSINESS_TYPE,EMAIL,BUSINESS_REGISTERATION_NUMBER,PHONE,MARGIN_RATE,BANK_NAME,BANK_ACCOUNT,DEPOSITOR,EX_APPROVAL_ID,COMPANY_NUM) values (7,'깨끗한 나라','김다영','대구 서구 국채보상로34길 12','홍길동','BT001','aaa@aaa.com','6156-651-545','010-5555-5555',6,'농협','656-6854654-654','김다영',0,1);
Insert into GRPWR_VENDOR (VENDOR_ID,VENDOR_NAME,CHIEF_NAME,ADDRESS,OFFICER,BUSINESS_TYPE,EMAIL,BUSINESS_REGISTERATION_NUMBER,PHONE,MARGIN_RATE,BANK_NAME,BANK_ACCOUNT,DEPOSITOR,EX_APPROVAL_ID,COMPANY_NUM) values (8,'블루팜','김다일','대구 남구 국채보상로34길 12','홍길은','BT002','aaa@baa.com','6156554-545','010-5545-5855',5,'기업은행','456-6854654-654','김다일',0,1);
Insert into GRPWR_VENDOR (VENDOR_ID,VENDOR_NAME,CHIEF_NAME,ADDRESS,OFFICER,BUSINESS_TYPE,EMAIL,BUSINESS_REGISTERATION_NUMBER,PHONE,MARGIN_RATE,BANK_NAME,BANK_ACCOUNT,DEPOSITOR,EX_APPROVAL_ID,COMPANY_NUM) values (9,'더브릿지','최지우','부산 해운대구 해운대로 456','김지훈','BT002','serping1nside@gmail.com','234-56-78901','010-9876-5432',6,'KB국민은행','356-7890-123456','최지우',0,45);
Insert into GRPWR_VENDOR (VENDOR_ID,VENDOR_NAME,CHIEF_NAME,ADDRESS,OFFICER,BUSINESS_TYPE,EMAIL,BUSINESS_REGISTERATION_NUMBER,PHONE,MARGIN_RATE,BANK_NAME,BANK_ACCOUNT,DEPOSITOR,EX_APPROVAL_ID,COMPANY_NUM) values (10,'벨라비스','한예린','인천 남동구 인주대로 789','장민석','BT001','hayeon8521@gmail.com','345-67-89012','010-1111-2222',8,'우리은행','1002-123-456789','한예린',0,45);
Insert into GRPWR_VENDOR (VENDOR_ID,VENDOR_NAME,CHIEF_NAME,ADDRESS,OFFICER,BUSINESS_TYPE,EMAIL,BUSINESS_REGISTERATION_NUMBER,PHONE,MARGIN_RATE,BANK_NAME,BANK_ACCOUNT,DEPOSITOR,EX_APPROVAL_ID,COMPANY_NUM) values (11,'네이처블룸','박서준','대전 중구 대종로 101','김민지','BT001','dayoungdev1@gmail.com','456-78-90123','010-3333-4444',5,'하나은행','620-123-456789','박서준',0,45);
Insert into GRPWR_VENDOR (VENDOR_ID,VENDOR_NAME,CHIEF_NAME,ADDRESS,OFFICER,BUSINESS_TYPE,EMAIL,BUSINESS_REGISTERATION_NUMBER,PHONE,MARGIN_RATE,BANK_NAME,BANK_ACCOUNT,DEPOSITOR,EX_APPROVAL_ID,COMPANY_NUM) values (12,'스킨크래프트','윤다솜','울산 남구 삼산로 121','오준혁','BT002','skincraft@cos.com','567-89-01234','010-5555-6666',9,'IBK기업은행','123-456-789012','윤다솜',0,1);
Insert into GRPWR_VENDOR (VENDOR_ID,VENDOR_NAME,CHIEF_NAME,ADDRESS,OFFICER,BUSINESS_TYPE,EMAIL,BUSINESS_REGISTERATION_NUMBER,PHONE,MARGIN_RATE,BANK_NAME,BANK_ACCOUNT,DEPOSITOR,EX_APPROVAL_ID,COMPANY_NUM) values (13,'에센스랩','차은우','광주 서구 상무대로 151','이수빈','BT001','essencelab@cos.com','678-90-12345','010-7777-8888',7,'신한은행','140-123-456789','차은우',0,1);
Insert into GRPWR_VENDOR (VENDOR_ID,VENDOR_NAME,CHIEF_NAME,ADDRESS,OFFICER,BUSINESS_TYPE,EMAIL,BUSINESS_REGISTERATION_NUMBER,PHONE,MARGIN_RATE,BANK_NAME,BANK_ACCOUNT,DEPOSITOR,EX_APPROVAL_ID,COMPANY_NUM) values (14,'코스블랑','김아린','서울 송파구 송파대로 201','정우진','BT001','cosblanc@cos.com','789-01-23456','010-9999-0000',6,'KB국민은행','045-678-901234','김아린',0,1);
Insert into GRPWR_VENDOR (VENDOR_ID,VENDOR_NAME,CHIEF_NAME,ADDRESS,OFFICER,BUSINESS_TYPE,EMAIL,BUSINESS_REGISTERATION_NUMBER,PHONE,MARGIN_RATE,BANK_NAME,BANK_ACCOUNT,DEPOSITOR,EX_APPROVAL_ID,COMPANY_NUM) values (15,'뷰티포지','손연재','서울 종로구 종로 45','황현준','BT002','beautyforge@cos.com','890-12-34567','010-1212-3434',8,'하나은행','321-123-654987','손연재',0,1);
Insert into GRPWR_VENDOR (VENDOR_ID,VENDOR_NAME,CHIEF_NAME,ADDRESS,OFFICER,BUSINESS_TYPE,EMAIL,BUSINESS_REGISTERATION_NUMBER,PHONE,MARGIN_RATE,BANK_NAME,BANK_ACCOUNT,DEPOSITOR,EX_APPROVAL_ID,COMPANY_NUM) values (16,'퓨어스킨웍스','정나래','수원 팔달구 효원로 123','백상훈','BT001','vvwnsdud0@gmail.com','901-23-45678','010-4343-5656',7,'IBK기업은행','563-897-231045','정나래',0,45);
Insert into GRPWR_VENDOR (VENDOR_ID,VENDOR_NAME,CHIEF_NAME,ADDRESS,OFFICER,BUSINESS_TYPE,EMAIL,BUSINESS_REGISTERATION_NUMBER,PHONE,MARGIN_RATE,BANK_NAME,BANK_ACCOUNT,DEPOSITOR,EX_APPROVAL_ID,COMPANY_NUM) values (17,'뷰티앤코','오하나','창원 성산구 중앙대로 456','강하준','BT001','shsrhdtnsqja@gmail.com','012-34-56789','010-6767-7878',5,'우리은행','789-321-654098','오하나',0,45);
REM INSERTING into HR_ANNUAL_LEAVE
SET DEFINE OFF;
Insert into HR_ANNUAL_LEAVE (LEAVE_NUM,YEAR,LEAVE_CATEGORY,LEAVE_BENEFIT,TOTAL_LEAVE,USED_LEAVE,REMAINING_LEAVE,REGISTER_DATE,UPDATE_DATE,EMPLOYEE_NUM,COMPANY_NUM,APPROVAL_STATUS) values (1,2025,'LC001','LB001',15,2,13,to_date('25/02/12','RR/MM/DD'),to_date('25/02/12','RR/MM/DD'),1,1,'AP001');
REM INSERTING into HR_ATTENDANCE_LOG
SET DEFINE OFF;
Insert into HR_ATTENDANCE_LOG (ATTENDANCE_NUM,WORK_DATE,SCHEDULED_CHECK_IN,SCHEDULED_CHECK_OUT,ACTUAL_CHECK_IN,ACTUAL_CHECK_OUT,REQUESTED_CHECK_IN,REQUESTED_CHECK_OUT,BARCODE_SCAN_ID,WORK_STATUS,OVERTIME_HOURS,REGISTER_DATE,UPDATE_DATE,EMPLOYEE_NUM,COMPANY_NUM,APPROVAL_STATUS) values (1,to_date('25/02/12','RR/MM/DD'),to_date('25/02/01','RR/MM/DD'),to_date('25/02/01','RR/MM/DD'),to_date('25/02/01','RR/MM/DD'),to_date('25/02/01','RR/MM/DD'),null,null,'123456789','WS001',0.2,to_date('25/02/12','RR/MM/DD'),to_date('25/02/12','RR/MM/DD'),1,1,'AP001');
Insert into HR_ATTENDANCE_LOG (ATTENDANCE_NUM,WORK_DATE,SCHEDULED_CHECK_IN,SCHEDULED_CHECK_OUT,ACTUAL_CHECK_IN,ACTUAL_CHECK_OUT,REQUESTED_CHECK_IN,REQUESTED_CHECK_OUT,BARCODE_SCAN_ID,WORK_STATUS,OVERTIME_HOURS,REGISTER_DATE,UPDATE_DATE,EMPLOYEE_NUM,COMPANY_NUM,APPROVAL_STATUS) values (2,to_date('25/02/12','RR/MM/DD'),to_date('25/02/01','RR/MM/DD'),to_date('25/02/01','RR/MM/DD'),to_date('25/02/01','RR/MM/DD'),to_date('25/02/01','RR/MM/DD'),null,null,'123456789','WS001',0.2,to_date('25/02/12','RR/MM/DD'),to_date('25/02/12','RR/MM/DD'),1,1,'AP001');
REM INSERTING into HR_BUSINESS_TRIP
SET DEFINE OFF;
Insert into HR_BUSINESS_TRIP (TRIP_NUM,TRIP_DATE,TRIP_TYPE,DEPARTURE,DESTINATION,PURPOSE,REQUEST_STATUS,REGISTER_DATE,UPDATE_DATE,EMPLOYEE_NUM,COMPANY_NUM) values (1,to_date('25/02/12','RR/MM/DD'),'TP001','서울 본사','부산 지점','고객사 미팅','AP001',to_date('25/02/12','RR/MM/DD'),to_date('25/02/12','RR/MM/DD'),1,1);
REM INSERTING into HR_DEPARTMENT
SET DEFINE OFF;
Insert into HR_DEPARTMENT (DEPARTMENT_NUM,DEPARTMENT_NAME,PARENT_DEPARTMENT_NUM,DEPARTMENT_TYPE,MANAGER_NUM,DEPARTMENT_STATUS,REGISTER_DATE,UPDATE_DATE,COMPANY_NUM) values (27,'인사1팀',2,'DT003',null,'DU001',to_date('25/03/03','RR/MM/DD'),null,1);
Insert into HR_DEPARTMENT (DEPARTMENT_NUM,DEPARTMENT_NAME,PARENT_DEPARTMENT_NUM,DEPARTMENT_TYPE,MANAGER_NUM,DEPARTMENT_STATUS,REGISTER_DATE,UPDATE_DATE,COMPANY_NUM) values (30,'재고팀',13,'DT003',null,'DU001',to_date('25/03/04','RR/MM/DD'),to_date('25/03/09','RR/MM/DD'),45);
Insert into HR_DEPARTMENT (DEPARTMENT_NUM,DEPARTMENT_NAME,PARENT_DEPARTMENT_NUM,DEPARTMENT_TYPE,MANAGER_NUM,DEPARTMENT_STATUS,REGISTER_DATE,UPDATE_DATE,COMPANY_NUM) values (33,'대구중구점',8,'DT003',null,'DU001',to_date('25/03/06','RR/MM/DD'),to_date('25/03/06','RR/MM/DD'),1);
Insert into HR_DEPARTMENT (DEPARTMENT_NUM,DEPARTMENT_NAME,PARENT_DEPARTMENT_NUM,DEPARTMENT_TYPE,MANAGER_NUM,DEPARTMENT_STATUS,REGISTER_DATE,UPDATE_DATE,COMPANY_NUM) values (34,'서대문점',8,'DT003',null,'DU001',to_date('25/03/06','RR/MM/DD'),null,1);
Insert into HR_DEPARTMENT (DEPARTMENT_NUM,DEPARTMENT_NAME,PARENT_DEPARTMENT_NUM,DEPARTMENT_TYPE,MANAGER_NUM,DEPARTMENT_STATUS,REGISTER_DATE,UPDATE_DATE,COMPANY_NUM) values (35,'재고팀',1,'DT003',null,'DU001',to_date('25/03/06','RR/MM/DD'),null,1);
Insert into HR_DEPARTMENT (DEPARTMENT_NUM,DEPARTMENT_NAME,PARENT_DEPARTMENT_NUM,DEPARTMENT_TYPE,MANAGER_NUM,DEPARTMENT_STATUS,REGISTER_DATE,UPDATE_DATE,COMPANY_NUM) values (51,'하노이점',50,'DT003',null,'DU001',to_date('25/03/12','RR/MM/DD'),to_date('25/03/12','RR/MM/DD'),45);
Insert into HR_DEPARTMENT (DEPARTMENT_NUM,DEPARTMENT_NAME,PARENT_DEPARTMENT_NUM,DEPARTMENT_TYPE,MANAGER_NUM,DEPARTMENT_STATUS,REGISTER_DATE,UPDATE_DATE,COMPANY_NUM) values (8,'지점',null,'DT004',null,'DU001',to_date('25/02/12','RR/MM/DD'),to_date('25/02/12','RR/MM/DD'),1);
Insert into HR_DEPARTMENT (DEPARTMENT_NUM,DEPARTMENT_NAME,PARENT_DEPARTMENT_NUM,DEPARTMENT_TYPE,MANAGER_NUM,DEPARTMENT_STATUS,REGISTER_DATE,UPDATE_DATE,COMPANY_NUM) values (13,'본사',null,'DT001',null,'DU001',to_date('25/02/28','RR/MM/DD'),to_date('25/03/09','RR/MM/DD'),45);
Insert into HR_DEPARTMENT (DEPARTMENT_NUM,DEPARTMENT_NAME,PARENT_DEPARTMENT_NUM,DEPARTMENT_TYPE,MANAGER_NUM,DEPARTMENT_STATUS,REGISTER_DATE,UPDATE_DATE,COMPANY_NUM) values (14,'인사팀',13,'DT001',null,'DU001',to_date('25/02/28','RR/MM/DD'),to_date('25/03/09','RR/MM/DD'),45);
Insert into HR_DEPARTMENT (DEPARTMENT_NUM,DEPARTMENT_NAME,PARENT_DEPARTMENT_NUM,DEPARTMENT_TYPE,MANAGER_NUM,DEPARTMENT_STATUS,REGISTER_DATE,UPDATE_DATE,COMPANY_NUM) values (15,'영업팀',13,'DT001',null,'DU001',to_date('25/02/28','RR/MM/DD'),to_date('25/03/09','RR/MM/DD'),45);
Insert into HR_DEPARTMENT (DEPARTMENT_NUM,DEPARTMENT_NAME,PARENT_DEPARTMENT_NUM,DEPARTMENT_TYPE,MANAGER_NUM,DEPARTMENT_STATUS,REGISTER_DATE,UPDATE_DATE,COMPANY_NUM) values (16,'회계팀',13,'DT001',null,'DU001',to_date('25/02/28','RR/MM/DD'),to_date('25/03/09','RR/MM/DD'),45);
Insert into HR_DEPARTMENT (DEPARTMENT_NUM,DEPARTMENT_NAME,PARENT_DEPARTMENT_NUM,DEPARTMENT_TYPE,MANAGER_NUM,DEPARTMENT_STATUS,REGISTER_DATE,UPDATE_DATE,COMPANY_NUM) values (17,'구매팀',13,'DT001',null,'DU001',to_date('25/02/28','RR/MM/DD'),to_date('25/03/09','RR/MM/DD'),45);
Insert into HR_DEPARTMENT (DEPARTMENT_NUM,DEPARTMENT_NAME,PARENT_DEPARTMENT_NUM,DEPARTMENT_TYPE,MANAGER_NUM,DEPARTMENT_STATUS,REGISTER_DATE,UPDATE_DATE,COMPANY_NUM) values (18,'지점',null,'DT001',null,'DU001',to_date('25/02/28','RR/MM/DD'),to_date('25/03/07','RR/MM/DD'),45);
Insert into HR_DEPARTMENT (DEPARTMENT_NUM,DEPARTMENT_NAME,PARENT_DEPARTMENT_NUM,DEPARTMENT_TYPE,MANAGER_NUM,DEPARTMENT_STATUS,REGISTER_DATE,UPDATE_DATE,COMPANY_NUM) values (19,'홍대점',18,'DT001',null,'DU001',to_date('25/02/28','RR/MM/DD'),to_date('25/03/07','RR/MM/DD'),45);
Insert into HR_DEPARTMENT (DEPARTMENT_NUM,DEPARTMENT_NAME,PARENT_DEPARTMENT_NUM,DEPARTMENT_TYPE,MANAGER_NUM,DEPARTMENT_STATUS,REGISTER_DATE,UPDATE_DATE,COMPANY_NUM) values (20,'부산점',18,'DT001',null,'DU001',to_date('25/02/28','RR/MM/DD'),to_date('25/03/07','RR/MM/DD'),45);
Insert into HR_DEPARTMENT (DEPARTMENT_NUM,DEPARTMENT_NAME,PARENT_DEPARTMENT_NUM,DEPARTMENT_TYPE,MANAGER_NUM,DEPARTMENT_STATUS,REGISTER_DATE,UPDATE_DATE,COMPANY_NUM) values (21,'대구점',18,'DT001',261,'DU001',to_date('25/02/28','RR/MM/DD'),to_date('25/03/07','RR/MM/DD'),45);
Insert into HR_DEPARTMENT (DEPARTMENT_NUM,DEPARTMENT_NAME,PARENT_DEPARTMENT_NUM,DEPARTMENT_TYPE,MANAGER_NUM,DEPARTMENT_STATUS,REGISTER_DATE,UPDATE_DATE,COMPANY_NUM) values (50,'해외지사',null,'DT003',null,'DU001',to_date('25/03/12','RR/MM/DD'),null,45);
Insert into HR_DEPARTMENT (DEPARTMENT_NUM,DEPARTMENT_NAME,PARENT_DEPARTMENT_NUM,DEPARTMENT_TYPE,MANAGER_NUM,DEPARTMENT_STATUS,REGISTER_DATE,UPDATE_DATE,COMPANY_NUM) values (28,'개발팀',1,'DT003',null,'DU001',to_date('25/03/04','RR/MM/DD'),null,1);
Insert into HR_DEPARTMENT (DEPARTMENT_NUM,DEPARTMENT_NAME,PARENT_DEPARTMENT_NUM,DEPARTMENT_TYPE,MANAGER_NUM,DEPARTMENT_STATUS,REGISTER_DATE,UPDATE_DATE,COMPANY_NUM) values (29,'개발팀',13,'DT003',null,'DU001',to_date('25/03/04','RR/MM/DD'),to_date('25/03/09','RR/MM/DD'),45);
Insert into HR_DEPARTMENT (DEPARTMENT_NUM,DEPARTMENT_NAME,PARENT_DEPARTMENT_NUM,DEPARTMENT_TYPE,MANAGER_NUM,DEPARTMENT_STATUS,REGISTER_DATE,UPDATE_DATE,COMPANY_NUM) values (1,'본사',null,'DT001',null,'DU001',to_date('25/02/12','RR/MM/DD'),to_date('25/03/04','RR/MM/DD'),1);
Insert into HR_DEPARTMENT (DEPARTMENT_NUM,DEPARTMENT_NAME,PARENT_DEPARTMENT_NUM,DEPARTMENT_TYPE,MANAGER_NUM,DEPARTMENT_STATUS,REGISTER_DATE,UPDATE_DATE,COMPANY_NUM) values (2,'인사팀',1,'DT002',null,'DU001',to_date('25/02/12','RR/MM/DD'),to_date('25/02/12','RR/MM/DD'),1);
Insert into HR_DEPARTMENT (DEPARTMENT_NUM,DEPARTMENT_NAME,PARENT_DEPARTMENT_NUM,DEPARTMENT_TYPE,MANAGER_NUM,DEPARTMENT_STATUS,REGISTER_DATE,UPDATE_DATE,COMPANY_NUM) values (3,'IT팀',1,'DT002',null,'DU001',to_date('25/02/12','RR/MM/DD'),to_date('25/02/12','RR/MM/DD'),1);
Insert into HR_DEPARTMENT (DEPARTMENT_NUM,DEPARTMENT_NAME,PARENT_DEPARTMENT_NUM,DEPARTMENT_TYPE,MANAGER_NUM,DEPARTMENT_STATUS,REGISTER_DATE,UPDATE_DATE,COMPANY_NUM) values (4,'마케팅팀',1,'DT002',null,'DU001',to_date('25/02/12','RR/MM/DD'),to_date('25/02/12','RR/MM/DD'),1);
Insert into HR_DEPARTMENT (DEPARTMENT_NUM,DEPARTMENT_NAME,PARENT_DEPARTMENT_NUM,DEPARTMENT_TYPE,MANAGER_NUM,DEPARTMENT_STATUS,REGISTER_DATE,UPDATE_DATE,COMPANY_NUM) values (5,'영업팀',1,'DT002',null,'DU001',to_date('25/02/12','RR/MM/DD'),to_date('25/02/12','RR/MM/DD'),1);
Insert into HR_DEPARTMENT (DEPARTMENT_NUM,DEPARTMENT_NAME,PARENT_DEPARTMENT_NUM,DEPARTMENT_TYPE,MANAGER_NUM,DEPARTMENT_STATUS,REGISTER_DATE,UPDATE_DATE,COMPANY_NUM) values (6,'홍대점',8,'DT004',null,'DU001',to_date('25/02/12','RR/MM/DD'),to_date('25/02/28','RR/MM/DD'),1);
Insert into HR_DEPARTMENT (DEPARTMENT_NUM,DEPARTMENT_NAME,PARENT_DEPARTMENT_NUM,DEPARTMENT_TYPE,MANAGER_NUM,DEPARTMENT_STATUS,REGISTER_DATE,UPDATE_DATE,COMPANY_NUM) values (7,'부산점',8,'DT004',null,'DU001',to_date('25/02/12','RR/MM/DD'),to_date('25/02/12','RR/MM/DD'),1);
Insert into HR_DEPARTMENT (DEPARTMENT_NUM,DEPARTMENT_NAME,PARENT_DEPARTMENT_NUM,DEPARTMENT_TYPE,MANAGER_NUM,DEPARTMENT_STATUS,REGISTER_DATE,UPDATE_DATE,COMPANY_NUM) values (23,'IT팀',13,'DT003',null,'DU001',to_date('25/02/28','RR/MM/DD'),to_date('25/03/09','RR/MM/DD'),45);
Insert into HR_DEPARTMENT (DEPARTMENT_NUM,DEPARTMENT_NAME,PARENT_DEPARTMENT_NUM,DEPARTMENT_TYPE,MANAGER_NUM,DEPARTMENT_STATUS,REGISTER_DATE,UPDATE_DATE,COMPANY_NUM) values (25,'구매1팀',17,'DT003',null,'DU001',to_date('25/02/28','RR/MM/DD'),to_date('25/03/09','RR/MM/DD'),45);
Insert into HR_DEPARTMENT (DEPARTMENT_NUM,DEPARTMENT_NAME,PARENT_DEPARTMENT_NUM,DEPARTMENT_TYPE,MANAGER_NUM,DEPARTMENT_STATUS,REGISTER_DATE,UPDATE_DATE,COMPANY_NUM) values (36,'태전동점',8,'DT003',null,'DU001',to_date('25/03/06','RR/MM/DD'),to_date('25/03/07','RR/MM/DD'),1);
Insert into HR_DEPARTMENT (DEPARTMENT_NUM,DEPARTMENT_NAME,PARENT_DEPARTMENT_NUM,DEPARTMENT_TYPE,MANAGER_NUM,DEPARTMENT_STATUS,REGISTER_DATE,UPDATE_DATE,COMPANY_NUM) values (9,'대구점',8,'DT004',1,'DU001',to_date('25/02/24','RR/MM/DD'),to_date('25/02/24','RR/MM/DD'),1);
Insert into HR_DEPARTMENT (DEPARTMENT_NUM,DEPARTMENT_NAME,PARENT_DEPARTMENT_NUM,DEPARTMENT_TYPE,MANAGER_NUM,DEPARTMENT_STATUS,REGISTER_DATE,UPDATE_DATE,COMPANY_NUM) values (12,'베트남',10,'DT003',null,'DU001',to_date('25/02/27','RR/MM/DD'),to_date('25/03/07','RR/MM/DD'),1);
Insert into HR_DEPARTMENT (DEPARTMENT_NUM,DEPARTMENT_NAME,PARENT_DEPARTMENT_NUM,DEPARTMENT_TYPE,MANAGER_NUM,DEPARTMENT_STATUS,REGISTER_DATE,UPDATE_DATE,COMPANY_NUM) values (49,'강남역점',18,'DT003',null,'DU001',to_date('25/03/12','RR/MM/DD'),to_date('25/03/12','RR/MM/DD'),45);
Insert into HR_DEPARTMENT (DEPARTMENT_NUM,DEPARTMENT_NAME,PARENT_DEPARTMENT_NUM,DEPARTMENT_TYPE,MANAGER_NUM,DEPARTMENT_STATUS,REGISTER_DATE,UPDATE_DATE,COMPANY_NUM) values (37,'하노이점',12,'DT003',null,'DU001',to_date('25/03/07','RR/MM/DD'),null,1);
Insert into HR_DEPARTMENT (DEPARTMENT_NUM,DEPARTMENT_NAME,PARENT_DEPARTMENT_NUM,DEPARTMENT_TYPE,MANAGER_NUM,DEPARTMENT_STATUS,REGISTER_DATE,UPDATE_DATE,COMPANY_NUM) values (10,'해외지사',null,'DT003',null,'DU001',to_date('25/02/27','RR/MM/DD'),to_date('25/02/27','RR/MM/DD'),1);
Insert into HR_DEPARTMENT (DEPARTMENT_NUM,DEPARTMENT_NAME,PARENT_DEPARTMENT_NUM,DEPARTMENT_TYPE,MANAGER_NUM,DEPARTMENT_STATUS,REGISTER_DATE,UPDATE_DATE,COMPANY_NUM) values (11,'유럽',10,'DT003',null,'DU001',to_date('25/02/27','RR/MM/DD'),to_date('25/02/27','RR/MM/DD'),1);
Insert into HR_DEPARTMENT (DEPARTMENT_NUM,DEPARTMENT_NAME,PARENT_DEPARTMENT_NUM,DEPARTMENT_TYPE,MANAGER_NUM,DEPARTMENT_STATUS,REGISTER_DATE,UPDATE_DATE,COMPANY_NUM) values (22,'다낭점',12,'DT003',null,'DU001',to_date('25/02/28','RR/MM/DD'),null,1);
REM INSERTING into HR_DOCUMENT_FILE
SET DEFINE OFF;
Insert into HR_DOCUMENT_FILE (DOCUMENT_FILE_NUM,INTERNAL_APPROVAL_ID,DOCUMENT_TYPE,FILE_PATH,REGISTER_DATE,APPROVAL_STATUS,COMPANY_NUM) values (1,1,'DC001','/documents/emp001_cert.pdf',to_date('25/02/12','RR/MM/DD'),'AP001',1);
REM INSERTING into HR_EMPLOYEE
SET DEFINE OFF;
Insert into HR_EMPLOYEE (EMPLOYEE_NUM,EMPLOYEE_ID,EMPLOYEE_PW,EMPLOYEE_NAME,SSN,EMAIL,PHONE,HIRE_DATE,POSITION,AUTHORITY,STATUS,QUIT_DATE,ADDRESS,ZIP_CODE,EMPLOYMENT_TYPE,BANK_NAME,ACCOUNT_NUM,PROFILE_IMAGE,MEMO,REGISTER_DATE,UPDATE_DATE,COMPANY_NUM,DEPARTMENT_NUM) values (3,'250102006','$2a$16$j3eZqBhb/670WwnTQ7L5T.fCfj5hv4hchCLkLBZ2Xib2VVUfp.7JG','홍길동','123456-7890123','gildong11@hanmail.net','010-3312-4421',to_date('25/02/12','RR/MM/DD'),'PO001','AU004','ST001',null,'서울시 노원구 동일로 1414 (노원아이파크 10층)','01760','ET001','국민은행','123890100',null,null,to_date('25/02/12','RR/MM/DD'),to_date('25/02/12','RR/MM/DD'),2,27);
Insert into HR_EMPLOYEE (EMPLOYEE_NUM,EMPLOYEE_ID,EMPLOYEE_PW,EMPLOYEE_NAME,SSN,EMAIL,PHONE,HIRE_DATE,POSITION,AUTHORITY,STATUS,QUIT_DATE,ADDRESS,ZIP_CODE,EMPLOYMENT_TYPE,BANK_NAME,ACCOUNT_NUM,PROFILE_IMAGE,MEMO,REGISTER_DATE,UPDATE_DATE,COMPANY_NUM,DEPARTMENT_NUM) values (4,'250101005','$2a$16$j3eZqBhb/670WwnTQ7L5T.fCfj5hv4hchCLkLBZ2Xib2VVUfp.7JG','차승우','234567-8901234','chaseungwoo74@gmail.com','010-8887-6543',to_date('25/02/12','RR/MM/DD'),'PO002','AU003','ST001',null,'서울시 성동구 아차산로 113 (우림이비즈센터 7층)','04794','ET002','우리은행','45678901234',null,null,to_date('25/02/12','RR/MM/DD'),to_date('25/02/12','RR/MM/DD'),2,3);
Insert into HR_EMPLOYEE (EMPLOYEE_NUM,EMPLOYEE_ID,EMPLOYEE_PW,EMPLOYEE_NAME,SSN,EMAIL,PHONE,HIRE_DATE,POSITION,AUTHORITY,STATUS,QUIT_DATE,ADDRESS,ZIP_CODE,EMPLOYMENT_TYPE,BANK_NAME,ACCOUNT_NUM,PROFILE_IMAGE,MEMO,REGISTER_DATE,UPDATE_DATE,COMPANY_NUM,DEPARTMENT_NUM) values (5,'241122004','$2a$16$j3eZqBhb/670WwnTQ7L5T.fCfj5hv4hchCLkLBZ2Xib2VVUfp.7JG','정다인','123456-7890123','jungdain66@outlook.com','010-4569-9871',to_date('25/02/12','RR/MM/DD'),'PO001','AU004','ST002',null,'서울시 강남구 영동대로 517 (아크플레이스 23층)','06164','ET001','국민은행','12345678901',null,null,to_date('25/02/12','RR/MM/DD'),to_date('25/02/12','RR/MM/DD'),3,4);
Insert into HR_EMPLOYEE (EMPLOYEE_NUM,EMPLOYEE_ID,EMPLOYEE_PW,EMPLOYEE_NAME,SSN,EMAIL,PHONE,HIRE_DATE,POSITION,AUTHORITY,STATUS,QUIT_DATE,ADDRESS,ZIP_CODE,EMPLOYMENT_TYPE,BANK_NAME,ACCOUNT_NUM,PROFILE_IMAGE,MEMO,REGISTER_DATE,UPDATE_DATE,COMPANY_NUM,DEPARTMENT_NUM) values (6,'241020003','$2a$16$j3eZqBhb/670WwnTQ7L5T.fCfj5hv4hchCLkLBZ2Xib2VVUfp.7JG','윤지아','234567-8901234','yoonjia90@naver.com','010-6325-4785',to_date('25/02/12','RR/MM/DD'),'PO002','AU003','ST001',null,'경기 성남시 분당구 정자일로 177 (푸르지오시티 8층)','13558','ET002','우리은행','45678901234',null,null,to_date('25/02/12','RR/MM/DD'),to_date('25/02/12','RR/MM/DD'),3,2);
Insert into HR_EMPLOYEE (EMPLOYEE_NUM,EMPLOYEE_ID,EMPLOYEE_PW,EMPLOYEE_NAME,SSN,EMAIL,PHONE,HIRE_DATE,POSITION,AUTHORITY,STATUS,QUIT_DATE,ADDRESS,ZIP_CODE,EMPLOYMENT_TYPE,BANK_NAME,ACCOUNT_NUM,PROFILE_IMAGE,MEMO,REGISTER_DATE,UPDATE_DATE,COMPANY_NUM,DEPARTMENT_NUM) values (48,'250220008','$2a$10$6pr5EjrOei4w/e7fl41T9.JTRCEoY5AFCv8belcB5t2hawln2TEUC','정우진','$2a$10$W1.97D5H3KtKSrf0EopulOc97CvbXy1qlbRM7PetEewe6ZUiqE/4m','jungwoojin99@kakao.com','010-1478-3692',to_date('25/02/19','RR/MM/DD'),'PO009','AU004','ST001',null,'서울시 영등포구 국제금융로 10 (원아이에프씨 20층)','07326','ET002','NH농협은행','302015151213',null,'연봉협상 대상자',to_date('25/02/20','RR/MM/DD'),to_date('25/02/20','RR/MM/DD'),1,4);
Insert into HR_EMPLOYEE (EMPLOYEE_NUM,EMPLOYEE_ID,EMPLOYEE_PW,EMPLOYEE_NAME,SSN,EMAIL,PHONE,HIRE_DATE,POSITION,AUTHORITY,STATUS,QUIT_DATE,ADDRESS,ZIP_CODE,EMPLOYMENT_TYPE,BANK_NAME,ACCOUNT_NUM,PROFILE_IMAGE,MEMO,REGISTER_DATE,UPDATE_DATE,COMPANY_NUM,DEPARTMENT_NUM) values (144,'250228014','$2a$10$UUKsqCCBgsHyDzyS/URaOOvNSC1WkuE81Di0ysurjxpWRzgrLLw9e','유다현','161616-$2a$10$1REdLX4oD6TODlwLP5R9cOO1OVh2pNu8Ks2aMJ6yLJmeBc31UoGTG','yudahyun69@naver.com','010-3112-2255',to_date('25/02/11','RR/MM/DD'),'PO001','AU004','ST001',null,'서울시 강북구 도봉로 328 (가든타워 11층)','01037','ET001',null,null,'/file/image/mypage/profile/noProfileImg.jpg',null,to_date('25/02/28','RR/MM/DD'),to_date('25/02/28','RR/MM/DD'),1,9);
Insert into HR_EMPLOYEE (EMPLOYEE_NUM,EMPLOYEE_ID,EMPLOYEE_PW,EMPLOYEE_NAME,SSN,EMAIL,PHONE,HIRE_DATE,POSITION,AUTHORITY,STATUS,QUIT_DATE,ADDRESS,ZIP_CODE,EMPLOYMENT_TYPE,BANK_NAME,ACCOUNT_NUM,PROFILE_IMAGE,MEMO,REGISTER_DATE,UPDATE_DATE,COMPANY_NUM,DEPARTMENT_NUM) values (161,'250228016','$2a$10$YDjZRmW3whTmZLJ4RxOjiuaCYRlbGatywF0pr7H56iiyaWKJzMGEu','이신화','919191-$2a$10$Zkr1z0mFTx2Fl4e/yfWh2.wlIHL2jzhUqhlDMJ0QsoufJk5ooRCZm','shinhwa25@hanmail.net','010-2233-8899',to_date('25/02/20','RR/MM/DD'),'PO001','AU004','ST001',null,'경기 성남시 분당구 삼평동 621 (우림W시티 3층)','13487','ET001',null,null,'/image/f2130b31-4d80-438b-8500-f448f54aeeb3_이신화.webp',null,to_date('25/02/28','RR/MM/DD'),to_date('25/02/28','RR/MM/DD'),45,21);
Insert into HR_EMPLOYEE (EMPLOYEE_NUM,EMPLOYEE_ID,EMPLOYEE_PW,EMPLOYEE_NAME,SSN,EMAIL,PHONE,HIRE_DATE,POSITION,AUTHORITY,STATUS,QUIT_DATE,ADDRESS,ZIP_CODE,EMPLOYMENT_TYPE,BANK_NAME,ACCOUNT_NUM,PROFILE_IMAGE,MEMO,REGISTER_DATE,UPDATE_DATE,COMPANY_NUM,DEPARTMENT_NUM) values (183,'250303021','$2a$10$YzyL62Ii56JOXRxaxqdaOunYz1ajnpXy46JfGKbSFnQa5Q2sRLoda','조민서','788944-$2a$10$qsyKElFpmCIYRor.OTwO3u8l0LzH6O.31Gg5jdSJ9xzxLUnwjPXB6','msjo88@naver.com','010-5100-7517',to_date('25/03/04','RR/MM/DD'),'PO002','AU004','ST001',null,'경기도 수원시 팔달구 권광로 187 (수원월드타워 16층)','16488','ET002',null,null,'/file/image/mypage/profile/noProfileImg.jpg',null,to_date('25/03/03','RR/MM/DD'),to_date('25/03/03','RR/MM/DD'),1,3);
Insert into HR_EMPLOYEE (EMPLOYEE_NUM,EMPLOYEE_ID,EMPLOYEE_PW,EMPLOYEE_NAME,SSN,EMAIL,PHONE,HIRE_DATE,POSITION,AUTHORITY,STATUS,QUIT_DATE,ADDRESS,ZIP_CODE,EMPLOYMENT_TYPE,BANK_NAME,ACCOUNT_NUM,PROFILE_IMAGE,MEMO,REGISTER_DATE,UPDATE_DATE,COMPANY_NUM,DEPARTMENT_NUM) values (185,'250304001','$2a$10$jTBHOH6gCtL3wq9KvQJhz.AgQXurpINt.K4OwpJ4E3cHTQL6w3XVW','권순범','515151-$2a$10$cQ6WUli.qzvT5y/V7lLh7eVYvElOZJhBUkPEhubSm2no9YK93Rlxi','soonbeom30@kakao.com','010-8745-1258',to_date('25/02/02','RR/MM/DD'),'PO003','AU002','ST001',null,'서울시 서초구 서초대로 411 (GT타워 16층)','06615','ET001',null,null,'/image/4f7f9614-5a97-4d27-b18f-cd438c83051e_권순범.webp',null,to_date('25/03/03','RR/MM/DD'),to_date('25/02/02','RR/MM/DD'),45,15);
Insert into HR_EMPLOYEE (EMPLOYEE_NUM,EMPLOYEE_ID,EMPLOYEE_PW,EMPLOYEE_NAME,SSN,EMAIL,PHONE,HIRE_DATE,POSITION,AUTHORITY,STATUS,QUIT_DATE,ADDRESS,ZIP_CODE,EMPLOYMENT_TYPE,BANK_NAME,ACCOUNT_NUM,PROFILE_IMAGE,MEMO,REGISTER_DATE,UPDATE_DATE,COMPANY_NUM,DEPARTMENT_NUM) values (461,'20221512','$2a$10$juZiRO0A5BlDM8vPn3ITwe15x1iqZ4jxLs.uzET5EFwR9i8778wsa','김길동','121221-$2a$10$OLsif0Qd3OL8yE8A.W9SsezZBk7XST8Fn7KqBy9XQ/hyB31AKLoeO','seojin2323@gmail.com','010-5120-2150',to_date('25/03/07','RR/MM/DD'),'PO001','AU004','ST001',null,null,null,'ET001',null,null,'/image/1b99209b-7f6e-452a-865e-b242bda0ab1e_김길동.webp',null,to_date('25/03/07','RR/MM/DD'),to_date('25/03/07','RR/MM/DD'),45,23);
Insert into HR_EMPLOYEE (EMPLOYEE_NUM,EMPLOYEE_ID,EMPLOYEE_PW,EMPLOYEE_NAME,SSN,EMAIL,PHONE,HIRE_DATE,POSITION,AUTHORITY,STATUS,QUIT_DATE,ADDRESS,ZIP_CODE,EMPLOYMENT_TYPE,BANK_NAME,ACCOUNT_NUM,PROFILE_IMAGE,MEMO,REGISTER_DATE,UPDATE_DATE,COMPANY_NUM,DEPARTMENT_NUM) values (41,'250220007','$2a$10$//jSJu5gTjd4GHzelcLMKegsEtiHflG3ytyHygKMvBAiYyKIL14UK','문지수','910000-2000000','moonjs94@outlook.com','010-6655-7894',to_date('25/02/22','RR/MM/DD'),'PO013','AU004','ST001',null,'경기도 남양주시 경춘로 1037 (남양주프라자 15층)','12248','ET002','KB국민은행','302015151210',null,'인사발령 대기상태',to_date('25/02/20','RR/MM/DD'),to_date('25/02/20','RR/MM/DD'),1,7);
Insert into HR_EMPLOYEE (EMPLOYEE_NUM,EMPLOYEE_ID,EMPLOYEE_PW,EMPLOYEE_NAME,SSN,EMAIL,PHONE,HIRE_DATE,POSITION,AUTHORITY,STATUS,QUIT_DATE,ADDRESS,ZIP_CODE,EMPLOYMENT_TYPE,BANK_NAME,ACCOUNT_NUM,PROFILE_IMAGE,MEMO,REGISTER_DATE,UPDATE_DATE,COMPANY_NUM,DEPARTMENT_NUM) values (49,'250220009','$2a$10$DM68nUmZt7HKKBuew5ULZOxHbjCqvol/bhStvcgCqlXLGBxs19qGu','이준영','$2a$10$f9z.STKAP3DDvsmzhESU0u78B0wgrMiJ/3gYQiLMwLUA/AB0qzgiK','joonyoung72@gmail.com','010-2754-8812',to_date('25/02/21','RR/MM/DD'),'PO013','AU004','ST001',null,'경기도 김포시 김포한강4로 487 (김포메트로타워 12층)','10088','ET002','신한은행','302015151210',null,'연봉협상 대상자',to_date('25/02/20','RR/MM/DD'),to_date('25/02/20','RR/MM/DD'),1,3);
Insert into HR_EMPLOYEE (EMPLOYEE_NUM,EMPLOYEE_ID,EMPLOYEE_PW,EMPLOYEE_NAME,SSN,EMAIL,PHONE,HIRE_DATE,POSITION,AUTHORITY,STATUS,QUIT_DATE,ADDRESS,ZIP_CODE,EMPLOYMENT_TYPE,BANK_NAME,ACCOUNT_NUM,PROFILE_IMAGE,MEMO,REGISTER_DATE,UPDATE_DATE,COMPANY_NUM,DEPARTMENT_NUM) values (203,'250304023','$2a$10$KpqkE2CT/.QNT.QtkyGJVuaykOLP9uC5oW6nVbSco9Hbzi5olj4NG','윤소희','565265-$2a$10$KR.WfWAYBMcuAs50eJSe3.5GY3AKwZGOYZoxJlIQnzVVe44Lp4rwS','yoonsohee29@kakao.com','010-1133-4455',to_date('25/03/04','RR/MM/DD'),'PO001','AU004','ST001',null,'경기도 평택시 평남로 52 (평택센트럴타워 21층)','17911','ET001',null,null,'/file/image/mypage/profile/ab9bab31-7d04-41e5-aa07-3c63b11b91d7_김신입.jpg',null,to_date('25/03/04','RR/MM/DD'),to_date('25/03/04','RR/MM/DD'),1,3);
Insert into HR_EMPLOYEE (EMPLOYEE_NUM,EMPLOYEE_ID,EMPLOYEE_PW,EMPLOYEE_NAME,SSN,EMAIL,PHONE,HIRE_DATE,POSITION,AUTHORITY,STATUS,QUIT_DATE,ADDRESS,ZIP_CODE,EMPLOYMENT_TYPE,BANK_NAME,ACCOUNT_NUM,PROFILE_IMAGE,MEMO,REGISTER_DATE,UPDATE_DATE,COMPANY_NUM,DEPARTMENT_NUM) values (281,'250305027','$2a$10$YorcEfB6jSoaaZ3IPlX2uO4muSTf.5nsUySs.FMxh7AaQ.gq9ab0O','배서진','910319-$2a$10$vEd2.zIeNIsBWRHm1QGjUu4Tfibx/DcdKdNo1FzyQUariZ4./dgAi','seojin@gmail.com','010-4567-6548',to_date('25/03/05','RR/MM/DD'),'PO007','AU002','ST001',null,'서울시 마포구 양화로 45 (메세나폴리스 3층)','04038','ET001',null,null,'/image/d4185beb-147f-4a1a-afc6-b1bc4d890dfa_배서진.webp',null,to_date('25/03/05','RR/MM/DD'),to_date('25/03/05','RR/MM/DD'),45,14);
Insert into HR_EMPLOYEE (EMPLOYEE_NUM,EMPLOYEE_ID,EMPLOYEE_PW,EMPLOYEE_NAME,SSN,EMAIL,PHONE,HIRE_DATE,POSITION,AUTHORITY,STATUS,QUIT_DATE,ADDRESS,ZIP_CODE,EMPLOYMENT_TYPE,BANK_NAME,ACCOUNT_NUM,PROFILE_IMAGE,MEMO,REGISTER_DATE,UPDATE_DATE,COMPANY_NUM,DEPARTMENT_NUM) values (1,'240103001','$2a$10$CN.xGP4ObA.BQfiBW935YuHvmDZn9o9KyUVh0bL5PBZg09A2Rk.am','신예린','123456-7890123','shinyerin93@naver.com','010-9988-7766',to_date('25/02/12','RR/MM/DD'),'PO001','AU004','ST001',null,'서울시 서대문구 충정로 50 (골든타워 12층)','03741','ET001','국민은행','12345678901','/file/image/mypage/profile/54a88599-4cb5-4864-9e4f-f547a03ebacd_images.jpg',null,to_date('25/02/12','RR/MM/DD'),to_date('25/02/12','RR/MM/DD'),1,7);
Insert into HR_EMPLOYEE (EMPLOYEE_NUM,EMPLOYEE_ID,EMPLOYEE_PW,EMPLOYEE_NAME,SSN,EMAIL,PHONE,HIRE_DATE,POSITION,AUTHORITY,STATUS,QUIT_DATE,ADDRESS,ZIP_CODE,EMPLOYMENT_TYPE,BANK_NAME,ACCOUNT_NUM,PROFILE_IMAGE,MEMO,REGISTER_DATE,UPDATE_DATE,COMPANY_NUM,DEPARTMENT_NUM) values (2,'240103002','$2a$16$j3eZqBhb/670WwnTQ7L5T.fCfj5hv4hchCLkLBZ2Xib2VVUfp.7JG','이지은','234567-8901234','leejieun87@naver.com','010-1599-7531',to_date('25/02/12','RR/MM/DD'),'PO002','AU003','ST001',null,'경기도 김포시 김포한강4로 487 (김포메트로타워 12층)','10088','ET001','우리은행','45678901234',null,null,to_date('25/02/12','RR/MM/DD'),to_date('25/02/12','RR/MM/DD'),1,6);
Insert into HR_EMPLOYEE (EMPLOYEE_NUM,EMPLOYEE_ID,EMPLOYEE_PW,EMPLOYEE_NAME,SSN,EMAIL,PHONE,HIRE_DATE,POSITION,AUTHORITY,STATUS,QUIT_DATE,ADDRESS,ZIP_CODE,EMPLOYMENT_TYPE,BANK_NAME,ACCOUNT_NUM,PROFILE_IMAGE,MEMO,REGISTER_DATE,UPDATE_DATE,COMPANY_NUM,DEPARTMENT_NUM) values (61,'250226010','$2a$10$kxs7DLjIeCQhmQt/X6bf6eG1EDzcAVXdTuqx3dKcxUZSp8Tao/1G2','김민수','$2a$10$PbavtdoF3qdRv/RTW3M0P.8bV7kK/Ln2sDcSncpQL0Bip3xDRjPsu','kimminsu92@gmail.com ','010-7751-2204',to_date('25/02/26','RR/MM/DD'),'PO001','AU004','ST001',null,'경기도 성남시 수정구 산성대로 267 (신흥역파크뷰 8층)','13116','ET002','KB국민은행','1510000514515',null,'신입사원',to_date('25/02/26','RR/MM/DD'),to_date('25/02/26','RR/MM/DD'),1,3);
Insert into HR_EMPLOYEE (EMPLOYEE_NUM,EMPLOYEE_ID,EMPLOYEE_PW,EMPLOYEE_NAME,SSN,EMAIL,PHONE,HIRE_DATE,POSITION,AUTHORITY,STATUS,QUIT_DATE,ADDRESS,ZIP_CODE,EMPLOYMENT_TYPE,BANK_NAME,ACCOUNT_NUM,PROFILE_IMAGE,MEMO,REGISTER_DATE,UPDATE_DATE,COMPANY_NUM,DEPARTMENT_NUM) values (141,'250228011','$2a$10$rIplg8/USS19oroyR3o.Du7fS2fzdfVwzEpAPhdwDVeETsorgrnuu','하은비','565265-$2a$10$ZFZsZ3dgZlyQCEc.dx.6m.vrzPy5TC1GpJhMXzxx2OSVoElL1UOra','haeunbi65@hotmail.com','010-2756-8843',to_date('25/02/27','RR/MM/DD'),'PO002','AU004','ST001',null,'서울시 영등포구 국제금융로 10 (원아이에프씨 20층)','07326','ET001',null,null,'/file/image/mypage/profile/21a664e9-53dd-4146-b5de-9acfa8d25e8b_길동길동.png',null,to_date('25/02/28','RR/MM/DD'),to_date('25/02/28','RR/MM/DD'),1,3);
Insert into HR_EMPLOYEE (EMPLOYEE_NUM,EMPLOYEE_ID,EMPLOYEE_PW,EMPLOYEE_NAME,SSN,EMAIL,PHONE,HIRE_DATE,POSITION,AUTHORITY,STATUS,QUIT_DATE,ADDRESS,ZIP_CODE,EMPLOYMENT_TYPE,BANK_NAME,ACCOUNT_NUM,PROFILE_IMAGE,MEMO,REGISTER_DATE,UPDATE_DATE,COMPANY_NUM,DEPARTMENT_NUM) values (146,'250228015','$2a$10$4myUzGBq5EcrnzT48W4g2.suGDG2OVcKYdeFY4PLCg7l1tPR7mU.a','황예린','700202-$2a$10$33Z9CkmAyJlCv0iMisUMPOnfArbHo1mqvzpLMSLU30Wu0cjK/G8Hq','hwangyerin50@gmail.com','010-7852-3366',to_date('25/02/28','RR/MM/DD'),'PO001','AU004','ST001',null,'서울시 강남구 테헤란로 231 (센터필드 14층)','06142','ET001',null,null,'/file/image/mypage/profile/noProfileImg.jpg',null,to_date('25/02/28','RR/MM/DD'),to_date('25/02/28','RR/MM/DD'),40,3);
Insert into HR_EMPLOYEE (EMPLOYEE_NUM,EMPLOYEE_ID,EMPLOYEE_PW,EMPLOYEE_NAME,SSN,EMAIL,PHONE,HIRE_DATE,POSITION,AUTHORITY,STATUS,QUIT_DATE,ADDRESS,ZIP_CODE,EMPLOYMENT_TYPE,BANK_NAME,ACCOUNT_NUM,PROFILE_IMAGE,MEMO,REGISTER_DATE,UPDATE_DATE,COMPANY_NUM,DEPARTMENT_NUM) values (221,'250304024','$2a$10$C27PURn2yvofHU6TIzL82uBQ4TY.XiPSiIYqkWPzlBD90SOBjgyme','정은채','122121-$2a$10$yKmvk3xK2omaSj7Dun6EruKz0yhPzq82qQr/3Lo.sfogDIzWB94pG','eunchae46@naver.com','010-5154-1210',to_date('25/03/04','RR/MM/DD'),'PO002','AU004','ST001',null,'경기 성남시 분당구 경부고속도로 409(3층)','13524','ET001',null,null,'/image/c14d6c79-42c6-47c4-9a23-37c947a00f48_정은채.webp','신입사원',to_date('25/03/04','RR/MM/DD'),to_date('25/03/04','RR/MM/DD'),45,29);
Insert into HR_EMPLOYEE (EMPLOYEE_NUM,EMPLOYEE_ID,EMPLOYEE_PW,EMPLOYEE_NAME,SSN,EMAIL,PHONE,HIRE_DATE,POSITION,AUTHORITY,STATUS,QUIT_DATE,ADDRESS,ZIP_CODE,EMPLOYMENT_TYPE,BANK_NAME,ACCOUNT_NUM,PROFILE_IMAGE,MEMO,REGISTER_DATE,UPDATE_DATE,COMPANY_NUM,DEPARTMENT_NUM) values (301,'250305028','$2a$10$qDnsqrfv53KQgTkhZeMO1ex4N3NzprXsQx9sz68yrqwkxb2fbf1ZC','유재석','121212-$2a$10$JDXatUkW1HVBtwKL1vq0QevmUMpurxyhJo2O8PDIY1wJ/zVwUy7R.','yujaeseok12@gmail.com','010-8521-6704',to_date('25/03/05','RR/MM/DD'),'PO001','AU004','ST001',null,'서울시 서초구 서초대로 396 (강남역타워 9층)','06619','ET001',null,null,'/image/013534c8-f1be-427b-960c-825c8274c5fe_유재석.webp',null,to_date('25/03/05','RR/MM/DD'),to_date('25/03/05','RR/MM/DD'),45,14);
Insert into HR_EMPLOYEE (EMPLOYEE_NUM,EMPLOYEE_ID,EMPLOYEE_PW,EMPLOYEE_NAME,SSN,EMAIL,PHONE,HIRE_DATE,POSITION,AUTHORITY,STATUS,QUIT_DATE,ADDRESS,ZIP_CODE,EMPLOYMENT_TYPE,BANK_NAME,ACCOUNT_NUM,PROFILE_IMAGE,MEMO,REGISTER_DATE,UPDATE_DATE,COMPANY_NUM,DEPARTMENT_NUM) values (321,'250305029','$2a$10$9JsU4mbSNdgISQyKlvbPvOydS.KbQOWqPAsbJZLsl8WvXFzjFV5fe','최시훈','121212-$2a$10$UjYT58VDEClrOBtGjRcjFO.i.ptAapQh7dDm8MX468R1BhWr86GHG','choisihoon@gmail.com','010-7788-9955',to_date('25/03/05','RR/MM/DD'),'PO008','AU002','ST001',null,'경기 성남시 분당구 대왕판교로 660 (알파돔시티 2층)','13529','ET001',null,null,'/image/754aa016-4a58-4654-8599-8ce3bca1d735_최시훈.webp',null,to_date('25/03/05','RR/MM/DD'),to_date('25/03/05','RR/MM/DD'),45,16);
Insert into HR_EMPLOYEE (EMPLOYEE_NUM,EMPLOYEE_ID,EMPLOYEE_PW,EMPLOYEE_NAME,SSN,EMAIL,PHONE,HIRE_DATE,POSITION,AUTHORITY,STATUS,QUIT_DATE,ADDRESS,ZIP_CODE,EMPLOYMENT_TYPE,BANK_NAME,ACCOUNT_NUM,PROFILE_IMAGE,MEMO,REGISTER_DATE,UPDATE_DATE,COMPANY_NUM,DEPARTMENT_NUM) values (381,'250306031','$2a$10$ho/s.FRThPEJlLFdNcA2z.zsuR2m3xxwdY/RtF0MR7dzicF2VVifW','김다영','930304-$2a$10$x0HkKvb4FtIE8//38EikQe6yLmyIxvUw9RKycg/0hE0VFqx0bkVFG','dayoung57@gmail.com','010-5858-5858',to_date('25/03/06','RR/MM/DD'),'PO001','AU002','ST001',null,'서울시 서초구 반포대로 235 (서울빌딩 22층)','06545','ET001',null,null,'/image/b67ee6c4-6328-4e99-8922-9615ba4ba5de_김다영.webp',null,to_date('25/03/06','RR/MM/DD'),to_date('25/03/06','RR/MM/DD'),45,23);
Insert into HR_EMPLOYEE (EMPLOYEE_NUM,EMPLOYEE_ID,EMPLOYEE_PW,EMPLOYEE_NAME,SSN,EMAIL,PHONE,HIRE_DATE,POSITION,AUTHORITY,STATUS,QUIT_DATE,ADDRESS,ZIP_CODE,EMPLOYMENT_TYPE,BANK_NAME,ACCOUNT_NUM,PROFILE_IMAGE,MEMO,REGISTER_DATE,UPDATE_DATE,COMPANY_NUM,DEPARTMENT_NUM) values (142,'250228012','$2a$10$/U/eifDGzH4ZA97W3LyFJ.W71HbeuJN4F5dqFrMAuMrgaFXXHyct2','오세훈','$2a$10$Fwgl3/jlsGzNreu35pnQ/.7HMQ7o1SboAYZWebBPftBpLKq0hj5zG','ohsehoon89@naver.com','010-3112-2255',to_date('25/02/20','RR/MM/DD'),'PO001','AU004','ST001',null,'경기도 부천시 길주로 180 (부천타워 22층)','14548','ET001',null,null,'/file/image/mypage/profile/e6106856-e12f-486c-8b66-a241a7bdbeec_head-shot-portrait-close-smiling-600nw-1714666150.webp',null,to_date('25/02/28','RR/MM/DD'),to_date('25/02/28','RR/MM/DD'),1,3);
Insert into HR_EMPLOYEE (EMPLOYEE_NUM,EMPLOYEE_ID,EMPLOYEE_PW,EMPLOYEE_NAME,SSN,EMAIL,PHONE,HIRE_DATE,POSITION,AUTHORITY,STATUS,QUIT_DATE,ADDRESS,ZIP_CODE,EMPLOYMENT_TYPE,BANK_NAME,ACCOUNT_NUM,PROFILE_IMAGE,MEMO,REGISTER_DATE,UPDATE_DATE,COMPANY_NUM,DEPARTMENT_NUM) values (143,'250228013','$2a$10$UAiXNNieEQJxPRpO9Wj7Lewp68YItwYqzIOdHUgf0ACH5DiSB8pHi','강동훈','911191-$2a$10$QJ6ck.tT4DKv.SnrKq6cLea7vBAmlVUpJivx85NpA5pNKRW/0Q15.','kdhoon92@naver.com','010-3333-2222',to_date('25/02/28','RR/MM/DD'),'PO002','AU004','ST001',null,'서울시 성동구 아차산로 113 (우림이비즈센터 7층)','04794','ET001',null,null,'/file/image/mypage/profile/noProfileImg.jpg',null,to_date('25/02/28','RR/MM/DD'),to_date('25/02/28','RR/MM/DD'),1,3);
Insert into HR_EMPLOYEE (EMPLOYEE_NUM,EMPLOYEE_ID,EMPLOYEE_PW,EMPLOYEE_NAME,SSN,EMAIL,PHONE,HIRE_DATE,POSITION,AUTHORITY,STATUS,QUIT_DATE,ADDRESS,ZIP_CODE,EMPLOYMENT_TYPE,BANK_NAME,ACCOUNT_NUM,PROFILE_IMAGE,MEMO,REGISTER_DATE,UPDATE_DATE,COMPANY_NUM,DEPARTMENT_NUM) values (163,'250228018','$2a$10$Ho05LIUov84R/dRFcoKgreT5nNyTAyE8GXY5eO3PQix4JOvZ6ALGK','송지호','960823-$2a$10$GWCmSX.flalxaemhZr37NuE1yrFXtlKzh64aSRlDT1OOHMXCxbmgG','songjiho94@outlook.com','010-9654-1237',to_date('25/02/28','RR/MM/DD'),'PO007','AU003','ST001',null,'경기 성남시 분당구 동판교로52번길 22 (판교푸르지오시티 7층)','13496','ET001',null,null,'/image/f9af9b0e-1d17-45e7-ab10-34264da9e4d1_송지호.webp',null,to_date('25/02/28','RR/MM/DD'),to_date('25/02/28','RR/MM/DD'),45,21);
Insert into HR_EMPLOYEE (EMPLOYEE_NUM,EMPLOYEE_ID,EMPLOYEE_PW,EMPLOYEE_NAME,SSN,EMAIL,PHONE,HIRE_DATE,POSITION,AUTHORITY,STATUS,QUIT_DATE,ADDRESS,ZIP_CODE,EMPLOYMENT_TYPE,BANK_NAME,ACCOUNT_NUM,PROFILE_IMAGE,MEMO,REGISTER_DATE,UPDATE_DATE,COMPANY_NUM,DEPARTMENT_NUM) values (181,'250303019','$2a$10$vkSTZcXbsqA7YfHmOQIYx.lvlVmT5lYCgOz/2Gkf0THF9wXak2lw.','최서윤','151154-$2a$10$mYGa1idYV.hhxoIxMKJYJ.kCnn0CQvaOZHdT05rQoIzBlOwyFZ2Ai','choiseoyoon55@gmail.com ','010-4747-7474',to_date('25/03/04','RR/MM/DD'),'PO001','AU004','ST001',null,'서울시 동대문구 왕산로 214 (누죤빌딩 9층)','02547','ET001',null,null,'/file/image/mypage/profile/noProfileImg.jpg',null,to_date('25/03/03','RR/MM/DD'),to_date('25/03/03','RR/MM/DD'),1,12);
Insert into HR_EMPLOYEE (EMPLOYEE_NUM,EMPLOYEE_ID,EMPLOYEE_PW,EMPLOYEE_NAME,SSN,EMAIL,PHONE,HIRE_DATE,POSITION,AUTHORITY,STATUS,QUIT_DATE,ADDRESS,ZIP_CODE,EMPLOYMENT_TYPE,BANK_NAME,ACCOUNT_NUM,PROFILE_IMAGE,MEMO,REGISTER_DATE,UPDATE_DATE,COMPANY_NUM,DEPARTMENT_NUM) values (182,'250303020','$2a$10$jJtQ6/WBdwXKX0I4pwVNIOpSoRg6AhN8M9iPbAqS9l7qEgbMkFogC','박상혁','151515-$2a$10$UBemxH6Fs0cSWIT1VPBhouTA29JpAsbwxkL9IWCswaB11SX8pjrAe','sanghyuk23@daum.net','010-8422-1501',to_date('25/03/03','RR/MM/DD'),'PO001','AU002','ST001',null,'경기도 화성시 동탄중앙로 220 (동탄타워 23층)','18472','ET001',null,null,'/file/image/mypage/profile/6d9ca729-39a7-42eb-8bc3-ed7295dc437e_길동길동.png',null,to_date('25/03/03','RR/MM/DD'),to_date('25/03/03','RR/MM/DD'),1,35);
Insert into HR_EMPLOYEE (EMPLOYEE_NUM,EMPLOYEE_ID,EMPLOYEE_PW,EMPLOYEE_NAME,SSN,EMAIL,PHONE,HIRE_DATE,POSITION,AUTHORITY,STATUS,QUIT_DATE,ADDRESS,ZIP_CODE,EMPLOYMENT_TYPE,BANK_NAME,ACCOUNT_NUM,PROFILE_IMAGE,MEMO,REGISTER_DATE,UPDATE_DATE,COMPANY_NUM,DEPARTMENT_NUM) values (261,'250305026','$2a$10$15WBoxdwlL3X6g4zM90XEOsmRN4IMIDVK6YFGDZJQw42XyD927gpy','한지민','910202-$2a$10$bUY5TFv9fmD.c1pkB6LTKeyLHIpJz8qYhJs75jnHxZq9Wi8NSwtiG','hanjimin21@hanmail.net','010-5100-5484',to_date('25/03/05','RR/MM/DD'),'PO001','AU004','ST001',null,'경기 성남시 분당구 대왕판교로 477(3층)','13488','ET001','KB국민은행','2153021120','/image/9d6c8511-6e38-4e02-b67c-27ab3d88ec11_한지민.webp',null,to_date('25/03/05','RR/MM/DD'),to_date('25/03/05','RR/MM/DD'),45,29);
Insert into HR_EMPLOYEE (EMPLOYEE_NUM,EMPLOYEE_ID,EMPLOYEE_PW,EMPLOYEE_NAME,SSN,EMAIL,PHONE,HIRE_DATE,POSITION,AUTHORITY,STATUS,QUIT_DATE,ADDRESS,ZIP_CODE,EMPLOYMENT_TYPE,BANK_NAME,ACCOUNT_NUM,PROFILE_IMAGE,MEMO,REGISTER_DATE,UPDATE_DATE,COMPANY_NUM,DEPARTMENT_NUM) values (162,'250228017','$2a$10$jTBHOH6gCtL3wq9KvQJhz.AgQXurpINt.K4OwpJ4E3cHTQL6w3XVW','표하연','515151-$2a$10$cQ6WUli.qzvT5y/V7lLh7eVYvElOZJhBUkPEhubSm2no9YK93Rlxi','pyohayeon81@daum.net','010-7894-6541',to_date('25/02/28','RR/MM/DD'),'PO001','AU002','ST001',null,'경기 성남시 분당구 운중동 965 (판교푸르지오월드마크 10층)','13475','ET001',null,null,'/image/dc71d807-99c3-4c63-8f78-ca526bd59aa7_표하연.webp',null,to_date('25/02/28','RR/MM/DD'),to_date('25/02/28','RR/MM/DD'),45,15);
Insert into HR_EMPLOYEE (EMPLOYEE_NUM,EMPLOYEE_ID,EMPLOYEE_PW,EMPLOYEE_NAME,SSN,EMAIL,PHONE,HIRE_DATE,POSITION,AUTHORITY,STATUS,QUIT_DATE,ADDRESS,ZIP_CODE,EMPLOYMENT_TYPE,BANK_NAME,ACCOUNT_NUM,PROFILE_IMAGE,MEMO,REGISTER_DATE,UPDATE_DATE,COMPANY_NUM,DEPARTMENT_NUM) values (184,'250303022','$2a$10$/2S.zioWwwqYtgbrG4GF1O2lxApfTZ90yQMI9094/k/iTvhwmwSoa','서도윤','787879-$2a$10$NwQGjPT0/Qy2b2UP0MGsmugRk7plU.mBzd8g4OZflorjY.JNLcHty','seodoyoon88@gmail.com','010-1133-4455',to_date('25/03/03','RR/MM/DD'),'PO002','AU004','ST001',null,'경기도 고양시 덕양구 충장로 100 (고양터미널 13층)','10473','ET002',null,null,'/file/image/mypage/profile/noProfileImg.jpg',null,to_date('25/03/03','RR/MM/DD'),to_date('25/03/03','RR/MM/DD'),1,3);
Insert into HR_EMPLOYEE (EMPLOYEE_NUM,EMPLOYEE_ID,EMPLOYEE_PW,EMPLOYEE_NAME,SSN,EMAIL,PHONE,HIRE_DATE,POSITION,AUTHORITY,STATUS,QUIT_DATE,ADDRESS,ZIP_CODE,EMPLOYMENT_TYPE,BANK_NAME,ACCOUNT_NUM,PROFILE_IMAGE,MEMO,REGISTER_DATE,UPDATE_DATE,COMPANY_NUM,DEPARTMENT_NUM) values (241,'250304025','$2a$10$k4pGuswwdt3oEqdIkyTDyeJhOJ5KZAB/55QiKiiOVSj..mti9TLhG','권나윤','941204-$2a$10$Y7hO7oVapIwk4KiF1RoYGOF1FMvHaX4ukxiPhC5SwUkIDJmrRW1fe','yungnk1234@gmail.com','010-4546-1215',to_date('25/03/04','RR/MM/DD'),'PO003','AU002','ST001',null,'서울시 마포구 독막로 328 (합정동 DMC타워 12층)','04051','ET001',null,null,'/image/962f5fbe-434a-400c-a800-02905564b4a8_권나윤.webp',null,to_date('25/03/04','RR/MM/DD'),to_date('25/03/04','RR/MM/DD'),45,30);
Insert into HR_EMPLOYEE (EMPLOYEE_NUM,EMPLOYEE_ID,EMPLOYEE_PW,EMPLOYEE_NAME,SSN,EMAIL,PHONE,HIRE_DATE,POSITION,AUTHORITY,STATUS,QUIT_DATE,ADDRESS,ZIP_CODE,EMPLOYMENT_TYPE,BANK_NAME,ACCOUNT_NUM,PROFILE_IMAGE,MEMO,REGISTER_DATE,UPDATE_DATE,COMPANY_NUM,DEPARTMENT_NUM) values (322,'250305030','$2a$10$Pkhy0WJyWCGxHu0YAXLrc.L7hSYjbJIY6QUAG9DB5MtgMQnskVScK','강동원','891212-$2a$10$rFUhpae7q/BSm58UEiKzoe3aHDjNg312o6q.88/tnjAmTVU4eEcN2','kang83@daum.net','010-8964-1253',to_date('25/03/05','RR/MM/DD'),'PO002','AU004','ST001',null,'서울시 강남구 논현로 636 (논현동 대우빌딩 5층)','06050','ET001',null,null,'/image/8d1e8e63-94b7-484b-bcc4-c6b513fa1f3c_강동원.webp',null,to_date('25/03/05','RR/MM/DD'),to_date('25/03/05','RR/MM/DD'),45,16);
REM INSERTING into HR_EMPLOYEE_CONTRACT
SET DEFINE OFF;
Insert into HR_EMPLOYEE_CONTRACT (CONTRACT_NUM,EMPLOYEE_NUM,COMPANY_NUM,DEPARTMENT_NUM,POSITION,CONTRACT_TYPE,CONTRACT_START_DATE,CONTRACT_END_DATE,WORK_LOCATION,JOB_DESCRIPTION,WORK_START_TIME,WORK_END_TIME,WORK_HOURS,BREAK_START_TIME,BREAK_END_TIME,PROBATION_PERIOD,CONTRACT_STATUS,TERMINATION_REASON,CONTRACT_FILE_PATH,REGISTER_DATE,UPDATE_DATE,ANNUAL_SALARY,BONUS,ADDITIONAL_PAY,WORK_DAYS,ANNUAL_LEAVE_POLICY,SOCIAL_INSURANCE,PAYMENT_METHOD,SALARY_PAYMENT_DATE,MONTHLY_SALARY) values (32,161,45,3,'사원','ET001',to_date('25/03/07','RR/MM/DD'),to_date('26/02/26','RR/MM/DD'),'본사 - IT팀',null,'09:00','18:00',8,'13:00','14:00',0,'CS001',null,null,to_date('25/02/28','RR/MM/DD'),to_date('25/02/28','RR/MM/DD'),40000000,0,0,'월~금','근로기준법에 따라 자동 부여됩니다.','고용보험,산재보험','계좌이체',25,3333333);
Insert into HR_EMPLOYEE_CONTRACT (CONTRACT_NUM,EMPLOYEE_NUM,COMPANY_NUM,DEPARTMENT_NUM,POSITION,CONTRACT_TYPE,CONTRACT_START_DATE,CONTRACT_END_DATE,WORK_LOCATION,JOB_DESCRIPTION,WORK_START_TIME,WORK_END_TIME,WORK_HOURS,BREAK_START_TIME,BREAK_END_TIME,PROBATION_PERIOD,CONTRACT_STATUS,TERMINATION_REASON,CONTRACT_FILE_PATH,REGISTER_DATE,UPDATE_DATE,ANNUAL_SALARY,BONUS,ADDITIONAL_PAY,WORK_DAYS,ANNUAL_LEAVE_POLICY,SOCIAL_INSURANCE,PAYMENT_METHOD,SALARY_PAYMENT_DATE,MONTHLY_SALARY) values (53,461,45,23,'사원','ET001',to_date('25/03/14','RR/MM/DD'),to_date('26/03/13','RR/MM/DD'),'본사 - IT팀',null,'09:00','18:00',8,'12:30','13:30',0,'CS001',null,null,to_date('25/03/07','RR/MM/DD'),to_date('25/03/07','RR/MM/DD'),40000000,0,0,'월~금','근로기준법에 따라 자동 부여됩니다.','고용보험,산재보험,국민연금,건강보험','계좌이체',25,3333333);
Insert into HR_EMPLOYEE_CONTRACT (CONTRACT_NUM,EMPLOYEE_NUM,COMPANY_NUM,DEPARTMENT_NUM,POSITION,CONTRACT_TYPE,CONTRACT_START_DATE,CONTRACT_END_DATE,WORK_LOCATION,JOB_DESCRIPTION,WORK_START_TIME,WORK_END_TIME,WORK_HOURS,BREAK_START_TIME,BREAK_END_TIME,PROBATION_PERIOD,CONTRACT_STATUS,TERMINATION_REASON,CONTRACT_FILE_PATH,REGISTER_DATE,UPDATE_DATE,ANNUAL_SALARY,BONUS,ADDITIONAL_PAY,WORK_DAYS,ANNUAL_LEAVE_POLICY,SOCIAL_INSURANCE,PAYMENT_METHOD,SALARY_PAYMENT_DATE,MONTHLY_SALARY) values (64,322,45,16,'주임','ET001',to_date('25/03/11','RR/MM/DD'),to_date('26/03/10','RR/MM/DD'),'본사 - 회계팀','업무 내용업무 내용업무 내용업무 내용업무 내용','09:00','18:00',8,'11:18','11:19',0,'CS001',null,null,to_date('25/03/11','RR/MM/DD'),to_date('25/03/11','RR/MM/DD'),60000000,0,0,'월~금','근로기준법에 따라 자동 부여됩니다.',null,'계좌이체',25,5000000);
Insert into HR_EMPLOYEE_CONTRACT (CONTRACT_NUM,EMPLOYEE_NUM,COMPANY_NUM,DEPARTMENT_NUM,POSITION,CONTRACT_TYPE,CONTRACT_START_DATE,CONTRACT_END_DATE,WORK_LOCATION,JOB_DESCRIPTION,WORK_START_TIME,WORK_END_TIME,WORK_HOURS,BREAK_START_TIME,BREAK_END_TIME,PROBATION_PERIOD,CONTRACT_STATUS,TERMINATION_REASON,CONTRACT_FILE_PATH,REGISTER_DATE,UPDATE_DATE,ANNUAL_SALARY,BONUS,ADDITIONAL_PAY,WORK_DAYS,ANNUAL_LEAVE_POLICY,SOCIAL_INSURANCE,PAYMENT_METHOD,SALARY_PAYMENT_DATE,MONTHLY_SALARY) values (23,61,1,3,'사원','ET002',to_date('25/02/26','RR/MM/DD'),to_date('25/02/27','RR/MM/DD'),'본사 - IT팀','매니저','09:00','18:00',8,'18:48','18:49',0,'CS001',null,null,to_date('25/02/26','RR/MM/DD'),to_date('25/02/26','RR/MM/DD'),50000000,10000000,0,'월~금','근로기준법에 따라 자동 부여됩니다.','산재보험','계좌이체',20,4166667);
Insert into HR_EMPLOYEE_CONTRACT (CONTRACT_NUM,EMPLOYEE_NUM,COMPANY_NUM,DEPARTMENT_NUM,POSITION,CONTRACT_TYPE,CONTRACT_START_DATE,CONTRACT_END_DATE,WORK_LOCATION,JOB_DESCRIPTION,WORK_START_TIME,WORK_END_TIME,WORK_HOURS,BREAK_START_TIME,BREAK_END_TIME,PROBATION_PERIOD,CONTRACT_STATUS,TERMINATION_REASON,CONTRACT_FILE_PATH,REGISTER_DATE,UPDATE_DATE,ANNUAL_SALARY,BONUS,ADDITIONAL_PAY,WORK_DAYS,ANNUAL_LEAVE_POLICY,SOCIAL_INSURANCE,PAYMENT_METHOD,SALARY_PAYMENT_DATE,MONTHLY_SALARY) values (31,2,1,6,'주임','ET001',to_date('25/02/27','RR/MM/DD'),to_date('25/02/28','RR/MM/DD'),'지점 - 홍대점','주임','09:00','18:00',8,'15:20','15:21',0,'CS001',null,null,to_date('25/02/27','RR/MM/DD'),to_date('25/02/27','RR/MM/DD'),50000000,1200000,13000,'월~금','근로기준법에 따라 자동 부여됩니다.','산재보험','직접지급',25,4166667);
Insert into HR_EMPLOYEE_CONTRACT (CONTRACT_NUM,EMPLOYEE_NUM,COMPANY_NUM,DEPARTMENT_NUM,POSITION,CONTRACT_TYPE,CONTRACT_START_DATE,CONTRACT_END_DATE,WORK_LOCATION,JOB_DESCRIPTION,WORK_START_TIME,WORK_END_TIME,WORK_HOURS,BREAK_START_TIME,BREAK_END_TIME,PROBATION_PERIOD,CONTRACT_STATUS,TERMINATION_REASON,CONTRACT_FILE_PATH,REGISTER_DATE,UPDATE_DATE,ANNUAL_SALARY,BONUS,ADDITIONAL_PAY,WORK_DAYS,ANNUAL_LEAVE_POLICY,SOCIAL_INSURANCE,PAYMENT_METHOD,SALARY_PAYMENT_DATE,MONTHLY_SALARY) values (33,261,45,29,'사원','ET001',to_date('25/03/05','RR/MM/DD'),to_date('26/03/04','RR/MM/DD'),'본사 - 개발팀','백엔드 개발','09:00','18:00',8,'00:00','13:00',0,'CS001',null,null,to_date('25/03/05','RR/MM/DD'),to_date('25/03/05','RR/MM/DD'),50000000,0,0,'월~금','근로기준법에 따라 자동 부여됩니다.','고용보험,산재보험,국민연금,건강보험','계좌이체',25,4166667);
Insert into HR_EMPLOYEE_CONTRACT (CONTRACT_NUM,EMPLOYEE_NUM,COMPANY_NUM,DEPARTMENT_NUM,POSITION,CONTRACT_TYPE,CONTRACT_START_DATE,CONTRACT_END_DATE,WORK_LOCATION,JOB_DESCRIPTION,WORK_START_TIME,WORK_END_TIME,WORK_HOURS,BREAK_START_TIME,BREAK_END_TIME,PROBATION_PERIOD,CONTRACT_STATUS,TERMINATION_REASON,CONTRACT_FILE_PATH,REGISTER_DATE,UPDATE_DATE,ANNUAL_SALARY,BONUS,ADDITIONAL_PAY,WORK_DAYS,ANNUAL_LEAVE_POLICY,SOCIAL_INSURANCE,PAYMENT_METHOD,SALARY_PAYMENT_DATE,MONTHLY_SALARY) values (52,381,45,23,'사원','ET001',to_date('25/03/07','RR/MM/DD'),to_date('25/06/06','RR/MM/DD'),'본사 - IT팀',null,'09:00','18:00',8,'12:30','13:30',0,'CS001',null,null,to_date('25/03/07','RR/MM/DD'),to_date('25/03/07','RR/MM/DD'),30000000,0,0,'월~금','근로기준법에 따라 자동 부여됩니다.','고용보험,산재보험,국민연금,건강보험','계좌이체',25,2500000);
Insert into HR_EMPLOYEE_CONTRACT (CONTRACT_NUM,EMPLOYEE_NUM,COMPANY_NUM,DEPARTMENT_NUM,POSITION,CONTRACT_TYPE,CONTRACT_START_DATE,CONTRACT_END_DATE,WORK_LOCATION,JOB_DESCRIPTION,WORK_START_TIME,WORK_END_TIME,WORK_HOURS,BREAK_START_TIME,BREAK_END_TIME,PROBATION_PERIOD,CONTRACT_STATUS,TERMINATION_REASON,CONTRACT_FILE_PATH,REGISTER_DATE,UPDATE_DATE,ANNUAL_SALARY,BONUS,ADDITIONAL_PAY,WORK_DAYS,ANNUAL_LEAVE_POLICY,SOCIAL_INSURANCE,PAYMENT_METHOD,SALARY_PAYMENT_DATE,MONTHLY_SALARY) values (66,301,45,14,'사원','ET001',to_date('25/03/13','RR/MM/DD'),to_date('26/03/12','RR/MM/DD'),'본사 - 인사팀','직원 입퇴사 및 운용업무','09:00','18:00',8,'00:30','01:30',0,'CS001',null,null,to_date('25/03/12','RR/MM/DD'),to_date('25/03/12','RR/MM/DD'),60000000,0,0,'월~금','근로기준법에 따라 자동 부여됩니다.','고용보험,산재보험,국민연금,건강보험','계좌이체',25,5000000);
Insert into HR_EMPLOYEE_CONTRACT (CONTRACT_NUM,EMPLOYEE_NUM,COMPANY_NUM,DEPARTMENT_NUM,POSITION,CONTRACT_TYPE,CONTRACT_START_DATE,CONTRACT_END_DATE,WORK_LOCATION,JOB_DESCRIPTION,WORK_START_TIME,WORK_END_TIME,WORK_HOURS,BREAK_START_TIME,BREAK_END_TIME,PROBATION_PERIOD,CONTRACT_STATUS,TERMINATION_REASON,CONTRACT_FILE_PATH,REGISTER_DATE,UPDATE_DATE,ANNUAL_SALARY,BONUS,ADDITIONAL_PAY,WORK_DAYS,ANNUAL_LEAVE_POLICY,SOCIAL_INSURANCE,PAYMENT_METHOD,SALARY_PAYMENT_DATE,MONTHLY_SALARY) values (18,1,1,7,'사원','ET001',to_date('25/02/26','RR/MM/DD'),to_date('25/02/27','RR/MM/DD'),'지점 - 부산점','당당','09:00','18:00',8,'13:03','13:07',0,'CS001',null,null,to_date('25/02/26','RR/MM/DD'),to_date('25/02/26','RR/MM/DD'),60000000,0,0,'월~금','근로기준법에 따라 자동 부여됩니다.',null,'계좌이체',31,5000000);
Insert into HR_EMPLOYEE_CONTRACT (CONTRACT_NUM,EMPLOYEE_NUM,COMPANY_NUM,DEPARTMENT_NUM,POSITION,CONTRACT_TYPE,CONTRACT_START_DATE,CONTRACT_END_DATE,WORK_LOCATION,JOB_DESCRIPTION,WORK_START_TIME,WORK_END_TIME,WORK_HOURS,BREAK_START_TIME,BREAK_END_TIME,PROBATION_PERIOD,CONTRACT_STATUS,TERMINATION_REASON,CONTRACT_FILE_PATH,REGISTER_DATE,UPDATE_DATE,ANNUAL_SALARY,BONUS,ADDITIONAL_PAY,WORK_DAYS,ANNUAL_LEAVE_POLICY,SOCIAL_INSURANCE,PAYMENT_METHOD,SALARY_PAYMENT_DATE,MONTHLY_SALARY) values (37,281,45,14,'팀장','ET001',to_date('25/03/05','RR/MM/DD'),to_date('26/03/04','RR/MM/DD'),'본사 - 인사팀','관리자','09:00','18:00',8,'13:00','14:00',0,'CS001',null,null,to_date('25/03/06','RR/MM/DD'),to_date('25/03/06','RR/MM/DD'),50000000,0,0,'월~금','근로기준법에 따라 자동 부여됩니다.','고용보험,산재보험','계좌이체',25,4166667);
REM INSERTING into HR_EMPLOYEE_HISTORY
SET DEFINE OFF;
Insert into HR_EMPLOYEE_HISTORY (HISTORY_NUM,EMPLOYEE_NUM,COMPANY_NUM,PREVIOUS_POSITION,NEW_POSITION,PREVIOUS_DEPARTMENT_NUM,NEW_DEPARTMENT_NUM,PREVIOUS_EMPLOYMENT_TYPE,NEW_EMPLOYMENT_TYPE,REGISTER_DATE,UPDATE_DATE) values (9,3,2,'PO001','PO002',27,10,'ET001','ET002',to_date('25/03/04','RR/MM/DD'),to_date('25/03/04','RR/MM/DD'));
Insert into HR_EMPLOYEE_HISTORY (HISTORY_NUM,EMPLOYEE_NUM,COMPANY_NUM,PREVIOUS_POSITION,NEW_POSITION,PREVIOUS_DEPARTMENT_NUM,NEW_DEPARTMENT_NUM,PREVIOUS_EMPLOYMENT_TYPE,NEW_EMPLOYMENT_TYPE,REGISTER_DATE,UPDATE_DATE) values (10,4,2,'PO002','PO003',3,5,'ET002','ET002',to_date('25/03/04','RR/MM/DD'),to_date('25/03/04','RR/MM/DD'));
Insert into HR_EMPLOYEE_HISTORY (HISTORY_NUM,EMPLOYEE_NUM,COMPANY_NUM,PREVIOUS_POSITION,NEW_POSITION,PREVIOUS_DEPARTMENT_NUM,NEW_DEPARTMENT_NUM,PREVIOUS_EMPLOYMENT_TYPE,NEW_EMPLOYMENT_TYPE,REGISTER_DATE,UPDATE_DATE) values (11,5,3,'PO001','PO001',4,9,'ET001','ET002',to_date('25/03/04','RR/MM/DD'),to_date('25/03/04','RR/MM/DD'));
Insert into HR_EMPLOYEE_HISTORY (HISTORY_NUM,EMPLOYEE_NUM,COMPANY_NUM,PREVIOUS_POSITION,NEW_POSITION,PREVIOUS_DEPARTMENT_NUM,NEW_DEPARTMENT_NUM,PREVIOUS_EMPLOYMENT_TYPE,NEW_EMPLOYMENT_TYPE,REGISTER_DATE,UPDATE_DATE) values (12,6,3,'PO002','PO004',2,7,'ET002','ET002',to_date('25/03/04','RR/MM/DD'),to_date('25/03/04','RR/MM/DD'));
Insert into HR_EMPLOYEE_HISTORY (HISTORY_NUM,EMPLOYEE_NUM,COMPANY_NUM,PREVIOUS_POSITION,NEW_POSITION,PREVIOUS_DEPARTMENT_NUM,NEW_DEPARTMENT_NUM,PREVIOUS_EMPLOYMENT_TYPE,NEW_EMPLOYMENT_TYPE,REGISTER_DATE,UPDATE_DATE) values (13,48,1,'PO009','PO005',4,8,'ET002','ET001',to_date('25/03/04','RR/MM/DD'),to_date('25/03/04','RR/MM/DD'));
Insert into HR_EMPLOYEE_HISTORY (HISTORY_NUM,EMPLOYEE_NUM,COMPANY_NUM,PREVIOUS_POSITION,NEW_POSITION,PREVIOUS_DEPARTMENT_NUM,NEW_DEPARTMENT_NUM,PREVIOUS_EMPLOYMENT_TYPE,NEW_EMPLOYMENT_TYPE,REGISTER_DATE,UPDATE_DATE) values (14,144,1,'PO001','PO002',9,10,'ET001','ET002',to_date('25/03/04','RR/MM/DD'),to_date('25/03/04','RR/MM/DD'));
Insert into HR_EMPLOYEE_HISTORY (HISTORY_NUM,EMPLOYEE_NUM,COMPANY_NUM,PREVIOUS_POSITION,NEW_POSITION,PREVIOUS_DEPARTMENT_NUM,NEW_DEPARTMENT_NUM,PREVIOUS_EMPLOYMENT_TYPE,NEW_EMPLOYMENT_TYPE,REGISTER_DATE,UPDATE_DATE) values (15,161,45,'PO001','PO003',21,15,'ET001','ET002',to_date('25/03/04','RR/MM/DD'),to_date('25/03/04','RR/MM/DD'));
Insert into HR_EMPLOYEE_HISTORY (HISTORY_NUM,EMPLOYEE_NUM,COMPANY_NUM,PREVIOUS_POSITION,NEW_POSITION,PREVIOUS_DEPARTMENT_NUM,NEW_DEPARTMENT_NUM,PREVIOUS_EMPLOYMENT_TYPE,NEW_EMPLOYMENT_TYPE,REGISTER_DATE,UPDATE_DATE) values (16,183,1,'PO002','PO004',3,12,'ET002','ET002',to_date('25/03/04','RR/MM/DD'),to_date('25/03/04','RR/MM/DD'));
Insert into HR_EMPLOYEE_HISTORY (HISTORY_NUM,EMPLOYEE_NUM,COMPANY_NUM,PREVIOUS_POSITION,NEW_POSITION,PREVIOUS_DEPARTMENT_NUM,NEW_DEPARTMENT_NUM,PREVIOUS_EMPLOYMENT_TYPE,NEW_EMPLOYMENT_TYPE,REGISTER_DATE,UPDATE_DATE) values (17,185,45,'PO003','PO005',15,20,'ET001','ET002',to_date('25/03/04','RR/MM/DD'),to_date('25/03/04','RR/MM/DD'));
Insert into HR_EMPLOYEE_HISTORY (HISTORY_NUM,EMPLOYEE_NUM,COMPANY_NUM,PREVIOUS_POSITION,NEW_POSITION,PREVIOUS_DEPARTMENT_NUM,NEW_DEPARTMENT_NUM,PREVIOUS_EMPLOYMENT_TYPE,NEW_EMPLOYMENT_TYPE,REGISTER_DATE,UPDATE_DATE) values (18,203,1,'PO001','PO002',3,11,'ET001','ET001',to_date('25/03/04','RR/MM/DD'),to_date('25/03/04','RR/MM/DD'));
REM INSERTING into HR_REJECTION_LOG
SET DEFINE OFF;
Insert into HR_REJECTION_LOG (REJECTION_NUM,INTERNAL_APPROVAL_ID,REJECTED_BY,REJECTED_REASON,REJECTED_DATE,EMPLOYEE_NUM,COMPANY_NUM) values (1,1,2,'요청 서류 미비',to_date('25/02/12','RR/MM/DD'),1,1);
REM INSERTING into LOGIN
SET DEFINE OFF;
REM INSERTING into PURCHSE_GOODS
SET DEFINE OFF;
Insert into PURCHSE_GOODS (GOODS_NUM,GOODS_NAME,GOODS_COST,GOODS_CODE,GOODS_PRICE,GOODS_SUPPLY_PRICE,GOODS_STANDARD,GOODS_DESCRIPTION,GOODS_IMAGE,GOODS_USE_FLAG,CLASSIFICATION_ID,BRAND_ID,EMPLOYEE_NUM,VENDOR_ID,COMPANY_NUM) values (238,'코오롱 향수',4000,'BSHC237',492000,4240,'1box 6piece',null,'30ad863e-2f26-4260-bb81-3f0a51cfb9f9.jpg',0,9,6,241,9,45);
Insert into PURCHSE_GOODS (GOODS_NUM,GOODS_NAME,GOODS_COST,GOODS_CODE,GOODS_PRICE,GOODS_SUPPLY_PRICE,GOODS_STANDARD,GOODS_DESCRIPTION,GOODS_IMAGE,GOODS_USE_FLAG,CLASSIFICATION_ID,BRAND_ID,EMPLOYEE_NUM,VENDOR_ID,COMPANY_NUM) values (239,'스위트 라이크 캔디 향수',2000,'BFHB238',138000,2100,'1box 2piece',null,'e9df8bd7-cb22-45f7-8a2d-43d48604fc90.jpg',0,14,5,241,11,45);
Insert into PURCHSE_GOODS (GOODS_NUM,GOODS_NAME,GOODS_COST,GOODS_CODE,GOODS_PRICE,GOODS_SUPPLY_PRICE,GOODS_STANDARD,GOODS_DESCRIPTION,GOODS_IMAGE,GOODS_USE_FLAG,CLASSIFICATION_ID,BRAND_ID,EMPLOYEE_NUM,VENDOR_ID,COMPANY_NUM) values (1,'헤라글로우 틴트',15000,'LH001',58800,16050,'1box6piece',null,null,0,1,1,1,16,1);
Insert into PURCHSE_GOODS (GOODS_NUM,GOODS_NAME,GOODS_COST,GOODS_CODE,GOODS_PRICE,GOODS_SUPPLY_PRICE,GOODS_STANDARD,GOODS_DESCRIPTION,GOODS_IMAGE,GOODS_USE_FLAG,CLASSIFICATION_ID,BRAND_ID,EMPLOYEE_NUM,VENDOR_ID,COMPANY_NUM) values (3,'탱글 틴트',10000,'MLIS2',56000,250000,'1box 6piece','이니스프리직영공장',null,0,3,3,1,8,1);
Insert into PURCHSE_GOODS (GOODS_NUM,GOODS_NAME,GOODS_COST,GOODS_CODE,GOODS_PRICE,GOODS_SUPPLY_PRICE,GOODS_STANDARD,GOODS_DESCRIPTION,GOODS_IMAGE,GOODS_USE_FLAG,CLASSIFICATION_ID,BRAND_ID,EMPLOYEE_NUM,VENDOR_ID,COMPANY_NUM) values (165,'스무스 리퀴드 아이라이너',1500000,'MLIS164',45000,1575000,'1box 4piece',null,null,0,8,3,1,17,1);
Insert into PURCHSE_GOODS (GOODS_NUM,GOODS_NAME,GOODS_COST,GOODS_CODE,GOODS_PRICE,GOODS_SUPPLY_PRICE,GOODS_STANDARD,GOODS_DESCRIPTION,GOODS_IMAGE,GOODS_USE_FLAG,CLASSIFICATION_ID,BRAND_ID,EMPLOYEE_NUM,VENDOR_ID,COMPANY_NUM) values (180,'히알루론산 세럼 ',1000,'BSHC179',132000,1050,'1box 6piece','고정발주필요','36ce0a52-ba52-46f5-8b94-02fd7680cdc0.jpg',0,9,6,241,17,45);
Insert into PURCHSE_GOODS (GOODS_NUM,GOODS_NAME,GOODS_COST,GOODS_CODE,GOODS_PRICE,GOODS_SUPPLY_PRICE,GOODS_STANDARD,GOODS_DESCRIPTION,GOODS_IMAGE,GOODS_USE_FLAG,CLASSIFICATION_ID,BRAND_ID,EMPLOYEE_NUM,VENDOR_ID,COMPANY_NUM) values (181,'볼류밍 글로스',10000,'MLIS180',108000,10500,'1box 6piece',null,'6386ab68-2677-457d-ac40-0f9878c55e75.jpg',0,11,4,241,11,45);
Insert into PURCHSE_GOODS (GOODS_NUM,GOODS_NAME,GOODS_COST,GOODS_CODE,GOODS_PRICE,GOODS_SUPPLY_PRICE,GOODS_STANDARD,GOODS_DESCRIPTION,GOODS_IMAGE,GOODS_USE_FLAG,CLASSIFICATION_ID,BRAND_ID,EMPLOYEE_NUM,VENDOR_ID,COMPANY_NUM) values (211,'아티산/아티산블랙 향수',1000,'BFHB210',66000,1070,'1box 2piece','dsfsfsf','b5095469-f188-413b-9a43-f6a08dc1ef10.jpg',0,14,5,241,16,45);
Insert into PURCHSE_GOODS (GOODS_NUM,GOODS_NAME,GOODS_COST,GOODS_CODE,GOODS_PRICE,GOODS_SUPPLY_PRICE,GOODS_STANDARD,GOODS_DESCRIPTION,GOODS_IMAGE,GOODS_USE_FLAG,CLASSIFICATION_ID,BRAND_ID,EMPLOYEE_NUM,VENDOR_ID,COMPANY_NUM) values (33,'프로아이 팔레트',12000,'BFHR32',45000,200000,'1box 4piece','클리오 신상 재업',null,0,6,4,1,8,1);
Insert into PURCHSE_GOODS (GOODS_NUM,GOODS_NAME,GOODS_COST,GOODS_CODE,GOODS_PRICE,GOODS_SUPPLY_PRICE,GOODS_STANDARD,GOODS_DESCRIPTION,GOODS_IMAGE,GOODS_USE_FLAG,CLASSIFICATION_ID,BRAND_ID,EMPLOYEE_NUM,VENDOR_ID,COMPANY_NUM) values (168,'스틱레브르 오리지널 립밤',15415415,'BSIS167',50000,16648648,'1box 4piece',null,null,0,1,2,1,15,1);
Insert into PURCHSE_GOODS (GOODS_NUM,GOODS_NAME,GOODS_COST,GOODS_CODE,GOODS_PRICE,GOODS_SUPPLY_PRICE,GOODS_STANDARD,GOODS_DESCRIPTION,GOODS_IMAGE,GOODS_USE_FLAG,CLASSIFICATION_ID,BRAND_ID,EMPLOYEE_NUM,VENDOR_ID,COMPANY_NUM) values (166,'글로우 바이제이로 향수',150000,'BSIS165',30000,160500,'1box 2piece',null,null,0,1,2,1,16,1);
Insert into PURCHSE_GOODS (GOODS_NUM,GOODS_NAME,GOODS_COST,GOODS_CODE,GOODS_PRICE,GOODS_SUPPLY_PRICE,GOODS_STANDARD,GOODS_DESCRIPTION,GOODS_IMAGE,GOODS_USE_FLAG,CLASSIFICATION_ID,BRAND_ID,EMPLOYEE_NUM,VENDOR_ID,COMPANY_NUM) values (167,'프리지아 오드코롱 향수',156454,'BFIS166',70000,165841,'1box 4piece',null,null,0,6,3,1,14,1);
Insert into PURCHSE_GOODS (GOODS_NUM,GOODS_NAME,GOODS_COST,GOODS_CODE,GOODS_PRICE,GOODS_SUPPLY_PRICE,GOODS_STANDARD,GOODS_DESCRIPTION,GOODS_IMAGE,GOODS_USE_FLAG,CLASSIFICATION_ID,BRAND_ID,EMPLOYEE_NUM,VENDOR_ID,COMPANY_NUM) values (11,'히알루론산 세럼 ',10000,'BSIS10',56000,15000,'1box 6piece','광주공장에 위치 주요 발주예정',null,0,7,3,1,9,1);
Insert into PURCHSE_GOODS (GOODS_NUM,GOODS_NAME,GOODS_COST,GOODS_CODE,GOODS_PRICE,GOODS_SUPPLY_PRICE,GOODS_STANDARD,GOODS_DESCRIPTION,GOODS_IMAGE,GOODS_USE_FLAG,CLASSIFICATION_ID,BRAND_ID,EMPLOYEE_NUM,VENDOR_ID,COMPANY_NUM) values (12,'블러글로이립 틴트',10000,'MLHR11',65000,15000,'1box 6piece',null,null,0,8,4,1,9,1);
REM INSERTING into PURCHSE_OPTION
SET DEFINE OFF;
Insert into PURCHSE_OPTION (OPTION_NUM,OPTION_CODE,OPTION_NAME,OPTION_SAFETY_INVOICE,OPTION_USE_FLAG,WAREHOUSE_ID,GOODS_NUM,COMPANY_NUM,OPTION_BARCODE) values (323,'LH001321','111호사과잼',0,0,0,1,0,'161323000000');
Insert into PURCHSE_OPTION (OPTION_NUM,OPTION_CODE,OPTION_NAME,OPTION_SAFETY_INVOICE,OPTION_USE_FLAG,WAREHOUSE_ID,GOODS_NUM,COMPANY_NUM,OPTION_BARCODE) values (326,'LH001324','123호딸기잼',0,0,0,1,0,'161326000000');
Insert into PURCHSE_OPTION (OPTION_NUM,OPTION_CODE,OPTION_NAME,OPTION_SAFETY_INVOICE,OPTION_USE_FLAG,WAREHOUSE_ID,GOODS_NUM,COMPANY_NUM,OPTION_BARCODE) values (555,'BSHC237553','단건',0,0,5,238,45,'9238555000000');
Insert into PURCHSE_OPTION (OPTION_NUM,OPTION_CODE,OPTION_NAME,OPTION_SAFETY_INVOICE,OPTION_USE_FLAG,WAREHOUSE_ID,GOODS_NUM,COMPANY_NUM,OPTION_BARCODE) values (556,'BFHB238554','단건',0,0,5,239,45,'11239556000000');
Insert into PURCHSE_OPTION (OPTION_NUM,OPTION_CODE,OPTION_NAME,OPTION_SAFETY_INVOICE,OPTION_USE_FLAG,WAREHOUSE_ID,GOODS_NUM,COMPANY_NUM,OPTION_BARCODE) values (1,'LH0011','422호스피치리스',105,0,4,1,1,'15153306000000');
Insert into PURCHSE_OPTION (OPTION_NUM,OPTION_CODE,OPTION_NAME,OPTION_SAFETY_INVOICE,OPTION_USE_FLAG,WAREHOUSE_ID,GOODS_NUM,COMPANY_NUM,OPTION_BARCODE) values (2,'LH0012','308호체리쉬',0,0,0,1,1,'15153306000000');
Insert into PURCHSE_OPTION (OPTION_NUM,OPTION_CODE,OPTION_NAME,OPTION_SAFETY_INVOICE,OPTION_USE_FLAG,WAREHOUSE_ID,GOODS_NUM,COMPANY_NUM,OPTION_BARCODE) values (5,'MLIS23','1호',0,0,4,3,1,'DEFAULT_VALUE');
Insert into PURCHSE_OPTION (OPTION_NUM,OPTION_CODE,OPTION_NAME,OPTION_SAFETY_INVOICE,OPTION_USE_FLAG,WAREHOUSE_ID,GOODS_NUM,COMPANY_NUM,OPTION_BARCODE) values (6,'MLIS24','2호',0,0,4,3,1,'DEFAULT_VALUE');
Insert into PURCHSE_OPTION (OPTION_NUM,OPTION_CODE,OPTION_NAME,OPTION_SAFETY_INVOICE,OPTION_USE_FLAG,WAREHOUSE_ID,GOODS_NUM,COMPANY_NUM,OPTION_BARCODE) values (409,'MLIS164407','브라운',0,0,4,165,1,'17165409000000');
Insert into PURCHSE_OPTION (OPTION_NUM,OPTION_CODE,OPTION_NAME,OPTION_SAFETY_INVOICE,OPTION_USE_FLAG,WAREHOUSE_ID,GOODS_NUM,COMPANY_NUM,OPTION_BARCODE) values (408,'MLIS164406','블랙',0,0,4,165,1,'17165408000000');
Insert into PURCHSE_OPTION (OPTION_NUM,OPTION_CODE,OPTION_NAME,OPTION_SAFETY_INVOICE,OPTION_USE_FLAG,WAREHOUSE_ID,GOODS_NUM,COMPANY_NUM,OPTION_BARCODE) values (435,'BSHC179433','단건',0,0,6,180,45,'17180435000000');
Insert into PURCHSE_OPTION (OPTION_NUM,OPTION_CODE,OPTION_NAME,OPTION_SAFETY_INVOICE,OPTION_USE_FLAG,WAREHOUSE_ID,GOODS_NUM,COMPANY_NUM,OPTION_BARCODE) values (436,'MLIS180434','캔디',0,0,5,181,45,'11181436000000');
Insert into PURCHSE_OPTION (OPTION_NUM,OPTION_CODE,OPTION_NAME,OPTION_SAFETY_INVOICE,OPTION_USE_FLAG,WAREHOUSE_ID,GOODS_NUM,COMPANY_NUM,OPTION_BARCODE) values (437,'MLIS180435','앵두',0,0,5,181,45,'11181437000000');
Insert into PURCHSE_OPTION (OPTION_NUM,OPTION_CODE,OPTION_NAME,OPTION_SAFETY_INVOICE,OPTION_USE_FLAG,WAREHOUSE_ID,GOODS_NUM,COMPANY_NUM,OPTION_BARCODE) values (438,'MLIS180436','소르베',0,0,5,181,45,'11181438000000');
Insert into PURCHSE_OPTION (OPTION_NUM,OPTION_CODE,OPTION_NAME,OPTION_SAFETY_INVOICE,OPTION_USE_FLAG,WAREHOUSE_ID,GOODS_NUM,COMPANY_NUM,OPTION_BARCODE) values (439,'MLIS180437','바닐라',0,0,5,181,45,'11181439000000');
Insert into PURCHSE_OPTION (OPTION_NUM,OPTION_CODE,OPTION_NAME,OPTION_SAFETY_INVOICE,OPTION_USE_FLAG,WAREHOUSE_ID,GOODS_NUM,COMPANY_NUM,OPTION_BARCODE) values (502,'BFHB210500','단건',0,0,5,211,45,'16211502000000');
Insert into PURCHSE_OPTION (OPTION_NUM,OPTION_CODE,OPTION_NAME,OPTION_SAFETY_INVOICE,OPTION_USE_FLAG,WAREHOUSE_ID,GOODS_NUM,COMPANY_NUM,OPTION_BARCODE) values (65,'BFHR3263','01 로즈다이어리',0,0,3,33,1,'83365000000');
Insert into PURCHSE_OPTION (OPTION_NUM,OPTION_CODE,OPTION_NAME,OPTION_SAFETY_INVOICE,OPTION_USE_FLAG,WAREHOUSE_ID,GOODS_NUM,COMPANY_NUM,OPTION_BARCODE) values (66,'BFHR3264','02 로즈커넥트',0,0,4,33,1,'83366000000');
Insert into PURCHSE_OPTION (OPTION_NUM,OPTION_CODE,OPTION_NAME,OPTION_SAFETY_INVOICE,OPTION_USE_FLAG,WAREHOUSE_ID,GOODS_NUM,COMPANY_NUM,OPTION_BARCODE) values (67,'BFHR3265','03 핑크페어링',0,0,4,33,1,'83367000000');
Insert into PURCHSE_OPTION (OPTION_NUM,OPTION_CODE,OPTION_NAME,OPTION_SAFETY_INVOICE,OPTION_USE_FLAG,WAREHOUSE_ID,GOODS_NUM,COMPANY_NUM,OPTION_BARCODE) values (413,'BSIS167411','단건',0,0,3,168,1,'15168413000000');
Insert into PURCHSE_OPTION (OPTION_NUM,OPTION_CODE,OPTION_NAME,OPTION_SAFETY_INVOICE,OPTION_USE_FLAG,WAREHOUSE_ID,GOODS_NUM,COMPANY_NUM,OPTION_BARCODE) values (410,'BSIS165408','플로럴',0,0,5,166,1,'16166410000000');
Insert into PURCHSE_OPTION (OPTION_NUM,OPTION_CODE,OPTION_NAME,OPTION_SAFETY_INVOICE,OPTION_USE_FLAG,WAREHOUSE_ID,GOODS_NUM,COMPANY_NUM,OPTION_BARCODE) values (411,'BSIS165409','우디',0,0,5,166,1,'16166411000000');
Insert into PURCHSE_OPTION (OPTION_NUM,OPTION_CODE,OPTION_NAME,OPTION_SAFETY_INVOICE,OPTION_USE_FLAG,WAREHOUSE_ID,GOODS_NUM,COMPANY_NUM,OPTION_BARCODE) values (412,'BFIS166410','단건',0,0,3,167,1,'14167412000000');
Insert into PURCHSE_OPTION (OPTION_NUM,OPTION_CODE,OPTION_NAME,OPTION_SAFETY_INVOICE,OPTION_USE_FLAG,WAREHOUSE_ID,GOODS_NUM,COMPANY_NUM,OPTION_BARCODE) values (19,'BSIS1017','단건',0,0,2,11,1,'DEFAULT_VALUE');
Insert into PURCHSE_OPTION (OPTION_NUM,OPTION_CODE,OPTION_NAME,OPTION_SAFETY_INVOICE,OPTION_USE_FLAG,WAREHOUSE_ID,GOODS_NUM,COMPANY_NUM,OPTION_BARCODE) values (20,'MLHR1118','221 테메트 노스케',0,0,4,12,1,'DEFAULT_VALUE');
Insert into PURCHSE_OPTION (OPTION_NUM,OPTION_CODE,OPTION_NAME,OPTION_SAFETY_INVOICE,OPTION_USE_FLAG,WAREHOUSE_ID,GOODS_NUM,COMPANY_NUM,OPTION_BARCODE) values (21,'MLHR1119',' 222 피아트 룩스',0,0,4,12,1,'DEFAULT_VALUE');
Insert into PURCHSE_OPTION (OPTION_NUM,OPTION_CODE,OPTION_NAME,OPTION_SAFETY_INVOICE,OPTION_USE_FLAG,WAREHOUSE_ID,GOODS_NUM,COMPANY_NUM,OPTION_BARCODE) values (22,'MLHR1120',' 225 파시오',0,0,4,12,1,'DEFAULT_VALUE');
REM INSERTING into PURCHS_DISUSE_RECORD
SET DEFINE OFF;
REM INSERTING into PURCHS_GOODS_DISUSE
SET DEFINE OFF;
REM INSERTING into PURCHS_ORDER_PLAN_BODY
SET DEFINE OFF;
REM INSERTING into PURCHS_ORDER_PLAN_HEADER
SET DEFINE OFF;
REM INSERTING into PURCHS_PURCHASE_BODY
SET DEFINE OFF;
Insert into PURCHS_PURCHASE_BODY (PURCHASE_BODY_NUM,PURCHASE_QUANTITY,PURCHASE_UNIT_PRICE,PURCHASE_SUPPLY_PRICE,PURCHASE_VAT,PURCHASE_NUM,OPTION_NUM,ORDER_PLAN_BODY_NUM,COMPANY_NUM,GOODS_STANDARD) values (65,100,262500,26250000,2625000,202503070001,437,null,45,'1box 6piece');
Insert into PURCHS_PURCHASE_BODY (PURCHASE_BODY_NUM,PURCHASE_QUANTITY,PURCHASE_UNIT_PRICE,PURCHASE_SUPPLY_PRICE,PURCHASE_VAT,PURCHASE_NUM,OPTION_NUM,ORDER_PLAN_BODY_NUM,COMPANY_NUM,GOODS_STANDARD) values (66,1,4240,4240,424,202503090001,555,null,45,'1box 6piece');
Insert into PURCHS_PURCHASE_BODY (PURCHASE_BODY_NUM,PURCHASE_QUANTITY,PURCHASE_UNIT_PRICE,PURCHASE_SUPPLY_PRICE,PURCHASE_VAT,PURCHASE_NUM,OPTION_NUM,ORDER_PLAN_BODY_NUM,COMPANY_NUM,GOODS_STANDARD) values (82,10,4240,42400,4240,202503120008,555,null,45,'1box 6piece');
Insert into PURCHS_PURCHASE_BODY (PURCHASE_BODY_NUM,PURCHASE_QUANTITY,PURCHASE_UNIT_PRICE,PURCHASE_SUPPLY_PRICE,PURCHASE_VAT,PURCHASE_NUM,OPTION_NUM,ORDER_PLAN_BODY_NUM,COMPANY_NUM,GOODS_STANDARD) values (83,10,10500,105000,10500,202503120009,436,null,45,'1box 6piece');
Insert into PURCHS_PURCHASE_BODY (PURCHASE_BODY_NUM,PURCHASE_QUANTITY,PURCHASE_UNIT_PRICE,PURCHASE_SUPPLY_PRICE,PURCHASE_VAT,PURCHASE_NUM,OPTION_NUM,ORDER_PLAN_BODY_NUM,COMPANY_NUM,GOODS_STANDARD) values (67,100,262500,26250000,2625000,202503090002,439,null,45,'1box 6piece');
Insert into PURCHS_PURCHASE_BODY (PURCHASE_BODY_NUM,PURCHASE_QUANTITY,PURCHASE_UNIT_PRICE,PURCHASE_SUPPLY_PRICE,PURCHASE_VAT,PURCHASE_NUM,OPTION_NUM,ORDER_PLAN_BODY_NUM,COMPANY_NUM,GOODS_STANDARD) values (71,200,4240,848000,0,202503120001,555,null,45,'1box 6piece');
Insert into PURCHS_PURCHASE_BODY (PURCHASE_BODY_NUM,PURCHASE_QUANTITY,PURCHASE_UNIT_PRICE,PURCHASE_SUPPLY_PRICE,PURCHASE_VAT,PURCHASE_NUM,OPTION_NUM,ORDER_PLAN_BODY_NUM,COMPANY_NUM,GOODS_STANDARD) values (68,1000,262500,262500000,0,202503100001,436,null,45,'1box 6piece');
Insert into PURCHS_PURCHASE_BODY (PURCHASE_BODY_NUM,PURCHASE_QUANTITY,PURCHASE_UNIT_PRICE,PURCHASE_SUPPLY_PRICE,PURCHASE_VAT,PURCHASE_NUM,OPTION_NUM,ORDER_PLAN_BODY_NUM,COMPANY_NUM,GOODS_STANDARD) values (69,1000,262500,262500000,0,202503100001,438,null,45,'1box 6piece');
Insert into PURCHS_PURCHASE_BODY (PURCHASE_BODY_NUM,PURCHASE_QUANTITY,PURCHASE_UNIT_PRICE,PURCHASE_SUPPLY_PRICE,PURCHASE_VAT,PURCHASE_NUM,OPTION_NUM,ORDER_PLAN_BODY_NUM,COMPANY_NUM,GOODS_STANDARD) values (70,1000,477272,477272000,0,202503100001,556,null,45,'1box 2piece');
Insert into PURCHS_PURCHASE_BODY (PURCHASE_BODY_NUM,PURCHASE_QUANTITY,PURCHASE_UNIT_PRICE,PURCHASE_SUPPLY_PRICE,PURCHASE_VAT,PURCHASE_NUM,OPTION_NUM,ORDER_PLAN_BODY_NUM,COMPANY_NUM,GOODS_STANDARD) values (79,10,1050,10500,1050,202503120006,435,null,45,'1box 6piece');
Insert into PURCHS_PURCHASE_BODY (PURCHASE_BODY_NUM,PURCHASE_QUANTITY,PURCHASE_UNIT_PRICE,PURCHASE_SUPPLY_PRICE,PURCHASE_VAT,PURCHASE_NUM,OPTION_NUM,ORDER_PLAN_BODY_NUM,COMPANY_NUM,GOODS_STANDARD) values (76,10,4240,42400,4240,202503120003,555,null,45,'1box 6piece');
Insert into PURCHS_PURCHASE_BODY (PURCHASE_BODY_NUM,PURCHASE_QUANTITY,PURCHASE_UNIT_PRICE,PURCHASE_SUPPLY_PRICE,PURCHASE_VAT,PURCHASE_NUM,OPTION_NUM,ORDER_PLAN_BODY_NUM,COMPANY_NUM,GOODS_STANDARD) values (78,10,4240,42400,4240,202503120005,555,null,45,'1box 6piece');
Insert into PURCHS_PURCHASE_BODY (PURCHASE_BODY_NUM,PURCHASE_QUANTITY,PURCHASE_UNIT_PRICE,PURCHASE_SUPPLY_PRICE,PURCHASE_VAT,PURCHASE_NUM,OPTION_NUM,ORDER_PLAN_BODY_NUM,COMPANY_NUM,GOODS_STANDARD) values (80,10,10500,105000,10500,202503120007,436,null,45,'1box 6piece');
Insert into PURCHS_PURCHASE_BODY (PURCHASE_BODY_NUM,PURCHASE_QUANTITY,PURCHASE_UNIT_PRICE,PURCHASE_SUPPLY_PRICE,PURCHASE_VAT,PURCHASE_NUM,OPTION_NUM,ORDER_PLAN_BODY_NUM,COMPANY_NUM,GOODS_STANDARD) values (81,15,10500,157500,15750,202503120007,437,null,45,'1box 6piece');
Insert into PURCHS_PURCHASE_BODY (PURCHASE_BODY_NUM,PURCHASE_QUANTITY,PURCHASE_UNIT_PRICE,PURCHASE_SUPPLY_PRICE,PURCHASE_VAT,PURCHASE_NUM,OPTION_NUM,ORDER_PLAN_BODY_NUM,COMPANY_NUM,GOODS_STANDARD) values (84,20,1070,21400,2140,202503120010,502,null,45,'1box 2piece');
Insert into PURCHS_PURCHASE_BODY (PURCHASE_BODY_NUM,PURCHASE_QUANTITY,PURCHASE_UNIT_PRICE,PURCHASE_SUPPLY_PRICE,PURCHASE_VAT,PURCHASE_NUM,OPTION_NUM,ORDER_PLAN_BODY_NUM,COMPANY_NUM,GOODS_STANDARD) values (77,10,2100,21000,2100,202503120004,556,null,45,'1box 2piece');
Insert into PURCHS_PURCHASE_BODY (PURCHASE_BODY_NUM,PURCHASE_QUANTITY,PURCHASE_UNIT_PRICE,PURCHASE_SUPPLY_PRICE,PURCHASE_VAT,PURCHASE_NUM,OPTION_NUM,ORDER_PLAN_BODY_NUM,COMPANY_NUM,GOODS_STANDARD) values (75,100,4240,424000,42400,202503120002,555,null,45,'1box 6piece');
Insert into PURCHS_PURCHASE_BODY (PURCHASE_BODY_NUM,PURCHASE_QUANTITY,PURCHASE_UNIT_PRICE,PURCHASE_SUPPLY_PRICE,PURCHASE_VAT,PURCHASE_NUM,OPTION_NUM,ORDER_PLAN_BODY_NUM,COMPANY_NUM,GOODS_STANDARD) values (72,50,2100,105000,10500,202503120002,556,null,45,'1box 2piece');
Insert into PURCHS_PURCHASE_BODY (PURCHASE_BODY_NUM,PURCHASE_QUANTITY,PURCHASE_UNIT_PRICE,PURCHASE_SUPPLY_PRICE,PURCHASE_VAT,PURCHASE_NUM,OPTION_NUM,ORDER_PLAN_BODY_NUM,COMPANY_NUM,GOODS_STANDARD) values (73,100,1050,105000,10500,202503120002,435,null,45,'1box 6piece');
Insert into PURCHS_PURCHASE_BODY (PURCHASE_BODY_NUM,PURCHASE_QUANTITY,PURCHASE_UNIT_PRICE,PURCHASE_SUPPLY_PRICE,PURCHASE_VAT,PURCHASE_NUM,OPTION_NUM,ORDER_PLAN_BODY_NUM,COMPANY_NUM,GOODS_STANDARD) values (74,100,10500,1050000,105000,202503120002,436,null,45,'1box 6piece');
REM INSERTING into PURCHS_PURCHASE_HEADER
SET DEFINE OFF;
Insert into PURCHS_PURCHASE_HEADER (PURCHASE_NUM,PURCHASE_DATE,PURCHASE_DUE_DATE,PURCHASE_VAT_FLAG,PURCHASE_STATUS,VENDOR_ID,EMPLOYEE_NUM,PUCHASE_TOTAL_AMOUNT,COMPANY_NUM) values (202503070001,to_date('25/03/07','RR/MM/DD'),to_date('25/05/03','RR/MM/DD'),1,'진행중',11,241,28875000,45);
Insert into PURCHS_PURCHASE_HEADER (PURCHASE_NUM,PURCHASE_DATE,PURCHASE_DUE_DATE,PURCHASE_VAT_FLAG,PURCHASE_STATUS,VENDOR_ID,EMPLOYEE_NUM,PUCHASE_TOTAL_AMOUNT,COMPANY_NUM) values (202503090001,to_date('25/03/09','RR/MM/DD'),to_date('25/04/12','RR/MM/DD'),1,'진행중',9,241,4664,45);
Insert into PURCHS_PURCHASE_HEADER (PURCHASE_NUM,PURCHASE_DATE,PURCHASE_DUE_DATE,PURCHASE_VAT_FLAG,PURCHASE_STATUS,VENDOR_ID,EMPLOYEE_NUM,PUCHASE_TOTAL_AMOUNT,COMPANY_NUM) values (202503120001,to_date('25/03/11','RR/MM/DD'),to_date('25/03/15','RR/MM/DD'),0,'진행중',9,241,848000,45);
Insert into PURCHS_PURCHASE_HEADER (PURCHASE_NUM,PURCHASE_DATE,PURCHASE_DUE_DATE,PURCHASE_VAT_FLAG,PURCHASE_STATUS,VENDOR_ID,EMPLOYEE_NUM,PUCHASE_TOTAL_AMOUNT,COMPANY_NUM) values (202503120008,to_date('25/03/12','RR/MM/DD'),to_date('25/05/21','RR/MM/DD'),1,'진행중',9,241,46640,45);
Insert into PURCHS_PURCHASE_HEADER (PURCHASE_NUM,PURCHASE_DATE,PURCHASE_DUE_DATE,PURCHASE_VAT_FLAG,PURCHASE_STATUS,VENDOR_ID,EMPLOYEE_NUM,PUCHASE_TOTAL_AMOUNT,COMPANY_NUM) values (202503120009,to_date('25/03/12','RR/MM/DD'),to_date('25/05/21','RR/MM/DD'),1,'진행중',11,241,115500,45);
Insert into PURCHS_PURCHASE_HEADER (PURCHASE_NUM,PURCHASE_DATE,PURCHASE_DUE_DATE,PURCHASE_VAT_FLAG,PURCHASE_STATUS,VENDOR_ID,EMPLOYEE_NUM,PUCHASE_TOTAL_AMOUNT,COMPANY_NUM) values (202503090002,to_date('25/03/09','RR/MM/DD'),to_date('25/05/10','RR/MM/DD'),1,'완료',11,241,28875000,45);
Insert into PURCHS_PURCHASE_HEADER (PURCHASE_NUM,PURCHASE_DATE,PURCHASE_DUE_DATE,PURCHASE_VAT_FLAG,PURCHASE_STATUS,VENDOR_ID,EMPLOYEE_NUM,PUCHASE_TOTAL_AMOUNT,COMPANY_NUM) values (202503100001,to_date('25/03/10','RR/MM/DD'),to_date('25/03/31','RR/MM/DD'),0,'완료',11,241,1002272000,45);
Insert into PURCHS_PURCHASE_HEADER (PURCHASE_NUM,PURCHASE_DATE,PURCHASE_DUE_DATE,PURCHASE_VAT_FLAG,PURCHASE_STATUS,VENDOR_ID,EMPLOYEE_NUM,PUCHASE_TOTAL_AMOUNT,COMPANY_NUM) values (202503120006,to_date('25/03/12','RR/MM/DD'),to_date('25/04/19','RR/MM/DD'),1,'진행중',17,100000,11550,45);
Insert into PURCHS_PURCHASE_HEADER (PURCHASE_NUM,PURCHASE_DATE,PURCHASE_DUE_DATE,PURCHASE_VAT_FLAG,PURCHASE_STATUS,VENDOR_ID,EMPLOYEE_NUM,PUCHASE_TOTAL_AMOUNT,COMPANY_NUM) values (202503120003,to_date('25/03/12','RR/MM/DD'),to_date('25/03/29','RR/MM/DD'),1,'진행중',9,100000,46640,45);
Insert into PURCHS_PURCHASE_HEADER (PURCHASE_NUM,PURCHASE_DATE,PURCHASE_DUE_DATE,PURCHASE_VAT_FLAG,PURCHASE_STATUS,VENDOR_ID,EMPLOYEE_NUM,PUCHASE_TOTAL_AMOUNT,COMPANY_NUM) values (202503120005,to_date('25/03/12','RR/MM/DD'),to_date('25/04/19','RR/MM/DD'),1,'진행중',9,100000,46640,45);
Insert into PURCHS_PURCHASE_HEADER (PURCHASE_NUM,PURCHASE_DATE,PURCHASE_DUE_DATE,PURCHASE_VAT_FLAG,PURCHASE_STATUS,VENDOR_ID,EMPLOYEE_NUM,PUCHASE_TOTAL_AMOUNT,COMPANY_NUM) values (202503120007,to_date('25/03/12','RR/MM/DD'),to_date('25/04/25','RR/MM/DD'),1,'진행중',11,100000,288750,45);
Insert into PURCHS_PURCHASE_HEADER (PURCHASE_NUM,PURCHASE_DATE,PURCHASE_DUE_DATE,PURCHASE_VAT_FLAG,PURCHASE_STATUS,VENDOR_ID,EMPLOYEE_NUM,PUCHASE_TOTAL_AMOUNT,COMPANY_NUM) values (202503120010,to_date('25/03/12','RR/MM/DD'),to_date('25/03/15','RR/MM/DD'),1,'진행중',16,241,23540,45);
Insert into PURCHS_PURCHASE_HEADER (PURCHASE_NUM,PURCHASE_DATE,PURCHASE_DUE_DATE,PURCHASE_VAT_FLAG,PURCHASE_STATUS,VENDOR_ID,EMPLOYEE_NUM,PUCHASE_TOTAL_AMOUNT,COMPANY_NUM) values (202503120004,to_date('25/03/12','RR/MM/DD'),to_date('25/05/17','RR/MM/DD'),1,'진행중',11,100000,23100,45);
Insert into PURCHS_PURCHASE_HEADER (PURCHASE_NUM,PURCHASE_DATE,PURCHASE_DUE_DATE,PURCHASE_VAT_FLAG,PURCHASE_STATUS,VENDOR_ID,EMPLOYEE_NUM,PUCHASE_TOTAL_AMOUNT,COMPANY_NUM) values (202503120002,to_date('25/03/12','RR/MM/DD'),to_date('25/03/15','RR/MM/DD'),1,'완료',11,241,1684000,45);
REM INSERTING into PURCHS_PURCHASE_RECORD
SET DEFINE OFF;
REM INSERTING into PURCHS_WAREHOUSING_BODY
SET DEFINE OFF;
Insert into PURCHS_WAREHOUSING_BODY (WAREHOUSING_BODY_NUM,GOODS_LOT_NUM,GOODS_CONSUMPTION_DATE,WAREHOUSING_STANDARD_QUANTITY,WAREHOUSING_TOTAL_QUANTITY,WAREHOUSING_REMAINING_QUANTITY,WAREHOUSING_UNIT_TOTAL_AMOUNT,WAREHOUSING_UNIT_PRICE,WAREHOUSING_SUPPLY_PRICE,WAREHOUSING_VAT,WAREHOUSE_ID,WAREHOUSING_HEADER_NUM,PURCHASE_BODY_NUM,COMPANY_NUM,OPTION_NUM,MANUFACTURE_DATE) values (101,'MLIS180436250311280321001',to_date('28/03/21','RR/MM/DD'),100,600,600,1155000,10500,1050000,105000,8,58,null,45,438,to_date('25/03/21','RR/MM/DD'));
Insert into PURCHS_WAREHOUSING_BODY (WAREHOUSING_BODY_NUM,GOODS_LOT_NUM,GOODS_CONSUMPTION_DATE,WAREHOUSING_STANDARD_QUANTITY,WAREHOUSING_TOTAL_QUANTITY,WAREHOUSING_REMAINING_QUANTITY,WAREHOUSING_UNIT_TOTAL_AMOUNT,WAREHOUSING_UNIT_PRICE,WAREHOUSING_SUPPLY_PRICE,WAREHOUSING_VAT,WAREHOUSE_ID,WAREHOUSING_HEADER_NUM,PURCHASE_BODY_NUM,COMPANY_NUM,OPTION_NUM,MANUFACTURE_DATE) values (108,'BFHB238554250312270305001',to_date('27/03/05','RR/MM/DD'),50,100,100,115500,2100,105000,10500,7,64,72,45,556,to_date('25/03/05','RR/MM/DD'));
Insert into PURCHS_WAREHOUSING_BODY (WAREHOUSING_BODY_NUM,GOODS_LOT_NUM,GOODS_CONSUMPTION_DATE,WAREHOUSING_STANDARD_QUANTITY,WAREHOUSING_TOTAL_QUANTITY,WAREHOUSING_REMAINING_QUANTITY,WAREHOUSING_UNIT_TOTAL_AMOUNT,WAREHOUSING_UNIT_PRICE,WAREHOUSING_SUPPLY_PRICE,WAREHOUSING_VAT,WAREHOUSE_ID,WAREHOUSING_HEADER_NUM,PURCHASE_BODY_NUM,COMPANY_NUM,OPTION_NUM,MANUFACTURE_DATE) values (109,'BSHC179433250312260305001',to_date('26/03/05','RR/MM/DD'),100,600,600,115500,1050,105000,10500,7,64,73,45,435,to_date('25/03/05','RR/MM/DD'));
Insert into PURCHS_WAREHOUSING_BODY (WAREHOUSING_BODY_NUM,GOODS_LOT_NUM,GOODS_CONSUMPTION_DATE,WAREHOUSING_STANDARD_QUANTITY,WAREHOUSING_TOTAL_QUANTITY,WAREHOUSING_REMAINING_QUANTITY,WAREHOUSING_UNIT_TOTAL_AMOUNT,WAREHOUSING_UNIT_PRICE,WAREHOUSING_SUPPLY_PRICE,WAREHOUSING_VAT,WAREHOUSE_ID,WAREHOUSING_HEADER_NUM,PURCHASE_BODY_NUM,COMPANY_NUM,OPTION_NUM,MANUFACTURE_DATE) values (110,'MLIS180434250312280305001',to_date('28/03/05','RR/MM/DD'),100,600,600,1155000,10500,1050000,105000,7,64,74,45,436,to_date('25/03/05','RR/MM/DD'));
Insert into PURCHS_WAREHOUSING_BODY (WAREHOUSING_BODY_NUM,GOODS_LOT_NUM,GOODS_CONSUMPTION_DATE,WAREHOUSING_STANDARD_QUANTITY,WAREHOUSING_TOTAL_QUANTITY,WAREHOUSING_REMAINING_QUANTITY,WAREHOUSING_UNIT_TOTAL_AMOUNT,WAREHOUSING_UNIT_PRICE,WAREHOUSING_SUPPLY_PRICE,WAREHOUSING_VAT,WAREHOUSE_ID,WAREHOUSING_HEADER_NUM,PURCHASE_BODY_NUM,COMPANY_NUM,OPTION_NUM,MANUFACTURE_DATE) values (111,'BSHC237553250312260305001',to_date('26/03/05','RR/MM/DD'),100,600,600,466400,4240,424000,42400,7,64,75,45,555,to_date('25/03/05','RR/MM/DD'));
Insert into PURCHS_WAREHOUSING_BODY (WAREHOUSING_BODY_NUM,GOODS_LOT_NUM,GOODS_CONSUMPTION_DATE,WAREHOUSING_STANDARD_QUANTITY,WAREHOUSING_TOTAL_QUANTITY,WAREHOUSING_REMAINING_QUANTITY,WAREHOUSING_UNIT_TOTAL_AMOUNT,WAREHOUSING_UNIT_PRICE,WAREHOUSING_SUPPLY_PRICE,WAREHOUSING_VAT,WAREHOUSE_ID,WAREHOUSING_HEADER_NUM,PURCHASE_BODY_NUM,COMPANY_NUM,OPTION_NUM,MANUFACTURE_DATE) values (112,'MLIS164406250312270321001',to_date('27/03/21','RR/MM/DD'),16,64,64,27720000,1575000,25200000,2520000,3,65,null,1,408,to_date('25/03/21','RR/MM/DD'));
Insert into PURCHS_WAREHOUSING_BODY (WAREHOUSING_BODY_NUM,GOODS_LOT_NUM,GOODS_CONSUMPTION_DATE,WAREHOUSING_STANDARD_QUANTITY,WAREHOUSING_TOTAL_QUANTITY,WAREHOUSING_REMAINING_QUANTITY,WAREHOUSING_UNIT_TOTAL_AMOUNT,WAREHOUSING_UNIT_PRICE,WAREHOUSING_SUPPLY_PRICE,WAREHOUSING_VAT,WAREHOUSE_ID,WAREHOUSING_HEADER_NUM,PURCHASE_BODY_NUM,COMPANY_NUM,OPTION_NUM,MANUFACTURE_DATE) values (87,'MLIS180435250311280211001',to_date('28/02/11','RR/MM/DD'),100,600,600,1155000,10500,1050000,105000,8,51,null,45,437,to_date('25/02/11','RR/MM/DD'));
Insert into PURCHS_WAREHOUSING_BODY (WAREHOUSING_BODY_NUM,GOODS_LOT_NUM,GOODS_CONSUMPTION_DATE,WAREHOUSING_STANDARD_QUANTITY,WAREHOUSING_TOTAL_QUANTITY,WAREHOUSING_REMAINING_QUANTITY,WAREHOUSING_UNIT_TOTAL_AMOUNT,WAREHOUSING_UNIT_PRICE,WAREHOUSING_SUPPLY_PRICE,WAREHOUSING_VAT,WAREHOUSE_ID,WAREHOUSING_HEADER_NUM,PURCHASE_BODY_NUM,COMPANY_NUM,OPTION_NUM,MANUFACTURE_DATE) values (88,'MLIS180434250311280211001',to_date('28/02/11','RR/MM/DD'),100,600,300,1155000,10500,1050000,105000,8,51,null,45,436,to_date('25/02/11','RR/MM/DD'));
Insert into PURCHS_WAREHOUSING_BODY (WAREHOUSING_BODY_NUM,GOODS_LOT_NUM,GOODS_CONSUMPTION_DATE,WAREHOUSING_STANDARD_QUANTITY,WAREHOUSING_TOTAL_QUANTITY,WAREHOUSING_REMAINING_QUANTITY,WAREHOUSING_UNIT_TOTAL_AMOUNT,WAREHOUSING_UNIT_PRICE,WAREHOUSING_SUPPLY_PRICE,WAREHOUSING_VAT,WAREHOUSE_ID,WAREHOUSING_HEADER_NUM,PURCHASE_BODY_NUM,COMPANY_NUM,OPTION_NUM,MANUFACTURE_DATE) values (89,'MLIS180436250311280211001',to_date('28/02/11','RR/MM/DD'),100,600,570,1155000,10500,1050000,105000,8,51,null,45,438,to_date('25/02/11','RR/MM/DD'));
Insert into PURCHS_WAREHOUSING_BODY (WAREHOUSING_BODY_NUM,GOODS_LOT_NUM,GOODS_CONSUMPTION_DATE,WAREHOUSING_STANDARD_QUANTITY,WAREHOUSING_TOTAL_QUANTITY,WAREHOUSING_REMAINING_QUANTITY,WAREHOUSING_UNIT_TOTAL_AMOUNT,WAREHOUSING_UNIT_PRICE,WAREHOUSING_SUPPLY_PRICE,WAREHOUSING_VAT,WAREHOUSE_ID,WAREHOUSING_HEADER_NUM,PURCHASE_BODY_NUM,COMPANY_NUM,OPTION_NUM,MANUFACTURE_DATE) values (90,'MLIS180437250311280211001',to_date('28/02/11','RR/MM/DD'),100,600,570,1155000,10500,1050000,105000,8,51,null,45,439,to_date('25/02/11','RR/MM/DD'));
Insert into PURCHS_WAREHOUSING_BODY (WAREHOUSING_BODY_NUM,GOODS_LOT_NUM,GOODS_CONSUMPTION_DATE,WAREHOUSING_STANDARD_QUANTITY,WAREHOUSING_TOTAL_QUANTITY,WAREHOUSING_REMAINING_QUANTITY,WAREHOUSING_UNIT_TOTAL_AMOUNT,WAREHOUSING_UNIT_PRICE,WAREHOUSING_SUPPLY_PRICE,WAREHOUSING_VAT,WAREHOUSE_ID,WAREHOUSING_HEADER_NUM,PURCHASE_BODY_NUM,COMPANY_NUM,OPTION_NUM,MANUFACTURE_DATE) values (91,'BFHB210500250311270211001',to_date('27/02/11','RR/MM/DD'),100,200,200,117700,1070,107000,10700,8,52,null,45,502,to_date('25/02/11','RR/MM/DD'));
Insert into PURCHS_WAREHOUSING_BODY (WAREHOUSING_BODY_NUM,GOODS_LOT_NUM,GOODS_CONSUMPTION_DATE,WAREHOUSING_STANDARD_QUANTITY,WAREHOUSING_TOTAL_QUANTITY,WAREHOUSING_REMAINING_QUANTITY,WAREHOUSING_UNIT_TOTAL_AMOUNT,WAREHOUSING_UNIT_PRICE,WAREHOUSING_SUPPLY_PRICE,WAREHOUSING_VAT,WAREHOUSE_ID,WAREHOUSING_HEADER_NUM,PURCHASE_BODY_NUM,COMPANY_NUM,OPTION_NUM,MANUFACTURE_DATE) values (85,'BSHC237553250311260211001',to_date('26/02/11','RR/MM/DD'),100,600,300,466400,4240,424000,42400,8,50,null,45,555,to_date('25/02/11','RR/MM/DD'));
Insert into PURCHS_WAREHOUSING_BODY (WAREHOUSING_BODY_NUM,GOODS_LOT_NUM,GOODS_CONSUMPTION_DATE,WAREHOUSING_STANDARD_QUANTITY,WAREHOUSING_TOTAL_QUANTITY,WAREHOUSING_REMAINING_QUANTITY,WAREHOUSING_UNIT_TOTAL_AMOUNT,WAREHOUSING_UNIT_PRICE,WAREHOUSING_SUPPLY_PRICE,WAREHOUSING_VAT,WAREHOUSE_ID,WAREHOUSING_HEADER_NUM,PURCHASE_BODY_NUM,COMPANY_NUM,OPTION_NUM,MANUFACTURE_DATE) values (86,'BFHB238554250311270211001',to_date('27/02/11','RR/MM/DD'),100,200,0,231000,2100,210000,21000,8,51,null,45,556,to_date('25/02/11','RR/MM/DD'));
Insert into PURCHS_WAREHOUSING_BODY (WAREHOUSING_BODY_NUM,GOODS_LOT_NUM,GOODS_CONSUMPTION_DATE,WAREHOUSING_STANDARD_QUANTITY,WAREHOUSING_TOTAL_QUANTITY,WAREHOUSING_REMAINING_QUANTITY,WAREHOUSING_UNIT_TOTAL_AMOUNT,WAREHOUSING_UNIT_PRICE,WAREHOUSING_SUPPLY_PRICE,WAREHOUSING_VAT,WAREHOUSE_ID,WAREHOUSING_HEADER_NUM,PURCHASE_BODY_NUM,COMPANY_NUM,OPTION_NUM,MANUFACTURE_DATE) values (92,'BSHC179433250311260211001',to_date('26/02/11','RR/MM/DD'),100,600,0,115500,1050,105000,10500,8,53,null,45,435,to_date('25/02/11','RR/MM/DD'));
Insert into PURCHS_WAREHOUSING_BODY (WAREHOUSING_BODY_NUM,GOODS_LOT_NUM,GOODS_CONSUMPTION_DATE,WAREHOUSING_STANDARD_QUANTITY,WAREHOUSING_TOTAL_QUANTITY,WAREHOUSING_REMAINING_QUANTITY,WAREHOUSING_UNIT_TOTAL_AMOUNT,WAREHOUSING_UNIT_PRICE,WAREHOUSING_SUPPLY_PRICE,WAREHOUSING_VAT,WAREHOUSE_ID,WAREHOUSING_HEADER_NUM,PURCHASE_BODY_NUM,COMPANY_NUM,OPTION_NUM,MANUFACTURE_DATE) values (102,'MLIS180436250311280312001',to_date('28/03/12','RR/MM/DD'),12,72,72,138600,10500,126000,12600,7,59,null,45,438,to_date('25/03/12','RR/MM/DD'));
Insert into PURCHS_WAREHOUSING_BODY (WAREHOUSING_BODY_NUM,GOODS_LOT_NUM,GOODS_CONSUMPTION_DATE,WAREHOUSING_STANDARD_QUANTITY,WAREHOUSING_TOTAL_QUANTITY,WAREHOUSING_REMAINING_QUANTITY,WAREHOUSING_UNIT_TOTAL_AMOUNT,WAREHOUSING_UNIT_PRICE,WAREHOUSING_SUPPLY_PRICE,WAREHOUSING_VAT,WAREHOUSE_ID,WAREHOUSING_HEADER_NUM,PURCHASE_BODY_NUM,COMPANY_NUM,OPTION_NUM,MANUFACTURE_DATE) values (103,'MLIS180435250311280307001',to_date('28/03/07','RR/MM/DD'),13,78,78,150150,10500,136500,13650,8,60,null,45,437,to_date('25/03/07','RR/MM/DD'));
Insert into PURCHS_WAREHOUSING_BODY (WAREHOUSING_BODY_NUM,GOODS_LOT_NUM,GOODS_CONSUMPTION_DATE,WAREHOUSING_STANDARD_QUANTITY,WAREHOUSING_TOTAL_QUANTITY,WAREHOUSING_REMAINING_QUANTITY,WAREHOUSING_UNIT_TOTAL_AMOUNT,WAREHOUSING_UNIT_PRICE,WAREHOUSING_SUPPLY_PRICE,WAREHOUSING_VAT,WAREHOUSE_ID,WAREHOUSING_HEADER_NUM,PURCHASE_BODY_NUM,COMPANY_NUM,OPTION_NUM,MANUFACTURE_DATE) values (95,'MLIS180434250311280301001',to_date('28/03/01','RR/MM/DD'),100,600,600,1155000,10500,1050000,105000,8,55,null,45,436,to_date('25/03/01','RR/MM/DD'));
Insert into PURCHS_WAREHOUSING_BODY (WAREHOUSING_BODY_NUM,GOODS_LOT_NUM,GOODS_CONSUMPTION_DATE,WAREHOUSING_STANDARD_QUANTITY,WAREHOUSING_TOTAL_QUANTITY,WAREHOUSING_REMAINING_QUANTITY,WAREHOUSING_UNIT_TOTAL_AMOUNT,WAREHOUSING_UNIT_PRICE,WAREHOUSING_SUPPLY_PRICE,WAREHOUSING_VAT,WAREHOUSE_ID,WAREHOUSING_HEADER_NUM,PURCHASE_BODY_NUM,COMPANY_NUM,OPTION_NUM,MANUFACTURE_DATE) values (96,'MLIS180436250311280301001',to_date('28/03/01','RR/MM/DD'),100,600,600,1155000,10500,1050000,105000,8,55,null,45,438,to_date('25/03/01','RR/MM/DD'));
Insert into PURCHS_WAREHOUSING_BODY (WAREHOUSING_BODY_NUM,GOODS_LOT_NUM,GOODS_CONSUMPTION_DATE,WAREHOUSING_STANDARD_QUANTITY,WAREHOUSING_TOTAL_QUANTITY,WAREHOUSING_REMAINING_QUANTITY,WAREHOUSING_UNIT_TOTAL_AMOUNT,WAREHOUSING_UNIT_PRICE,WAREHOUSING_SUPPLY_PRICE,WAREHOUSING_VAT,WAREHOUSE_ID,WAREHOUSING_HEADER_NUM,PURCHASE_BODY_NUM,COMPANY_NUM,OPTION_NUM,MANUFACTURE_DATE) values (97,'MLIS180437250311280301001',to_date('28/03/01','RR/MM/DD'),100,600,600,1155000,10500,1050000,105000,8,55,null,45,439,to_date('25/03/01','RR/MM/DD'));
Insert into PURCHS_WAREHOUSING_BODY (WAREHOUSING_BODY_NUM,GOODS_LOT_NUM,GOODS_CONSUMPTION_DATE,WAREHOUSING_STANDARD_QUANTITY,WAREHOUSING_TOTAL_QUANTITY,WAREHOUSING_REMAINING_QUANTITY,WAREHOUSING_UNIT_TOTAL_AMOUNT,WAREHOUSING_UNIT_PRICE,WAREHOUSING_SUPPLY_PRICE,WAREHOUSING_VAT,WAREHOUSE_ID,WAREHOUSING_HEADER_NUM,PURCHASE_BODY_NUM,COMPANY_NUM,OPTION_NUM,MANUFACTURE_DATE) values (98,'BFHB238554250311270301001',to_date('27/03/01','RR/MM/DD'),100,200,200,231000,2100,210000,21000,8,55,null,45,556,to_date('25/03/01','RR/MM/DD'));
Insert into PURCHS_WAREHOUSING_BODY (WAREHOUSING_BODY_NUM,GOODS_LOT_NUM,GOODS_CONSUMPTION_DATE,WAREHOUSING_STANDARD_QUANTITY,WAREHOUSING_TOTAL_QUANTITY,WAREHOUSING_REMAINING_QUANTITY,WAREHOUSING_UNIT_TOTAL_AMOUNT,WAREHOUSING_UNIT_PRICE,WAREHOUSING_SUPPLY_PRICE,WAREHOUSING_VAT,WAREHOUSE_ID,WAREHOUSING_HEADER_NUM,PURCHASE_BODY_NUM,COMPANY_NUM,OPTION_NUM,MANUFACTURE_DATE) values (99,'BFHB210500250311270301001',to_date('27/03/01','RR/MM/DD'),100,200,200,117700,1070,107000,10700,8,56,null,45,502,to_date('25/03/01','RR/MM/DD'));
Insert into PURCHS_WAREHOUSING_BODY (WAREHOUSING_BODY_NUM,GOODS_LOT_NUM,GOODS_CONSUMPTION_DATE,WAREHOUSING_STANDARD_QUANTITY,WAREHOUSING_TOTAL_QUANTITY,WAREHOUSING_REMAINING_QUANTITY,WAREHOUSING_UNIT_TOTAL_AMOUNT,WAREHOUSING_UNIT_PRICE,WAREHOUSING_SUPPLY_PRICE,WAREHOUSING_VAT,WAREHOUSE_ID,WAREHOUSING_HEADER_NUM,PURCHASE_BODY_NUM,COMPANY_NUM,OPTION_NUM,MANUFACTURE_DATE) values (100,'BSHC179433250311260301001',to_date('26/03/01','RR/MM/DD'),100,600,600,115500,1050,105000,10500,8,57,null,45,435,to_date('25/03/01','RR/MM/DD'));
Insert into PURCHS_WAREHOUSING_BODY (WAREHOUSING_BODY_NUM,GOODS_LOT_NUM,GOODS_CONSUMPTION_DATE,WAREHOUSING_STANDARD_QUANTITY,WAREHOUSING_TOTAL_QUANTITY,WAREHOUSING_REMAINING_QUANTITY,WAREHOUSING_UNIT_TOTAL_AMOUNT,WAREHOUSING_UNIT_PRICE,WAREHOUSING_SUPPLY_PRICE,WAREHOUSING_VAT,WAREHOUSE_ID,WAREHOUSING_HEADER_NUM,PURCHASE_BODY_NUM,COMPANY_NUM,OPTION_NUM,MANUFACTURE_DATE) values (104,'BSHC237553250311260301002',to_date('26/03/01','RR/MM/DD'),100,600,0,466400,4240,424000,42400,7,61,null,45,555,to_date('25/03/01','RR/MM/DD'));
Insert into PURCHS_WAREHOUSING_BODY (WAREHOUSING_BODY_NUM,GOODS_LOT_NUM,GOODS_CONSUMPTION_DATE,WAREHOUSING_STANDARD_QUANTITY,WAREHOUSING_TOTAL_QUANTITY,WAREHOUSING_REMAINING_QUANTITY,WAREHOUSING_UNIT_TOTAL_AMOUNT,WAREHOUSING_UNIT_PRICE,WAREHOUSING_SUPPLY_PRICE,WAREHOUSING_VAT,WAREHOUSE_ID,WAREHOUSING_HEADER_NUM,PURCHASE_BODY_NUM,COMPANY_NUM,OPTION_NUM,MANUFACTURE_DATE) values (105,'MLIS180434250311280301002',to_date('28/03/01','RR/MM/DD'),100,600,0,1155000,10500,1050000,105000,7,62,null,45,436,to_date('25/03/01','RR/MM/DD'));
Insert into PURCHS_WAREHOUSING_BODY (WAREHOUSING_BODY_NUM,GOODS_LOT_NUM,GOODS_CONSUMPTION_DATE,WAREHOUSING_STANDARD_QUANTITY,WAREHOUSING_TOTAL_QUANTITY,WAREHOUSING_REMAINING_QUANTITY,WAREHOUSING_UNIT_TOTAL_AMOUNT,WAREHOUSING_UNIT_PRICE,WAREHOUSING_SUPPLY_PRICE,WAREHOUSING_VAT,WAREHOUSE_ID,WAREHOUSING_HEADER_NUM,PURCHASE_BODY_NUM,COMPANY_NUM,OPTION_NUM,MANUFACTURE_DATE) values (106,'BFHB238554250311270301002',to_date('27/03/01','RR/MM/DD'),100,200,100,231000,2100,210000,21000,7,62,null,45,556,to_date('25/03/01','RR/MM/DD'));
Insert into PURCHS_WAREHOUSING_BODY (WAREHOUSING_BODY_NUM,GOODS_LOT_NUM,GOODS_CONSUMPTION_DATE,WAREHOUSING_STANDARD_QUANTITY,WAREHOUSING_TOTAL_QUANTITY,WAREHOUSING_REMAINING_QUANTITY,WAREHOUSING_UNIT_TOTAL_AMOUNT,WAREHOUSING_UNIT_PRICE,WAREHOUSING_SUPPLY_PRICE,WAREHOUSING_VAT,WAREHOUSE_ID,WAREHOUSING_HEADER_NUM,PURCHASE_BODY_NUM,COMPANY_NUM,OPTION_NUM,MANUFACTURE_DATE) values (107,'BSHC179433250311260301002',to_date('26/03/01','RR/MM/DD'),100,600,300,115500,1050,105000,10500,7,63,null,45,435,to_date('25/03/01','RR/MM/DD'));
Insert into PURCHS_WAREHOUSING_BODY (WAREHOUSING_BODY_NUM,GOODS_LOT_NUM,GOODS_CONSUMPTION_DATE,WAREHOUSING_STANDARD_QUANTITY,WAREHOUSING_TOTAL_QUANTITY,WAREHOUSING_REMAINING_QUANTITY,WAREHOUSING_UNIT_TOTAL_AMOUNT,WAREHOUSING_UNIT_PRICE,WAREHOUSING_SUPPLY_PRICE,WAREHOUSING_VAT,WAREHOUSE_ID,WAREHOUSING_HEADER_NUM,PURCHASE_BODY_NUM,COMPANY_NUM,OPTION_NUM,MANUFACTURE_DATE) values (93,'BSHC237553250311260301001',to_date('26/03/01','RR/MM/DD'),100,600,600,466400,4240,424000,42400,8,54,null,45,555,to_date('25/03/01','RR/MM/DD'));
Insert into PURCHS_WAREHOUSING_BODY (WAREHOUSING_BODY_NUM,GOODS_LOT_NUM,GOODS_CONSUMPTION_DATE,WAREHOUSING_STANDARD_QUANTITY,WAREHOUSING_TOTAL_QUANTITY,WAREHOUSING_REMAINING_QUANTITY,WAREHOUSING_UNIT_TOTAL_AMOUNT,WAREHOUSING_UNIT_PRICE,WAREHOUSING_SUPPLY_PRICE,WAREHOUSING_VAT,WAREHOUSE_ID,WAREHOUSING_HEADER_NUM,PURCHASE_BODY_NUM,COMPANY_NUM,OPTION_NUM,MANUFACTURE_DATE) values (94,'MLIS180435250311280301001',to_date('28/03/01','RR/MM/DD'),100,600,600,1155000,10500,1050000,105000,8,55,null,45,437,to_date('25/03/01','RR/MM/DD'));
REM INSERTING into PURCHS_WAREHOUSING_HEADER
SET DEFINE OFF;
Insert into PURCHS_WAREHOUSING_HEADER (WAREHOUSING_HEADER_NUM,WAREHOUSING_DATE,EMPLOYEE_NUM,VENDOR_ID,WAREHOUSING_CHIT,WAREHOUSING_TOTAL_AMOUNT,COMPANY_NUM) values (58,to_date('25/03/11','RR/MM/DD'),100000,11,2503110009,105105000,45);
Insert into PURCHS_WAREHOUSING_HEADER (WAREHOUSING_HEADER_NUM,WAREHOUSING_DATE,EMPLOYEE_NUM,VENDOR_ID,WAREHOUSING_CHIT,WAREHOUSING_TOTAL_AMOUNT,COMPANY_NUM) values (64,to_date('25/03/12','RR/MM/DD'),241,11,2503120001,163318400,45);
Insert into PURCHS_WAREHOUSING_HEADER (WAREHOUSING_HEADER_NUM,WAREHOUSING_DATE,EMPLOYEE_NUM,VENDOR_ID,WAREHOUSING_CHIT,WAREHOUSING_TOTAL_AMOUNT,COMPANY_NUM) values (65,to_date('25/03/12','RR/MM/DD'),99977,17,2503120002,405720000,1);
Insert into PURCHS_WAREHOUSING_HEADER (WAREHOUSING_HEADER_NUM,WAREHOUSING_DATE,EMPLOYEE_NUM,VENDOR_ID,WAREHOUSING_CHIT,WAREHOUSING_TOTAL_AMOUNT,COMPANY_NUM) values (52,to_date('25/03/11','RR/MM/DD'),241,16,2503110003,10710700,45);
Insert into PURCHS_WAREHOUSING_HEADER (WAREHOUSING_HEADER_NUM,WAREHOUSING_DATE,EMPLOYEE_NUM,VENDOR_ID,WAREHOUSING_CHIT,WAREHOUSING_TOTAL_AMOUNT,COMPANY_NUM) values (53,to_date('25/03/11','RR/MM/DD'),241,17,2503110004,10510500,45);
Insert into PURCHS_WAREHOUSING_HEADER (WAREHOUSING_HEADER_NUM,WAREHOUSING_DATE,EMPLOYEE_NUM,VENDOR_ID,WAREHOUSING_CHIT,WAREHOUSING_TOTAL_AMOUNT,COMPANY_NUM) values (59,to_date('25/03/11','RR/MM/DD'),100000,11,2503110010,1524600,45);
Insert into PURCHS_WAREHOUSING_HEADER (WAREHOUSING_HEADER_NUM,WAREHOUSING_DATE,EMPLOYEE_NUM,VENDOR_ID,WAREHOUSING_CHIT,WAREHOUSING_TOTAL_AMOUNT,COMPANY_NUM) values (50,to_date('25/03/11','RR/MM/DD'),241,9,2503110001,42442400,45);
Insert into PURCHS_WAREHOUSING_HEADER (WAREHOUSING_HEADER_NUM,WAREHOUSING_DATE,EMPLOYEE_NUM,VENDOR_ID,WAREHOUSING_CHIT,WAREHOUSING_TOTAL_AMOUNT,COMPANY_NUM) values (51,to_date('25/03/11','RR/MM/DD'),241,11,2503110002,441441000,45);
Insert into PURCHS_WAREHOUSING_HEADER (WAREHOUSING_HEADER_NUM,WAREHOUSING_DATE,EMPLOYEE_NUM,VENDOR_ID,WAREHOUSING_CHIT,WAREHOUSING_TOTAL_AMOUNT,COMPANY_NUM) values (60,to_date('25/03/11','RR/MM/DD'),100000,11,2503110011,1788150,45);
Insert into PURCHS_WAREHOUSING_HEADER (WAREHOUSING_HEADER_NUM,WAREHOUSING_DATE,EMPLOYEE_NUM,VENDOR_ID,WAREHOUSING_CHIT,WAREHOUSING_TOTAL_AMOUNT,COMPANY_NUM) values (56,to_date('25/03/11','RR/MM/DD'),241,16,2503110007,10710700,45);
Insert into PURCHS_WAREHOUSING_HEADER (WAREHOUSING_HEADER_NUM,WAREHOUSING_DATE,EMPLOYEE_NUM,VENDOR_ID,WAREHOUSING_CHIT,WAREHOUSING_TOTAL_AMOUNT,COMPANY_NUM) values (57,to_date('25/03/11','RR/MM/DD'),241,17,2503110008,10510500,45);
Insert into PURCHS_WAREHOUSING_HEADER (WAREHOUSING_HEADER_NUM,WAREHOUSING_DATE,EMPLOYEE_NUM,VENDOR_ID,WAREHOUSING_CHIT,WAREHOUSING_TOTAL_AMOUNT,COMPANY_NUM) values (61,to_date('25/03/11','RR/MM/DD'),100000,9,2503110012,42442400,45);
Insert into PURCHS_WAREHOUSING_HEADER (WAREHOUSING_HEADER_NUM,WAREHOUSING_DATE,EMPLOYEE_NUM,VENDOR_ID,WAREHOUSING_CHIT,WAREHOUSING_TOTAL_AMOUNT,COMPANY_NUM) values (62,to_date('25/03/11','RR/MM/DD'),100000,11,2503110013,126126000,45);
Insert into PURCHS_WAREHOUSING_HEADER (WAREHOUSING_HEADER_NUM,WAREHOUSING_DATE,EMPLOYEE_NUM,VENDOR_ID,WAREHOUSING_CHIT,WAREHOUSING_TOTAL_AMOUNT,COMPANY_NUM) values (63,to_date('25/03/11','RR/MM/DD'),100000,17,2503110014,10510500,45);
Insert into PURCHS_WAREHOUSING_HEADER (WAREHOUSING_HEADER_NUM,WAREHOUSING_DATE,EMPLOYEE_NUM,VENDOR_ID,WAREHOUSING_CHIT,WAREHOUSING_TOTAL_AMOUNT,COMPANY_NUM) values (54,to_date('25/03/11','RR/MM/DD'),241,9,2503110005,42442400,45);
Insert into PURCHS_WAREHOUSING_HEADER (WAREHOUSING_HEADER_NUM,WAREHOUSING_DATE,EMPLOYEE_NUM,VENDOR_ID,WAREHOUSING_CHIT,WAREHOUSING_TOTAL_AMOUNT,COMPANY_NUM) values (55,to_date('25/03/11','RR/MM/DD'),241,11,2503110006,441441000,45);
REM INSERTING into STDR_BRAND
SET DEFINE OFF;
Insert into STDR_BRAND (BRAND_ID,BRAND_CODE,BRAND_NAME,COMPANY_NUM) values (3,'IS','이니스프리',1);
Insert into STDR_BRAND (BRAND_ID,BRAND_CODE,BRAND_NAME,COMPANY_NUM) values (7,'HA','헤라',1);
Insert into STDR_BRAND (BRAND_ID,BRAND_CODE,BRAND_NAME,COMPANY_NUM) values (1,'HR','헤라루',1);
Insert into STDR_BRAND (BRAND_ID,BRAND_CODE,BRAND_NAME,COMPANY_NUM) values (2,'IS','이니스프리푸',1);
Insert into STDR_BRAND (BRAND_ID,BRAND_CODE,BRAND_NAME,COMPANY_NUM) values (4,'IS','이니스프랭',45);
Insert into STDR_BRAND (BRAND_ID,BRAND_CODE,BRAND_NAME,COMPANY_NUM) values (5,'HB','헤랭',45);
Insert into STDR_BRAND (BRAND_ID,BRAND_CODE,BRAND_NAME,COMPANY_NUM) values (6,'HC','헤리',45);
REM INSERTING into STDR_CLASSIFICATION
SET DEFINE OFF;
Insert into STDR_CLASSIFICATION (CLASSIFICATION_ID,CLASSIFICATION_CODE,CLASSIFICATION_NAME,DISTRIBUTION_TIME_LIMIT,COMPANY_NUM) values (1,'BS','기초스킨',1,1);
Insert into STDR_CLASSIFICATION (CLASSIFICATION_ID,CLASSIFICATION_CODE,CLASSIFICATION_NAME,DISTRIBUTION_TIME_LIMIT,COMPANY_NUM) values (2,'BC','기초크림',1,1);
Insert into STDR_CLASSIFICATION (CLASSIFICATION_ID,CLASSIFICATION_CODE,CLASSIFICATION_NAME,DISTRIBUTION_TIME_LIMIT,COMPANY_NUM) values (3,'ML','색조립',2,1);
Insert into STDR_CLASSIFICATION (CLASSIFICATION_ID,CLASSIFICATION_CODE,CLASSIFICATION_NAME,DISTRIBUTION_TIME_LIMIT,COMPANY_NUM) values (4,'MF','파운데이션',2,1);
Insert into STDR_CLASSIFICATION (CLASSIFICATION_ID,CLASSIFICATION_CODE,CLASSIFICATION_NAME,DISTRIBUTION_TIME_LIMIT,COMPANY_NUM) values (5,'MB','색조블러셔',2,1);
Insert into STDR_CLASSIFICATION (CLASSIFICATION_ID,CLASSIFICATION_CODE,CLASSIFICATION_NAME,DISTRIBUTION_TIME_LIMIT,COMPANY_NUM) values (6,'BF','색조블러셔',2,1);
Insert into STDR_CLASSIFICATION (CLASSIFICATION_ID,CLASSIFICATION_CODE,CLASSIFICATION_NAME,DISTRIBUTION_TIME_LIMIT,COMPANY_NUM) values (7,'BS','기초스킨',2,1);
Insert into STDR_CLASSIFICATION (CLASSIFICATION_ID,CLASSIFICATION_CODE,CLASSIFICATION_NAME,DISTRIBUTION_TIME_LIMIT,COMPANY_NUM) values (8,'ML','색조립',2,1);
Insert into STDR_CLASSIFICATION (CLASSIFICATION_ID,CLASSIFICATION_CODE,CLASSIFICATION_NAME,DISTRIBUTION_TIME_LIMIT,COMPANY_NUM) values (9,'BS','기초스킨',1,45);
Insert into STDR_CLASSIFICATION (CLASSIFICATION_ID,CLASSIFICATION_CODE,CLASSIFICATION_NAME,DISTRIBUTION_TIME_LIMIT,COMPANY_NUM) values (10,'BC','기초크림',2,45);
Insert into STDR_CLASSIFICATION (CLASSIFICATION_ID,CLASSIFICATION_CODE,CLASSIFICATION_NAME,DISTRIBUTION_TIME_LIMIT,COMPANY_NUM) values (11,'ML','색조립',3,45);
Insert into STDR_CLASSIFICATION (CLASSIFICATION_ID,CLASSIFICATION_CODE,CLASSIFICATION_NAME,DISTRIBUTION_TIME_LIMIT,COMPANY_NUM) values (12,'MF','파운데이션',4,45);
Insert into STDR_CLASSIFICATION (CLASSIFICATION_ID,CLASSIFICATION_CODE,CLASSIFICATION_NAME,DISTRIBUTION_TIME_LIMIT,COMPANY_NUM) values (13,'MB','색조블러셔',2,45);
Insert into STDR_CLASSIFICATION (CLASSIFICATION_ID,CLASSIFICATION_CODE,CLASSIFICATION_NAME,DISTRIBUTION_TIME_LIMIT,COMPANY_NUM) values (14,'BF','색조블러셔',2,45);
Insert into STDR_CLASSIFICATION (CLASSIFICATION_ID,CLASSIFICATION_CODE,CLASSIFICATION_NAME,DISTRIBUTION_TIME_LIMIT,COMPANY_NUM) values (15,'BS','기초스킨',2,45);
Insert into STDR_CLASSIFICATION (CLASSIFICATION_ID,CLASSIFICATION_CODE,CLASSIFICATION_NAME,DISTRIBUTION_TIME_LIMIT,COMPANY_NUM) values (16,'ML','색조립',2,5);
REM INSERTING into STDR_DEPT
SET DEFINE OFF;
Insert into STDR_DEPT (DEPT_NO,DEPT_NAME,BRANCH,ADDRESS,COMPANY_NUM) values (1,'영업','본사','서울특별시 중구 중앙대로 101',1);
Insert into STDR_DEPT (DEPT_NO,DEPT_NAME,BRANCH,ADDRESS,COMPANY_NUM) values (2,'제품','본사','서울특별시 중구 중앙대로 101',1);
Insert into STDR_DEPT (DEPT_NO,DEPT_NAME,BRANCH,ADDRESS,COMPANY_NUM) values (3,'지점','중구점','대구 중구 중앙대로 403',1);
Insert into STDR_DEPT (DEPT_NO,DEPT_NAME,BRANCH,ADDRESS,COMPANY_NUM) values (4,'지점','남구점','대구 남구 남대로 50',1);
REM INSERTING into STDR_DOCUMENT
SET DEFINE OFF;
Insert into STDR_DOCUMENT (DOCUMENT_ID,DOCUMENT_TYPE,DOCUMENT_NAME,DOCUMENT_TEMPLATE,DEPT_NAME,APPROVAL_TYPE,COMPANY_NUM) values (16,'ㅁㅁ','사진?','<div class="toastui-editor-contents"><h1 data-nodeid="1">근태 수정 요청서</h1>
<table data-nodeid="3">
<thead data-nodeid="4">
<tr data-nodeid="5">
<th data-nodeid="7">필드명</th>
<th data-nodeid="8">입력 값</th>
</tr>
</thead>
<tbody data-nodeid="11">
<tr data-nodeid="12">
<td data-nodeid="13"><strong data-nodeid="51">사원번호</strong></td>
<td data-nodeid="14">[사원번호 입력]</td>
</tr>
<tr data-nodeid="15">
<td data-nodeid="16"><strong data-nodeid="58">사원명</strong></td>
<td data-nodeid="17">[사원명 입력]</td>
</tr>
<tr data-nodeid="18">
<td data-nodeid="19"><strong data-nodeid="65">부서</strong></td>
<td data-nodeid="20">[부서 입력]</td>
</tr>
<tr data-nodeid="21">
<td data-nodeid="22"><strong data-nodeid="72">수정 요청일</strong></td>
<td data-nodeid="23">[YYYY-MM-DD]</td>
</tr>
<tr data-nodeid="24">
<td data-nodeid="25"><strong data-nodeid="79">기존 출근 시간</strong></td>
<td data-nodeid="26">[기존 출근 시간 입력]</td>
</tr>
<tr data-nodeid="27">
<td data-nodeid="28"><strong data-nodeid="86">기존 퇴근 시간</strong></td>
<td data-nodeid="29">[기존 퇴근 시간 입력]</td>
</tr>
<tr data-nodeid="30">
<td data-nodeid="31"><strong data-nodeid="93">실제 출근 시간</strong></td>
<td data-nodeid="32">[실제 출근 시간 입력]</td>
</tr>
<tr data-nodeid="33">
<td data-nodeid="34"><strong data-nodeid="100">실제 퇴근 시간</strong></td>
<td data-nodeid="35">[실제 퇴근 시간 입력]</td>
</tr>
<tr data-nodeid="36">
<td data-nodeid="37"><strong data-nodeid="107">수정 사유</strong></td>
<td data-nodeid="38">[수정 사유 입력]</td>
</tr>
</tbody>
</table>
<hr data-nodeid="39">
<h3 data-nodeid="40">📌 요청 내용</h3>
<p data-nodeid="41">근태 수정 요청 사유를 작성해 주세요.</p>
<pre data-nodeid="42"><code>[사유 입력]
</code></pre>
<hr data-nodeid="43">
<p data-nodeid="44"><strong data-nodeid="120">📅 작성일:</strong> [YYYY-MM-DD]</p>
</div>','제품','IN',1);
Insert into STDR_DOCUMENT (DOCUMENT_ID,DOCUMENT_TYPE,DOCUMENT_NAME,DOCUMENT_TEMPLATE,DEPT_NAME,APPROVAL_TYPE,COMPANY_NUM) values (36,'ㄹㅇㄴ','ㄴㅇㄹ','<h1>근ㅅㄷㄴㅅ</h1><table><thead><tr><th><p>ㅇㅇㅇㅇㅇㅇㅇㅇㅇㅇㅇㅇㅇㅇㅇ</p></th><th><p>ㅇㅇㅇㅇㅇㅇㅇㅇㅇㅇㅇㅇㅇㅇㅇㅇㅇㅇㅇㅇㅇㅇㅇㅇㅇㅇㅇㅇㅇㅇㅇㅇㅇㅇㅇㅇㅇㅇㅇㅇㅇㅇ</p></th></tr></thead><tbody><tr><td><p><br></p></td><td><p><br></p></td></tr></tbody></table><div contenteditable="false"><hr></div><h3>📌 요청 내용</h3><p>근태 수정 요청 사유를 작성해 주세요.</p><div data-language="text" class="toastui-editor-ww-code-block"><pre><code>[사유 입력]</code></pre></div><div contenteditable="false"><hr></div><p><strong>📅 작성일:</strong> [YYYY-MM-DD]</p>','제품','IN',1);
Insert into STDR_DOCUMENT (DOCUMENT_ID,DOCUMENT_TYPE,DOCUMENT_NAME,DOCUMENT_TEMPLATE,DEPT_NAME,APPROVAL_TYPE,COMPANY_NUM) values (51,'휴가','휴가신청서','<h1>휴가신청서</h1><table><thead><tr><th><p>부서</p></th><td><p>[부서 입력]</p></td><th><p>직급</p></th><td><p>[직급 입력]</p></td></tr></thead><tbody><tr><th><p>성명</p></th><td><p>[성명 입력]</p></td><th><p>비상연락망</p></th><td><p>[연락처 입력]</p></td></tr><tr><th><p>유형</p></th><td colspan="3"><p>□ 연차 &nbsp;&nbsp; □ 반차 &nbsp;&nbsp; □ 병가 &nbsp;&nbsp; □ 기타</p></td></tr><tr><th><p>기간</p></th><td colspan="3"><p>[YYYY년 MM월 DD일] ~ [YYYY년 MM월 DD일] (총 [일수] 일)</p></td></tr><tr><th><p>세부 사항</p></th><td colspan="3"><p>[세부 사항 입력]</p></td></tr><tr><td colspan="4"><p>위와 같이 휴가를 신청하오니 허락하여 주시기 바랍니다.</p></td></tr><tr><td colspan="4"><p><strong>신청일:</strong> [YYYY년 MM월 DD일]</p></td></tr><tr><td colspan="4"><p>주식회사 beautyinside</p></td></tr></tbody></table>','인사팀','IN',45);
Insert into STDR_DOCUMENT (DOCUMENT_ID,DOCUMENT_TYPE,DOCUMENT_NAME,DOCUMENT_TEMPLATE,DEPT_NAME,APPROVAL_TYPE,COMPANY_NUM) values (49,'근태','근태수정요청서','<h1>근태 수정 요청서</h1><table><thead><tr><th><p>항목</p></th><th><p><br></p></th></tr></thead><tbody><tr><td><p><strong>사원번호</strong></p></td><td><p>[사원번호 입력]</p></td></tr><tr><td><p><strong>사원명</strong></p></td><td><p>[사원명 입력]</p></td></tr><tr><td><p><strong>부서</strong></p></td><td><p>[부서 입력]</p></td></tr><tr><td><p><strong>수정 요청일</strong></p></td><td><p>[YYYY-MM-DD]</p></td></tr><tr><td><p><strong>기존 출근 시간</strong></p></td><td><p>[기존 출근 시간 입력]</p></td></tr><tr><td><p><strong>기존 퇴근 시간</strong></p></td><td><p>[기존 퇴근 시간 입력]</p></td></tr><tr><td><p><strong>실제 출근 시간</strong></p></td><td><p>[실제 출근 시간 입력]</p></td></tr><tr><td><p><strong>실제 퇴근 시간</strong></p></td><td><p>[실제 퇴근 시간 입력]</p></td></tr><tr><td><p><strong>수정 사유</strong></p></td><td><p>[수정 사유 입력]</p></td></tr><tr><td><p><strong>이미지 첨부</strong></p></td><td><p><br></p></td></tr></tbody></table>','인사팀','IN',45);
Insert into STDR_DOCUMENT (DOCUMENT_ID,DOCUMENT_TYPE,DOCUMENT_NAME,DOCUMENT_TEMPLATE,DEPT_NAME,APPROVAL_TYPE,COMPANY_NUM) values (50,'경비','경비 청구서','<h1>경비 청구서</h1><table><thead><tr><th><p>항목</p></th><th><p>입력</p></th></tr></thead><tbody><tr><td><p><strong>사원번호</strong></p></td><td><p>[사원번호 입력]</p></td></tr><tr><td><p><strong>사원명</strong></p></td><td><p>[사원명 입력]</p></td></tr><tr><td><p><strong>부서</strong></p></td><td><p>[부서 입력]</p></td></tr><tr><td><p><strong>청구일자</strong></p></td><td><p>[YYYY-MM-DD]</p></td></tr><tr><td><p><strong>경비 항목</strong></p></td><td><p>[항목 입력]</p></td></tr><tr><td><p><strong>사용 일자</strong></p></td><td><p>[YYYY-MM-DD]</p></td></tr><tr><td><p><strong>사용 금액</strong></p></td><td><p>[금액 입력]</p></td></tr><tr><td><p><strong>지출 내역</strong></p></td><td><p>[지출 상세 내용 입력]</p></td></tr><tr><td><p><strong>결제 방식</strong></p></td><td><p>[현금 / 카드]</p></td></tr><tr><td><p><strong>영수증 첨부</strong></p></td><td><p><br></p></td></tr><tr><td><p><strong>비고</strong></p></td><td><p>[추가 사항 입력]</p></td></tr></tbody></table>','회계팀','IN',45);
Insert into STDR_DOCUMENT (DOCUMENT_ID,DOCUMENT_TYPE,DOCUMENT_NAME,DOCUMENT_TEMPLATE,DEPT_NAME,APPROVAL_TYPE,COMPANY_NUM) values (10,'ㅁㅁㅁ','ㅠㅠㅠㅠ','<div class="toastui-editor-contents"><h1 data-nodeid="1">근태 수정 요청서</h1>
<table data-nodeid="3">
<thead data-nodeid="4">
<tr data-nodeid="5">
<th data-nodeid="7">필드명</th>
<th data-nodeid="8">입력 값</th>
</tr>
</thead>
<tbody data-nodeid="11">
<tr data-nodeid="12">
<td data-nodeid="13"><strong data-nodeid="51">사원번호</strong></td>
<td data-nodeid="14">[사원번호 입력]</td>
</tr>
<tr data-nodeid="15">
<td data-nodeid="16"><strong data-nodeid="58">사원명</strong></td>
<td data-nodeid="17">[사원명 입력]</td>
</tr>
<tr data-nodeid="18">
<td data-nodeid="19"><strong data-nodeid="65">부서</strong></td>
<td data-nodeid="20">[부서 입력]</td>
</tr>
<tr data-nodeid="21">
<td data-nodeid="22"><strong data-nodeid="72">수정 요청일</strong></td>
<td data-nodeid="23">[YYYY-MM-DD]</td>
</tr>
<tr data-nodeid="24">
<td data-nodeid="25"><strong data-nodeid="79">기존 출근 시간</strong></td>
<td data-nodeid="26">[기존 출근 시간 입력]</td>
</tr>
<tr data-nodeid="27">
<td data-nodeid="28"><strong data-nodeid="86">기존 퇴근 시간</strong></td>
<td data-nodeid="29">[기존 퇴근 시간 입력]</td>
</tr>
<tr data-nodeid="30">
<td data-nodeid="31"><strong data-nodeid="93">실제 출근 시간</strong></td>
<td data-nodeid="32">[실제 출근 시간 입력]</td>
</tr>
<tr data-nodeid="33">
<td data-nodeid="34"><strong data-nodeid="100">실제 퇴근 시간</strong></td>
<td data-nodeid="35">[실제 퇴근 시간 입력]</td>
</tr>
<tr data-nodeid="36">
<td data-nodeid="37"><strong data-nodeid="107">수정 사유</strong></td>
<td data-nodeid="38">[수정 사유 입력]</td>
</tr>
</tbody>
</table>
<hr data-nodeid="39">
<h3 data-nodeid="40">📌 요청 내용</h3>
<p data-nodeid="41">근태 수정 요청 사유를 작성해 주세요.</p>
<pre data-nodeid="42"><code>[사유 입력]
</code></pre>
<hr data-nodeid="43">
<p data-nodeid="44"><strong data-nodeid="120">📅 작성일:</strong> [YYYY-MM-DD]</p>
</div>','제품','IN',1);
Insert into STDR_DOCUMENT (DOCUMENT_ID,DOCUMENT_TYPE,DOCUMENT_NAME,DOCUMENT_TEMPLATE,DEPT_NAME,APPROVAL_TYPE,COMPANY_NUM) values (11,'ㄹㄹ','ㄹㄹㄹㄹㄹ','<div class="toastui-editor-contents"><h1 data-nodeid="1">근태 수정 요청서</h1>
<table data-nodeid="3">
<thead data-nodeid="4">
<tr data-nodeid="5">
<th data-nodeid="7">필드명</th>
<th data-nodeid="8">입력 값</th>
</tr>
</thead>
<tbody data-nodeid="11">
<tr data-nodeid="12">
<td data-nodeid="13"><strong data-nodeid="51">사원번호</strong></td>
<td data-nodeid="14">[사원번호 입력]</td>
</tr>
<tr data-nodeid="15">
<td data-nodeid="16"><strong data-nodeid="58">사원명</strong></td>
<td data-nodeid="17">[사원명 입력]</td>
</tr>
<tr data-nodeid="18">
<td data-nodeid="19"><strong data-nodeid="65">부서</strong></td>
<td data-nodeid="20">[부서 입력]</td>
</tr>
<tr data-nodeid="21">
<td data-nodeid="22"><strong data-nodeid="72">수정 요청일</strong></td>
<td data-nodeid="23">[YYYY-MM-DD]</td>
</tr>
<tr data-nodeid="24">
<td data-nodeid="25"><strong data-nodeid="79">기존 출근 시간</strong></td>
<td data-nodeid="26">[기존 출근 시간 입력]</td>
</tr>
<tr data-nodeid="27">
<td data-nodeid="28"><strong data-nodeid="86">기존 퇴근 시간</strong></td>
<td data-nodeid="29">[기존 퇴근 시간 입력]</td>
</tr>
<tr data-nodeid="30">
<td data-nodeid="31"><strong data-nodeid="93">실제 출근 시간</strong></td>
<td data-nodeid="32">[실제 출근 시간 입력]</td>
</tr>
<tr data-nodeid="33">
<td data-nodeid="34"><strong data-nodeid="100">실제 퇴근 시간</strong></td>
<td data-nodeid="35">[실제 퇴근 시간 입력]</td>
</tr>
<tr data-nodeid="36">
<td data-nodeid="37"><strong data-nodeid="107">수정 사유</strong></td>
<td data-nodeid="38">[수정 사유 입력]</td>
</tr>
</tbody>
</table>
<hr data-nodeid="39">
<h3 data-nodeid="40">📌 요청 내용</h3>
<p data-nodeid="41">근태 수정 요청 사유를 작성해 주세요.</p>
<pre data-nodeid="42"><code>[사유 입력]
</code></pre>
<hr data-nodeid="43">
<p data-nodeid="44"><strong data-nodeid="120">📅 작성일:</strong> [YYYY-MM-DD]</p>
</div>','영업','IN',1);
Insert into STDR_DOCUMENT (DOCUMENT_ID,DOCUMENT_TYPE,DOCUMENT_NAME,DOCUMENT_TEMPLATE,DEPT_NAME,APPROVAL_TYPE,COMPANY_NUM) values (12,'ㅇㅇ','ㅇㅇㅇ','<div class="toastui-editor-contents"><h1 data-nodeid="1">근태 수정 요청서</h1>
<table data-nodeid="3">
<thead data-nodeid="4">
<tr data-nodeid="5">
<th data-nodeid="7">필드명</th>
<th data-nodeid="8">입력 값</th>
</tr>
</thead>
<tbody data-nodeid="11">
<tr data-nodeid="12">
<td data-nodeid="13"><strong data-nodeid="51">사원번호</strong></td>
<td data-nodeid="14">[사원번호 입력]</td>
</tr>
<tr data-nodeid="15">
<td data-nodeid="16"><strong data-nodeid="58">사원명</strong></td>
<td data-nodeid="17">[사원명 입력]</td>
</tr>
<tr data-nodeid="18">
<td data-nodeid="19"><strong data-nodeid="65">부서</strong></td>
<td data-nodeid="20">[부서 입력]</td>
</tr>
<tr data-nodeid="21">
<td data-nodeid="22"><strong data-nodeid="72">수정 요청일</strong></td>
<td data-nodeid="23">[YYYY-MM-DD]</td>
</tr>
<tr data-nodeid="24">
<td data-nodeid="25"><strong data-nodeid="79">기존 출근 시간</strong></td>
<td data-nodeid="26">[기존 출근 시간 입력]</td>
</tr>
<tr data-nodeid="27">
<td data-nodeid="28"><strong data-nodeid="86">기존 퇴근 시간</strong></td>
<td data-nodeid="29">[기존 퇴근 시간 입력]</td>
</tr>
<tr data-nodeid="30">
<td data-nodeid="31"><strong data-nodeid="93">실제 출근 시간</strong></td>
<td data-nodeid="32">[실제 출근 시간 입력]</td>
</tr>
<tr data-nodeid="33">
<td data-nodeid="34"><strong data-nodeid="100">실제 퇴근 시간</strong></td>
<td data-nodeid="35">[실제 퇴근 시간 입력]</td>
</tr>
<tr data-nodeid="36">
<td data-nodeid="37"><strong data-nodeid="107">수정 사유</strong></td>
<td data-nodeid="38">[수정 사유 입력]</td>
</tr>
</tbody>
</table>
<hr data-nodeid="39">
<h3 data-nodeid="40">📌 요청 내용</h3>
<p data-nodeid="41">근태 수정 요청 사유를 작성해 주세요.</p>
<pre data-nodeid="42"><code>[사유 입력]
</code></pre>
<hr data-nodeid="43">
<p data-nodeid="44"><strong data-nodeid="120">📅 작성일:</strong> [YYYY-MM-DD]</p>
</div>','제품','IN',1);
Insert into STDR_DOCUMENT (DOCUMENT_ID,DOCUMENT_TYPE,DOCUMENT_NAME,DOCUMENT_TEMPLATE,DEPT_NAME,APPROVAL_TYPE,COMPANY_NUM) values (1,'근태','근태수정요청서','<h3>제목</h3><p>내용</p>','영업','IN',27);
Insert into STDR_DOCUMENT (DOCUMENT_ID,DOCUMENT_TYPE,DOCUMENT_NAME,DOCUMENT_TEMPLATE,DEPT_NAME,APPROVAL_TYPE,COMPANY_NUM) values (2,'구매','구매요청서','<h3>구매 요청</h3><p>구매할 항목 상세</p>','재고','IN',1);
Insert into STDR_DOCUMENT (DOCUMENT_ID,DOCUMENT_TYPE,DOCUMENT_NAME,DOCUMENT_TEMPLATE,DEPT_NAME,APPROVAL_TYPE,COMPANY_NUM) values (3,'인사','인사발령서','<h3>인사 발령</h3><p>발령 대상자 및 내용</p>','인사','IN',2);
Insert into STDR_DOCUMENT (DOCUMENT_ID,DOCUMENT_TYPE,DOCUMENT_NAME,DOCUMENT_TEMPLATE,DEPT_NAME,APPROVAL_TYPE,COMPANY_NUM) values (4,'재무','지출결의서','<h3>지출 결의</h3><p>지출 내역과 사유</p>','회계','IN',3);
Insert into STDR_DOCUMENT (DOCUMENT_ID,DOCUMENT_TYPE,DOCUMENT_NAME,DOCUMENT_TEMPLATE,DEPT_NAME,APPROVAL_TYPE,COMPANY_NUM) values (5,'총무','자산변경신청서','<h3>자산 변경</h3><p>변경할 자산 및 내용</p>','회계','IN',4);
Insert into STDR_DOCUMENT (DOCUMENT_ID,DOCUMENT_TYPE,DOCUMENT_NAME,DOCUMENT_TEMPLATE,DEPT_NAME,APPROVAL_TYPE,COMPANY_NUM) values (13,'ㄴㄴㄴㄴㄴ','ㄹㄹㄹㄹ','<div class="toastui-editor-contents"><h1 data-nodeid="1">근태 수정 요청서</h1>
<table data-nodeid="3">
<thead data-nodeid="4">
<tr data-nodeid="5">
<th data-nodeid="7">필드명</th>
<th data-nodeid="8">입력 값</th>
</tr>
</thead>
<tbody data-nodeid="11">
<tr data-nodeid="12">
<td data-nodeid="13"><strong data-nodeid="51">사원번호</strong></td>
<td data-nodeid="14">[사원번호 입력]</td>
</tr>
<tr data-nodeid="15">
<td data-nodeid="16"><strong data-nodeid="58">사원명</strong></td>
<td data-nodeid="17">[사원명 입력]</td>
</tr>
<tr data-nodeid="18">
<td data-nodeid="19"><strong data-nodeid="65">부서</strong></td>
<td data-nodeid="20">[부서 입력]</td>
</tr>
<tr data-nodeid="21">
<td data-nodeid="22"><strong data-nodeid="72">수정 요청일</strong></td>
<td data-nodeid="23">[YYYY-MM-DD]</td>
</tr>
<tr data-nodeid="24">
<td data-nodeid="25"><strong data-nodeid="79">기존 출근 시간</strong></td>
<td data-nodeid="26">[기존 출근 시간 입력]</td>
</tr>
<tr data-nodeid="27">
<td data-nodeid="28"><strong data-nodeid="86">기존 퇴근 시간</strong></td>
<td data-nodeid="29">[기존 퇴근 시간 입력]</td>
</tr>
<tr data-nodeid="30">
<td data-nodeid="31"><strong data-nodeid="93">실제 출근 시간</strong></td>
<td data-nodeid="32">[실제 출근 시간 입력]</td>
</tr>
<tr data-nodeid="33">
<td data-nodeid="34"><strong data-nodeid="100">실제 퇴근 시간</strong></td>
<td data-nodeid="35">[실제 퇴근 시간 입력]</td>
</tr>
<tr data-nodeid="36">
<td data-nodeid="37"><strong data-nodeid="107">수정 사유</strong></td>
<td data-nodeid="38">[수정 사유 입력]</td>
</tr>
</tbody>
</table>
<hr data-nodeid="39">
<h3 data-nodeid="40">📌 요청 내용</h3>
<p data-nodeid="41">근태 수정 요청 사유를 작성해 주세요.</p>
<pre data-nodeid="42"><code>[사유 입력]
</code></pre>
<hr data-nodeid="43">
<p data-nodeid="44"><strong data-nodeid="120">📅 작성일:</strong> [YYYY-MM-DD]</p>
</div>','제품','IN',1);
Insert into STDR_DOCUMENT (DOCUMENT_ID,DOCUMENT_TYPE,DOCUMENT_NAME,DOCUMENT_TEMPLATE,DEPT_NAME,APPROVAL_TYPE,COMPANY_NUM) values (43,'ㄹㄹ','ㄹㄹㄹ','<h1>근태 수정 요청서</h1><p><img src="/file/image/stdr/document/c5f5c803-25b2-4423-844d-0e2843859840_화면 캡처 2024-12-12 142459.png" alt="이미지 설명" contenteditable="false"><br></p><table><thead><tr><th><p>항목</p></th><th><p><br></p></th></tr></thead><tbody><tr><td><p><strong>사원번호</strong></p></td><td><p>[사원번호 입력]</p></td></tr><tr><td><p><strong>사원명</strong></p></td><td><p>[사원명 입력]</p></td></tr><tr><td><p><strong>부서</strong></p></td><td><p>[부서 입력]</p></td></tr><tr><td><p><strong>수정 요청일</strong></p></td><td><p>[YYYY-MM-DD]</p></td></tr><tr><td><p><strong>기존 출근 시간</strong></p></td><td><p>[기존 출근 시간 입력]</p></td></tr><tr><td><p><strong>기존 퇴근 시간</strong></p></td><td><p>[기존 퇴근 시간 입력]</p></td></tr><tr><td><p><strong>실제 출근 시간</strong></p></td><td><p>[실제 출근 시간 입력]</p></td></tr><tr><td><p><strong>실제 퇴근 시간</strong></p></td><td><p>[실제 퇴근 시간 입력]</p></td></tr><tr><td><p><strong>수정 사유</strong></p></td><td><p>[수정 사유 입력]</p></td></tr></tbody></table><div contenteditable="false"><hr></div><h3>📌 요청 내용</h3><p>근태 수정 요청 사유를 작성해 주세요.</p><div data-language="text" class="toastui-editor-ww-code-block"><pre><code>[사유 입력]</code></pre></div><div contenteditable="false"><hr></div><p><strong>📅 작성일:</strong> [YYYY-MM-DD]</p>','제품','IN',1);
Insert into STDR_DOCUMENT (DOCUMENT_ID,DOCUMENT_TYPE,DOCUMENT_NAME,DOCUMENT_TEMPLATE,DEPT_NAME,APPROVAL_TYPE,COMPANY_NUM) values (44,'ㄹㄹ','ㄹㄹ','<h1>근태 수정 요청서</h1><p><img src="/file/image/stdr/document/a87d4810-0371-4d71-b67a-11c4d24488f1_화면 캡처 2024-11-12 171710.png" alt="이미지 설명" contenteditable="false"><br></p><table><thead><tr><th><p>항목</p></th><th><p><br></p></th></tr></thead><tbody><tr><td><p><strong>사원번호</strong></p></td><td><p>[사원번호 입력]</p></td></tr><tr><td><p><strong>사원명</strong></p></td><td><p>[사원명 입력]</p></td></tr><tr><td><p><strong>부서</strong></p></td><td><p>[부서 입력]</p></td></tr><tr><td><p><strong>수정 요청일</strong></p></td><td><p>[YYYY-MM-DD]</p></td></tr><tr><td><p><strong>기존 출근 시간</strong></p></td><td><p>[기존 출근 시간 입력]</p></td></tr><tr><td><p><strong>기존 퇴근 시간</strong></p></td><td><p>[기존 퇴근 시간 입력]</p></td></tr><tr><td><p><strong>실제 출근 시간</strong></p></td><td><p>[실제 출근 시간 입력]</p></td></tr><tr><td><p><strong>실제 퇴근 시간</strong></p></td><td><p>[실제 퇴근 시간 입력]</p></td></tr><tr><td><p><strong>수정 사유</strong></p></td><td><p>[수정 사유 입력]</p></td></tr></tbody></table><div contenteditable="false"><hr></div><h3>📌 요청 내용</h3><p>근태 수정 요청 사유를 작성해 주세요.</p><div data-language="text" class="toastui-editor-ww-code-block"><pre><code>[사유 입력]</code></pre></div><div contenteditable="false"><hr></div><p><strong>📅 작성일:</strong> [YYYY-MM-DD]</p>','제품','IN',1);
Insert into STDR_DOCUMENT (DOCUMENT_ID,DOCUMENT_TYPE,DOCUMENT_NAME,DOCUMENT_TEMPLATE,DEPT_NAME,APPROVAL_TYPE,COMPANY_NUM) values (45,'ㅇ','ㅇ','<h1>근태 수정 요청서</h1><table><thead><tr><th><p>항목</p></th><th><p><br></p></th></tr></thead><tbody><tr><td><p><strong>사원번호</strong></p></td><td><p>[사원번호 입력]</p></td></tr><tr><td><p><strong>사원명</strong></p></td><td><p>[사원명 입력]</p></td></tr><tr><td><p><strong>부서</strong></p></td><td><p>[부서 입력]</p></td></tr><tr><td><p><strong>수정 요청일</strong></p></td><td><p>[YYYY-MM-DD]</p></td></tr><tr><td><p><strong>기존 출근 시간</strong></p></td><td><p>[기존 출근 시간 입력]</p></td></tr><tr><td><p><strong>기존 퇴근 시간</strong></p></td><td><p>[기존 퇴근 시간 입력]</p></td></tr><tr><td><p><strong>실제 출근 시간</strong></p></td><td><p>[실제 출근 시간 입력]</p></td></tr><tr><td><p><strong>실제 퇴근 시간</strong></p></td><td><p>[실제 퇴근 시간 입력]</p></td></tr><tr><td><p><strong>수정 사유</strong></p></td><td><p>[수정 사유 입력]</p></td></tr></tbody></table><div contenteditable="false"><hr></div><h3>📌 요청 내용</h3><p>근태 수정 요청 사유를 작성해 주세요.</p><div data-language="text" class="toastui-editor-ww-code-block"><pre><code>[사유 입력]</code></pre></div><div contenteditable="false"><hr></div><p><strong>📅 작성일:</strong> [YYYY-MM-DD]</p>','제품','IN',1);
Insert into STDR_DOCUMENT (DOCUMENT_ID,DOCUMENT_TYPE,DOCUMENT_NAME,DOCUMENT_TEMPLATE,DEPT_NAME,APPROVAL_TYPE,COMPANY_NUM) values (15,'ㅁㅁㅁㅁ','ㄴㄴㄴㄴㄴㄴ','<div class="toastui-editor-contents"><h1 data-nodeid="1">근태 수정 요청서</h1>
<table data-nodeid="3">
<thead data-nodeid="4">
<tr data-nodeid="5">
<th data-nodeid="7">필드명</th>
<th data-nodeid="8">입력 값</th>
</tr>
</thead>
<tbody data-nodeid="11">
<tr data-nodeid="12">
<td data-nodeid="13"><strong data-nodeid="51">사원번호</strong></td>
<td data-nodeid="14">[사원번호 입력]</td>
</tr>
<tr data-nodeid="15">
<td data-nodeid="16"><strong data-nodeid="58">사원명</strong></td>
<td data-nodeid="17">[사원명 입력]</td>
</tr>
<tr data-nodeid="18">
<td data-nodeid="19"><strong data-nodeid="65">부서</strong></td>
<td data-nodeid="20">[부서 입력]</td>
</tr>
<tr data-nodeid="21">
<td data-nodeid="22"><strong data-nodeid="72">수정 요청일</strong></td>
<td data-nodeid="23">[YYYY-MM-DD]</td>
</tr>
<tr data-nodeid="24">
<td data-nodeid="25"><strong data-nodeid="79">기존 출근 시간</strong></td>
<td data-nodeid="26">[기존 출근 시간 입력]</td>
</tr>
<tr data-nodeid="27">
<td data-nodeid="28"><strong data-nodeid="86">기존 퇴근 시간</strong></td>
<td data-nodeid="29">[기존 퇴근 시간 입력]</td>
</tr>
<tr data-nodeid="30">
<td data-nodeid="31"><strong data-nodeid="93">실제 출근 시간</strong></td>
<td data-nodeid="32">[실제 출근 시간 입력]</td>
</tr>
<tr data-nodeid="33">
<td data-nodeid="34"><strong data-nodeid="100">실제 퇴근 시간</strong></td>
<td data-nodeid="35">[실제 퇴근 시간 입력]</td>
</tr>
<tr data-nodeid="36">
<td data-nodeid="37"><strong data-nodeid="107">수정 사유</strong></td>
<td data-nodeid="38">[수정 사유 입력]</td>
</tr>
</tbody>
</table>
<hr data-nodeid="39">
<h3 data-nodeid="40">📌 요청 내용</h3>
<p data-nodeid="41">근태 수정 요청 사유를 작성해 주세요.</p>
<pre data-nodeid="42"><code>[사유 입력]
</code></pre>
<hr data-nodeid="43">
<p data-nodeid="44"><strong data-nodeid="120">📅 작성일:</strong> [YYYY-MM-DD]</p>
</div>','제품','IN',1);
Insert into STDR_DOCUMENT (DOCUMENT_ID,DOCUMENT_TYPE,DOCUMENT_NAME,DOCUMENT_TEMPLATE,DEPT_NAME,APPROVAL_TYPE,COMPANY_NUM) values (31,'ㅁㅁㅁ','ㅇㅀㅇㄹ','<h1>테스트</h1><table><thead><tr><th><p>필드명                                                  </p></th><th><p>                                                                                                          </p></th></tr></thead><tbody><tr><td><p><strong>사원번호</strong></p></td><td><p>[사원번호 입력]</p></td></tr><tr><td><p><strong>사원명</strong></p></td><td><p>[사원명 입력]</p></td></tr><tr><td><p><strong>부서</strong></p></td><td><p>[부서 입력]</p></td></tr><tr><td><p><strong>수정 요청일</strong></p></td><td><p>[YYYY-MM-DD]</p></td></tr><tr><td><p><strong>기존 출근 시간</strong></p></td><td><p>[기존 출근 시간 입력]</p></td></tr><tr><td><p><strong>기존 퇴근 시간</strong></p></td><td><p>[기존 퇴근 시간 입력]</p></td></tr><tr><td><p><strong>실제 출근 시간</strong></p></td><td><p>[실제 출근 시간 입력]</p></td></tr><tr><td><p><strong>실제 퇴근 시간</strong></p></td><td><p>[실제 퇴근 시간 입력]</p></td></tr><tr><td><p><strong>수정 사유</strong></p></td><td><p>[수정 사유 입력]</p></td></tr></tbody></table><div contenteditable="false"><hr></div><h3>📌 요청 내용</h3><p>근태 수정 요청 사유를 작성해 주세요.</p><div data-language="text" class="toastui-editor-ww-code-block"><pre><code>[사유 입력]</code></pre></div><div contenteditable="false"><hr></div><p><strong>📅 작성일:</strong> [YYYY-MM-DD]</p>','제품','IN',1);
Insert into STDR_DOCUMENT (DOCUMENT_ID,DOCUMENT_TYPE,DOCUMENT_NAME,DOCUMENT_TEMPLATE,DEPT_NAME,APPROVAL_TYPE,COMPANY_NUM) values (32,'sd','sdf','<h1>test</h1>','제품','IN',1);
Insert into STDR_DOCUMENT (DOCUMENT_ID,DOCUMENT_TYPE,DOCUMENT_NAME,DOCUMENT_TEMPLATE,DEPT_NAME,APPROVAL_TYPE,COMPANY_NUM) values (33,'sdf','sdf','<h1>test</h1><table><thead><tr><th><p>asfsdfsdfsdf                                               </p></th><th><p>sdfsdf                                                                                                               </p></th></tr></thead><tbody><tr><td><p><br></p></td><td><p><br></p><p><br></p><p>sdfsdfsdfsdfsdf</p></td></tr></tbody></table>','제품','IN',1);
Insert into STDR_DOCUMENT (DOCUMENT_ID,DOCUMENT_TYPE,DOCUMENT_NAME,DOCUMENT_TEMPLATE,DEPT_NAME,APPROVAL_TYPE,COMPANY_NUM) values (34,'dfg','dfg','<h1>test</h1><table><thead><tr><th><p>sfs</p></th><th><p>sfs</p></th></tr></thead><tbody><tr><td><p>                                                                     fsdf                 s</p></td><td><p>                       fsfsfsf                             </p></td></tr></tbody></table>','제품','IN',1);
Insert into STDR_DOCUMENT (DOCUMENT_ID,DOCUMENT_TYPE,DOCUMENT_NAME,DOCUMENT_TEMPLATE,DEPT_NAME,APPROVAL_TYPE,COMPANY_NUM) values (35,'sdf','sdf','# test

|  |  |
| --- | --- |
|  | f  |
','제품','IN',1);
Insert into STDR_DOCUMENT (DOCUMENT_ID,DOCUMENT_TYPE,DOCUMENT_NAME,DOCUMENT_TEMPLATE,DEPT_NAME,APPROVAL_TYPE,COMPANY_NUM) values (37,'ㄴㅇㄹ','ㄴㅇㄹ','<h1>ㅁㅁㅁㅁㅁㅁㅁ</h1><ol><li><p>ㄴㅇㄹㄴㅇㄹㄴㅇㄹ</p></li><li><p>ㄴㄹㄴㅇㄹ</p></li><li><p>ㄴㅇㄹㄴㅇㄹ</p></li><li><p>ㄴㅇㄹㄴㅇ</p></li><li><p>ㄹㄴㅇㄹ</p></li></ol><table><thead><tr><th><p>ㄴㄴ     </p></th><th><p>             </p></th></tr></thead><tbody><tr><td><p>                                        </p></td><td><p>                                                                                                       </p></td></tr></tbody></table><table><thead><tr><th><p><br></p></th></tr></thead><tbody><tr></tr></tbody></table>','제품','IN',1);
Insert into STDR_DOCUMENT (DOCUMENT_ID,DOCUMENT_TYPE,DOCUMENT_NAME,DOCUMENT_TEMPLATE,DEPT_NAME,APPROVAL_TYPE,COMPANY_NUM) values (38,'ㄴㅇㄹㄴ','ㄹㄴㅇㄹ','<h1>ㅅㄷㄴ</h1><table><thead><tr><th><p> ㄴㅇㄹㄴㅇ</p></th><th><p><br></p></th></tr></thead><tbody><tr><td><p>                                               </p></td><td><p>ㅇ         </p></td></tr></tbody></table>','제품','IN',1);
Insert into STDR_DOCUMENT (DOCUMENT_ID,DOCUMENT_TYPE,DOCUMENT_NAME,DOCUMENT_TEMPLATE,DEPT_NAME,APPROVAL_TYPE,COMPANY_NUM) values (39,'sd','sdf','<h1>test</h1><table><thead><tr><th><p>필드명    </p></th><th><p>                                     </p></th></tr></thead><tbody><tr><td><p><strong>사원번호</strong></p></td><td><p>[사원번호 입력]</p></td></tr><tr><td><p><strong>사원명</strong></p></td><td><p>[사원명 입력]</p></td></tr><tr><td><p><strong>부서</strong></p></td><td><p>[부서 입력]</p></td></tr><tr><td><p><strong>수정 요청일</strong></p></td><td><p>[YYYY-MM-DD]</p></td></tr><tr><td><p><strong>기존 출근 시간</strong></p></td><td><p>[기존 출근 시간 입력]</p></td></tr><tr><td><p><strong>기존 퇴근 시간</strong></p></td><td><p>[기존 퇴근 시간 입력]</p></td></tr><tr><td><p><strong>실제 출근 시간</strong></p></td><td><p>[실제 출근 시간 입력]</p></td></tr><tr><td><p><strong>실제 퇴근 시간</strong></p></td><td><p>[실제 퇴근 시간 입력]</p></td></tr><tr><td><p><strong>수정 사유</strong></p></td><td><p>[수정 사유 입력]</p></td></tr></tbody></table><div contenteditable="false"><hr></div><h3>📌 요청 내용</h3><p>근태 수정 요청 사유를 작성해 주세요.</p><div data-language="text" class="toastui-editor-ww-code-block"><pre><code>[사유 입력]</code></pre></div><div contenteditable="false"><hr></div><p><strong>📅 작성일:</strong> [YYYY-MM-DD]</p>','제품','IN',1);
Insert into STDR_DOCUMENT (DOCUMENT_ID,DOCUMENT_TYPE,DOCUMENT_NAME,DOCUMENT_TEMPLATE,DEPT_NAME,APPROVAL_TYPE,COMPANY_NUM) values (40,'ㄴㅇㄹ','ㄴㅇㄹ','<h1><strong>                                                                            예시</strong></h1><h1>근태 수정 요청서</h1><table><thead><tr><th><p>필드명</p></th><th><p>입력 값</p></th></tr></thead><tbody><tr><td><p><strong>사원번호</strong></p></td><td><p>[사원번호 입력]</p></td></tr><tr><td><p><strong>사원명</strong></p></td><td><p>[사원명 입력]</p></td></tr><tr><td><p><strong>부서</strong></p></td><td><p>[부서 입력]</p></td></tr><tr><td><p><strong>수정 요청일</strong></p></td><td><p>[YYYY-MM-DD]</p></td></tr><tr><td><p><strong>기존 출근 시간</strong></p></td><td><p>[기존 출근 시간 입력]</p></td></tr><tr><td><p><strong>기존 퇴근 시간</strong></p></td><td><p>[기존 퇴근 시간 입력]</p></td></tr><tr><td><p><strong>실제 출근 시간</strong></p></td><td><p>[실제 출근 시간 입력]</p></td></tr><tr><td><p><strong>실제 퇴근 시간</strong></p></td><td><p>[실제 퇴근 시간 입력]</p></td></tr><tr><td><p><strong>수정 사유</strong></p></td><td><p>[수정 사유 입력]</p></td></tr></tbody></table><div contenteditable="false"><hr></div><h3>📌 요청 내용</h3><p>근태 수정 요청 사유를 작성해 주세요.</p><div data-language="text" class="toastui-editor-ww-code-block"><pre><code>[사유 입력]</code></pre></div><div contenteditable="false"><hr></div><p><strong>📅 작성일:</strong> [YYYY-MM-DD]</p>','제품','IN',1);
Insert into STDR_DOCUMENT (DOCUMENT_ID,DOCUMENT_TYPE,DOCUMENT_NAME,DOCUMENT_TEMPLATE,DEPT_NAME,APPROVAL_TYPE,COMPANY_NUM) values (41,'ㄴㅇㄹ!!!!!!!!!!!','ㄴㅇㄹ','<h1>예시                                        </h1><h1>근태 수정 요청서</h1><table><thead><tr><th><p>필드명</p></th><th><p>입력 값</p></th></tr></thead><tbody><tr><td><p><strong>사원번호</strong></p></td><td><p>[사원번호 입력]</p></td></tr><tr><td><p><strong>사원명</strong></p></td><td><p>[사원명 입력]</p></td></tr><tr><td><p><strong>부서</strong></p></td><td><p>[부서 입력]</p></td></tr><tr><td><p><strong>수정 요청일</strong></p></td><td><p>[YYYY-MM-DD]</p></td></tr><tr><td><p><strong>기존 출근 시간</strong></p></td><td><p>[기존 출근 시간 입력]</p></td></tr><tr><td><p><strong>기존 퇴근 시간</strong></p></td><td><p>[기존 퇴근 시간 입력]</p></td></tr><tr><td><p><strong>실제 출근 시간</strong></p></td><td><p>[실제 출근 시간 입력]</p></td></tr><tr><td><p><strong>실제 퇴근 시간</strong></p></td><td><p>[실제 퇴근 시간 입력]</p></td></tr><tr><td><p><strong>수정 사유</strong></p></td><td><p>[수정 사유 입력]</p></td></tr></tbody></table><div contenteditable="false"><hr></div><h3>📌 요청 내용</h3><p>근태 수정 요청 사유를 작성해 주세요.</p><div data-language="text" class="toastui-editor-ww-code-block"><pre><code>[사유 입력]</code></pre></div><div contenteditable="false"><hr></div><p><strong>📅 작성일:</strong> [YYYY-MM-DD]</p>','제품','IN',1);
Insert into STDR_DOCUMENT (DOCUMENT_ID,DOCUMENT_TYPE,DOCUMENT_NAME,DOCUMENT_TEMPLATE,DEPT_NAME,APPROVAL_TYPE,COMPANY_NUM) values (42,'비품','비품처리요청서','<h1>비품처리요청서</h1><table><thead><tr><th><p><br></p></th><th><p>번호</p></th><th><p>항목</p></th><th><p><br></p></th></tr></thead><tbody><tr><td><p><br></p></td><td><p>1</p></td><td><p><strong>사원번호</strong></p></td><td><p>[사원번호 입력]</p></td></tr><tr><td><p><br></p></td><td><p>2</p></td><td><p><strong>사원명</strong></p></td><td><p>[사원명 입력]</p></td></tr><tr><td><p><br></p></td><td><p>3</p></td><td><p><strong>부서</strong></p></td><td><p>[부서 입력]</p></td></tr><tr><td><p><br></p></td><td><p>4</p></td><td><p><strong>수정 요청일</strong></p></td><td><p>[YYYY-MM-DD]</p></td></tr><tr><td><p><br></p></td><td><p>5</p></td><td><p><strong>기존 출근 시간</strong></p></td><td><p>[기존 출근 시간 입력]</p></td></tr><tr><td><p><br></p></td><td><p><br></p></td><td><p><strong>기존 퇴근 시간</strong></p></td><td><p>[기존 퇴근 시간 입력]</p></td></tr><tr><td><p><br></p></td><td><p><br></p></td><td><p><strong>실제 출근 시간</strong></p></td><td><p>[실제 출근 시간 입력]</p></td></tr><tr><td><p><br></p></td><td><p><br></p></td><td><p><strong>실제 퇴근 시간</strong></p></td><td><p>[실제 퇴근 시간 입력]</p></td></tr><tr><td><p><br></p></td><td><p><br></p></td><td><p><strong>수정 사유</strong></p></td><td><p>[수정 사유 입력]</p></td></tr></tbody></table><div contenteditable="false"><hr></div><h3>📌 요청 내용</h3><p>근태 수정 요청 사유를 작성해 주세요.</p><div data-language="text" class="toastui-editor-ww-code-block"><pre><code>[사유 입력]</code></pre></div><div contenteditable="false"><hr></div><p><strong>📅 작성일:</strong> [YYYY-MM-DD]</p>','제품','IN',1);
Insert into STDR_DOCUMENT (DOCUMENT_ID,DOCUMENT_TYPE,DOCUMENT_NAME,DOCUMENT_TEMPLATE,DEPT_NAME,APPROVAL_TYPE,COMPANY_NUM) values (46,'인사','근태수정','<h1>근태 수정 요청서</h1><table><thead><tr><th><p>항목</p></th><th><p><br></p></th><th><p>추가</p></th></tr></thead><tbody><tr><td><p><strong>사원번호</strong></p></td><td><p>[사원번호 입력]</p></td><td><p><br></p></td></tr><tr><td><p><strong>사원명</strong></p></td><td><p>[사원명 입력]</p></td><td><p><br></p></td></tr><tr><td><p><strong>부서</strong></p></td><td><p>[부서 입력]</p></td><td><p><br></p></td></tr><tr><td><p><strong>수정 요청일</strong></p></td><td><p>[YYYY-MM-DD]</p></td><td><p><br></p></td></tr><tr><td><p><strong>기존 출근 시간</strong></p></td><td><p>[기존 출근 시간 입력]</p></td><td><p><br></p></td></tr><tr><td><p><strong>기존 퇴근 시간</strong></p></td><td><p>[기존 퇴근 시간 입력]</p></td><td><p><br></p></td></tr><tr><td><p><strong>실제 출근 시간</strong></p></td><td><p>[실제 출근 시간 입력]</p></td><td><p><br></p></td></tr><tr><td><p><strong>실제 퇴근 시간</strong></p></td><td><p>[실제 퇴근 시간 입력]</p></td><td><p><br></p></td></tr><tr><td><p><strong>수정 사유</strong></p></td><td><p>[수정 사유 입력]</p></td><td><p><br></p></td></tr></tbody></table><div contenteditable="false"><hr></div><h3>📌 요청 내용</h3><p>근태 수정 요청 사유를 작성해 주세요.</p><div data-language="text" class="toastui-editor-ww-code-block"><pre><code>[사유 입력]</code></pre></div><div contenteditable="false"><hr></div><p><strong>📅 작성일:</strong> [YYYY-MM-DD]</p>','제품','IN',1);
REM INSERTING into STDR_WAREHOUSE
SET DEFINE OFF;
Insert into STDR_WAREHOUSE (WAREHOUSE_ID,WAREHOUSE_NAME,COMPANY_NUM) values (2,'냉장 창고1',1);
Insert into STDR_WAREHOUSE (WAREHOUSE_ID,WAREHOUSE_NAME,COMPANY_NUM) values (3,'상온 창고1',1);
Insert into STDR_WAREHOUSE (WAREHOUSE_ID,WAREHOUSE_NAME,COMPANY_NUM) values (4,'상온 창고2',1);
Insert into STDR_WAREHOUSE (WAREHOUSE_ID,WAREHOUSE_NAME,COMPANY_NUM) values (5,'냉장 창고2',1);
Insert into STDR_WAREHOUSE (WAREHOUSE_ID,WAREHOUSE_NAME,COMPANY_NUM) values (6,'냉장 창고1',45);
Insert into STDR_WAREHOUSE (WAREHOUSE_ID,WAREHOUSE_NAME,COMPANY_NUM) values (7,'상온 창고1',45);
Insert into STDR_WAREHOUSE (WAREHOUSE_ID,WAREHOUSE_NAME,COMPANY_NUM) values (8,'상온 창고2',45);
Insert into STDR_WAREHOUSE (WAREHOUSE_ID,WAREHOUSE_NAME,COMPANY_NUM) values (9,'냉장 창고2',45);
REM INSERTING into TEST
SET DEFINE OFF;
Insert into TEST (TEST_NAME,TEST_AGE,TEST_SEQ) values ('테스트',32,null);
Insert into TEST (TEST_NAME,TEST_AGE,TEST_SEQ) values ('tested',25,'test11');
REM INSERTING into TEST2
SET DEFINE OFF;
Insert into TEST2 (TEST2,TEST_SEQ,TEST2_NAME,TEST2_AGE) values ('testtwo1',null,'sequece1',250);
Insert into TEST2 (TEST2,TEST_SEQ,TEST2_NAME,TEST2_AGE) values ('testtwo2',null,'sequece1',250);
Insert into TEST2 (TEST2,TEST_SEQ,TEST2_NAME,TEST2_AGE) values ('testtwo123','test11','83366000000',26);
--------------------------------------------------------
--  DDL for Index PK_ACCNUT_ASSETS
--------------------------------------------------------

  CREATE UNIQUE INDEX "PK_ACCNUT_ASSETS" ON "ACCNUT_ASSETS" ("ASSETS_CODE") 
  ;
--------------------------------------------------------
--  DDL for Index PK_ACCNUT_DEAL_ACCOUNT_BOOK
--------------------------------------------------------

  CREATE UNIQUE INDEX "PK_ACCNUT_DEAL_ACCOUNT_BOOK" ON "ACCNUT_DEALINGS_ACCOUNT_BOOK" ("DEALINGS_ACCOUNT_BOOK_CODE") 
  ;
--------------------------------------------------------
--  DDL for Index PK_ACCNUT_DEBT
--------------------------------------------------------

  CREATE UNIQUE INDEX "PK_ACCNUT_DEBT" ON "ACCNUT_DEBT" ("DEBT_CODE") 
  ;
--------------------------------------------------------
--  DDL for Index PK_ACCNUT_DEDUCTION_DETAILS
--------------------------------------------------------

  CREATE UNIQUE INDEX "PK_ACCNUT_DEDUCTION_DETAILS" ON "ACCNUT_DEDUCTION_DETAILS" ("DEDUCTION_DETAILS_CODE") 
  ;
--------------------------------------------------------
--  DDL for Index PK_ACCNUT_ETC_PAYMENT
--------------------------------------------------------

  CREATE UNIQUE INDEX "PK_ACCNUT_ETC_PAYMENT" ON "ACCNUT_ETC_PAYMENT" ("ETC_PAYMENT_CODE") 
  ;
--------------------------------------------------------
--  DDL for Index PK_ACCNUT_INCIDENTAL_COST
--------------------------------------------------------

  CREATE UNIQUE INDEX "PK_ACCNUT_INCIDENTAL_COST" ON "ACCNUT_INCIDENTAL_COST" ("INCIDENTAL_COST_CODE") 
  ;
--------------------------------------------------------
--  DDL for Index PK_ACCNUT_SALARY_ACCOUNT_BOOK
--------------------------------------------------------

  CREATE UNIQUE INDEX "PK_ACCNUT_SALARY_ACCOUNT_BOOK" ON "ACCNUT_SALARY_ACCOUNT_BOOK" ("SALARY_ACCOUNT_BOOK_CODE") 
  ;
--------------------------------------------------------
--  DDL for Index PK_ACCNUT_TAX_DETAIL
--------------------------------------------------------

  CREATE UNIQUE INDEX "PK_ACCNUT_TAX_DETAIL" ON "ACCNUT_TAX_DETAIL" ("TAX_DETAIL_NUM") 
  ;
--------------------------------------------------------
--  DDL for Index PK_ACCNUT_TAX_HEADER
--------------------------------------------------------

  CREATE UNIQUE INDEX "PK_ACCNUT_TAX_HEADER" ON "ACCNUT_TAX_HEADER" ("TAX_NUM") 
  ;
--------------------------------------------------------
--  DDL for Index PK_BHF_CLOSING
--------------------------------------------------------

  CREATE UNIQUE INDEX "PK_BHF_CLOSING" ON "BHF_CLOSING" ("CLOSING_CODE") 
  ;
--------------------------------------------------------
--  DDL for Index PK_BHF_CLOSING_DETAIL
--------------------------------------------------------

  CREATE UNIQUE INDEX "PK_BHF_CLOSING_DETAIL" ON "BHF_CLOSING_DETAIL" ("CLOSING_DETAIL_CODE") 
  ;
--------------------------------------------------------
--  DDL for Index PK_BHF_GOODS_MEDIATION
--------------------------------------------------------

  CREATE UNIQUE INDEX "PK_BHF_GOODS_MEDIATION" ON "BHF_GOODS_MEDIATION" ("MEDIATION_CODE") 
  ;
--------------------------------------------------------
--  DDL for Index PK_BHF_IN_LIST
--------------------------------------------------------

  CREATE UNIQUE INDEX "PK_BHF_IN_LIST" ON "BHF_IN_LIST" ("IN_LIST_NUM") 
  ;
--------------------------------------------------------
--  DDL for Index PK_BHF_ORDER
--------------------------------------------------------

  CREATE UNIQUE INDEX "PK_BHF_ORDER" ON "BHF_ORDER" ("ORDER_CODE") 
  ;
--------------------------------------------------------
--  DDL for Index PK_BHF_ORDER_DETAIL
--------------------------------------------------------

  CREATE UNIQUE INDEX "PK_BHF_ORDER_DETAIL" ON "BHF_ORDER_DETAIL" ("ORDER_DETAIL_CODE") 
  ;
--------------------------------------------------------
--  DDL for Index PK_BHF_RETURNING
--------------------------------------------------------

  CREATE UNIQUE INDEX "PK_BHF_RETURNING" ON "BHF_RETURNING" ("RETURNING_CODE") 
  ;
--------------------------------------------------------
--  DDL for Index PK_BHF_RETURNING_DETAIL
--------------------------------------------------------

  CREATE UNIQUE INDEX "PK_BHF_RETURNING_DETAIL" ON "BHF_RETURNING_DETAIL" ("RETURNING_DETAIL_CODE") 
  ;
--------------------------------------------------------
--  DDL for Index PK_BHF_WAREHOUSE
--------------------------------------------------------

  CREATE UNIQUE INDEX "PK_BHF_WAREHOUSE" ON "BHF_WAREHOUSE" ("WAREHOUSE_CODE") 
  ;
--------------------------------------------------------
--  DDL for Index PK_BSN_CS_CHANGE_HISTORY
--------------------------------------------------------

  CREATE UNIQUE INDEX "PK_BSN_CS_CHANGE_HISTORY" ON "BSN_CS_CHANGE_HISTORY" ("HISTORY_NUM") 
  ;
--------------------------------------------------------
--  DDL for Index PK_BSN_CS_RETURNING_GOODS
--------------------------------------------------------

  CREATE UNIQUE INDEX "PK_BSN_CS_RETURNING_GOODS" ON "BSN_CS_RETURNING_GOODS" ("CS_RETURNING_GOODS_ID") 
  ;
--------------------------------------------------------
--  DDL for Index PK_BSN_DELIVERY
--------------------------------------------------------

  CREATE UNIQUE INDEX "PK_BSN_DELIVERY" ON "BSN_DELIVERY" ("DELIVERY_ID") 
  ;
--------------------------------------------------------
--  DDL for Index PK_BSN_DELIVERY_DETAIL
--------------------------------------------------------

  CREATE UNIQUE INDEX "PK_BSN_DELIVERY_DETAIL" ON "BSN_DELIVERY_DETAIL" ("DELIVERY_DETAIL_ID") 
  ;
--------------------------------------------------------
--  DDL for Index PK_BSN_DELIVERY_LOT_DETAIL
--------------------------------------------------------

  CREATE UNIQUE INDEX "PK_BSN_DELIVERY_LOT_DETAIL" ON "BSN_DELIVERY_LOT_DETAIL" ("DELIVERY_LOT_DETAIL_NUM") 
  ;
--------------------------------------------------------
--  DDL for Index PK_BSN_ORDER
--------------------------------------------------------

  CREATE UNIQUE INDEX "PK_BSN_ORDER" ON "BSN_ORDER" ("ORDER_ID") 
  ;
--------------------------------------------------------
--  DDL for Index PK_BSN_ORDER_DETAIL
--------------------------------------------------------

  CREATE UNIQUE INDEX "PK_BSN_ORDER_DETAIL" ON "BSN_ORDER_DETAIL" ("ORDER_DETAIL_ID") 
  ;
--------------------------------------------------------
--  DDL for Index PK_BUSINESS_BHF
--------------------------------------------------------

  CREATE UNIQUE INDEX "PK_BUSINESS_BHF" ON "BSN_BHF" ("BHF_ID") 
  ;
--------------------------------------------------------
--  DDL for Index PK_CMMN
--------------------------------------------------------

  CREATE UNIQUE INDEX "PK_CMMN" ON "CMMN" ("CMMN_CODE") 
  ;
--------------------------------------------------------
--  DDL for Index PK_ERP_ANSWER
--------------------------------------------------------

  CREATE UNIQUE INDEX "PK_ERP_ANSWER" ON "ERP_ANSWER" ("ANSWER_NUM") 
  ;
--------------------------------------------------------
--  DDL for Index PK_ERP_BILL
--------------------------------------------------------

  CREATE UNIQUE INDEX "PK_ERP_BILL" ON "ERP_BILL" ("BILL_NUM") 
  ;
--------------------------------------------------------
--  DDL for Index PK_ERP_COMPANY
--------------------------------------------------------

  CREATE UNIQUE INDEX "PK_ERP_COMPANY" ON "ERP_COMPANY" ("COMPANY_NUM") 
  ;
--------------------------------------------------------
--  DDL for Index PK_ERP_CONTRACT_DOCUMENT
--------------------------------------------------------

  CREATE UNIQUE INDEX "PK_ERP_CONTRACT_DOCUMENT" ON "ERP_CONTRACT_DOCUMENT" ("CONTRACT_NUM") 
  ;
--------------------------------------------------------
--  DDL for Index PK_ERP_CUSTOMER_SERVICE
--------------------------------------------------------

  CREATE UNIQUE INDEX "PK_ERP_CUSTOMER_SERVICE" ON "ERP_CUSTOMER_SERVICE" ("CUSTOMER_SERVICE_NUM") 
  ;
--------------------------------------------------------
--  DDL for Index PK_ERP_EMPLOYEES
--------------------------------------------------------

  CREATE UNIQUE INDEX "PK_ERP_EMPLOYEES" ON "ERP_EMPLOYEES" ("EMPLOYEE_NUM") 
  ;
--------------------------------------------------------
--  DDL for Index PK_ERP_INQUIRY
--------------------------------------------------------

  CREATE UNIQUE INDEX "PK_ERP_INQUIRY" ON "ERP_INQUIRY" ("INQUIRY_NUM") 
  ;
--------------------------------------------------------
--  DDL for Index PK_ERP_SUBSCRIPTION_INFO_LIST
--------------------------------------------------------

  CREATE UNIQUE INDEX "PK_ERP_SUBSCRIPTION_INFO_LIST" ON "ERP_SUBSCRIPTION_INFO_LIST" ("SUBSCRIPTION_NUM") 
  ;
--------------------------------------------------------
--  DDL for Index PK_ERP_SUBSCRIPTION_LIST
--------------------------------------------------------

  CREATE UNIQUE INDEX "PK_ERP_SUBSCRIPTION_LIST" ON "ERP_SUBSCRIPTION_LIST" ("SUBSCRIPTION_NUM") 
  ;
--------------------------------------------------------
--  DDL for Index PK_ERP_SUBSCRIPTION_NAME
--------------------------------------------------------

  CREATE UNIQUE INDEX "PK_ERP_SUBSCRIPTION_NAME" ON "ERP_SUBSCRIPTION_NAME" ("SUBSCRIPTION_NAME_NUM") 
  ;
--------------------------------------------------------
--  DDL for Index PK_ERP_SUBSCRIPTION_OPTION
--------------------------------------------------------

  CREATE UNIQUE INDEX "PK_ERP_SUBSCRIPTION_OPTION" ON "ERP_SUBSCRIPTION_OPTION" ("SUBSCRIPTION_OPTION_NUM") 
  ;
--------------------------------------------------------
--  DDL for Index PK_ERP_SUBSCRIPTION_TAIL
--------------------------------------------------------

  CREATE UNIQUE INDEX "PK_ERP_SUBSCRIPTION_TAIL" ON "ERP_SUBSCRIPTION_TAIL" ("SUBSCRIPTION_TAIL_NUM") 
  ;
--------------------------------------------------------
--  DDL for Index PK_ERP_USER_ACCOUNTS
--------------------------------------------------------

  CREATE UNIQUE INDEX "PK_ERP_USER_ACCOUNTS" ON "ERP_USER_ACCOUNTS" ("ACCOUNT_NUM") 
  ;
--------------------------------------------------------
--  DDL for Index PK_GRPWR_BOARD
--------------------------------------------------------

  CREATE UNIQUE INDEX "PK_GRPWR_BOARD" ON "GRPWR_BOARD" ("BOARD_ID") 
  ;
--------------------------------------------------------
--  DDL for Index PK_GRPWR_CHAT_MESSAGE
--------------------------------------------------------

  CREATE UNIQUE INDEX "PK_GRPWR_CHAT_MESSAGE" ON "GRPWR_CHAT_MESSAGE" ("MSG_ID") 
  ;
--------------------------------------------------------
--  DDL for Index PK_GRPWR_CHAT_ROOM
--------------------------------------------------------

  CREATE UNIQUE INDEX "PK_GRPWR_CHAT_ROOM" ON "GRPWR_CHAT_ROOM" ("ROOM_ID") 
  ;
--------------------------------------------------------
--  DDL for Index PK_GRPWR_EVENT
--------------------------------------------------------

  CREATE UNIQUE INDEX "PK_GRPWR_EVENT" ON "GRPWR_EVENT" ("EVENT_ID") 
  ;
--------------------------------------------------------
--  DDL for Index PK_GRPWR_EX_APPROVAL
--------------------------------------------------------

  CREATE UNIQUE INDEX "PK_GRPWR_EX_APPROVAL" ON "GRPWR_EX_APPROVAL" ("EX_APPROVAL_ID") 
  ;
--------------------------------------------------------
--  DDL for Index PK_GRPWR_IN_APPROVAL
--------------------------------------------------------

  CREATE UNIQUE INDEX "PK_GRPWR_IN_APPROVAL" ON "GRPWR_IN_APPROVAL" ("IN_APPROVAL_ID") 
  ;
--------------------------------------------------------
--  DDL for Index PK_GRPWR_REPLY
--------------------------------------------------------

  CREATE UNIQUE INDEX "PK_GRPWR_REPLY" ON "GRPWR_REPLY" ("REPLY_ID") 
  ;
--------------------------------------------------------
--  DDL for Index PK_GRPWR_SCHEDULE
--------------------------------------------------------

  CREATE UNIQUE INDEX "PK_GRPWR_SCHEDULE" ON "GRPWR_SCHEDULE" ("SCHEDULE_ID") 
  ;
--------------------------------------------------------
--  DDL for Index PK_GRPWR_VENDOR
--------------------------------------------------------

  CREATE UNIQUE INDEX "PK_GRPWR_VENDOR" ON "GRPWR_VENDOR" ("VENDOR_ID") 
  ;
--------------------------------------------------------
--  DDL for Index PK_LOGIN
--------------------------------------------------------

  CREATE UNIQUE INDEX "PK_LOGIN" ON "LOGIN" ("LOGIN_ID") 
  ;
--------------------------------------------------------
--  DDL for Index PK_PURCHSE_GOODS
--------------------------------------------------------

  CREATE UNIQUE INDEX "PK_PURCHSE_GOODS" ON "PURCHSE_GOODS" ("GOODS_NUM") 
  ;
--------------------------------------------------------
--  DDL for Index PK_PURCHSE_OPTION
--------------------------------------------------------

  CREATE UNIQUE INDEX "PK_PURCHSE_OPTION" ON "PURCHSE_OPTION" ("OPTION_NUM") 
  ;
--------------------------------------------------------
--  DDL for Index PK_PURCHS_DISUSE
--------------------------------------------------------

  CREATE UNIQUE INDEX "PK_PURCHS_DISUSE" ON "PURCHS_GOODS_DISUSE" ("DISUSE_NUM") 
  ;
--------------------------------------------------------
--  DDL for Index PK_PURCHS_DISUSE_RECORD
--------------------------------------------------------

  CREATE UNIQUE INDEX "PK_PURCHS_DISUSE_RECORD" ON "PURCHS_DISUSE_RECORD" ("DISUSE_RECORD_NUM") 
  ;
--------------------------------------------------------
--  DDL for Index PK_PURCHS_PLAN_BODY
--------------------------------------------------------

  CREATE UNIQUE INDEX "PK_PURCHS_PLAN_BODY" ON "PURCHS_ORDER_PLAN_BODY" ("ORDER_PLAN_BODY_NUM") 
  ;
--------------------------------------------------------
--  DDL for Index PK_PURCHS_PLAN_HEADER
--------------------------------------------------------

  CREATE UNIQUE INDEX "PK_PURCHS_PLAN_HEADER" ON "PURCHS_ORDER_PLAN_HEADER" ("ORDER_PLAN_HEADER_NUM") 
  ;
--------------------------------------------------------
--  DDL for Index PK_PURCHS_PURCHASE_BODY
--------------------------------------------------------

  CREATE UNIQUE INDEX "PK_PURCHS_PURCHASE_BODY" ON "PURCHS_PURCHASE_BODY" ("PURCHASE_BODY_NUM") 
  ;
--------------------------------------------------------
--  DDL for Index PK_PURCHS_PURCHASE_HEADER
--------------------------------------------------------

  CREATE UNIQUE INDEX "PK_PURCHS_PURCHASE_HEADER" ON "PURCHS_PURCHASE_HEADER" ("PURCHASE_NUM") 
  ;
--------------------------------------------------------
--  DDL for Index PK_PURCHS_PURCHASE_RECORD
--------------------------------------------------------

  CREATE UNIQUE INDEX "PK_PURCHS_PURCHASE_RECORD" ON "PURCHS_PURCHASE_RECORD" ("PURCHASE_RECORD_NUM") 
  ;
--------------------------------------------------------
--  DDL for Index PK_PURCHS_WAREHOUSING_BODY
--------------------------------------------------------

  CREATE UNIQUE INDEX "PK_PURCHS_WAREHOUSING_BODY" ON "PURCHS_WAREHOUSING_BODY" ("WAREHOUSING_BODY_NUM") 
  ;
--------------------------------------------------------
--  DDL for Index PK_PURCHS_WAREHOUSING_HEADER
--------------------------------------------------------

  CREATE UNIQUE INDEX "PK_PURCHS_WAREHOUSING_HEADER" ON "PURCHS_WAREHOUSING_HEADER" ("WAREHOUSING_HEADER_NUM") 
  ;
--------------------------------------------------------
--  DDL for Index PK_STDR_BRAND
--------------------------------------------------------

  CREATE UNIQUE INDEX "PK_STDR_BRAND" ON "STDR_BRAND" ("BRAND_ID") 
  ;
--------------------------------------------------------
--  DDL for Index PK_STDR_CLASSIFICATION
--------------------------------------------------------

  CREATE UNIQUE INDEX "PK_STDR_CLASSIFICATION" ON "STDR_CLASSIFICATION" ("CLASSIFICATION_ID") 
  ;
--------------------------------------------------------
--  DDL for Index PK_STDR_DEPT
--------------------------------------------------------

  CREATE UNIQUE INDEX "PK_STDR_DEPT" ON "STDR_DEPT" ("DEPT_NO") 
  ;
--------------------------------------------------------
--  DDL for Index PK_STDR_DOCUMENT
--------------------------------------------------------

  CREATE UNIQUE INDEX "PK_STDR_DOCUMENT" ON "STDR_DOCUMENT" ("DOCUMENT_ID") 
  ;
--------------------------------------------------------
--  DDL for Index PK_STDR_WAREHOUSE
--------------------------------------------------------

  CREATE UNIQUE INDEX "PK_STDR_WAREHOUSE" ON "STDR_WAREHOUSE" ("WAREHOUSE_ID") 
  ;
--------------------------------------------------------
--  DDL for Index SYS_C008046
--------------------------------------------------------

  CREATE UNIQUE INDEX "SYS_C008046" ON "HR_DEPARTMENT" ("DEPARTMENT_NUM") 
  ;
--------------------------------------------------------
--  DDL for Index SYS_C008059
--------------------------------------------------------

  CREATE UNIQUE INDEX "SYS_C008059" ON "HR_EMPLOYEE" ("EMPLOYEE_NUM") 
  ;
--------------------------------------------------------
--  DDL for Index SYS_C008060
--------------------------------------------------------

  CREATE UNIQUE INDEX "SYS_C008060" ON "HR_EMPLOYEE" ("EMPLOYEE_ID") 
  ;
--------------------------------------------------------
--  DDL for Index SYS_C008061
--------------------------------------------------------

  CREATE UNIQUE INDEX "SYS_C008061" ON "HR_EMPLOYEE" ("EMAIL") 
  ;
--------------------------------------------------------
--  DDL for Index SYS_C008086
--------------------------------------------------------

  CREATE UNIQUE INDEX "SYS_C008086" ON "HR_ATTENDANCE_LOG" ("ATTENDANCE_NUM") 
  ;
--------------------------------------------------------
--  DDL for Index SYS_C008098
--------------------------------------------------------

  CREATE UNIQUE INDEX "SYS_C008098" ON "HR_BUSINESS_TRIP" ("TRIP_NUM") 
  ;
--------------------------------------------------------
--  DDL for Index SYS_C008110
--------------------------------------------------------

  CREATE UNIQUE INDEX "SYS_C008110" ON "HR_ANNUAL_LEAVE" ("LEAVE_NUM") 
  ;
--------------------------------------------------------
--  DDL for Index SYS_C008119
--------------------------------------------------------

  CREATE UNIQUE INDEX "SYS_C008119" ON "HR_REJECTION_LOG" ("REJECTION_NUM") 
  ;
--------------------------------------------------------
--  DDL for Index SYS_C008127
--------------------------------------------------------

  CREATE UNIQUE INDEX "SYS_C008127" ON "HR_DOCUMENT_FILE" ("DOCUMENT_FILE_NUM") 
  ;
--------------------------------------------------------
--  DDL for Index SYS_C008467
--------------------------------------------------------

  CREATE UNIQUE INDEX "SYS_C008467" ON "HR_EMPLOYEE_CONTRACT" ("CONTRACT_NUM") 
  ;
--------------------------------------------------------
--  DDL for Index SYS_C008616
--------------------------------------------------------

  CREATE UNIQUE INDEX "SYS_C008616" ON "HR_EMPLOYEE_HISTORY" ("HISTORY_NUM") 
  ;
--------------------------------------------------------
--  DDL for Index UNIQUE_CHAT
--------------------------------------------------------

  CREATE UNIQUE INDEX "UNIQUE_CHAT" ON "GRPWR_CHAT_ROOM" ("EMPLOYEE_NUM1", "EMPLOYEE_NUM2") 
  ;
--------------------------------------------------------
--  DDL for Index PK_ACCNUT_ASSETS
--------------------------------------------------------

  CREATE UNIQUE INDEX "PK_ACCNUT_ASSETS" ON "ACCNUT_ASSETS" ("ASSETS_CODE") 
  ;
--------------------------------------------------------
--  DDL for Index PK_ACCNUT_DEAL_ACCOUNT_BOOK
--------------------------------------------------------

  CREATE UNIQUE INDEX "PK_ACCNUT_DEAL_ACCOUNT_BOOK" ON "ACCNUT_DEALINGS_ACCOUNT_BOOK" ("DEALINGS_ACCOUNT_BOOK_CODE") 
  ;
--------------------------------------------------------
--  DDL for Index PK_ACCNUT_DEBT
--------------------------------------------------------

  CREATE UNIQUE INDEX "PK_ACCNUT_DEBT" ON "ACCNUT_DEBT" ("DEBT_CODE") 
  ;
--------------------------------------------------------
--  DDL for Index PK_ACCNUT_DEDUCTION_DETAILS
--------------------------------------------------------

  CREATE UNIQUE INDEX "PK_ACCNUT_DEDUCTION_DETAILS" ON "ACCNUT_DEDUCTION_DETAILS" ("DEDUCTION_DETAILS_CODE") 
  ;
--------------------------------------------------------
--  DDL for Index PK_ACCNUT_ETC_PAYMENT
--------------------------------------------------------

  CREATE UNIQUE INDEX "PK_ACCNUT_ETC_PAYMENT" ON "ACCNUT_ETC_PAYMENT" ("ETC_PAYMENT_CODE") 
  ;
--------------------------------------------------------
--  DDL for Index PK_ACCNUT_INCIDENTAL_COST
--------------------------------------------------------

  CREATE UNIQUE INDEX "PK_ACCNUT_INCIDENTAL_COST" ON "ACCNUT_INCIDENTAL_COST" ("INCIDENTAL_COST_CODE") 
  ;
--------------------------------------------------------
--  DDL for Index PK_ACCNUT_SALARY_ACCOUNT_BOOK
--------------------------------------------------------

  CREATE UNIQUE INDEX "PK_ACCNUT_SALARY_ACCOUNT_BOOK" ON "ACCNUT_SALARY_ACCOUNT_BOOK" ("SALARY_ACCOUNT_BOOK_CODE") 
  ;
--------------------------------------------------------
--  DDL for Index PK_ACCNUT_TAX_DETAIL
--------------------------------------------------------

  CREATE UNIQUE INDEX "PK_ACCNUT_TAX_DETAIL" ON "ACCNUT_TAX_DETAIL" ("TAX_DETAIL_NUM") 
  ;
--------------------------------------------------------
--  DDL for Index PK_ACCNUT_TAX_HEADER
--------------------------------------------------------

  CREATE UNIQUE INDEX "PK_ACCNUT_TAX_HEADER" ON "ACCNUT_TAX_HEADER" ("TAX_NUM") 
  ;
--------------------------------------------------------
--  DDL for Index PK_BHF_CLOSING
--------------------------------------------------------

  CREATE UNIQUE INDEX "PK_BHF_CLOSING" ON "BHF_CLOSING" ("CLOSING_CODE") 
  ;
--------------------------------------------------------
--  DDL for Index PK_BHF_CLOSING_DETAIL
--------------------------------------------------------

  CREATE UNIQUE INDEX "PK_BHF_CLOSING_DETAIL" ON "BHF_CLOSING_DETAIL" ("CLOSING_DETAIL_CODE") 
  ;
--------------------------------------------------------
--  DDL for Index PK_BHF_GOODS_MEDIATION
--------------------------------------------------------

  CREATE UNIQUE INDEX "PK_BHF_GOODS_MEDIATION" ON "BHF_GOODS_MEDIATION" ("MEDIATION_CODE") 
  ;
--------------------------------------------------------
--  DDL for Index PK_BHF_IN_LIST
--------------------------------------------------------

  CREATE UNIQUE INDEX "PK_BHF_IN_LIST" ON "BHF_IN_LIST" ("IN_LIST_NUM") 
  ;
--------------------------------------------------------
--  DDL for Index PK_BHF_ORDER
--------------------------------------------------------

  CREATE UNIQUE INDEX "PK_BHF_ORDER" ON "BHF_ORDER" ("ORDER_CODE") 
  ;
--------------------------------------------------------
--  DDL for Index PK_BHF_ORDER_DETAIL
--------------------------------------------------------

  CREATE UNIQUE INDEX "PK_BHF_ORDER_DETAIL" ON "BHF_ORDER_DETAIL" ("ORDER_DETAIL_CODE") 
  ;
--------------------------------------------------------
--  DDL for Index PK_BHF_RETURNING
--------------------------------------------------------

  CREATE UNIQUE INDEX "PK_BHF_RETURNING" ON "BHF_RETURNING" ("RETURNING_CODE") 
  ;
--------------------------------------------------------
--  DDL for Index PK_BHF_RETURNING_DETAIL
--------------------------------------------------------

  CREATE UNIQUE INDEX "PK_BHF_RETURNING_DETAIL" ON "BHF_RETURNING_DETAIL" ("RETURNING_DETAIL_CODE") 
  ;
--------------------------------------------------------
--  DDL for Index PK_BHF_WAREHOUSE
--------------------------------------------------------

  CREATE UNIQUE INDEX "PK_BHF_WAREHOUSE" ON "BHF_WAREHOUSE" ("WAREHOUSE_CODE") 
  ;
--------------------------------------------------------
--  DDL for Index PK_BUSINESS_BHF
--------------------------------------------------------

  CREATE UNIQUE INDEX "PK_BUSINESS_BHF" ON "BSN_BHF" ("BHF_ID") 
  ;
--------------------------------------------------------
--  DDL for Index PK_BSN_CS_CHANGE_HISTORY
--------------------------------------------------------

  CREATE UNIQUE INDEX "PK_BSN_CS_CHANGE_HISTORY" ON "BSN_CS_CHANGE_HISTORY" ("HISTORY_NUM") 
  ;
--------------------------------------------------------
--  DDL for Index PK_BSN_CS_RETURNING_GOODS
--------------------------------------------------------

  CREATE UNIQUE INDEX "PK_BSN_CS_RETURNING_GOODS" ON "BSN_CS_RETURNING_GOODS" ("CS_RETURNING_GOODS_ID") 
  ;
--------------------------------------------------------
--  DDL for Index PK_BSN_DELIVERY
--------------------------------------------------------

  CREATE UNIQUE INDEX "PK_BSN_DELIVERY" ON "BSN_DELIVERY" ("DELIVERY_ID") 
  ;
--------------------------------------------------------
--  DDL for Index PK_BSN_DELIVERY_DETAIL
--------------------------------------------------------

  CREATE UNIQUE INDEX "PK_BSN_DELIVERY_DETAIL" ON "BSN_DELIVERY_DETAIL" ("DELIVERY_DETAIL_ID") 
  ;
--------------------------------------------------------
--  DDL for Index PK_BSN_DELIVERY_LOT_DETAIL
--------------------------------------------------------

  CREATE UNIQUE INDEX "PK_BSN_DELIVERY_LOT_DETAIL" ON "BSN_DELIVERY_LOT_DETAIL" ("DELIVERY_LOT_DETAIL_NUM") 
  ;
--------------------------------------------------------
--  DDL for Index PK_BSN_ORDER
--------------------------------------------------------

  CREATE UNIQUE INDEX "PK_BSN_ORDER" ON "BSN_ORDER" ("ORDER_ID") 
  ;
--------------------------------------------------------
--  DDL for Index PK_BSN_ORDER_DETAIL
--------------------------------------------------------

  CREATE UNIQUE INDEX "PK_BSN_ORDER_DETAIL" ON "BSN_ORDER_DETAIL" ("ORDER_DETAIL_ID") 
  ;
--------------------------------------------------------
--  DDL for Index PK_CMMN
--------------------------------------------------------

  CREATE UNIQUE INDEX "PK_CMMN" ON "CMMN" ("CMMN_CODE") 
  ;
--------------------------------------------------------
--  DDL for Index PK_ERP_ANSWER
--------------------------------------------------------

  CREATE UNIQUE INDEX "PK_ERP_ANSWER" ON "ERP_ANSWER" ("ANSWER_NUM") 
  ;
--------------------------------------------------------
--  DDL for Index PK_ERP_BILL
--------------------------------------------------------

  CREATE UNIQUE INDEX "PK_ERP_BILL" ON "ERP_BILL" ("BILL_NUM") 
  ;
--------------------------------------------------------
--  DDL for Index PK_ERP_COMPANY
--------------------------------------------------------

  CREATE UNIQUE INDEX "PK_ERP_COMPANY" ON "ERP_COMPANY" ("COMPANY_NUM") 
  ;
--------------------------------------------------------
--  DDL for Index PK_ERP_CONTRACT_DOCUMENT
--------------------------------------------------------

  CREATE UNIQUE INDEX "PK_ERP_CONTRACT_DOCUMENT" ON "ERP_CONTRACT_DOCUMENT" ("CONTRACT_NUM") 
  ;
--------------------------------------------------------
--  DDL for Index PK_ERP_CUSTOMER_SERVICE
--------------------------------------------------------

  CREATE UNIQUE INDEX "PK_ERP_CUSTOMER_SERVICE" ON "ERP_CUSTOMER_SERVICE" ("CUSTOMER_SERVICE_NUM") 
  ;
--------------------------------------------------------
--  DDL for Index PK_ERP_EMPLOYEES
--------------------------------------------------------

  CREATE UNIQUE INDEX "PK_ERP_EMPLOYEES" ON "ERP_EMPLOYEES" ("EMPLOYEE_NUM") 
  ;
--------------------------------------------------------
--  DDL for Index PK_ERP_INQUIRY
--------------------------------------------------------

  CREATE UNIQUE INDEX "PK_ERP_INQUIRY" ON "ERP_INQUIRY" ("INQUIRY_NUM") 
  ;
--------------------------------------------------------
--  DDL for Index PK_ERP_SUBSCRIPTION_INFO_LIST
--------------------------------------------------------

  CREATE UNIQUE INDEX "PK_ERP_SUBSCRIPTION_INFO_LIST" ON "ERP_SUBSCRIPTION_INFO_LIST" ("SUBSCRIPTION_NUM") 
  ;
--------------------------------------------------------
--  DDL for Index PK_ERP_SUBSCRIPTION_LIST
--------------------------------------------------------

  CREATE UNIQUE INDEX "PK_ERP_SUBSCRIPTION_LIST" ON "ERP_SUBSCRIPTION_LIST" ("SUBSCRIPTION_NUM") 
  ;
--------------------------------------------------------
--  DDL for Index PK_ERP_SUBSCRIPTION_NAME
--------------------------------------------------------

  CREATE UNIQUE INDEX "PK_ERP_SUBSCRIPTION_NAME" ON "ERP_SUBSCRIPTION_NAME" ("SUBSCRIPTION_NAME_NUM") 
  ;
--------------------------------------------------------
--  DDL for Index PK_ERP_SUBSCRIPTION_OPTION
--------------------------------------------------------

  CREATE UNIQUE INDEX "PK_ERP_SUBSCRIPTION_OPTION" ON "ERP_SUBSCRIPTION_OPTION" ("SUBSCRIPTION_OPTION_NUM") 
  ;
--------------------------------------------------------
--  DDL for Index PK_ERP_SUBSCRIPTION_TAIL
--------------------------------------------------------

  CREATE UNIQUE INDEX "PK_ERP_SUBSCRIPTION_TAIL" ON "ERP_SUBSCRIPTION_TAIL" ("SUBSCRIPTION_TAIL_NUM") 
  ;
--------------------------------------------------------
--  DDL for Index PK_ERP_USER_ACCOUNTS
--------------------------------------------------------

  CREATE UNIQUE INDEX "PK_ERP_USER_ACCOUNTS" ON "ERP_USER_ACCOUNTS" ("ACCOUNT_NUM") 
  ;
--------------------------------------------------------
--  DDL for Index PK_GRPWR_BOARD
--------------------------------------------------------

  CREATE UNIQUE INDEX "PK_GRPWR_BOARD" ON "GRPWR_BOARD" ("BOARD_ID") 
  ;
--------------------------------------------------------
--  DDL for Index PK_GRPWR_CHAT_MESSAGE
--------------------------------------------------------

  CREATE UNIQUE INDEX "PK_GRPWR_CHAT_MESSAGE" ON "GRPWR_CHAT_MESSAGE" ("MSG_ID") 
  ;
--------------------------------------------------------
--  DDL for Index PK_GRPWR_CHAT_ROOM
--------------------------------------------------------

  CREATE UNIQUE INDEX "PK_GRPWR_CHAT_ROOM" ON "GRPWR_CHAT_ROOM" ("ROOM_ID") 
  ;
--------------------------------------------------------
--  DDL for Index UNIQUE_CHAT
--------------------------------------------------------

  CREATE UNIQUE INDEX "UNIQUE_CHAT" ON "GRPWR_CHAT_ROOM" ("EMPLOYEE_NUM1", "EMPLOYEE_NUM2") 
  ;
--------------------------------------------------------
--  DDL for Index PK_GRPWR_EVENT
--------------------------------------------------------

  CREATE UNIQUE INDEX "PK_GRPWR_EVENT" ON "GRPWR_EVENT" ("EVENT_ID") 
  ;
--------------------------------------------------------
--  DDL for Index PK_GRPWR_EX_APPROVAL
--------------------------------------------------------

  CREATE UNIQUE INDEX "PK_GRPWR_EX_APPROVAL" ON "GRPWR_EX_APPROVAL" ("EX_APPROVAL_ID") 
  ;
--------------------------------------------------------
--  DDL for Index PK_GRPWR_IN_APPROVAL
--------------------------------------------------------

  CREATE UNIQUE INDEX "PK_GRPWR_IN_APPROVAL" ON "GRPWR_IN_APPROVAL" ("IN_APPROVAL_ID") 
  ;
--------------------------------------------------------
--  DDL for Index PK_GRPWR_REPLY
--------------------------------------------------------

  CREATE UNIQUE INDEX "PK_GRPWR_REPLY" ON "GRPWR_REPLY" ("REPLY_ID") 
  ;
--------------------------------------------------------
--  DDL for Index PK_GRPWR_SCHEDULE
--------------------------------------------------------

  CREATE UNIQUE INDEX "PK_GRPWR_SCHEDULE" ON "GRPWR_SCHEDULE" ("SCHEDULE_ID") 
  ;
--------------------------------------------------------
--  DDL for Index PK_GRPWR_VENDOR
--------------------------------------------------------

  CREATE UNIQUE INDEX "PK_GRPWR_VENDOR" ON "GRPWR_VENDOR" ("VENDOR_ID") 
  ;
--------------------------------------------------------
--  DDL for Index SYS_C008110
--------------------------------------------------------

  CREATE UNIQUE INDEX "SYS_C008110" ON "HR_ANNUAL_LEAVE" ("LEAVE_NUM") 
  ;
--------------------------------------------------------
--  DDL for Index SYS_C008086
--------------------------------------------------------

  CREATE UNIQUE INDEX "SYS_C008086" ON "HR_ATTENDANCE_LOG" ("ATTENDANCE_NUM") 
  ;
--------------------------------------------------------
--  DDL for Index SYS_C008098
--------------------------------------------------------

  CREATE UNIQUE INDEX "SYS_C008098" ON "HR_BUSINESS_TRIP" ("TRIP_NUM") 
  ;
--------------------------------------------------------
--  DDL for Index SYS_C008046
--------------------------------------------------------

  CREATE UNIQUE INDEX "SYS_C008046" ON "HR_DEPARTMENT" ("DEPARTMENT_NUM") 
  ;
--------------------------------------------------------
--  DDL for Index SYS_C008127
--------------------------------------------------------

  CREATE UNIQUE INDEX "SYS_C008127" ON "HR_DOCUMENT_FILE" ("DOCUMENT_FILE_NUM") 
  ;
--------------------------------------------------------
--  DDL for Index SYS_C008059
--------------------------------------------------------

  CREATE UNIQUE INDEX "SYS_C008059" ON "HR_EMPLOYEE" ("EMPLOYEE_NUM") 
  ;
--------------------------------------------------------
--  DDL for Index SYS_C008060
--------------------------------------------------------

  CREATE UNIQUE INDEX "SYS_C008060" ON "HR_EMPLOYEE" ("EMPLOYEE_ID") 
  ;
--------------------------------------------------------
--  DDL for Index SYS_C008061
--------------------------------------------------------

  CREATE UNIQUE INDEX "SYS_C008061" ON "HR_EMPLOYEE" ("EMAIL") 
  ;
--------------------------------------------------------
--  DDL for Index SYS_C008467
--------------------------------------------------------

  CREATE UNIQUE INDEX "SYS_C008467" ON "HR_EMPLOYEE_CONTRACT" ("CONTRACT_NUM") 
  ;
--------------------------------------------------------
--  DDL for Index SYS_C008616
--------------------------------------------------------

  CREATE UNIQUE INDEX "SYS_C008616" ON "HR_EMPLOYEE_HISTORY" ("HISTORY_NUM") 
  ;
--------------------------------------------------------
--  DDL for Index SYS_C008119
--------------------------------------------------------

  CREATE UNIQUE INDEX "SYS_C008119" ON "HR_REJECTION_LOG" ("REJECTION_NUM") 
  ;
--------------------------------------------------------
--  DDL for Index PK_LOGIN
--------------------------------------------------------

  CREATE UNIQUE INDEX "PK_LOGIN" ON "LOGIN" ("LOGIN_ID") 
  ;
--------------------------------------------------------
--  DDL for Index PK_PURCHSE_GOODS
--------------------------------------------------------

  CREATE UNIQUE INDEX "PK_PURCHSE_GOODS" ON "PURCHSE_GOODS" ("GOODS_NUM") 
  ;
--------------------------------------------------------
--  DDL for Index PK_PURCHSE_OPTION
--------------------------------------------------------

  CREATE UNIQUE INDEX "PK_PURCHSE_OPTION" ON "PURCHSE_OPTION" ("OPTION_NUM") 
  ;
--------------------------------------------------------
--  DDL for Index PK_PURCHS_DISUSE_RECORD
--------------------------------------------------------

  CREATE UNIQUE INDEX "PK_PURCHS_DISUSE_RECORD" ON "PURCHS_DISUSE_RECORD" ("DISUSE_RECORD_NUM") 
  ;
--------------------------------------------------------
--  DDL for Index PK_PURCHS_DISUSE
--------------------------------------------------------

  CREATE UNIQUE INDEX "PK_PURCHS_DISUSE" ON "PURCHS_GOODS_DISUSE" ("DISUSE_NUM") 
  ;
--------------------------------------------------------
--  DDL for Index PK_PURCHS_PLAN_BODY
--------------------------------------------------------

  CREATE UNIQUE INDEX "PK_PURCHS_PLAN_BODY" ON "PURCHS_ORDER_PLAN_BODY" ("ORDER_PLAN_BODY_NUM") 
  ;
--------------------------------------------------------
--  DDL for Index PK_PURCHS_PLAN_HEADER
--------------------------------------------------------

  CREATE UNIQUE INDEX "PK_PURCHS_PLAN_HEADER" ON "PURCHS_ORDER_PLAN_HEADER" ("ORDER_PLAN_HEADER_NUM") 
  ;
--------------------------------------------------------
--  DDL for Index PK_PURCHS_PURCHASE_BODY
--------------------------------------------------------

  CREATE UNIQUE INDEX "PK_PURCHS_PURCHASE_BODY" ON "PURCHS_PURCHASE_BODY" ("PURCHASE_BODY_NUM") 
  ;
--------------------------------------------------------
--  DDL for Index PK_PURCHS_PURCHASE_HEADER
--------------------------------------------------------

  CREATE UNIQUE INDEX "PK_PURCHS_PURCHASE_HEADER" ON "PURCHS_PURCHASE_HEADER" ("PURCHASE_NUM") 
  ;
--------------------------------------------------------
--  DDL for Index PK_PURCHS_PURCHASE_RECORD
--------------------------------------------------------

  CREATE UNIQUE INDEX "PK_PURCHS_PURCHASE_RECORD" ON "PURCHS_PURCHASE_RECORD" ("PURCHASE_RECORD_NUM") 
  ;
--------------------------------------------------------
--  DDL for Index PK_PURCHS_WAREHOUSING_BODY
--------------------------------------------------------

  CREATE UNIQUE INDEX "PK_PURCHS_WAREHOUSING_BODY" ON "PURCHS_WAREHOUSING_BODY" ("WAREHOUSING_BODY_NUM") 
  ;
--------------------------------------------------------
--  DDL for Index PK_PURCHS_WAREHOUSING_HEADER
--------------------------------------------------------

  CREATE UNIQUE INDEX "PK_PURCHS_WAREHOUSING_HEADER" ON "PURCHS_WAREHOUSING_HEADER" ("WAREHOUSING_HEADER_NUM") 
  ;
--------------------------------------------------------
--  DDL for Index PK_STDR_BRAND
--------------------------------------------------------

  CREATE UNIQUE INDEX "PK_STDR_BRAND" ON "STDR_BRAND" ("BRAND_ID") 
  ;
--------------------------------------------------------
--  DDL for Index PK_STDR_CLASSIFICATION
--------------------------------------------------------

  CREATE UNIQUE INDEX "PK_STDR_CLASSIFICATION" ON "STDR_CLASSIFICATION" ("CLASSIFICATION_ID") 
  ;
--------------------------------------------------------
--  DDL for Index PK_STDR_DEPT
--------------------------------------------------------

  CREATE UNIQUE INDEX "PK_STDR_DEPT" ON "STDR_DEPT" ("DEPT_NO") 
  ;
--------------------------------------------------------
--  DDL for Index PK_STDR_DOCUMENT
--------------------------------------------------------

  CREATE UNIQUE INDEX "PK_STDR_DOCUMENT" ON "STDR_DOCUMENT" ("DOCUMENT_ID") 
  ;
--------------------------------------------------------
--  DDL for Index PK_STDR_WAREHOUSE
--------------------------------------------------------

  CREATE UNIQUE INDEX "PK_STDR_WAREHOUSE" ON "STDR_WAREHOUSE" ("WAREHOUSE_ID") 
  ;
--------------------------------------------------------
--  DDL for Trigger TRG_ATT_APPROVE
--------------------------------------------------------

  CREATE OR REPLACE TRIGGER "TRG_ATT_APPROVE" 
BEFORE UPDATE ON hr_attendance_log
FOR EACH ROW
 WHEN (NEW.approval_status = 'AP002') BEGIN
  :NEW.actual_check_in := :NEW.requested_check_in;
  :NEW.actual_check_out := :NEW.requested_check_out;
END;

/
ALTER TRIGGER "TRG_ATT_APPROVE" ENABLE;
--------------------------------------------------------
--  DDL for Trigger TRG_EMPLOYEE_DEACTIVATE
--------------------------------------------------------

  CREATE OR REPLACE TRIGGER "TRG_EMPLOYEE_DEACTIVATE" 
BEFORE UPDATE ON hr_employee
FOR EACH ROW
 WHEN (NEW.status IN ('ST003', 'ST004')) BEGIN
  :NEW.authority := 'AU002'; -- 비활성화된 사용자 권한으로 변경
END;

/
ALTER TRIGGER "TRG_EMPLOYEE_DEACTIVATE" ENABLE;
--------------------------------------------------------
--  DDL for Trigger TRG_EMP_HISTORY_UPD
--------------------------------------------------------

  CREATE OR REPLACE TRIGGER "TRG_EMP_HISTORY_UPD" 
AFTER INSERT ON HR_EMPLOYEE_HISTORY
FOR EACH ROW
BEGIN
    -- 사원 정보 업데이트 (부서, 직급, 근무 유형 변경)
    UPDATE HR_EMPLOYEE
    SET 
        POSITION = :NEW.NEW_POSITION,
        DEPARTMENT_NUM = :NEW.NEW_DEPARTMENT_NUM,
        EMPLOYMENT_TYPE = :NEW.NEW_EMPLOYMENT_TYPE,
        UPDATE_DATE = SYSDATE
    WHERE EMPLOYEE_NUM = :NEW.EMPLOYEE_NUM;
END;

/
ALTER TRIGGER "TRG_EMP_HISTORY_UPD" ENABLE;
--------------------------------------------------------
--  DDL for Trigger TRG_SALARY_AUTO_UPDATE
--------------------------------------------------------

  CREATE OR REPLACE TRIGGER "TRG_SALARY_AUTO_UPDATE" 
BEFORE INSERT OR UPDATE ON HR_EMPLOYEE_CONTRACT
FOR EACH ROW
DECLARE
    v_tax NUMBER(15,2);
    v_insurance NUMBER(15,2);
    v_deduction NUMBER(15,2);
    v_net_salary NUMBER(15,2);
    v_salary_payment_date NUMBER(2,0);
BEGIN
    -- ✅ 급여 지급일 설정 (계약에서 가져옴, 기본값 25일)
    v_salary_payment_date := NVL(:NEW.SALARY_PAYMENT_DATE, 25);

    -- ✅ 세금 및 보험료 공제 계산 (예제: 세금 10%, 보험료 9%)
    v_tax := NVL(:NEW.ANNUAL_SALARY / 12, 0) * 0.10;
    v_insurance := NVL(:NEW.ANNUAL_SALARY / 12, 0) * 0.09;
    v_deduction := v_tax + v_insurance;

    -- ✅ 실수령액 계산
    v_net_salary := (NVL(:NEW.ANNUAL_SALARY / 12, 0) + NVL(:NEW.BONUS, 0) + NVL(:NEW.ADDITIONAL_PAY, 0)) - v_deduction;

    -- ✅ 급여 정보 업데이트 또는 삽입
    MERGE INTO HR_SALARY S
    USING (SELECT :NEW.CONTRACT_NUM AS CONTRACT_NUM FROM DUAL) D
    ON (S.CONTRACT_NUM = D.CONTRACT_NUM)
    WHEN MATCHED THEN
        UPDATE SET 
            MONTHLY_SALARY = NVL(:NEW.ANNUAL_SALARY / 12, 0),
            BONUS = NVL(:NEW.BONUS, 0),
            ADDITIONAL_PAY = NVL(:NEW.ADDITIONAL_PAY, 0),
            DEDUCTION = v_deduction,
            NET_SALARY = v_net_salary,
            SALARY_PAYMENT_DATE = NVL(:NEW.salary_payment_date, 25), 
            UPDATE_DATE = SYSDATE
    WHEN NOT MATCHED THEN
        INSERT (SALARY_NUM, EMPLOYEE_NUM, CONTRACT_NUM, COMPANY_NUM, MONTHLY_SALARY, BONUS, ADDITIONAL_PAY, DEDUCTION, NET_SALARY, SALARY_PAYMENT_DATE, REGISTER_DATE)
        VALUES (
            HR_SALARY_SEQ.NEXTVAL, :NEW.EMPLOYEE_NUM, :NEW.CONTRACT_NUM, :NEW.COMPANY_NUM, 
            NVL(:NEW.ANNUAL_SALARY / 12, 0), NVL(:NEW.BONUS, 0), NVL(:NEW.ADDITIONAL_PAY, 0), v_deduction, v_net_salary, 
            v_salary_payment_date, -- ✅ NUMBER 타입 그대로 저장
            SYSDATE
        );
END;
/
ALTER TRIGGER "TRG_SALARY_AUTO_UPDATE" DISABLE;
--------------------------------------------------------
--  DDL for Trigger TRG_UPDATE_MONTHLY_SALARY
--------------------------------------------------------

  CREATE OR REPLACE TRIGGER "TRG_UPDATE_MONTHLY_SALARY" 
BEFORE INSERT OR UPDATE OF ANNUAL_SALARY ON HR_EMPLOYEE_CONTRACT
FOR EACH ROW
BEGIN
    :NEW.MONTHLY_SALARY := ROUND(:NEW.ANNUAL_SALARY / 12, 0);
END;

/
ALTER TRIGGER "TRG_UPDATE_MONTHLY_SALARY" ENABLE;
--------------------------------------------------------
--  DDL for Trigger TR_CLOSING
--------------------------------------------------------

  CREATE OR REPLACE TRIGGER "TR_CLOSING" 
  after
  insert on bhf_closing -- 마감정산 삽입시
  for each row
declare
begin
    if inserting then

        -- 총합 매출
        insert into accnut_dealings_account_book (dealings_account_book_code, section, types_of_transaction, amount, vat_alternative, dealings_contents, deal_date, department, company_num  )
        values (accnut_dealings_book_seq.nextval, 'EE01', 'AC02', :new.sale_amount, 'Y', TO_CHAR(:new.closing_date, 'YYYY-MM-DD') || ' ' || :new.branch_office_id || ' 마감정산', :new.closing_date, 'DT004', :new.company_num );

    end if;

end;

/
ALTER TRIGGER "TR_CLOSING" ENABLE;
--------------------------------------------------------
--  DDL for Trigger TR_WAREHOUSING
--------------------------------------------------------

  CREATE OR REPLACE TRIGGER "TR_WAREHOUSING" 
    after 
    insert or update on purchs_warehousing_header
    for each row
declare
begin
    if inserting then
        insert into accnut_debt(debt_code, debt_name, section, register_date, creditor, amount, interest, time_limit, prearrangement_due_date, company_num, ware_num)
        values (accnut_debt_seq.nextval, TO_CHAR(:new.warehousing_date, 'YYYY-MM-DD') || ' ' || fn_get_vendor_name(:new.vendor_id) || ' 미지급금' , 'AC08', :new.warehousing_date , fn_get_vendor_name(:new.vendor_id), :new.warehousing_total_amount , 0, null , TO_DATE(TO_CHAR(ADD_MONTHS(:new.warehousing_date, 1), 'YYYY-MM') || '-10', 'YYYY-MM-DD'), :new.company_num, :new.warehousing_header_num);
    elsif updating then
        update accnut_debt
        set amount = :new.warehousing_total_amount
        where ware_num = :old.warehousing_header_num;
    end if;
end;

/
ALTER TRIGGER "TR_WAREHOUSING" ENABLE;
--------------------------------------------------------
--  DDL for Trigger TR_CLOSING
--------------------------------------------------------

  CREATE OR REPLACE TRIGGER "TR_CLOSING" 
  after
  insert on bhf_closing -- 마감정산 삽입시
  for each row
declare
begin
    if inserting then

        -- 총합 매출
        insert into accnut_dealings_account_book (dealings_account_book_code, section, types_of_transaction, amount, vat_alternative, dealings_contents, deal_date, department, company_num  )
        values (accnut_dealings_book_seq.nextval, 'EE01', 'AC02', :new.sale_amount, 'Y', TO_CHAR(:new.closing_date, 'YYYY-MM-DD') || ' ' || :new.branch_office_id || ' 마감정산', :new.closing_date, 'DT004', :new.company_num );

    end if;

end;

/
ALTER TRIGGER "TR_CLOSING" ENABLE;
--------------------------------------------------------
--  DDL for Trigger TRG_ATT_APPROVE
--------------------------------------------------------

  CREATE OR REPLACE TRIGGER "TRG_ATT_APPROVE" 
BEFORE UPDATE ON hr_attendance_log
FOR EACH ROW
 WHEN (NEW.approval_status = 'AP002') BEGIN
  :NEW.actual_check_in := :NEW.requested_check_in;
  :NEW.actual_check_out := :NEW.requested_check_out;
END;

/
ALTER TRIGGER "TRG_ATT_APPROVE" ENABLE;
--------------------------------------------------------
--  DDL for Trigger TRG_EMPLOYEE_DEACTIVATE
--------------------------------------------------------

  CREATE OR REPLACE TRIGGER "TRG_EMPLOYEE_DEACTIVATE" 
BEFORE UPDATE ON hr_employee
FOR EACH ROW
 WHEN (NEW.status IN ('ST003', 'ST004')) BEGIN
  :NEW.authority := 'AU002'; -- 비활성화된 사용자 권한으로 변경
END;

/
ALTER TRIGGER "TRG_EMPLOYEE_DEACTIVATE" ENABLE;
--------------------------------------------------------
--  DDL for Trigger TRG_SALARY_AUTO_UPDATE
--------------------------------------------------------

  CREATE OR REPLACE TRIGGER "TRG_SALARY_AUTO_UPDATE" 
BEFORE INSERT OR UPDATE ON HR_EMPLOYEE_CONTRACT
FOR EACH ROW
DECLARE
    v_tax NUMBER(15,2);
    v_insurance NUMBER(15,2);
    v_deduction NUMBER(15,2);
    v_net_salary NUMBER(15,2);
    v_salary_payment_date NUMBER(2,0);
BEGIN
    -- ✅ 급여 지급일 설정 (계약에서 가져옴, 기본값 25일)
    v_salary_payment_date := NVL(:NEW.SALARY_PAYMENT_DATE, 25);

    -- ✅ 세금 및 보험료 공제 계산 (예제: 세금 10%, 보험료 9%)
    v_tax := NVL(:NEW.ANNUAL_SALARY / 12, 0) * 0.10;
    v_insurance := NVL(:NEW.ANNUAL_SALARY / 12, 0) * 0.09;
    v_deduction := v_tax + v_insurance;

    -- ✅ 실수령액 계산
    v_net_salary := (NVL(:NEW.ANNUAL_SALARY / 12, 0) + NVL(:NEW.BONUS, 0) + NVL(:NEW.ADDITIONAL_PAY, 0)) - v_deduction;

    -- ✅ 급여 정보 업데이트 또는 삽입
    MERGE INTO HR_SALARY S
    USING (SELECT :NEW.CONTRACT_NUM AS CONTRACT_NUM FROM DUAL) D
    ON (S.CONTRACT_NUM = D.CONTRACT_NUM)
    WHEN MATCHED THEN
        UPDATE SET 
            MONTHLY_SALARY = NVL(:NEW.ANNUAL_SALARY / 12, 0),
            BONUS = NVL(:NEW.BONUS, 0),
            ADDITIONAL_PAY = NVL(:NEW.ADDITIONAL_PAY, 0),
            DEDUCTION = v_deduction,
            NET_SALARY = v_net_salary,
            SALARY_PAYMENT_DATE = NVL(:NEW.salary_payment_date, 25), 
            UPDATE_DATE = SYSDATE
    WHEN NOT MATCHED THEN
        INSERT (SALARY_NUM, EMPLOYEE_NUM, CONTRACT_NUM, COMPANY_NUM, MONTHLY_SALARY, BONUS, ADDITIONAL_PAY, DEDUCTION, NET_SALARY, SALARY_PAYMENT_DATE, REGISTER_DATE)
        VALUES (
            HR_SALARY_SEQ.NEXTVAL, :NEW.EMPLOYEE_NUM, :NEW.CONTRACT_NUM, :NEW.COMPANY_NUM, 
            NVL(:NEW.ANNUAL_SALARY / 12, 0), NVL(:NEW.BONUS, 0), NVL(:NEW.ADDITIONAL_PAY, 0), v_deduction, v_net_salary, 
            v_salary_payment_date, -- ✅ NUMBER 타입 그대로 저장
            SYSDATE
        );
END;
/
ALTER TRIGGER "TRG_SALARY_AUTO_UPDATE" DISABLE;
--------------------------------------------------------
--  DDL for Trigger TRG_UPDATE_MONTHLY_SALARY
--------------------------------------------------------

  CREATE OR REPLACE TRIGGER "TRG_UPDATE_MONTHLY_SALARY" 
BEFORE INSERT OR UPDATE OF ANNUAL_SALARY ON HR_EMPLOYEE_CONTRACT
FOR EACH ROW
BEGIN
    :NEW.MONTHLY_SALARY := ROUND(:NEW.ANNUAL_SALARY / 12, 0);
END;

/
ALTER TRIGGER "TRG_UPDATE_MONTHLY_SALARY" ENABLE;
--------------------------------------------------------
--  DDL for Trigger TRG_EMP_HISTORY_UPD
--------------------------------------------------------

  CREATE OR REPLACE TRIGGER "TRG_EMP_HISTORY_UPD" 
AFTER INSERT ON HR_EMPLOYEE_HISTORY
FOR EACH ROW
BEGIN
    -- 사원 정보 업데이트 (부서, 직급, 근무 유형 변경)
    UPDATE HR_EMPLOYEE
    SET 
        POSITION = :NEW.NEW_POSITION,
        DEPARTMENT_NUM = :NEW.NEW_DEPARTMENT_NUM,
        EMPLOYMENT_TYPE = :NEW.NEW_EMPLOYMENT_TYPE,
        UPDATE_DATE = SYSDATE
    WHERE EMPLOYEE_NUM = :NEW.EMPLOYEE_NUM;
END;

/
ALTER TRIGGER "TRG_EMP_HISTORY_UPD" ENABLE;
--------------------------------------------------------
--  DDL for Trigger TR_WAREHOUSING
--------------------------------------------------------

  CREATE OR REPLACE TRIGGER "TR_WAREHOUSING" 
    after 
    insert or update on purchs_warehousing_header
    for each row
declare
begin
    if inserting then
        insert into accnut_debt(debt_code, debt_name, section, register_date, creditor, amount, interest, time_limit, prearrangement_due_date, company_num, ware_num)
        values (accnut_debt_seq.nextval, TO_CHAR(:new.warehousing_date, 'YYYY-MM-DD') || ' ' || fn_get_vendor_name(:new.vendor_id) || ' 미지급금' , 'AC08', :new.warehousing_date , fn_get_vendor_name(:new.vendor_id), :new.warehousing_total_amount , 0, null , TO_DATE(TO_CHAR(ADD_MONTHS(:new.warehousing_date, 1), 'YYYY-MM') || '-10', 'YYYY-MM-DD'), :new.company_num, :new.warehousing_header_num);
    elsif updating then
        update accnut_debt
        set amount = :new.warehousing_total_amount
        where ware_num = :old.warehousing_header_num;
    end if;
end;

/
ALTER TRIGGER "TR_WAREHOUSING" ENABLE;
--------------------------------------------------------
--  DDL for Procedure BHF_CLOSE
--------------------------------------------------------
set define off;

  CREATE OR REPLACE PROCEDURE "BHF_CLOSE" (
    p_branchOfficeId varchar2,
    p_closingDate date,
    p_businessReserves number,
    p_cashAmount number,
    p_cashPresent number,
    p_cardAmount number,
    p_saleAmount number,
    p_transferAmount number,
    p_companyNum number,
    p_files CLOSINGFILEARRAY 
)
is
    v_seq varchar2(1000);
begin
    insert into bhf_closing (   closing_code, 
                                branch_office_id, 
                                closing_date, 
                                business_reserves, 
                                cash_amount, 
                                cash_present, 
                                card_amount, 
                                sale_amount, 
                                transfer_amount, 
                                company_num )
    values('bhf_close' || closing_code_seq.nextval, 
            p_branchOfficeId, 
            p_closingDate, 
            p_businessReserves,
            p_cashAmount,
            p_cashPresent,
            p_cardAmount,
            p_saleAmount,
            p_transferAmount,
            p_companyNum);

    SELECT ('bhf_close' || closing_code_seq.currval) 
    INTO v_seq
    FROM DUAL;

    FOR i IN 1..p_files.COUNT LOOP
    insert into bhf_closing_detail(closing_detail_code, 
                                    closing_code,
                                    bnf_sle_qy,
                                    goods_code,
                                    goods_name,
                                    option_code,
                                    option_name)
    values('bhf_close_dtl' || closing_detail_code_seq.nextval, 
            v_seq, 
            p_files(i).bnf_sle_qy,
            p_files(i).goods_code, 
            p_files(i).goods_name, 
            p_files(i).option_code, 
            p_files(i).option_name);

    end loop;

end;

/
--------------------------------------------------------
--  DDL for Procedure BHF_GOODS_IN
--------------------------------------------------------
set define off;

  CREATE OR REPLACE PROCEDURE "BHF_GOODS_IN" (
    p_branchOfficeId varchar2,
    p_dueDate DATE,
    p_companyNum number,
    p_deliveryId varchar2,
    p_orderCode varchar2,
    p_files GOODSINFILEARRAY 
)
is
    v_orderseq varchar2(1000);
    v_returnseq varchar2(1000);
begin
    FOR i IN 1..p_files.COUNT LOOP
    -- 창고 상품 입고(창고에 있는 상품이면 업데이트 없는 상품이면 인서트)
    MERGE INTO bhf_warehouse b
    USING(select p_files(i).branch_office_id as branch_office_id,
                 p_files(i).goods_code as goods_code,
                 p_files(i).goods_name as goods_name,
                 p_files(i).option_code as option_code,
                 p_files(i).option_name as option_name,
                 p_files(i).goods_standard as goods_standard,
                 p_files(i).stock_quantity as stock_quantity,
                 p_files(i).company_num as company_num
            from dual)m
       ON (b.option_code = m.option_code and b.branch_office_id = m.branch_office_id)
     WHEN MATCHED THEN
          UPDATE
             SET b.stock_quantity = (b.stock_quantity + m.stock_quantity)
     WHEN NOT MATCHED THEN
          INSERT (b.warehouse_code, 
                  b.branch_office_id,   
                  b.goods_code, 
                  b.goods_name, 
                  b.option_code, 
                  b.option_name, 
                  b.goods_standard, 
                  b.stock_quantity, 
                  b.company_num)
          VALUES ('bhf_home' || WAREHOUSE_CODE_SEQ.nextval, 
                  m.branch_office_id, 
                  m.goods_code, 
                  m.goods_name, 
                  m.option_code, 
                  m.option_name, 
                  m.goods_standard, 
                  m.stock_quantity, 
                  m.company_num);

    insert into bhf_in_list ( in_list_num, 
                            goods_lot_num, 
                            option_barcode, 
                            in_quantity, 
                            goods_consumption_date, 
                            branch_office_id,
                            company_num,
                            in_each_quantity,
                            option_code)
    values( in_list_num_seq.nextval,
            p_files(i).goods_lot_num,
            p_files(i).option_barcode,
            p_files(i).in_quantity,
            p_files(i).goods_consumption_date,
            p_files(i).branch_office_id,
            p_files(i).company_num,
            p_files(i).stock_quantity,
            p_files(i).option_code);
    -- 요청수량보다 입고수량이 많을시 반품
    IF p_files(i).in_quantity > p_files(i).quantity THEN

        insert into bhf_returning ( returning_code, branch_office_id, return_remark, company_num)
        values('bhf_return' || returning_code_seq.nextval, p_branchOfficeId, '요청 수량보다 많이 들어와서 반품', p_companyNum);

        SELECT ('bhf_return' || returning_code_seq.currval) 
        INTO v_returnseq
        FROM DUAL;

        insert into bhf_returning_detail(returning_detail_code, 
                                        returning_code, 
                                        goods_code,
                                        goods_name,
                                        option_code,
                                        option_name,
                                        quantity,
                                        exchange_returning_choice,
                                        returning_reason,
                                        option_barcode,
                                        goods_lot_num)
        values('bhf_return_dtl' || returning_detail_code_seq.nextval, 
                v_returnseq, 
                p_files(i).goods_code, 
                p_files(i).goods_name, 
                p_files(i).option_code, 
                p_files(i).option_name,  
                p_files(i).return_num,
                '반품',
                '요청 수량보다 많이 들어와서 반품',
                p_files(i).option_barcode,
                p_files(i).goods_lot_num
                );

        -- 창고 재고 차감
        UPDATE bhf_warehouse
        SET stock_quantity = stock_quantity - p_files(i).return_num
        WHERE option_code = p_files(i).option_code;
    -- 요청수량 보다 입고수량이 적을시 재발주
    ELSIF p_files(i).in_quantity < p_files(i).quantity THEN

        insert into bhf_order(order_code, branch_office_id, due_date, remark, company_num)
        values('bhf_ord' || order_code_seq.nextval, p_branchOfficeId, p_dueDate, '요청 수량보다 적게 들어와서 재요청', p_companyNum);

        SELECT ('bhf_ord' || order_code_seq.currval) 
        INTO v_orderseq
        FROM DUAL;

        insert into bhf_order_detail(order_detail_code, 
                                     order_code, 
                                     goods_code,
                                     goods_name,
                                     option_code,
                                     option_name, 
                                     goods_standard, 
                                     quantity)
        values('bhf_ord_dtl' || order_detail_code_seq.nextval, 
                v_orderseq, 
                p_files(i).goods_code, 
                p_files(i).goods_name, 
                p_files(i).option_code, 
                p_files(i).option_name, 
                p_files(i).goods_standard, 
                p_files(i).reorder);
    END IF;

    end loop;
    -- 입고 완료되면 상태변경
    update bsn_delivery
    set delivery_status = 'DS03'
    where delivery_id = p_deliveryId;
    update bhf_order
    set PROGRESS_STATUS = '완료'
    where order_code = p_orderCode;
end;

/
--------------------------------------------------------
--  DDL for Procedure BHF_RETURN_GOODS
--------------------------------------------------------
set define off;

  CREATE OR REPLACE PROCEDURE "BHF_RETURN_GOODS" (
    p_branchOfficeId varchar2,
    p_returnRemark varchar2,
    p_companyNum number,
    p_files RETURNINGFILEARRAY 
)
is
    v_seq varchar2(1000);
begin
    insert into bhf_returning ( returning_code, branch_office_id, return_remark, company_num)
    values('bhf_return' || returning_code_seq.nextval, p_branchOfficeId, p_returnRemark, p_companyNum);

    SELECT ('bhf_return' || returning_code_seq.currval) 
    INTO v_seq
    FROM DUAL;

    FOR i IN 1..p_files.COUNT LOOP
    insert into bhf_returning_detail(returning_detail_code, 
                                    returning_code, 
                                    goods_code,
                                    goods_name,
                                    option_code,
                                    option_name,
                                    quantity,
                                    exchange_returning_choice,
                                    returning_reason,
                                    option_barcode,
                                    goods_lot_num)
    values('bhf_return_dtl' || returning_detail_code_seq.nextval, 
            v_seq, 
            p_files(i).goods_code, 
            p_files(i).goods_name, 
            p_files(i).option_code, 
            p_files(i).option_name,  
            p_files(i).quantity,
            p_files(i).exchange_returning_choice,
            p_files(i).returning_reason,
            p_files(i).option_barcode,
            p_files(i).goods_lot_num);

    -- 창고 재고 차감
    UPDATE bhf_warehouse
    SET stock_quantity = stock_quantity - p_files(i).quantity
    WHERE option_code = p_files(i).option_code;

    end loop;

end;

/
--------------------------------------------------------
--  DDL for Procedure BSN_DELIVERY_CONFIRM
--------------------------------------------------------
set define off;

  CREATE OR REPLACE PROCEDURE "BSN_DELIVERY_CONFIRM" (
    p_delivery_id         VARCHAR2
)
IS
    -- 컬렉션 타입 선언
    TYPE lot_record IS RECORD (
        delivery_lot_detail_num NUMBER,
        goods_lot_num           VARCHAR2(40),
        real_delivery_qnt       NUMBER
    );
    TYPE lot_table_type IS TABLE OF lot_record;
    lot_table lot_table_type;

    v_lot_detail_num  NUMBER;
    v_goods_lot_num   VARCHAR2(40);
    v_delivery_qnt    NUMBER;
    v_remaining_qnt   NUMBER;
    v_status_check    NUMBER := 1; -- 출고 가능 여부 체크
    v_order_id        VARCHAR2(50);
    v_order_name      VARCHAR2(100);
    v_order_code      varchar2(30);

BEGIN
    -- LOT 데이터 컬렉션에 저장
    SELECT bdld.delivery_lot_detail_num, 
           bdld.goods_lot_num, 
           bdld.delivery_qnt * ( REGEXP_SUBSTR(bdd.goods_standard, '\d+', 2, 1)/ REGEXP_SUBSTR(bdd.goods_standard, '\d+', 1, 1) ) AS real_delivery_qnt
    BULK COLLECT INTO lot_table -- 다중 행을 검색하여 하나의 배열에 저장
    FROM bsn_delivery_lot_detail bdld
    LEFT JOIN bsn_delivery_detail bdd ON bdld.delivery_detail_id = bdd.delivery_detail_id
    WHERE bdld.delivery_detail_id IN (
        SELECT delivery_detail_id 
        FROM bsn_delivery_detail 
        WHERE delivery_id = p_delivery_id
    );

    IF lot_table.COUNT = 0 THEN
        RAISE_APPLICATION_ERROR(-20006, '해당 배송 ID에 대한 LOT 데이터가 없습니다. 배송 ID: ' || p_delivery_id);
    END IF;

    -- 먼저 출고 가능 여부 확인
    FOR i IN lot_table.FIRST .. lot_table.LAST LOOP
        v_lot_detail_num := lot_table(i).delivery_lot_detail_num;
        v_goods_lot_num  := lot_table(i).goods_lot_num;
        v_delivery_qnt   := lot_table(i).real_delivery_qnt;

        -- 창고 재고 확인
        BEGIN
            SELECT warehousing_remaining_quantity
            INTO v_remaining_qnt
            FROM purchs_warehousing_body
            WHERE goods_lot_num = v_goods_lot_num
            FOR UPDATE;
        EXCEPTION
            WHEN NO_DATA_FOUND THEN
                RAISE_APPLICATION_ERROR(-20002, '창고 재고 데이터가 없습니다. LOT 번호: ' || v_goods_lot_num);
        END;

        -- 재고 부족 예외 처리
        IF v_remaining_qnt < v_delivery_qnt THEN
            v_status_check := 0; -- 출고 불가능 상태
            EXIT;
        END IF;
    END LOOP;

    -- 출고 가능하면 상태 변경
    IF v_status_check = 1 THEN
        -- 창고 재고 차감
        FOR i IN lot_table.FIRST .. lot_table.LAST LOOP
            UPDATE purchs_warehousing_body
            SET warehousing_remaining_quantity = warehousing_remaining_quantity - lot_table(i).real_delivery_qnt
            WHERE goods_lot_num = lot_table(i).goods_lot_num;
        END LOOP;
        
        --LOT 상세 상태 : 출고 확정으로 변경
        UPDATE bsn_delivery_lot_detail bdld
        SET bdld.decision_status = 1
        WHERE bdld.delivery_detail_id IN (
            SELECT bdd.delivery_detail_id
            FROM bsn_delivery_detail bdd
            JOIN bsn_delivery bd ON bdd.delivery_id = bd.delivery_id
            WHERE bd.delivery_id = p_delivery_id
        );
        
        --상세 에서 상태 변경( 1-> 2)
        UPDATE bsn_delivery_detail bdd
        SET    bdd.sufficiency_status = 2
        WHERE  bdd.delivery_id = p_delivery_id;

        -- ORDER_ID 가져오기
        BEGIN
            SELECT order_id
            INTO   v_order_id
            FROM   bsn_delivery
            WHERE  delivery_id = p_delivery_id;
        EXCEPTION
            WHEN NO_DATA_FOUND THEN
                RAISE_APPLICATION_ERROR(-20004, '배송 데이터가 없습니다. 배송 ID: ' || p_delivery_id);
        END;

        -- ORDER_NAME, ORDER_CODE 가져오기
        BEGIN
            SELECT order_name, NVL(order_code, 'UNKNOWN')
            INTO   v_order_name, v_order_code
            FROM   bsn_order
            WHERE  order_id = v_order_id;
        EXCEPTION
            WHEN NO_DATA_FOUND THEN
                RAISE_APPLICATION_ERROR(-20005, '주문 데이터가 없습니다. 주문 ID: ' || v_order_id);
        END;
        
        

        -- 출고 테이블 상태 변경
        UPDATE bsn_delivery
        SET delivery_status = 'DS02', delivery_date = SYSDATE
        WHERE delivery_id = p_delivery_id;

        -- 주문 테이블 상태 변경
        UPDATE bsn_order
        SET order_status = 'VS002', sending_date = SYSDATE
        WHERE order_id = v_order_id;
        
        -- 주문코드가 'unknown'이 아니면 발주 상태 변경
        IF v_order_code IS NOT NULL AND v_order_code != 'UNKNOWN' THEN
            UPDATE bhf_order
            SET progress_status = '출고'  -- 출고 상태로 변경
            WHERE order_code= v_order_code;
            COMMIT;
        END IF;

        -- CS 변경 이력 저장
        INSERT INTO bsn_cs_change_history (
            HISTORY_NUM,
            ORDER_ID,
            HISTORY_TYPE,
            REGISTER_DATE,
            HISTORY_CONTENTS
        ) VALUES (
            BSN_CS_CHANGE_HISTORY_SEQ.nextval,
            v_order_id,
            'OH02',
            SYSDATE,
            '주문 ID: ' || v_order_id || ', 주문명: ' || v_order_name || ' [출고]'
        );

        COMMIT;
    ELSE
        ROLLBACK;
        RAISE_APPLICATION_ERROR(-20001, '출고 가능한 수량이 부족합니다.');
    END IF;

EXCEPTION
    WHEN OTHERS THEN
        ROLLBACK;
        RAISE_APPLICATION_ERROR(-20003, '출고 확정 중 오류 발생: ' || SQLERRM);
END;

/
--------------------------------------------------------
--  DDL for Procedure BSN_DLV_LOT_MODIFY
--------------------------------------------------------
set define off;

  CREATE OR REPLACE PROCEDURE "BSN_DLV_LOT_MODIFY" (
    p_delivery_detail_id      NUMBER,
    p_files                   BSN_DLV_LOT_DTLArray
)
IS
   v_lot_qnt_sum     NUMBER;

BEGIN


    -- 1. LOT 수정
    FOR i IN 1 .. p_files.COUNT LOOP
        UPDATE bsn_delivery_lot_detail
        SET delivery_qnt = p_files(i).delivery_qnt
        WHERE delivery_lot_detail_num = p_files(i).delivery_lot_detail_num;
    END LOOP;


    -- 2. 출고 상세의 연결된 LOT 상품 수량 총합 구하기
    SELECT sum(delivery_qnt)
    INTO v_lot_qnt_sum
    FROM bsn_delivery_lot_detail
    WHERE delivery_detail_id = p_delivery_detail_id;

    IF v_lot_qnt_sum IS NULL THEN
        v_lot_qnt_sum := 0; -- NULL인 경우 0으로 설정
    END IF;

    -- 3. 배열을 상세 정보에 저장
    UPDATE bsn_delivery_detail
    SET 
        DELIVERY_TOTAL_QNT = v_lot_qnt_sum,
        SUFFICIENCY_STATUS = CASE 
                               WHEN v_lot_qnt_sum = DELIVERY_DEMAND_QNT THEN 1  -- '충족' 상태
                               ELSE 0  -- '부족' 상태
                             END
    WHERE delivery_detail_id = p_delivery_detail_id;

    COMMIT;

EXCEPTION
    WHEN OTHERS THEN
        -- 오류 발생 시 롤백 및 오류 메시지 출력
        ROLLBACK;
        DBMS_OUTPUT.PUT_LINE('Error: ' || SQLERRM);
        RAISE;
END;

/
--------------------------------------------------------
--  DDL for Procedure BSN_DLV_LOT_REGISTER
--------------------------------------------------------
set define off;

  CREATE OR REPLACE PROCEDURE "BSN_DLV_LOT_REGISTER" (
    p_delivery_detail_id      NUMBER,
    p_files             BSN_DLV_LOT_DTLArray
)
IS
   v_lot_qnt_sum     NUMBER;

BEGIN
    -- 1. LOT 추가 정보 저장

    FOR i IN 1..p_files.COUNT LOOP
        INSERT INTO bsn_delivery_lot_detail (delivery_lot_detail_num, 
                           delivery_detail_id, 
                           goods_lot_num,
                           delivery_qnt)
        VALUES (BSN_DELIVERY_LOT_DETAIL_SEQ.nextval, 
                p_delivery_detail_id, 
                p_files(i).goods_lot_num, 
                p_files(i).delivery_qnt);
    END LOOP;

    -- 2. 출고 상세의 연결된 LOT 상품 수량 총합 구하기
    SELECT sum(delivery_qnt)
    INTO v_lot_qnt_sum
    FROM bsn_delivery_lot_detail
    WHERE delivery_detail_id = p_delivery_detail_id;

    IF v_lot_qnt_sum IS NULL THEN
        v_lot_qnt_sum := 0; -- NULL인 경우 0으로 설정
    END IF;

    -- 3. 배열을 상세 정보에 저장
    UPDATE bsn_delivery_detail
    SET 
        DELIVERY_TOTAL_QNT = v_lot_qnt_sum,
        SUFFICIENCY_STATUS = CASE 
                               WHEN v_lot_qnt_sum = DELIVERY_DEMAND_QNT THEN 1  -- '충족' 상태
                               ELSE 0  -- '부족' 상태
                             END
    WHERE delivery_detail_id = p_delivery_detail_id;

EXCEPTION
    WHEN OTHERS THEN
        -- 오류 발생 시 롤백 및 오류 메시지 출력
        ROLLBACK;
        DBMS_OUTPUT.PUT_LINE('Error: ' || SQLERRM);
        RAISE;
END;

/
--------------------------------------------------------
--  DDL for Procedure BSN_DLV_LOT_REMOVE
--------------------------------------------------------
set define off;

  CREATE OR REPLACE PROCEDURE "BSN_DLV_LOT_REMOVE" (
    p_delivery_detail_id      NUMBER,
    p_files                   BSN_DLV_LOT_DTLArray
)
IS
   v_lot_qnt_sum     NUMBER;

BEGIN


    -- 1. LOT 삭제
    DELETE FROM bsn_delivery_lot_detail
    WHERE delivery_lot_detail_num IN (SELECT delivery_lot_detail_num
                                      FROM TABLE(p_files));

    -- 2. 출고 상세의 연결된 LOT 상품 수량 총합 구하기
    SELECT sum(delivery_qnt)
    INTO v_lot_qnt_sum
    FROM bsn_delivery_lot_detail
    WHERE delivery_detail_id = p_delivery_detail_id;

    IF v_lot_qnt_sum IS NULL THEN
        v_lot_qnt_sum := 0; -- NULL인 경우 0으로 설정
    END IF;

    -- 3. 배열을 상세 정보에 저장
    UPDATE bsn_delivery_detail
    SET 
        DELIVERY_TOTAL_QNT = v_lot_qnt_sum,
        SUFFICIENCY_STATUS = CASE 
                               WHEN v_lot_qnt_sum = DELIVERY_DEMAND_QNT THEN 1  -- '충족' 상태
                               ELSE 0  -- '부족' 상태
                             END
    WHERE delivery_detail_id = p_delivery_detail_id;

    COMMIT;

EXCEPTION
    WHEN OTHERS THEN
        -- 오류 발생 시 롤백 및 오류 메시지 출력
        ROLLBACK;
        DBMS_OUTPUT.PUT_LINE('Error: ' || SQLERRM);
        RAISE;
END;

/
--------------------------------------------------------
--  DDL for Procedure BSN_ORDER_CANCEL
--------------------------------------------------------
set define off;

  CREATE OR REPLACE PROCEDURE "BSN_ORDER_CANCEL" (
    p_order_id               bsn_order.order_id%TYPE,
    p_order_cancel_reason    bhf_order.order_cancel_reason%TYPE
)
IS
   v_order_code        bhf_order.order_code%TYPE;
   v_delivery_id       bsn_delivery.delivery_id%TYPE;
   v_order_name        bsn_order.order_name%TYPE;
   v_branch_office_id  bsn_order.branch_office_id%TYPE;

   TYPE delivery_dtl_record IS RECORD (
        delivery_detail_id       NUMBER
   );
   TYPE delivery_dtl_table_type IS TABLE OF delivery_dtl_record;
   delivery_dtl_table delivery_dtl_table_type;
BEGIN
    -- 현재 주문의 order_code, ...  조회
    SELECT order_code, order_name, branch_office_id
    INTO v_order_code, v_order_name, v_branch_office_id
    FROM bsn_order
    WHERE order_id = p_order_id;


    


    --주문 테이블에서 상태 갱신 및 사유 기록
    UPDATE bsn_order
    SET    remark = p_order_cancel_reason, 
           order_status = 'VS003'
    WHERE  order_id = p_order_id;


    -- order_code가 NULL 또는 빈 문자열이 아닐 때만 실행(상태 취소로 변경)
    IF v_order_code IS NOT NULL THEN
    -- OR v_order_code <> '' THEN
        UPDATE bhf_order
        SET    order_cancel_reason = p_order_cancel_reason, 
               PROGRESS_STATUS = '취소'
        WHERE  order_code = v_order_code;
    END IF;
    
    -- 현재 주문의 출고ID  조회
    SELECT delivery_id
    INTO v_delivery_id
    FROM bsn_delivery
    WHERE order_id = p_order_id;
    
    -- 출고 ID가 존재할 시
    IF v_delivery_id IS NOT NULL THEN
    
    -- 출고 상세 데이터 가져오기 (BULK COLLECT INTO 사용)
    SELECT delivery_detail_id
    BULK COLLECT INTO delivery_dtl_table
    FROM bsn_delivery_detail
    WHERE delivery_id = v_delivery_id;

    --출고 테이블에서 상태 갱신 및 사유 기록
    UPDATE bsn_delivery
    SET    remark = p_order_cancel_reason, 
           delivery_status = 'DS04'
    WHERE  order_id = p_order_id
    AND    delivery_id = v_delivery_id;

    FOR i IN 1 .. delivery_dtl_table.COUNT LOOP
        DELETE 
        FROM  bsn_delivery_lot_detail
        WHERE delivery_detail_id = delivery_dtl_table(i).delivery_detail_id;

        UPDATE bsn_delivery_detail
        SET    delivery_total_qnt = 0, sufficiency_status = 3
        WHERE  delivery_detail_id = delivery_dtl_table(i).delivery_detail_id;
    END LOOP;
    
    END IF;

    INSERT INTO bsn_cs_change_history (
        history_num, 
        order_id, 
        history_type, 
        history_contents
    )
    VALUES (
        bsn_cs_change_history_seq.nextval,  -- 이력 번호 시퀀스
        p_order_id, 
        'OH03',  -- 주문  취소 이력
        '지점ID: ' || v_branch_office_id || ', 주문 ID: ' || p_order_id || ', 주문명: ' || v_order_name || ' [주문 취소됨]' 
        || CHR(10) || '취소 사유: ' || p_order_cancel_reason
    );


EXCEPTION
    WHEN OTHERS THEN
        -- 오류 발생 시 롤백 및 오류 메시지 출력
        ROLLBACK;
        DBMS_OUTPUT.PUT_LINE('Error: ' || SQLERRM);
        RAISE;
END;

/
--------------------------------------------------------
--  DDL for Procedure BSN_ORDER_REGISTER
--------------------------------------------------------
set define off;

  CREATE OR REPLACE PROCEDURE "BSN_ORDER_REGISTER" (
    p_order_code        VARCHAR2,
    p_branch_office_id  VARCHAR2,
    p_order_date        DATE,
    p_due_date          DATE,
    p_employee_num      NUMBER,
    p_company_num       INT,
    p_remark            VARCHAR2,
    p_files             BSN_ORD_DTLArray
)
IS
    v_order_id         VARCHAR2(50);
    v_first_goods_name VARCHAR2(50);
    v_detail_count     NUMBER;
    v_order_name       VARCHAR2(100);
    v_delivery_id      VARCHAR2(50);  -- 출고 ID 변수 추가
    v_order_detail_id  NUMBER;
    v_option_barcode   VARCHAR2(50);

BEGIN
    -- 첫 번째 상품명 가져오기
    v_first_goods_name := p_files(1).goods_name;

    -- 상품명 길이 조절
    IF LENGTH(v_first_goods_name) > 40 THEN
        v_first_goods_name := SUBSTR(v_first_goods_name, 1, 37) || '...';
    END IF;

    -- 상세 개수 확인
    v_detail_count := p_files.COUNT - 1;

    -- 주문명 생성
    IF v_detail_count > 0 THEN
        v_order_name := v_first_goods_name || ' 외 ' || v_detail_count || '건';
    ELSE
        v_order_name := v_first_goods_name;
    END IF;

    -- 1. 주문 정보 저장
    INSERT INTO bsn_order (order_id, 
                           order_code, 
                           order_name,
                           branch_office_id,
                           order_date,
                           due_date, 
                           employee_num,
                           company_num,
                           remark)
    VALUES ('bsn_order' || bsn_order_seq.nextval, 
            p_order_code, 
            v_order_name,
            p_branch_office_id,
            p_order_date,
            p_due_date, 
            p_employee_num,
            p_company_num,
            p_remark);

    -- 2. 생성된 주문 ID 가져오기
    SELECT order_id
    INTO v_order_id
    FROM bsn_order
    WHERE order_code = p_order_code;

    -- 3. 배열을 상세 정보에 저장
    FOR i IN 1..p_files.COUNT LOOP
        INSERT INTO bsn_order_detail (order_detail_id, 
                                      order_id, 
                                      goods_code,
                                      option_code,
                                      goods_name,
                                      option_name,
                                      goods_standard, 
                                      quantity)
        VALUES (bsn_order_detail_seq.nextval, 
                v_order_id, 
                p_files(i).goods_code, 
                p_files(i).option_code, 
                p_files(i).goods_name, 
                p_files(i).option_name,
                p_files(i).goods_standard, 
                p_files(i).quantity);
    END LOOP;

    -- 4. 출고 정보 저장
    v_delivery_id := 'bsn_dlivy_' || bsn_delivery_seq.nextval;
    INSERT INTO bsn_delivery (delivery_id,
                              order_id,
                              employee_num,
                              delivery_status,
                              company_num,
                              remark)
    VALUES (v_delivery_id, 
            v_order_id, 
            p_employee_num,
            'DS01',  -- 초기 상태
            p_company_num,
            p_remark);

    -- 5. 출고 상세 정보 저장
    FOR i IN 1..p_files.COUNT LOOP

        -- 주문 상세 id 찾기
        SELECT order_detail_id 
        INTO v_order_detail_id
        FROM bsn_order_detail
        WHERE order_id = v_order_id
        AND goods_code = p_files(i).goods_code
        AND option_code = p_files(i).option_code;

        -- 상품 옵션의 바코드 찾기
        SELECT option_barcode
        INTO v_option_barcode
        FROM purchse_option
        where option_code = p_files(i).option_code;

        INSERT INTO bsn_delivery_detail (delivery_detail_id, 
                                         delivery_id, 
                                         order_detail_id,
                                         option_code,
                                         option_barcode,
                                         delivery_demand_qnt, 
                                         delivery_total_qnt,
                                         sufficiency_status,
                                         goods_standard)
        VALUES (bsn_delivery_detail_seq.nextval, 
                v_delivery_id, 
                v_order_detail_id,
                p_files(i).option_code,
                v_option_barcode,
                p_files(i).quantity,  -- 요청 수량
                0,  -- 초기 출고 수량은 0
                0,  -- 초기 상태는 부족(0)
                p_files(i).goods_standard);  
    END LOOP;

    -- 6. 주문 상태 업데이트
    UPDATE bhf_order
    SET progress_status = '승인'
    WHERE order_code = p_order_code;

        -- 7. 주문 등록 이력 추가(등록일은 주문 테이블처럼 기본값이므로 둘다 같은 값으로 등록됨)
    INSERT INTO bsn_cs_change_history (
        history_num, 
        order_id, 
        history_type, 
        history_contents
    )
    VALUES (
        bsn_cs_change_history_seq.nextval,  -- 이력 번호 시퀀스
        v_order_id, 
        'OH01',  -- 주문 등록 이력
        '지점ID: '|| p_branch_office_id ||', 주문 ID: ' || v_order_id || ', 주문명: ' || v_order_name || ' [등록됨]'
    );

EXCEPTION
    WHEN OTHERS THEN
        -- 오류 발생 시 롤백 및 오류 메시지 출력
        ROLLBACK;
        DBMS_OUTPUT.PUT_LINE('Error: ' || SQLERRM);
        RAISE;
END;

/
--------------------------------------------------------
--  DDL for Procedure BSN_RETURNING_REGISTER
--------------------------------------------------------
set define off;

  CREATE OR REPLACE PROCEDURE "BSN_RETURNING_REGISTER" (
 
    p_company_num       NUMBER,
    p_employee_num      NUMBER,
    p_branch_office_id        VARCHAR2,
    p_returning_code  VARCHAR2,
    
    p_returning_list        BSN_CS_DTLARRAY, -- 기록할 전체 리스트
    p_exchange_list         BSN_CS_DTLARRAY, -- 교환 리스트 (있다면 주문등록 처리)
    p_warehousing_list      BSN_CS_DTLARRAY -- 입고 리스트
)
IS
    v_warehouse_id number;

    --등록용 변수
    v_order_id         VARCHAR2(50);
    v_first_goods_name VARCHAR2(50);
    v_detail_count     NUMBER;
    v_order_name       VARCHAR2(100);

    --상세등록 계산용
    v_goods_standard     varchar2(50);
    v_goods_standard_num number;
    v_order_qnt          number;

    --출고
    v_delivery_id      VARCHAR2(50);  -- 출고 ID 변수 추가
    v_order_detail_id  NUMBER;
    v_order_detail_qnt NUMBER;
    v_option_barcode   VARCHAR2(50);




BEGIN
    --CS 기록 등록
    FOR i IN 1..p_returning_list.COUNT LOOP

        SELECT warehouse_id
        INTO   v_warehouse_id
        FROM purchs_warehousing_body
        WHERE goods_lot_num = p_returning_list(i).goods_lot_num;

        INSERT INTO bsn_cs_returning_goods( CS_RETURNING_GOODS_ID ,
                                            RETURNING_CODE ,
                                            RETURNING_DETAIL_CODE,
                                            RETURNING_QNT ,
                                            WAREHOUSING_QNT ,
                                            DISUSE_QNT ,
                                            COMPLETION_DATE ,
                                            WAREHOUSE_ID ,
                                            EMPLOYEE_NUM ,
                                            COMPANY_NUM ,
                                            GOODS_CODE ,
                                            GOODS_NAME ,
                                            OPTION_CODE ,
                                            OPTION_NAME ,
                                            EXCHANGE_RETURNING_CHOICE ,
                                            OPTION_BARCODE ,
                                            GOODS_LOT_NUM ,
                                            RETURNING_REASON
        )
        VALUES( 'bsn_cs_return'|| BSN_CS_RETURNING_GOODS_SEQ.nextval
                , p_returning_code
                , p_returning_list(i).returning_detail_code
                , p_returning_list(i).quantity
                , p_returning_list(i).warehousing_qnt
                , p_returning_list(i).disuse_qnt
                , sysdate
                , v_warehouse_id
                , p_employee_num
                , p_company_num
                , p_returning_list(i).goods_code
                , p_returning_list(i).goods_name
                , p_returning_list(i).option_code
                , p_returning_list(i).option_name
                , p_returning_list(i).exchange_returning_choice
                , p_returning_list(i).option_barcode
                , p_returning_list(i).goods_lot_num
                , p_returning_list(i).returning_reason
        );
    END LOOP;

    --교환 리스트가 있다면 주문 등록 처리
    IF p_exchange_list.COUNT > 0 THEN
        -- 첫 번째 상품명 가져오기
        v_first_goods_name := p_exchange_list(1).goods_name;

        -- 상품명 길이 조절
        IF LENGTH(v_first_goods_name) > 40 THEN
            v_first_goods_name := SUBSTR(v_first_goods_name, 1, 37) || '...';
        END IF;

        -- 상세 개수 확인
        v_detail_count := p_exchange_list.COUNT - 1;

        -- 주문명 생성
        IF v_detail_count > 0 THEN
            v_order_name := v_first_goods_name || ' 외 ' || v_detail_count || '건';
        ELSE
            v_order_name := v_first_goods_name;
        END IF;


        -- 1. 주문 정보 저장
        -- 주문ID 생성
        v_order_id := 'bsn_order' || bsn_order_seq.nextval;

        INSERT INTO bsn_order (order_id, 
                               order_code, 
                               order_name,
                               branch_office_id,
                               order_date,
                               due_date, 
                               employee_num,
                               company_num,
                               remark)
        VALUES (v_order_id, 
                '', --발주 코드 없음
                v_order_name,
                p_branch_office_id,
                sysdate, -- 발주일자는 등록일자와 같게
                SYSDATE + 7, --납기일은 일주일뒤
                p_employee_num,
                p_company_num,
                '지점 [ '||p_branch_office_id ||'] 측 교환 요청으로 인한 재주문');


        -- 2. 배열을 상세 정보에 저장
        FOR i IN 1..p_exchange_list.COUNT LOOP

            --규격 찾기 + 수량 계산
            SELECT goods_standard
            INTO   v_goods_standard
            FROM   purchse_goods
            WHERE  goods_code = p_exchange_list(i).goods_code
            AND ROWNUM = 1;

            --숫자로 변경
            v_goods_standard_num := REGEXP_SUBSTR(v_goods_standard, '\d+', 2, 1) / REGEXP_SUBSTR(v_goods_standard, '\d+', 1, 1);
            --규격단위로 변경(올림 처리)
            v_order_qnt := CEIL(p_exchange_list(i).quantity / v_goods_standard_num);


            INSERT INTO bsn_order_detail (order_detail_id, 
                                          order_id, 
                                          goods_code,
                                          option_code,
                                          goods_name,
                                          option_name,
                                          goods_standard, 
                                          quantity)
            VALUES (bsn_order_detail_seq.nextval, 
                    v_order_id, 
                    p_exchange_list(i).goods_code, 
                    p_exchange_list(i).option_code, 
                    p_exchange_list(i).goods_name, 
                    p_exchange_list(i).option_name,
                    v_goods_standard, 
                    v_order_qnt);
        END LOOP;

        -- 4. 출고 정보 저장
        v_delivery_id := 'bsn_dlivy_' || bsn_delivery_seq.nextval;
        INSERT INTO bsn_delivery (delivery_id,
                                  order_id,
                                  employee_num,
                                  delivery_status,
                                  company_num,
                                  remark)
        VALUES (v_delivery_id, 
                v_order_id, 
                p_employee_num,
                'DS01',  -- 초기 상태
                p_company_num,
                '지점 [ '||p_branch_office_id ||'] 측 교환 요청으로 인한 재주문');

        -- 5. 출고 상세 정보 저장
        FOR i IN 1..p_exchange_list.COUNT LOOP

            -- 주문 상세 id, 수량 찾기
            SELECT order_detail_id, quantity, goods_standard
            INTO v_order_detail_id, v_order_detail_qnt, v_goods_standard
            FROM bsn_order_detail
            WHERE order_id = v_order_id
            AND goods_code = p_exchange_list(i).goods_code
            AND option_code = p_exchange_list(i).option_code;



            INSERT INTO bsn_delivery_detail (delivery_detail_id, 
                                             delivery_id, 
                                             order_detail_id,
                                             option_code,
                                             option_barcode,
                                             delivery_demand_qnt, 
                                             delivery_total_qnt,
                                             sufficiency_status,
                                             goods_standard)
            VALUES (bsn_delivery_detail_seq.nextval, 
                    v_delivery_id, 
                    v_order_detail_id,
                    p_exchange_list(i).option_code,
                    p_exchange_list(i).option_barcode,
                    v_order_detail_qnt,  -- 요청 수량
                    0,  -- 초기 출고 수량은 0
                    0,  -- 초기 상태는 부족(0)
                    v_goods_standard);  
    END LOOP;



    -- 7. 주문 등록 이력 추가(등록일은 주문 테이블처럼 기본값이므로 둘다 같은 값으로 등록됨)
    INSERT INTO bsn_cs_change_history (
        history_num, 
        order_id, 
        history_type, 
        history_contents
    )
    VALUES (
        bsn_cs_change_history_seq.nextval,  -- 이력 번호 시퀀스
        v_order_id, 
        'OH01',  -- 주문 등록 이력
        '지점ID: '|| p_branch_office_id ||', 주문 ID: ' || v_order_id || ', 주문명: ' || v_order_name || ' [교환 요청으로 인해 등록됨]'
    );

    END IF;
    -- --------------------------------


    --입고할 상품이 있다면 입고 처리
    IF p_warehousing_list.COUNT > 0 THEN
        FOR i IN 1..p_warehousing_list.COUNT LOOP
            UPDATE purchs_warehousing_body
            SET    warehousing_remaining_quantity = warehousing_remaining_quantity + p_warehousing_list(i).warehousing_qnt
            WHERE  goods_lot_num = p_warehousing_list(i).goods_lot_num;
        END LOOP;
    END IF;
    --------------------


    -- 반품 요청 상태 업데이트
    UPDATE bhf_returning
    SET progress_status = '승인'
    WHERE returning_code = p_returning_code;

EXCEPTION
    WHEN OTHERS THEN
        -- 오류 발생 시 롤백 및 오류 메시지 출력
        ROLLBACK;
        DBMS_OUTPUT.PUT_LINE('Error: ' || SQLERRM);
        RAISE;
END;

/
--------------------------------------------------------
--  DDL for Procedure ORDER_PRD
--------------------------------------------------------
set define off;

  CREATE OR REPLACE PROCEDURE "ORDER_PRD" (
    p_branchOfficeId varchar2,
    p_dueDate date,
    p_remark varchar2,
    p_companyNum number,
    p_files FILEARRAY 
)
is
    v_seq varchar2(1000);
begin
    insert into bhf_order(order_code, branch_office_id, due_date, remark, company_num)
    values('bhf_ord' || order_code_seq.nextval, p_branchOfficeId, p_dueDate, p_remark, p_companyNum);

    SELECT ('bhf_ord' || order_code_seq.currval) 
    INTO v_seq
    FROM DUAL;

    FOR i IN 1..p_files.COUNT LOOP
    insert into bhf_order_detail(order_detail_code, order_code, goods_code,goods_name,option_code,option_name, goods_standard, quantity)
    values('bhf_ord_dtl' || order_detail_code_seq.nextval, 
            v_seq, 
            p_files(i).goods_code, 
            p_files(i).goods_name, 
            p_files(i).option_code, 
            p_files(i).option_name, 
            p_files(i).goods_standard, 
            p_files(i).quantity);
    end loop;
end;

/
--------------------------------------------------------
--  DDL for Procedure PD_TEST
--------------------------------------------------------
set define off;

  CREATE OR REPLACE PROCEDURE "PD_TEST" 
is
    v_a VARCHAR2(20);
    v_b number default 0;
    v_barcode varchar2(20);
begin
    insert into test(test_seq, test_name, test_age)
    values('test' || test_seq.nextval,'tested',25);

    SELECT ('test' || test_seq.currval) 
    INTO v_a
    FROM DUAL;

    select option_barcode
    INTO v_barcode
    from purchse_option
    where option_code = 'BFHR3264';


    insert into test2(test2, test_seq, test2_name, test2_age)
    values('testtwo123', v_a, v_barcode, 26);

end;

/
--------------------------------------------------------
--  DDL for Procedure PROC_UPDATE_DEPARTMENT
--------------------------------------------------------
set define off;

  CREATE OR REPLACE PROCEDURE "PROC_UPDATE_DEPARTMENT" (
  p_employee_num IN NUMBER,
  p_new_department_num IN NUMBER
) AS
  v_old_department_num NUMBER;
BEGIN
  -- 현재 사원의 기존 부서 가져오기
  SELECT department_num INTO v_old_department_num
  FROM hr_employee
  WHERE employee_num = p_employee_num;

  -- 사원의 부서 업데이트
  UPDATE hr_employee
  SET department_num = p_new_department_num
  WHERE employee_num = p_employee_num;

  -- 기존 부서의 직원 수 감소
  UPDATE hr_department
  SET manager_num = (SELECT COUNT(*) FROM hr_employee WHERE department_num = v_old_department_num)
  WHERE department_num = v_old_department_num;

  -- 새로운 부서의 직원 수 증가
  UPDATE hr_department
  SET manager_num = (SELECT COUNT(*) FROM hr_employee WHERE department_num = p_new_department_num)
  WHERE department_num = p_new_department_num;

  COMMIT;
END;

/
--------------------------------------------------------
--  DDL for Procedure PURCHS_ORDER_REGISTER
--------------------------------------------------------
set define off;

  CREATE OR REPLACE PROCEDURE "PURCHS_ORDER_REGISTER" (
    p_employee_num       IN NUMBER,
    p_company_num        IN NUMBER,
    p_purchase_date      IN DATE,
    p_purchase_due_date  IN DATE,
    p_purchase_vat_flag  IN NUMBER,
    p_vendor_id          IN NUMBER,  
    p_files              IN purchs_order_file_Array  
)
IS
    v_today        VARCHAR2(8);  -- 오늘 날짜 (YYYYMMDD)
    v_last_seq     NUMBER;         -- 해당 날짜의 마지막 SEQUENCE 값
    v_purchase_num NUMBER;         -- 최종 발주번호
    v_total_amount NUMBER := 0;    -- 발주 총액
BEGIN
    -- 오늘 날짜 가져오기
    v_today := TO_CHAR(SYSDATE, 'YYYYMMDD');

    -- 해당 날짜의 가장 큰 발주번호의 시퀀스 부분 조회  
    -- purchase_num은 NUMBER이므로 12자리 문자열('FM000000000000')로 변환 후 SUBSTR 사용
    SELECT NVL(MAX(TO_NUMBER(SUBSTR(TO_CHAR(purchase_num, 'FM000000000000'), 9, 4))), 0)
      INTO v_last_seq
      FROM purchs_purchase_header
     WHERE TO_CHAR(purchase_date, 'YYYYMMDD') = v_today;

    -- 최종 발주번호 생성 (YYYYMMDD + SEQ)
    v_purchase_num := TO_NUMBER(v_today || LPAD(v_last_seq + 1, 4, '0'));

    -- 발주 헤드 등록
    INSERT INTO purchs_purchase_header(
          purchase_num,
          purchase_date,
          purchase_due_date,
          purchase_vat_flag,
          purchase_status,
          vendor_id,
          employee_num,
          company_num
    )
    VALUES (
          v_purchase_num,                    -- 생성된 발주번호 사용
          p_purchase_date,
          p_purchase_due_date,
          p_purchase_vat_flag,
          fn_get_cmmn_name('VS001'),
          p_vendor_id,
          p_employee_num,
          p_company_num
    );

    -- 발주 바디 추가 (상품 리스트 처리)
    IF p_files IS NOT NULL AND p_files.COUNT > 0 THEN
        FOR i IN 1 .. p_files.COUNT LOOP
            INSERT INTO purchs_purchase_body (
                  purchase_body_num,
                  purchase_quantity,
                  purchase_supply_price,
                  purchase_unit_price, 
                  purchase_vat, 
                  purchase_num,
                  option_num,
                  order_plan_body_num,
                  goods_standard,
                  company_num
            ) 
            VALUES (
                  purchs_order_body_seq.NEXTVAL,   -- 발주 바디 SEQUENCE
                  p_files(i).purchase_quantity,
                  p_files(i).purchase_supply_price,
                  p_files(i).purchase_unit_price,
                  p_files(i).purchase_vat,
                  v_purchase_num,                  -- 생성된 발주번호 사용
                  p_files(i).option_num,
                  p_files(i).order_plan_body_num,
                  p_files(i).goods_standard,
                  p_files(i).company_num
            );
        END LOOP;
    END IF;

    -- 발주 총 금액 계산 및 업데이트
    BEGIN
        SELECT SUM(purchase_supply_price + purchase_vat)
          INTO v_total_amount
          FROM purchs_purchase_body
         WHERE purchase_num = v_purchase_num
         GROUP BY purchase_num;
    EXCEPTION
        WHEN NO_DATA_FOUND THEN
            v_total_amount := 0;
    END;

    UPDATE purchs_purchase_header
       SET puchase_total_amount = v_total_amount
     WHERE purchase_num = v_purchase_num;

    COMMIT;
EXCEPTION
    WHEN OTHERS THEN
        ROLLBACK;
        RAISE_APPLICATION_ERROR(-20003, '예기치 않은 오류 발생: ' || SQLERRM);
END;

/
--------------------------------------------------------
--  DDL for Procedure PURCHS_ORDER_UPDATE
--------------------------------------------------------
set define off;

  CREATE OR REPLACE PROCEDURE "PURCHS_ORDER_UPDATE" (
    p_purchase_num       IN NUMBER,
    p_employee_num       IN NUMBER,
    p_company_num        IN NUMBER,
    p_purchase_due_date  IN DATE,
    p_purchase_vat_flag  IN NUMBER,
    p_purchase_recorde_reason IN VARCHAR2,
    p_files              IN purchs_order_modify_file_array  
)
IS
    v_prev_body purchs_purchase_body%ROWTYPE;      --  이전 바디 데이터 저장
    v_prev_header purchs_purchase_header%ROWTYPE;  -- 헤더 데이터 저장
BEGIN
    --  헤더 정보 가져오기 (한 번만 조회)
    SELECT * INTO v_prev_header
    FROM purchs_purchase_header
    WHERE purchase_num = p_purchase_num;

    -- 바디 변경 사항 적용 (p_files 배열 처리)
    FOR i IN 1 .. p_files.COUNT LOOP
        --  기존 바디 데이터 조회
        SELECT * INTO v_prev_body
        FROM purchs_purchase_body
        WHERE purchase_body_num = p_files(i).purchase_body_num;

        -- 개별 바디 변경 기록 저장 (헤더 정보 함께 포함)
        INSERT INTO purchs_purchase_record (
            PURCHASE_RECORD_NUM, 
            PURCHASE_RECORD_DATE, 
            PURCHASE_RECORDE_REASON,
            PURCHASE_RECORD_TYPE, 
            PREV_QUANTITY, NEW_QUANTITY,
            PREV_UNIT_PRICE, NEW_UNIT_PRICE, 
            PREV_TOTAL_AMOUNT, NEW_TOTAL_AMOUNT,
            PREV_STATUS, NEW_STATUS, 
            PREV_DUE_DATE, NEW_DUE_DATE,
            PREV_VAT_FLAG, NEW_VAT_FLAG, 
            EMPLOYEE_NUM, 
            PURCHASE_NUM, 
            COMPANY_NUM
        ) VALUES (
            purchs_purchase_record_seq.NEXTVAL, 
            SYSDATE, 
            p_purchase_recorde_reason,
            'update', 
            v_prev_body.PURCHASE_QUANTITY, p_files(i).purchase_quantity,
            v_prev_body.PURCHASE_UNIT_PRICE, p_files(i).purchase_unit_price,
            v_prev_body.PURCHASE_SUPPLY_PRICE, p_files(i).purchase_supply_price,
            v_prev_header.PURCHASE_STATUS, fn_get_cmmn_name('VS001'), 
            v_prev_header.PURCHASE_DUE_DATE, p_purchase_due_date,
            v_prev_header.PURCHASE_VAT_FLAG, p_purchase_vat_flag,
            p_employee_num,
            p_purchase_num, 
            p_company_num
        );

        -- 기존 바디 데이터 업데이트
        UPDATE purchs_purchase_body
        SET purchase_quantity = p_files(i).purchase_quantity,
            purchase_unit_price = p_files(i).purchase_unit_price,
            purchase_supply_price = p_files(i).purchase_supply_price,
            purchase_vat = p_files(i).purchase_vat
        WHERE purchase_body_num = p_files(i).purchase_body_num;
    END LOOP;

    --  발주 헤더 정보 업데이트 (최종 변경 사항 적용)
    UPDATE purchs_purchase_header
    SET purchase_due_date = p_purchase_due_date,
        purchase_vat_flag = p_purchase_vat_flag,
        purchase_status = fn_get_cmmn_name('VS001'),
        employee_num = p_employee_num
    WHERE purchase_num = p_purchase_num;

    --  발주 총 금액 업데이트
    UPDATE purchs_purchase_header
    SET puchase_total_amount = (
        SELECT SUM(purchase_supply_price + purchase_vat)
        FROM purchs_purchase_body
        WHERE purchase_num = p_purchase_num
    )
    WHERE purchase_num = p_purchase_num;

    COMMIT;
EXCEPTION
    WHEN OTHERS THEN
        ROLLBACK;
        RAISE_APPLICATION_ERROR(-20004, '발주 수정 중 오류 발생: ' || SQLERRM);
END purchs_order_update;

/
--------------------------------------------------------
--  DDL for Procedure PURCHS_PRODUCT_REGISTER
--------------------------------------------------------
set define off;

  CREATE OR REPLACE PROCEDURE "PURCHS_PRODUCT_REGISTER" (
    p_goods_name IN VARCHAR2,
    p_goods_cost IN NUMBER,
    p_goods_price IN NUMBER,
    p_goods_supply_price IN NUMBER,
    p_goods_standard IN VARCHAR2,
    p_goods_description IN VARCHAR2 DEFAULT NULL,  -- 기본값을 NULL로 설정
    p_goods_image IN VARCHAR2,
    p_classification_id IN NUMBER,
    p_brand_id IN NUMBER,
    p_employee_num IN NUMBER,
    p_vendor_id IN NUMBER,
    p_companyNum IN NUMBER,
    p_files IN purchsfileArray  -- ✅ `IN` 추가 (필수!)
)
IS
    v_brand_code VARCHAR2(1000);
    v_classification_code VARCHAR2(1000);
    v_goods_num NUMBER;
    v_goods_code VARCHAR2(1000);
    v_goods_description VARCHAR2(4000);  -- ✅ goods_description을 위한 지역 변수 선언

    -- ✅ 예외처리용 커스텀 예외 선언
    e_brand_not_found EXCEPTION;
    e_classification_not_found EXCEPTION;

BEGIN
    -- ✅ `p_goods_description`이 빈 문자열("")이라면 NULL로 변환
    v_goods_description := CASE WHEN p_goods_description IS NULL OR TRIM(p_goods_description) = '' THEN NULL ELSE p_goods_description END;

    -- ✅ 브랜드 코드 가져오기 (값이 없으면 예외 발생)
    BEGIN
        SELECT brand_code
        INTO v_brand_code
        FROM stdr_brand
        WHERE brand_id = p_brand_id;

        IF v_brand_code IS NULL THEN
            RAISE e_brand_not_found;
        END IF;
    EXCEPTION
        WHEN NO_DATA_FOUND THEN
            RAISE_APPLICATION_ERROR(-20001, '해당 브랜드가 존재하지 않습니다.');
    END;

    -- ✅ 분류 코드 가져오기 (값이 없으면 예외 발생)
    BEGIN
        SELECT classification_code
        INTO v_classification_code
        FROM stdr_classification
        WHERE classification_id = p_classification_id;

        IF v_classification_code IS NULL THEN
            RAISE e_classification_not_found;
        END IF;
    EXCEPTION
        WHEN NO_DATA_FOUND THEN
            RAISE_APPLICATION_ERROR(-20002, '해당 분류가 존재하지 않습니다.');
    END;

    -- ✅ 상품 등록
    INSERT INTO purchse_goods (
        goods_num, goods_name, goods_cost, goods_code, goods_price, goods_supply_price,
        goods_standard, goods_description, goods_image, classification_id, brand_id, employee_num, vendor_id, company_num
    ) VALUES (
        purchse_goods_seq.NEXTVAL, 
        p_goods_name,
        p_goods_cost,
        v_classification_code || v_brand_code || purchse_goods_code_seq.NEXTVAL,
        p_goods_price, 
        p_goods_supply_price,
        p_goods_standard,
        v_goods_description,  -- ✅ 변환된 NULL 허용 변수 사용
        p_goods_image,
        p_classification_id,
        p_brand_id,
        p_employee_num,
        p_vendor_id,
        p_companyNum
    );

    -- ✅ 가장 최근에 등록된 `goods_num` 가져오기
    SELECT goods_num, goods_code
    INTO v_goods_num, v_goods_code
    FROM purchse_goods
    WHERE ROWNUM = 1
    ORDER BY goods_num DESC;

    -- ✅ 옵션 정보 추가 (p_files가 NULL이 아니고 데이터가 있을 때만)
    IF p_files IS NOT NULL AND p_files.COUNT > 0 THEN
        FOR i IN 1..p_files.COUNT LOOP
            INSERT INTO purchse_option (
                option_num, option_code, option_name, warehouse_id, goods_num, company_num, option_barcode
            ) VALUES (
                purchse_option_seq.NEXTVAL,
                v_goods_code || purchse_option_code_seq.NEXTVAL,
                p_files(i).option_name,
                p_files(i).warehouse_id,
                v_goods_num,
                p_companyNum,
                p_vendor_id || v_goods_num || purchse_option_seq.NEXTVAL || '000000'
            );
        END LOOP;
    END IF;

EXCEPTION
    WHEN OTHERS THEN
        RAISE_APPLICATION_ERROR(-20003, '예기치 않은 오류 발생: ' || SQLERRM);
END;

/
--------------------------------------------------------
--  DDL for Procedure PURCHS_PRODUCT_UPDATE
--------------------------------------------------------
set define off;

  CREATE OR REPLACE PROCEDURE "PURCHS_PRODUCT_UPDATE" (
    p_goods_num IN NUMBER,  -- 수정할 상품의 PK
    p_goods_name IN VARCHAR2,
    p_goods_cost IN NUMBER,
    p_goods_price IN NUMBER,
    p_goods_supply_price IN NUMBER,
    p_goods_standard IN VARCHAR2,
    p_goods_description IN VARCHAR2 DEFAULT NULL,  
    p_goods_image IN VARCHAR2 DEFAULT NULL, -- ✅ NULL 허용
    p_employee_num IN NUMBER,
    p_companyNum IN NUMBER,
    p_files IN PURCHS_MODIFY_FILE_ARRAY  -- 옵션 목록 배열
)
IS
    v_goods_description VARCHAR2(4000);
    v_goods_code VARCHAR2(1000); -- ✅ 상품 코드 변수 추가
    v_vendor_id NUMBER; -- ✅ 상품의 vendor_id 저장할 변수 추가

    -- ✅ 예외처리용 커스텀 예외 선언
    e_goods_not_found EXCEPTION;

BEGIN
    -- ✅ 상품 설명이 비어있다면 NULL 처리
    v_goods_description := CASE 
        WHEN p_goods_description IS NULL OR TRIM(p_goods_description) = '' 
        THEN NULL 
        ELSE p_goods_description 
    END;

    -- ✅ 상품 코드 및 vendor_id 가져오기 (option_code, option_barcode 생성 시 사용)
    BEGIN
        SELECT goods_code, vendor_id 
        INTO v_goods_code, v_vendor_id
        FROM purchse_goods
        WHERE goods_num = p_goods_num;

        -- ✅ 조회된 값이 없으면 예외 발생
        IF v_goods_code IS NULL OR v_vendor_id IS NULL THEN
            RAISE e_goods_not_found;
        END IF;

    EXCEPTION
        WHEN NO_DATA_FOUND THEN
            RAISE_APPLICATION_ERROR(-20005, '❌ 해당 상품을 찾을 수 없습니다. (상품번호: ' || p_goods_num || ')');
        WHEN OTHERS THEN
            RAISE_APPLICATION_ERROR(-20006, '❌ 상품 조회 중 오류 발생: ' || SQLERRM);
    END;

    -- ✅ 상품 정보 업데이트
    UPDATE purchse_goods
    SET goods_name = p_goods_name,
        goods_cost = p_goods_cost,
        goods_price = p_goods_price,
        goods_supply_price = p_goods_supply_price,
        goods_standard = p_goods_standard,
        goods_description = v_goods_description,
        goods_image = COALESCE(p_goods_image, goods_image), -- ✅ `NULL`이면 기존 값 유지
        employee_num = p_employee_num
    WHERE goods_num = p_goods_num;

    -- ✅ 옵션 정보 처리 (MERGE INTO 활용)
    IF p_files IS NOT NULL AND p_files.COUNT > 0 THEN
        FOR i IN 1..p_files.COUNT LOOP
            MERGE INTO purchse_option o
            USING (SELECT p_files(i).option_num AS option_num FROM DUAL) src
            ON (o.option_num = src.option_num)
            WHEN MATCHED THEN
                -- ✅ 기존 옵션이 존재하면 변경된 경우에만 업데이트
                UPDATE SET 
                    option_name = p_files(i).option_name,
                    option_safety_invoice = NVL(p_files(i).option_safety_invoice, 0), -- 안전재고 기본값 0
                    warehouse_id = p_files(i).warehouse_id,
                    option_use_flag = p_files(i).option_use_flag
            WHEN NOT MATCHED THEN
                -- ✅ 기존 옵션이 없으면 새로운 옵션 추가
                INSERT (
                    option_num, option_code, option_name, warehouse_id, goods_num, company_num, 
                    option_use_flag, option_safety_invoice, option_barcode  -- ✅ option_barcode 추가
                ) VALUES (
                    purchse_option_seq.NEXTVAL,
                    v_goods_code || purchse_option_code_seq.NEXTVAL,  -- ✅ 일관된 option_code 생성 방식
                    p_files(i).option_name,
                    p_files(i).warehouse_id,
                    p_goods_num,
                    p_companyNum,
                    p_files(i).option_use_flag,
                    NVL(p_files(i).option_safety_invoice, 0), -- ✅ 안전재고 기본값 0 설정
                    v_vendor_id || p_goods_num || purchse_option_seq.NEXTVAL || '000000' -- ✅ option_barcode 생성
                );
        END LOOP;
    END IF;

    COMMIT;  -- ✅ 변경 사항 저장

EXCEPTION
    WHEN e_goods_not_found THEN
        ROLLBACK;
        RAISE;
    WHEN OTHERS THEN
        ROLLBACK;  -- 오류 발생 시 롤백
        RAISE_APPLICATION_ERROR(-20007, '❌ 상품 수정 중 오류 발생: ' || SQLERRM);
END purchs_product_update;

/
--------------------------------------------------------
--  DDL for Procedure PURCHS_WAREHOUSE_REGISTER
--------------------------------------------------------
set define off;

  CREATE OR REPLACE PROCEDURE "PURCHS_WAREHOUSE_REGISTER" (
    p_employee_num       IN NUMBER,
    p_company_num        IN NUMBER,
    p_vendor_id          IN NUMBER,  
    p_files              IN purchs_warehouse_file_Array  
)
IS
    v_today                  VARCHAR2(6);  -- 'yyMMdd' 형식 저장
    v_last_seq               NUMBER := 0;  
    v_warehouse_num          NUMBER;       
    v_total_amount           NUMBER := 0;  
    v_warehousing_header_num NUMBER;
    v_option_code            VARCHAR2(20);
    v_distribution_time_limit NUMBER := 0;
    v_goods_standard_num     NUMBER := 1;  
    v_lot_seq                NUMBER := 0;  
    v_goods_lot_num          VARCHAR2(50);
    v_goods_consumption_date DATE;
    v_total_purchased_qty    NUMBER := 0;  -- ✅ 총 발주 수량
    v_total_received_qty     NUMBER := 0;  -- ✅ 총 입고 수량
BEGIN
    v_today := TO_CHAR(SYSDATE, 'yyMMdd');  -- ✅ 'yyMMdd' 형식으로 저장

    -- ✅ 오늘 날짜의 가장 큰 입고번호(warehousing_chit) 조회
    BEGIN
        SELECT NVL(MAX(TO_NUMBER(SUBSTR(warehousing_chit, -4))), 0)
          INTO v_last_seq
          FROM purchs_warehousing_header
         WHERE TO_CHAR(warehousing_date, 'YYYYMMDD') = TO_CHAR(SYSDATE, 'YYYYMMDD');
    EXCEPTION
        WHEN NO_DATA_FOUND THEN
            v_last_seq := 0;
    END;

    -- ✅ 최종 입고번호 생성
    v_warehouse_num := TO_NUMBER(v_today || LPAD(v_last_seq + 1, 4, '0'));

    -- ✅ 입고 헤더 등록
    INSERT INTO purchs_warehousing_header (
        warehousing_header_num, 
        warehousing_date, 
        employee_num, 
        warehousing_chit,  
        vendor_id, 
        company_num
    ) VALUES (
        purchs_warehouse_head_seq.NEXTVAL, 
        SYSDATE, 
        p_employee_num, 
        v_warehouse_num, 
        p_vendor_id, 
        p_company_num
    ) RETURNING warehousing_header_num INTO v_warehousing_header_num;

    -- ✅ 입고 바디 추가
    IF p_files IS NOT NULL AND p_files.COUNT > 0 THEN
        FOR i IN 1 .. p_files.COUNT LOOP
            BEGIN
                -- ✅ 옵션 정보 및 유통기한 개월 수 조회
                SELECT o.option_code, s.distribution_time_limit 
                  INTO v_option_code, v_distribution_time_limit
                  FROM purchse_option o  
                  JOIN purchse_goods g ON o.goods_num = g.goods_num
                  JOIN stdr_classification s ON g.classification_id = s.classification_id
                 WHERE o.option_num = p_files(i).option_num;
            EXCEPTION
                WHEN NO_DATA_FOUND THEN
                    v_option_code := 'UNKNOWN';
                    v_distribution_time_limit := 0;
            END;

            -- ✅ 유통기한(소비기한) 계산
            v_goods_consumption_date := ADD_MONTHS(p_files(i).manufacture_date, v_distribution_time_limit * 12);

            -- ✅ 옵션별 LOT SEQ 조회 (유통기한 단위로 증가)
            BEGIN
                SELECT NVL(MAX(TO_NUMBER(SUBSTR(goods_lot_num, -3))), 0)
                  INTO v_lot_seq
                  FROM purchs_warehousing_body
                 WHERE TO_CHAR(goods_consumption_date, 'YYYYMMDD') = TO_CHAR(v_goods_consumption_date, 'YYYYMMDD')
                   AND option_num = p_files(i).option_num;
            EXCEPTION
                WHEN NO_DATA_FOUND THEN
                    v_lot_seq := 0;
            END;

            -- ✅ LOT SEQ 증가 및 LOT 번호 생성 (yyMMdd 형식 적용)
            v_lot_seq := v_lot_seq + 1;
            v_goods_lot_num := v_option_code || v_today || TO_CHAR(v_goods_consumption_date, 'yyMMdd') || LPAD(v_lot_seq, 3, '0');

            -- ✅ 규격(goods_standard)에서 개당 갯수 추출
            BEGIN
                SELECT NVL(TO_NUMBER(REGEXP_SUBSTR(p_files(i).goods_standard, '\d+', 1, 2)), 1)
                INTO v_goods_standard_num
                FROM DUAL;
            EXCEPTION
                WHEN OTHERS THEN
                    v_goods_standard_num := 1;  -- 숫자 추출 실패 시 기본값 1
            END;

            -- ✅ 입고 바디 데이터 삽입 (개당 갯수 반영)
            INSERT INTO purchs_warehousing_body (
                warehousing_body_num,
                goods_lot_num, 
                goods_consumption_date,
                warehousing_standard_quantity, 
                warehousing_total_quantity,
                warehousing_remaining_quantity,
                warehousing_unit_total_amount,
                warehousing_unit_price, 
                warehousing_supply_price, 
                warehousing_vat,
                warehouse_id, 
                warehousing_header_num, 
                purchase_body_num, 
                company_num, 
                option_num,
                manufacture_date
            ) VALUES (
                purchs_warehouse_body_seq.NEXTVAL, 
                v_goods_lot_num, 
                v_goods_consumption_date,
                p_files(i).warehousing_standard_quantity,
                p_files(i).warehousing_standard_quantity * v_goods_standard_num,  -- ✅ 개당 갯수 반영
                p_files(i).warehousing_standard_quantity * v_goods_standard_num,  -- ✅ 개당 갯수 반영
                p_files(i).warehousing_supply_price + p_files(i).warehousing_vat,  
                p_files(i).warehousing_unit_price, 
                p_files(i).warehousing_supply_price, 
                p_files(i).warehousing_vat, 
                p_files(i).warehouse_id,
                v_warehousing_header_num, 
                p_files(i).purchase_body_num, 
                p_company_num, 
                p_files(i).option_num, 
                p_files(i).manufacture_date
            );

            -- ✅ 발주 상태 업데이트 (PURCHASE_BODY_NUM이 있는 경우)
            IF p_files(i).purchase_body_num IS NOT NULL THEN
                -- 🔹 발주 수량과 입고 수량 비교
                SELECT SUM(purchase_quantity), SUM(warehousing_total_quantity)
                  INTO v_total_purchased_qty, v_total_received_qty
                  FROM purchs_purchase_body pb
                  LEFT JOIN purchs_warehousing_body wb 
                    ON pb.purchase_body_num = wb.purchase_body_num
                 WHERE pb.purchase_body_num = p_files(i).purchase_body_num
                 GROUP BY pb.purchase_body_num;

                -- 🔹 입고 수량이 발주 수량 이상이면 발주 상태 변경
                IF v_total_received_qty >= v_total_purchased_qty THEN
                    UPDATE purchs_purchase_header
                       SET purchase_status = fn_get_cmmn_name('VS002')
                     WHERE purchase_num = (SELECT purchase_num FROM purchs_purchase_body WHERE purchase_body_num = p_files(i).purchase_body_num);
                END IF;
            END IF;

            -- ✅ 총 입고 금액 갱신
            v_total_amount := v_total_amount + 
                              ((p_files(i).warehousing_standard_quantity * p_files(i).warehousing_supply_price) + p_files(i).warehousing_vat);
        END LOOP;
    END IF;

    -- ✅ 입고 헤더의 총 금액 업데이트
    UPDATE purchs_warehousing_header
       SET warehousing_total_amount = v_total_amount
     WHERE warehousing_header_num = v_warehousing_header_num;

    COMMIT;
EXCEPTION
    WHEN OTHERS THEN
        ROLLBACK;
        RAISE_APPLICATION_ERROR(-20003, '예기치 않은 오류 발생: ' || SQLERRM);
END;

/
--------------------------------------------------------
--  DDL for Function BHF_GOODS_BARCODE
--------------------------------------------------------

  CREATE OR REPLACE FUNCTION "BHF_GOODS_BARCODE" (p_option_code VARCHAR2)
    RETURN varchar2
IS
    v_goods_barcode VARCHAR2(100);
BEGIN
    SELECT option_barcode
    INTO v_goods_barcode
    FROM purchs_warehousing_body b 
    JOIN purchse_option o ON b.option_num = o.option_num
    WHERE option_code = p_option_code;

    RETURN v_goods_barcode;
END;

/
--------------------------------------------------------
--  DDL for Function BHF_GOODS_CONSUMPTION_DATE
--------------------------------------------------------

  CREATE OR REPLACE FUNCTION "BHF_GOODS_CONSUMPTION_DATE" (p_option_code VARCHAR2)
    RETURN varchar2
IS
    v_goods_consumption_date DATE;
BEGIN
    SELECT goods_consumption_date
    INTO v_goods_consumption_date
    FROM purchs_warehousing_body b 
    JOIN purchse_option o ON b.option_num = o.option_num
    WHERE option_code = p_option_code;

    RETURN v_goods_consumption_date;
END;

/
--------------------------------------------------------
--  DDL for Function BHF_GOODS_LOT_NUM
--------------------------------------------------------

  CREATE OR REPLACE FUNCTION "BHF_GOODS_LOT_NUM" (p_option_code VARCHAR2)
    RETURN varchar2
IS
    v_goods_lot_num varchar2(100);
BEGIN
    SELECT goods_lot_num
    INTO v_goods_lot_num
    FROM purchs_warehousing_body b 
    JOIN purchse_option o ON b.option_num = o.option_num
    WHERE option_code = p_option_code;

    RETURN v_goods_lot_num;
END;

/
--------------------------------------------------------
--  DDL for Function BHF_OPTION_CODE
--------------------------------------------------------

  CREATE OR REPLACE FUNCTION "BHF_OPTION_CODE" (p_option_barcode VARCHAR2)
    RETURN varchar2
IS
    v_option_code VARCHAR2(100);
BEGIN
    SELECT option_code
    INTO v_option_code
    FROM purchse_option
    WHERE option_barcode = p_option_barcode;

    RETURN v_option_code;
END;

/
--------------------------------------------------------
--  DDL for Function ERP_COMPANY_NAME
--------------------------------------------------------

  CREATE OR REPLACE FUNCTION "ERP_COMPANY_NAME" (p_company_num number)
    RETURN varchar2
IS
    v_company_name varchar2(100);
BEGIN
    SELECT company_name
    INTO v_company_name
    FROM erp_company
    WHERE company_num = p_company_num;

    RETURN v_company_name;
END;

/
--------------------------------------------------------
--  DDL for Function ERP_EMPLOYEE_NAME
--------------------------------------------------------

  CREATE OR REPLACE FUNCTION "ERP_EMPLOYEE_NAME" (p_employee_num number)
    RETURN varchar2
IS
    v_employee_name varchar2(100);
BEGIN
    SELECT employee_name
    INTO v_employee_name
    FROM erp_employees
    WHERE employee_num = p_employee_num;

    RETURN v_employee_name;
END;

/
--------------------------------------------------------
--  DDL for Function FN_GENERATE_EMPLOYEE_ID
--------------------------------------------------------

  CREATE OR REPLACE FUNCTION "FN_GENERATE_EMPLOYEE_ID" RETURN VARCHAR2 IS
    v_max_id VARCHAR2(20);
    v_new_seq NUMBER;
    v_new_id VARCHAR2(20);
    v_today VARCHAR2(6);
BEGIN
    -- 오늘 날짜 YYMMDD 가져오기
    v_today := TO_CHAR(SYSDATE, 'YYMMDD');

    -- 가장 최근 사원 ID 가져오기 (오늘 날짜 기준)
    SELECT NVL(MAX(employee_id), '000000000')
    INTO v_max_id
    FROM HR_EMPLOYEE
    WHERE SUBSTR(employee_id, 1, 6) = v_today;

    -- 기존 데이터가 없을 경우, 기본값 설정
    IF v_max_id = '000000000' THEN
        v_new_seq := 1; -- 데이터가 없으면 001부터 시작
    ELSE
        v_new_seq := TO_NUMBER(SUBSTR(v_max_id, 7, 3)) + 1;
    END IF;

    -- 새 사원번호 생성 (YYMMDD + 001 형식)
    v_new_id := v_today || LPAD(v_new_seq, 3, '0');

    RETURN v_new_id;
END;

/
--------------------------------------------------------
--  DDL for Function FN_GET_CMMN_CODE
--------------------------------------------------------

  CREATE OR REPLACE FUNCTION "FN_GET_CMMN_CODE" (p_cmmn_name varchar2)
    RETURN varchar2
IS
    v_cmmn_code varchar2(20);
BEGIN
    SELECT cmmn_code
    INTO v_cmmn_code
    FROM cmmn
    WHERE cmmn_name = p_cmmn_name;

    RETURN v_cmmn_code;
END;

/
--------------------------------------------------------
--  DDL for Function FN_GET_CMMN_CODE_VER2
--------------------------------------------------------

  CREATE OR REPLACE FUNCTION "FN_GET_CMMN_CODE_VER2" (p_cmmn_name varchar2, p_section varchar2)
RETURN varchar2
IS
    v_cmmn_code varchar2(20);
    v_upper_cmmn_code varchar2(20);

    CURSOR cursor_cmmn IS
    SELECT cmmn_code, upper_cmmn_code
    FROM cmmn
    WHERE cmmn_name = p_cmmn_name;

    v_upper_name varchar(100);
    v_return varchar2(20) default '00';
BEGIN
    OPEN cursor_cmmn;
    LOOP
        FETCH cursor_cmmn INTO v_cmmn_code, v_upper_cmmn_code;
        EXIT WHEN cursor_cmmn%NOTFOUND;

        SELECT fn_get_cmmn_name(v_upper_cmmn_code)
        INTO v_upper_name
        FROM dual;

        IF v_upper_name LIKE '%' || p_section || '%' THEN
            v_return := v_cmmn_code;
        END IF;
    END LOOP;    
    CLOSE cursor_cmmn;

    RETURN v_return;
END;

/
--------------------------------------------------------
--  DDL for Function FN_GET_CMMN_NAME
--------------------------------------------------------

  CREATE OR REPLACE FUNCTION "FN_GET_CMMN_NAME" (p_cmmn_code varchar2)
    RETURN varchar2
IS
    v_cmmn_name varchar2(100);
BEGIN
    SELECT cmmn_name
    INTO v_cmmn_name
    FROM cmmn
    WHERE cmmn_code = p_cmmn_code;

    RETURN v_cmmn_name;
END;

/
--------------------------------------------------------
--  DDL for Function FN_GET_DEPT_NAME
--------------------------------------------------------

  CREATE OR REPLACE FUNCTION "FN_GET_DEPT_NAME" (p_dept varchar2, p_com number)
return varchar2
is
    v_result varchar(1000);
begin
    select department_name
    into v_result
    from hr_department
    where company_num = p_com
    and department_num = p_dept;

    return v_result;
end;

/
--------------------------------------------------------
--  DDL for Function FN_GET_GOODS_CODE
--------------------------------------------------------

  CREATE OR REPLACE FUNCTION "FN_GET_GOODS_CODE" (p_option_code number)
    RETURN number
IS
    v_result number;
BEGIN
    SELECT pg.goods_num
    INTO v_result
    FROM purchse_goods pg JOIN purchse_option po
    ON (pg.goods_num = po.goods_num)
    WHERE option_num = p_option_code;

    RETURN v_result;
END;

/
--------------------------------------------------------
--  DDL for Function FN_GET_NUM_STRING
--------------------------------------------------------

  CREATE OR REPLACE FUNCTION "FN_GET_NUM_STRING" (p_order_code varchar2)
return varchar2
is
    v_name varchar2(1000);
    v_num number(10);
    v_result varchar2(1000);
begin
    select goods_name || '-' || option_name
    into v_name
    FROM bhf_order_detail
    where order_code = p_order_code
    and rownum = 1;

    select NVL(count(order_detail_code),0)
    into v_num
    from bhf_order_detail
    where order_code = p_order_code;

    v_result := v_name || '외 ' || (v_num - 1)  || '건';
    return v_result;

end;

/
--------------------------------------------------------
--  DDL for Function FN_GET_OPTION_PRICE
--------------------------------------------------------

  CREATE OR REPLACE FUNCTION "FN_GET_OPTION_PRICE" (p_option_code varchar2)
return int
is
 v_result number;
begin
    SELECT ROUND(goods_price / SUBSTR(REGEXP_REPLACE(goods_standard, '[^0-9]', ''), 2)) AS "goodsPrice"
    INTO v_result
    FROM purchse_goods pg JOIN  purchse_option po
    ON (pg.goods_num = po.goods_num)
    WHERE po.option_code = p_option_code;

    return v_result;
end;

/
--------------------------------------------------------
--  DDL for Function FN_GET_STANDARD
--------------------------------------------------------

  CREATE OR REPLACE FUNCTION "FN_GET_STANDARD" (p_option_code varchar2)
return varchar2
is
    v_result varchar2(1000);
begin
    select pg.goods_standard
    into v_result
    from purchse_goods pg join purchse_option po
    on (pg.goods_num = po.goods_num)
    where option_code = p_option_code;

    return v_result;
end;

/
--------------------------------------------------------
--  DDL for Function FN_GET_VENDOR_NAME
--------------------------------------------------------

  CREATE OR REPLACE FUNCTION "FN_GET_VENDOR_NAME" (p_vendor_id varchar2)
return varchar2
is
    v_result varchar2(1000);
begin
    select vendor_name
    into v_result
    from grpwr_vendor
    where vendor_id = p_vendor_id;

    return v_result;
end;

/
--------------------------------------------------------
--  DDL for Function PURCH_OPTION_NUM
--------------------------------------------------------

  CREATE OR REPLACE FUNCTION "PURCH_OPTION_NUM" (p_option_code VARCHAR2)
    RETURN number
IS
    v_option_num number;
BEGIN
    SELECT option_num
    INTO v_option_num
    FROM purchse_option
    WHERE option_code = p_option_code;

    RETURN v_option_num;
END;

/
--------------------------------------------------------
--  DDL for Function TEST_JSON
--------------------------------------------------------

  CREATE OR REPLACE FUNCTION "TEST_JSON" 
RETURN CLOB
IS
    v_json_closing CLOB;
    v_json_returning CLOB;
    v_json_order CLOB;
    v_final_json CLOB;
BEGIN
    -- BHF_CLOSING 데이터를 JSON 형식으로 변환
    v_json_closing := '[';
    FOR rec IN (SELECT closing_code, branch_office_id, closing_date FROM bhf_closing) LOOP
        v_json_closing := v_json_closing || 
                          '{"closing_code":"' || rec.closing_code || 
                          '","branch_office_id":"' || rec.branch_office_id || 
                          '","closing_date":"' || rec.closing_date || '"},';
    END LOOP;
    IF LENGTH(v_json_closing) > 1 THEN
        v_json_closing := SUBSTR(v_json_closing, 1, LENGTH(v_json_closing) - 1);
    END IF;
    v_json_closing := v_json_closing || ']';

    -- BHF_RETURNING 데이터를 JSON 형식으로 변환
    v_json_returning := '[';
    FOR rec IN (SELECT returning_code, progress_status, request_date FROM bhf_returning) LOOP
        v_json_returning := v_json_returning || 
                            '{"returning_code":"' || rec.returning_code || 
                            '","progress_status":"' || rec.progress_status || 
                            '","request_date":"' || rec.request_date || '"},';
    END LOOP;
    IF LENGTH(v_json_returning) > 1 THEN
        v_json_returning := SUBSTR(v_json_returning, 1, LENGTH(v_json_returning) - 1);
    END IF;
    v_json_returning := v_json_returning || ']';

    -- BHF_ORDER 데이터를 JSON 형식으로 변환
    v_json_order := '[';
    FOR rec IN (SELECT order_code, order_date FROM bhf_order) LOOP
        v_json_order := v_json_order || 
                        '{"order_code":"' || rec.order_code || 
                        '","order_date":"' || rec.order_date || '"},';
    END LOOP;
    IF LENGTH(v_json_order) > 1 THEN
        v_json_order := SUBSTR(v_json_order, 1, LENGTH(v_json_order) - 1);
    END IF;
    v_json_order := v_json_order || ']';

    -- 최종 JSON 데이터 조합
    v_final_json := '{"bhf_closing": ' || v_json_closing || ', "bhf_returning": ' || v_json_returning || ', "bhf_order": ' || v_json_order || '}';

    RETURN v_final_json;
END test_json;

/
--------------------------------------------------------
--  Constraints for Table ACCNUT_ASSETS
--------------------------------------------------------

  ALTER TABLE "ACCNUT_ASSETS" ADD CONSTRAINT "PK_ACCNUT_ASSETS" PRIMARY KEY ("ASSETS_CODE") ENABLE;
  ALTER TABLE "ACCNUT_ASSETS" MODIFY ("REGISTER_DATE" NOT NULL ENABLE);
  ALTER TABLE "ACCNUT_ASSETS" MODIFY ("SECTION" NOT NULL ENABLE);
  ALTER TABLE "ACCNUT_ASSETS" MODIFY ("ASSETS_NAME" NOT NULL ENABLE);
  ALTER TABLE "ACCNUT_ASSETS" MODIFY ("ASSETS_CODE" NOT NULL ENABLE);
--------------------------------------------------------
--  Constraints for Table ACCNUT_DEALINGS_ACCOUNT_BOOK
--------------------------------------------------------

  ALTER TABLE "ACCNUT_DEALINGS_ACCOUNT_BOOK" ADD CONSTRAINT "PK_ACCNUT_DEAL_ACCOUNT_BOOK" PRIMARY KEY ("DEALINGS_ACCOUNT_BOOK_CODE") ENABLE;
  ALTER TABLE "ACCNUT_DEALINGS_ACCOUNT_BOOK" MODIFY ("DEAL_DATE" NOT NULL ENABLE);
  ALTER TABLE "ACCNUT_DEALINGS_ACCOUNT_BOOK" MODIFY ("AMOUNT" NOT NULL ENABLE);
  ALTER TABLE "ACCNUT_DEALINGS_ACCOUNT_BOOK" MODIFY ("TYPES_OF_TRANSACTION" NOT NULL ENABLE);
  ALTER TABLE "ACCNUT_DEALINGS_ACCOUNT_BOOK" MODIFY ("SECTION" NOT NULL ENABLE);
  ALTER TABLE "ACCNUT_DEALINGS_ACCOUNT_BOOK" MODIFY ("DEALINGS_ACCOUNT_BOOK_CODE" NOT NULL ENABLE);
--------------------------------------------------------
--  Constraints for Table ACCNUT_DEBT
--------------------------------------------------------

  ALTER TABLE "ACCNUT_DEBT" ADD CONSTRAINT "PK_ACCNUT_DEBT" PRIMARY KEY ("DEBT_CODE") ENABLE;
  ALTER TABLE "ACCNUT_DEBT" MODIFY ("REGISTER_DATE" NOT NULL ENABLE);
  ALTER TABLE "ACCNUT_DEBT" MODIFY ("SECTION" NOT NULL ENABLE);
  ALTER TABLE "ACCNUT_DEBT" MODIFY ("DEBT_NAME" NOT NULL ENABLE);
  ALTER TABLE "ACCNUT_DEBT" MODIFY ("DEBT_CODE" NOT NULL ENABLE);
--------------------------------------------------------
--  Constraints for Table ACCNUT_DEDUCTION_DETAILS
--------------------------------------------------------

  ALTER TABLE "ACCNUT_DEDUCTION_DETAILS" ADD CONSTRAINT "PK_ACCNUT_DEDUCTION_DETAILS" PRIMARY KEY ("DEDUCTION_DETAILS_CODE") ENABLE;
  ALTER TABLE "ACCNUT_DEDUCTION_DETAILS" MODIFY ("PROCESS_ALTERNATIVE" NOT NULL ENABLE);
  ALTER TABLE "ACCNUT_DEDUCTION_DETAILS" MODIFY ("DEDUCTION_AMOUNT" NOT NULL ENABLE);
  ALTER TABLE "ACCNUT_DEDUCTION_DETAILS" MODIFY ("DEDUCTION_SECTION" NOT NULL ENABLE);
  ALTER TABLE "ACCNUT_DEDUCTION_DETAILS" MODIFY ("SALARY_ACCOUNT_BOOK_CODE" NOT NULL ENABLE);
  ALTER TABLE "ACCNUT_DEDUCTION_DETAILS" MODIFY ("DEDUCTION_DETAILS_CODE" NOT NULL ENABLE);
--------------------------------------------------------
--  Constraints for Table ACCNUT_ETC_PAYMENT
--------------------------------------------------------

  ALTER TABLE "ACCNUT_ETC_PAYMENT" ADD CONSTRAINT "PK_ACCNUT_ETC_PAYMENT" PRIMARY KEY ("ETC_PAYMENT_CODE") ENABLE;
  ALTER TABLE "ACCNUT_ETC_PAYMENT" MODIFY ("PAYMENT_ALTERNATIVE" NOT NULL ENABLE);
  ALTER TABLE "ACCNUT_ETC_PAYMENT" MODIFY ("AMOUNT" NOT NULL ENABLE);
  ALTER TABLE "ACCNUT_ETC_PAYMENT" MODIFY ("TIME_LIMIT" NOT NULL ENABLE);
  ALTER TABLE "ACCNUT_ETC_PAYMENT" MODIFY ("SECTION" NOT NULL ENABLE);
  ALTER TABLE "ACCNUT_ETC_PAYMENT" MODIFY ("ETC_PAYMENT_CODE" NOT NULL ENABLE);
--------------------------------------------------------
--  Constraints for Table ACCNUT_INCIDENTAL_COST
--------------------------------------------------------

  ALTER TABLE "ACCNUT_INCIDENTAL_COST" ADD CONSTRAINT "PK_ACCNUT_INCIDENTAL_COST" PRIMARY KEY ("INCIDENTAL_COST_CODE") ENABLE;
  ALTER TABLE "ACCNUT_INCIDENTAL_COST" MODIFY ("PROCESS_ALTERNATIVE" NOT NULL ENABLE);
  ALTER TABLE "ACCNUT_INCIDENTAL_COST" MODIFY ("REGISTER_DATE" NOT NULL ENABLE);
  ALTER TABLE "ACCNUT_INCIDENTAL_COST" MODIFY ("AMOUNT" NOT NULL ENABLE);
  ALTER TABLE "ACCNUT_INCIDENTAL_COST" MODIFY ("CARD_NUM" NOT NULL ENABLE);
  ALTER TABLE "ACCNUT_INCIDENTAL_COST" MODIFY ("SECTION" NOT NULL ENABLE);
  ALTER TABLE "ACCNUT_INCIDENTAL_COST" MODIFY ("INCIDENTAL_COST_CODE" NOT NULL ENABLE);
--------------------------------------------------------
--  Constraints for Table ACCNUT_SALARY_ACCOUNT_BOOK
--------------------------------------------------------

  ALTER TABLE "ACCNUT_SALARY_ACCOUNT_BOOK" ADD CONSTRAINT "PK_ACCNUT_SALARY_ACCOUNT_BOOK" PRIMARY KEY ("SALARY_ACCOUNT_BOOK_CODE") ENABLE;
  ALTER TABLE "ACCNUT_SALARY_ACCOUNT_BOOK" MODIFY ("PAYMENT_ALTERNATIVE" NOT NULL ENABLE);
  ALTER TABLE "ACCNUT_SALARY_ACCOUNT_BOOK" MODIFY ("PAYMENT_AMOUNT" NOT NULL ENABLE);
  ALTER TABLE "ACCNUT_SALARY_ACCOUNT_BOOK" MODIFY ("SALARY" NOT NULL ENABLE);
  ALTER TABLE "ACCNUT_SALARY_ACCOUNT_BOOK" MODIFY ("EMPLOYEE_NAME" NOT NULL ENABLE);
  ALTER TABLE "ACCNUT_SALARY_ACCOUNT_BOOK" MODIFY ("EMPLOYEE_CODE" NOT NULL ENABLE);
  ALTER TABLE "ACCNUT_SALARY_ACCOUNT_BOOK" MODIFY ("SALARY_ACCOUNT_BOOK_CODE" NOT NULL ENABLE);
--------------------------------------------------------
--  Constraints for Table ACCNUT_TAX_DETAIL
--------------------------------------------------------

  ALTER TABLE "ACCNUT_TAX_DETAIL" ADD CONSTRAINT "PK_ACCNUT_TAX_DETAIL" PRIMARY KEY ("TAX_DETAIL_NUM") ENABLE;
  ALTER TABLE "ACCNUT_TAX_DETAIL" MODIFY ("QUANTITY" NOT NULL ENABLE);
  ALTER TABLE "ACCNUT_TAX_DETAIL" MODIFY ("OPTION_CODE" NOT NULL ENABLE);
  ALTER TABLE "ACCNUT_TAX_DETAIL" MODIFY ("DAY" NOT NULL ENABLE);
  ALTER TABLE "ACCNUT_TAX_DETAIL" MODIFY ("MONTH" NOT NULL ENABLE);
  ALTER TABLE "ACCNUT_TAX_DETAIL" MODIFY ("TAX_NUM" NOT NULL ENABLE);
  ALTER TABLE "ACCNUT_TAX_DETAIL" MODIFY ("TAX_DETAIL_NUM" NOT NULL ENABLE);
--------------------------------------------------------
--  Constraints for Table ACCNUT_TAX_HEADER
--------------------------------------------------------

  ALTER TABLE "ACCNUT_TAX_HEADER" ADD CONSTRAINT "PK_ACCNUT_TAX_HEADER" PRIMARY KEY ("TAX_NUM") ENABLE;
  ALTER TABLE "ACCNUT_TAX_HEADER" MODIFY ("COMPANY_NUM" NOT NULL ENABLE);
  ALTER TABLE "ACCNUT_TAX_HEADER" MODIFY ("RGDATE" NOT NULL ENABLE);
  ALTER TABLE "ACCNUT_TAX_HEADER" MODIFY ("TO_NAME" NOT NULL ENABLE);
  ALTER TABLE "ACCNUT_TAX_HEADER" MODIFY ("TO_CO_NAME" NOT NULL ENABLE);
  ALTER TABLE "ACCNUT_TAX_HEADER" MODIFY ("TO_RGNO" NOT NULL ENABLE);
  ALTER TABLE "ACCNUT_TAX_HEADER" MODIFY ("FROM_NAME" NOT NULL ENABLE);
  ALTER TABLE "ACCNUT_TAX_HEADER" MODIFY ("FROM_CO_NAME" NOT NULL ENABLE);
  ALTER TABLE "ACCNUT_TAX_HEADER" MODIFY ("FROM_RGNO" NOT NULL ENABLE);
  ALTER TABLE "ACCNUT_TAX_HEADER" MODIFY ("TAX_NUM" NOT NULL ENABLE);
--------------------------------------------------------
--  Constraints for Table BHF_CLOSING
--------------------------------------------------------

  ALTER TABLE "BHF_CLOSING" MODIFY ("COMPANY_NUM" NOT NULL ENABLE);
  ALTER TABLE "BHF_CLOSING" ADD CONSTRAINT "PK_BHF_CLOSING" PRIMARY KEY ("CLOSING_CODE") ENABLE;
  ALTER TABLE "BHF_CLOSING" MODIFY ("CLOSING_CODE" NOT NULL ENABLE);
--------------------------------------------------------
--  Constraints for Table BHF_CLOSING_DETAIL
--------------------------------------------------------

  ALTER TABLE "BHF_CLOSING_DETAIL" ADD CONSTRAINT "PK_BHF_CLOSING_DETAIL" PRIMARY KEY ("CLOSING_DETAIL_CODE") ENABLE;
  ALTER TABLE "BHF_CLOSING_DETAIL" MODIFY ("CLOSING_CODE" NOT NULL ENABLE);
  ALTER TABLE "BHF_CLOSING_DETAIL" MODIFY ("CLOSING_DETAIL_CODE" NOT NULL ENABLE);
--------------------------------------------------------
--  Constraints for Table BHF_GOODS_MEDIATION
--------------------------------------------------------

  ALTER TABLE "BHF_GOODS_MEDIATION" MODIFY ("COMPANY_NUM" NOT NULL ENABLE);
  ALTER TABLE "BHF_GOODS_MEDIATION" ADD CONSTRAINT "PK_BHF_GOODS_MEDIATION" PRIMARY KEY ("MEDIATION_CODE") ENABLE;
  ALTER TABLE "BHF_GOODS_MEDIATION" MODIFY ("MEDIATION_DATE" NOT NULL ENABLE);
  ALTER TABLE "BHF_GOODS_MEDIATION" MODIFY ("MEDIATION_CODE" NOT NULL ENABLE);
--------------------------------------------------------
--  Constraints for Table BHF_IN_LIST
--------------------------------------------------------

  ALTER TABLE "BHF_IN_LIST" ADD CONSTRAINT "PK_BHF_IN_LIST" PRIMARY KEY ("IN_LIST_NUM") ENABLE;
  ALTER TABLE "BHF_IN_LIST" MODIFY ("IN_DATE" NOT NULL ENABLE);
  ALTER TABLE "BHF_IN_LIST" MODIFY ("IN_LIST_NUM" NOT NULL ENABLE);
--------------------------------------------------------
--  Constraints for Table BHF_ORDER
--------------------------------------------------------

  ALTER TABLE "BHF_ORDER" MODIFY ("COMPANY_NUM" NOT NULL ENABLE);
  ALTER TABLE "BHF_ORDER" ADD CONSTRAINT "PK_BHF_ORDER" PRIMARY KEY ("ORDER_CODE") ENABLE;
  ALTER TABLE "BHF_ORDER" MODIFY ("ORDER_DATE" NOT NULL ENABLE);
  ALTER TABLE "BHF_ORDER" MODIFY ("PROGRESS_STATUS" NOT NULL ENABLE);
  ALTER TABLE "BHF_ORDER" MODIFY ("ORDER_CODE" NOT NULL ENABLE);
--------------------------------------------------------
--  Constraints for Table BHF_ORDER_DETAIL
--------------------------------------------------------

  ALTER TABLE "BHF_ORDER_DETAIL" ADD CONSTRAINT "PK_BHF_ORDER_DETAIL" PRIMARY KEY ("ORDER_DETAIL_CODE") ENABLE;
  ALTER TABLE "BHF_ORDER_DETAIL" MODIFY ("ORDER_CODE" NOT NULL ENABLE);
  ALTER TABLE "BHF_ORDER_DETAIL" MODIFY ("ORDER_DETAIL_CODE" NOT NULL ENABLE);
--------------------------------------------------------
--  Constraints for Table BHF_RETURNING
--------------------------------------------------------

  ALTER TABLE "BHF_RETURNING" MODIFY ("COMPANY_NUM" NOT NULL ENABLE);
  ALTER TABLE "BHF_RETURNING" ADD CONSTRAINT "PK_BHF_RETURNING" PRIMARY KEY ("RETURNING_CODE") ENABLE;
  ALTER TABLE "BHF_RETURNING" MODIFY ("REQUEST_DATE" NOT NULL ENABLE);
  ALTER TABLE "BHF_RETURNING" MODIFY ("PROGRESS_STATUS" NOT NULL ENABLE);
  ALTER TABLE "BHF_RETURNING" MODIFY ("RETURNING_CODE" NOT NULL ENABLE);
--------------------------------------------------------
--  Constraints for Table BHF_RETURNING_DETAIL
--------------------------------------------------------

  ALTER TABLE "BHF_RETURNING_DETAIL" ADD CONSTRAINT "PK_BHF_RETURNING_DETAIL" PRIMARY KEY ("RETURNING_DETAIL_CODE") ENABLE;
  ALTER TABLE "BHF_RETURNING_DETAIL" MODIFY ("RETURNING_CODE" NOT NULL ENABLE);
  ALTER TABLE "BHF_RETURNING_DETAIL" MODIFY ("RETURNING_DETAIL_CODE" NOT NULL ENABLE);
--------------------------------------------------------
--  Constraints for Table BHF_WAREHOUSE
--------------------------------------------------------

  ALTER TABLE "BHF_WAREHOUSE" MODIFY ("COMPANY_NUM" NOT NULL ENABLE);
  ALTER TABLE "BHF_WAREHOUSE" ADD CONSTRAINT "PK_BHF_WAREHOUSE" PRIMARY KEY ("WAREHOUSE_CODE") ENABLE;
  ALTER TABLE "BHF_WAREHOUSE" MODIFY ("WAREHOUSE_CODE" NOT NULL ENABLE);
--------------------------------------------------------
--  Constraints for Table BSN_BHF
--------------------------------------------------------

  ALTER TABLE "BSN_BHF" MODIFY ("COMPANY_NUM" NOT NULL ENABLE);
  ALTER TABLE "BSN_BHF" MODIFY ("RENTAL_TYPE" NOT NULL ENABLE);
  ALTER TABLE "BSN_BHF" MODIFY ("REAL_ESTATE_PHONE" NOT NULL ENABLE);
  ALTER TABLE "BSN_BHF" MODIFY ("REAL_ESTATE_NAME" NOT NULL ENABLE);
  ALTER TABLE "BSN_BHF" MODIFY ("BHF_INITIAL_COST" NOT NULL ENABLE);
  ALTER TABLE "BSN_BHF" MODIFY ("BHF_ADDRESS" NOT NULL ENABLE);
  ALTER TABLE "BSN_BHF" MODIFY ("BHF_PHONE" NOT NULL ENABLE);
  ALTER TABLE "BSN_BHF" MODIFY ("BHF_NAME" NOT NULL ENABLE);
  ALTER TABLE "BSN_BHF" MODIFY ("BHF_ID" NOT NULL ENABLE);
  ALTER TABLE "BSN_BHF" ADD CONSTRAINT "PK_BUSINESS_BHF" PRIMARY KEY ("BHF_ID") ENABLE;
--------------------------------------------------------
--  Constraints for Table BSN_CS_CHANGE_HISTORY
--------------------------------------------------------

  ALTER TABLE "BSN_CS_CHANGE_HISTORY" ADD CONSTRAINT "PK_BSN_CS_CHANGE_HISTORY" PRIMARY KEY ("HISTORY_NUM") ENABLE;
  ALTER TABLE "BSN_CS_CHANGE_HISTORY" MODIFY ("REGISTER_DATE" NOT NULL ENABLE);
  ALTER TABLE "BSN_CS_CHANGE_HISTORY" MODIFY ("HISTORY_TYPE" NOT NULL ENABLE);
  ALTER TABLE "BSN_CS_CHANGE_HISTORY" MODIFY ("ORDER_ID" NOT NULL ENABLE);
  ALTER TABLE "BSN_CS_CHANGE_HISTORY" MODIFY ("HISTORY_NUM" NOT NULL ENABLE);
--------------------------------------------------------
--  Constraints for Table BSN_CS_RETURNING_GOODS
--------------------------------------------------------

  ALTER TABLE "BSN_CS_RETURNING_GOODS" MODIFY ("RETURNING_CODE" NOT NULL ENABLE);
  ALTER TABLE "BSN_CS_RETURNING_GOODS" ADD CONSTRAINT "PK_BSN_CS_RETURNING_GOODS" PRIMARY KEY ("CS_RETURNING_GOODS_ID") ENABLE;
  ALTER TABLE "BSN_CS_RETURNING_GOODS" MODIFY ("EMPLOYEE_NUM" NOT NULL ENABLE);
  ALTER TABLE "BSN_CS_RETURNING_GOODS" MODIFY ("CS_RETURNING_GOODS_ID" NOT NULL ENABLE);
--------------------------------------------------------
--  Constraints for Table BSN_DELIVERY
--------------------------------------------------------

  ALTER TABLE "BSN_DELIVERY" ADD CONSTRAINT "PK_BSN_DELIVERY" PRIMARY KEY ("DELIVERY_ID") ENABLE;
  ALTER TABLE "BSN_DELIVERY" MODIFY ("DELIVERY_STATUS" NOT NULL ENABLE);
  ALTER TABLE "BSN_DELIVERY" MODIFY ("EMPLOYEE_NUM" NOT NULL ENABLE);
  ALTER TABLE "BSN_DELIVERY" MODIFY ("DELIVERY_ID" NOT NULL ENABLE);
--------------------------------------------------------
--  Constraints for Table BSN_DELIVERY_DETAIL
--------------------------------------------------------

  ALTER TABLE "BSN_DELIVERY_DETAIL" MODIFY ("GOODS_STANDARD" NOT NULL ENABLE);
  ALTER TABLE "BSN_DELIVERY_DETAIL" ADD CONSTRAINT "PK_BSN_DELIVERY_DETAIL" PRIMARY KEY ("DELIVERY_DETAIL_ID") ENABLE;
  ALTER TABLE "BSN_DELIVERY_DETAIL" MODIFY ("SUFFICIENCY_STATUS" NOT NULL ENABLE);
  ALTER TABLE "BSN_DELIVERY_DETAIL" MODIFY ("DELIVERY_TOTAL_QNT" NOT NULL ENABLE);
  ALTER TABLE "BSN_DELIVERY_DETAIL" MODIFY ("DELIVERY_DEMAND_QNT" NOT NULL ENABLE);
  ALTER TABLE "BSN_DELIVERY_DETAIL" MODIFY ("OPTION_CODE" NOT NULL ENABLE);
  ALTER TABLE "BSN_DELIVERY_DETAIL" MODIFY ("DELIVERY_ID" NOT NULL ENABLE);
  ALTER TABLE "BSN_DELIVERY_DETAIL" MODIFY ("DELIVERY_DETAIL_ID" NOT NULL ENABLE);
--------------------------------------------------------
--  Constraints for Table BSN_DELIVERY_LOT_DETAIL
--------------------------------------------------------

  ALTER TABLE "BSN_DELIVERY_LOT_DETAIL" ADD CONSTRAINT "PK_BSN_DELIVERY_LOT_DETAIL" PRIMARY KEY ("DELIVERY_LOT_DETAIL_NUM") ENABLE;
  ALTER TABLE "BSN_DELIVERY_LOT_DETAIL" MODIFY ("DELIVERY_QNT" NOT NULL ENABLE);
  ALTER TABLE "BSN_DELIVERY_LOT_DETAIL" MODIFY ("GOODS_LOT_NUM" NOT NULL ENABLE);
  ALTER TABLE "BSN_DELIVERY_LOT_DETAIL" MODIFY ("DELIVERY_DETAIL_ID" NOT NULL ENABLE);
  ALTER TABLE "BSN_DELIVERY_LOT_DETAIL" MODIFY ("DELIVERY_LOT_DETAIL_NUM" NOT NULL ENABLE);
--------------------------------------------------------
--  Constraints for Table BSN_ORDER
--------------------------------------------------------

  ALTER TABLE "BSN_ORDER" ADD CONSTRAINT "PK_BSN_ORDER" PRIMARY KEY ("ORDER_ID") ENABLE;
  ALTER TABLE "BSN_ORDER" MODIFY ("EMPLOYEE_NUM" NOT NULL ENABLE);
  ALTER TABLE "BSN_ORDER" MODIFY ("ORDER_STATUS" NOT NULL ENABLE);
  ALTER TABLE "BSN_ORDER" MODIFY ("REGISTER_DATE" NOT NULL ENABLE);
  ALTER TABLE "BSN_ORDER" MODIFY ("PURCHASE_VAT" NOT NULL ENABLE);
  ALTER TABLE "BSN_ORDER" MODIFY ("TOTAL_AMOUNT" NOT NULL ENABLE);
  ALTER TABLE "BSN_ORDER" MODIFY ("BRANCH_OFFICE_ID" NOT NULL ENABLE);
  ALTER TABLE "BSN_ORDER" MODIFY ("ORDER_ID" NOT NULL ENABLE);
--------------------------------------------------------
--  Constraints for Table BSN_ORDER_DETAIL
--------------------------------------------------------

  ALTER TABLE "BSN_ORDER_DETAIL" ADD CONSTRAINT "PK_BSN_ORDER_DETAIL" PRIMARY KEY ("ORDER_DETAIL_ID") ENABLE;
  ALTER TABLE "BSN_ORDER_DETAIL" MODIFY ("SUMMATION_AMT" NOT NULL ENABLE);
  ALTER TABLE "BSN_ORDER_DETAIL" MODIFY ("UNIT_PRICE" NOT NULL ENABLE);
  ALTER TABLE "BSN_ORDER_DETAIL" MODIFY ("GOODS_STANDARD" NOT NULL ENABLE);
  ALTER TABLE "BSN_ORDER_DETAIL" MODIFY ("QUANTITY" NOT NULL ENABLE);
  ALTER TABLE "BSN_ORDER_DETAIL" MODIFY ("ORDER_ID" NOT NULL ENABLE);
  ALTER TABLE "BSN_ORDER_DETAIL" MODIFY ("ORDER_DETAIL_ID" NOT NULL ENABLE);
--------------------------------------------------------
--  Constraints for Table CMMN
--------------------------------------------------------

  ALTER TABLE "CMMN" ADD CONSTRAINT "PK_CMMN" PRIMARY KEY ("CMMN_CODE") ENABLE;
  ALTER TABLE "CMMN" MODIFY ("CMMN_NAME" NOT NULL ENABLE);
  ALTER TABLE "CMMN" MODIFY ("CMMN_CODE" NOT NULL ENABLE);
--------------------------------------------------------
--  Constraints for Table ERP_ANSWER
--------------------------------------------------------

  ALTER TABLE "ERP_ANSWER" ADD CONSTRAINT "PK_ERP_ANSWER" PRIMARY KEY ("ANSWER_NUM") ENABLE;
  ALTER TABLE "ERP_ANSWER" MODIFY ("ANSWER_DATE" NOT NULL ENABLE);
  ALTER TABLE "ERP_ANSWER" MODIFY ("ANSWER_CONTENT" NOT NULL ENABLE);
  ALTER TABLE "ERP_ANSWER" MODIFY ("EMPLOYEE_NUM" NOT NULL ENABLE);
  ALTER TABLE "ERP_ANSWER" MODIFY ("INQUIRY_NUM" NOT NULL ENABLE);
  ALTER TABLE "ERP_ANSWER" MODIFY ("ANSWER_NUM" NOT NULL ENABLE);
--------------------------------------------------------
--  Constraints for Table ERP_BILL
--------------------------------------------------------

  ALTER TABLE "ERP_BILL" ADD CONSTRAINT "PK_ERP_BILL" PRIMARY KEY ("BILL_NUM") ENABLE;
  ALTER TABLE "ERP_BILL" MODIFY ("ISSUE_DATE" NOT NULL ENABLE);
  ALTER TABLE "ERP_BILL" MODIFY ("ISSUE_COMPANY" NOT NULL ENABLE);
  ALTER TABLE "ERP_BILL" MODIFY ("BILL_FORM" NOT NULL ENABLE);
  ALTER TABLE "ERP_BILL" MODIFY ("EMPLOYEE_NUM" NOT NULL ENABLE);
  ALTER TABLE "ERP_BILL" MODIFY ("SUBSCRIPTION_NUM" NOT NULL ENABLE);
  ALTER TABLE "ERP_BILL" MODIFY ("BILL_NUM" NOT NULL ENABLE);
--------------------------------------------------------
--  Constraints for Table ERP_COMPANY
--------------------------------------------------------

  ALTER TABLE "ERP_COMPANY" ADD CONSTRAINT "PK_ERP_COMPANY" PRIMARY KEY ("COMPANY_NUM") ENABLE;
  ALTER TABLE "ERP_COMPANY" MODIFY ("REGISTER_DATE" NOT NULL ENABLE);
  ALTER TABLE "ERP_COMPANY" MODIFY ("SERVICE_STATE" NOT NULL ENABLE);
  ALTER TABLE "ERP_COMPANY" MODIFY ("BUSINESS_LICENSE" NOT NULL ENABLE);
  ALTER TABLE "ERP_COMPANY" MODIFY ("BUSINESS_NUM" NOT NULL ENABLE);
  ALTER TABLE "ERP_COMPANY" MODIFY ("COMPANY_ADDRESS" NOT NULL ENABLE);
  ALTER TABLE "ERP_COMPANY" MODIFY ("CHARGER_EMAIL" NOT NULL ENABLE);
  ALTER TABLE "ERP_COMPANY" MODIFY ("CHARGER_PHONE" NOT NULL ENABLE);
  ALTER TABLE "ERP_COMPANY" MODIFY ("CHARGER_NAME" NOT NULL ENABLE);
  ALTER TABLE "ERP_COMPANY" MODIFY ("REPRESENTATION_PHONE" NOT NULL ENABLE);
  ALTER TABLE "ERP_COMPANY" MODIFY ("REPRESENTATION_NAME" NOT NULL ENABLE);
  ALTER TABLE "ERP_COMPANY" MODIFY ("COMPANY_ENG_NAME" NOT NULL ENABLE);
  ALTER TABLE "ERP_COMPANY" MODIFY ("COMPANY_NAME" NOT NULL ENABLE);
  ALTER TABLE "ERP_COMPANY" MODIFY ("COMPANY_NUM" NOT NULL ENABLE);
--------------------------------------------------------
--  Constraints for Table ERP_CONTRACT_DOCUMENT
--------------------------------------------------------

  ALTER TABLE "ERP_CONTRACT_DOCUMENT" ADD CONSTRAINT "PK_ERP_CONTRACT_DOCUMENT" PRIMARY KEY ("CONTRACT_NUM") ENABLE;
  ALTER TABLE "ERP_CONTRACT_DOCUMENT" MODIFY ("ERP_REGISTER_DATE" NOT NULL ENABLE);
  ALTER TABLE "ERP_CONTRACT_DOCUMENT" MODIFY ("ERP_CONTRACT_DOCUMENT" NOT NULL ENABLE);
  ALTER TABLE "ERP_CONTRACT_DOCUMENT" MODIFY ("COMPANY_NUM" NOT NULL ENABLE);
  ALTER TABLE "ERP_CONTRACT_DOCUMENT" MODIFY ("CONTRACT_NUM" NOT NULL ENABLE);
--------------------------------------------------------
--  Constraints for Table ERP_CUSTOMER_SERVICE
--------------------------------------------------------

  ALTER TABLE "ERP_CUSTOMER_SERVICE" ADD CONSTRAINT "PK_ERP_CUSTOMER_SERVICE" PRIMARY KEY ("CUSTOMER_SERVICE_NUM") ENABLE;
  ALTER TABLE "ERP_CUSTOMER_SERVICE" MODIFY ("CUSTOMER_SERVICE_DATE" NOT NULL ENABLE);
  ALTER TABLE "ERP_CUSTOMER_SERVICE" MODIFY ("CUSTOMER_SERVICE_CONTENT" NOT NULL ENABLE);
  ALTER TABLE "ERP_CUSTOMER_SERVICE" MODIFY ("CUSTOMER_SERVICE_DIVISION" NOT NULL ENABLE);
  ALTER TABLE "ERP_CUSTOMER_SERVICE" MODIFY ("EMPLOYEE_NUM" NOT NULL ENABLE);
  ALTER TABLE "ERP_CUSTOMER_SERVICE" MODIFY ("COMPANY_NUM" NOT NULL ENABLE);
  ALTER TABLE "ERP_CUSTOMER_SERVICE" MODIFY ("CUSTOMER_SERVICE_NUM" NOT NULL ENABLE);
--------------------------------------------------------
--  Constraints for Table ERP_EMPLOYEES
--------------------------------------------------------

  ALTER TABLE "ERP_EMPLOYEES" ADD CONSTRAINT "PK_ERP_EMPLOYEES" PRIMARY KEY ("EMPLOYEE_NUM") ENABLE;
  ALTER TABLE "ERP_EMPLOYEES" MODIFY ("REGISTER_DATE" NOT NULL ENABLE);
  ALTER TABLE "ERP_EMPLOYEES" MODIFY ("UDATE_DATE" NOT NULL ENABLE);
  ALTER TABLE "ERP_EMPLOYEES" MODIFY ("WORK_STATE" NOT NULL ENABLE);
  ALTER TABLE "ERP_EMPLOYEES" MODIFY ("HIRE_DATE" NOT NULL ENABLE);
  ALTER TABLE "ERP_EMPLOYEES" MODIFY ("ADDRESS" NOT NULL ENABLE);
  ALTER TABLE "ERP_EMPLOYEES" MODIFY ("EMAIL" NOT NULL ENABLE);
  ALTER TABLE "ERP_EMPLOYEES" MODIFY ("PHONE" NOT NULL ENABLE);
  ALTER TABLE "ERP_EMPLOYEES" MODIFY ("BIRTHDAY" NOT NULL ENABLE);
  ALTER TABLE "ERP_EMPLOYEES" MODIFY ("JOB" NOT NULL ENABLE);
  ALTER TABLE "ERP_EMPLOYEES" MODIFY ("POSITION" NOT NULL ENABLE);
  ALTER TABLE "ERP_EMPLOYEES" MODIFY ("DEPARTMENT" NOT NULL ENABLE);
  ALTER TABLE "ERP_EMPLOYEES" MODIFY ("EMPLOYEE_NAME" NOT NULL ENABLE);
  ALTER TABLE "ERP_EMPLOYEES" MODIFY ("EMPLOYEE_PW" NOT NULL ENABLE);
  ALTER TABLE "ERP_EMPLOYEES" MODIFY ("EMPLOYEE_ID" NOT NULL ENABLE);
  ALTER TABLE "ERP_EMPLOYEES" MODIFY ("EMPLOYEE_NUM" NOT NULL ENABLE);
--------------------------------------------------------
--  Constraints for Table ERP_INQUIRY
--------------------------------------------------------

  ALTER TABLE "ERP_INQUIRY" ADD CONSTRAINT "PK_ERP_INQUIRY" PRIMARY KEY ("INQUIRY_NUM") ENABLE;
  ALTER TABLE "ERP_INQUIRY" MODIFY ("INQUIRY_DATE" NOT NULL ENABLE);
  ALTER TABLE "ERP_INQUIRY" MODIFY ("INQUIRY_CONTENT" NOT NULL ENABLE);
  ALTER TABLE "ERP_INQUIRY" MODIFY ("CHARGER_EMAIL" NOT NULL ENABLE);
  ALTER TABLE "ERP_INQUIRY" MODIFY ("CHARGER_PHONE" NOT NULL ENABLE);
  ALTER TABLE "ERP_INQUIRY" MODIFY ("CHARGER_NAME" NOT NULL ENABLE);
  ALTER TABLE "ERP_INQUIRY" MODIFY ("COMPANY_NAME" NOT NULL ENABLE);
  ALTER TABLE "ERP_INQUIRY" MODIFY ("INQUIRY_NUM" NOT NULL ENABLE);
--------------------------------------------------------
--  Constraints for Table ERP_SUBSCRIPTION_INFO_LIST
--------------------------------------------------------

  ALTER TABLE "ERP_SUBSCRIPTION_INFO_LIST" ADD CONSTRAINT "PK_ERP_SUBSCRIPTION_INFO_LIST" PRIMARY KEY ("SUBSCRIPTION_NUM") ENABLE;
  ALTER TABLE "ERP_SUBSCRIPTION_INFO_LIST" MODIFY ("SUBSCRIPTION_UPDATE_DATE" NOT NULL ENABLE);
  ALTER TABLE "ERP_SUBSCRIPTION_INFO_LIST" MODIFY ("SUBSCRIPTION_END_DATE" NOT NULL ENABLE);
  ALTER TABLE "ERP_SUBSCRIPTION_INFO_LIST" MODIFY ("SUBSCRIPTION_OPTION_NUM" NOT NULL ENABLE);
  ALTER TABLE "ERP_SUBSCRIPTION_INFO_LIST" MODIFY ("SUBSCRIPTION_NAME_NUM" NOT NULL ENABLE);
  ALTER TABLE "ERP_SUBSCRIPTION_INFO_LIST" MODIFY ("SUBSCRIPTION_FORM" NOT NULL ENABLE);
  ALTER TABLE "ERP_SUBSCRIPTION_INFO_LIST" MODIFY ("COMPANY_NUM" NOT NULL ENABLE);
  ALTER TABLE "ERP_SUBSCRIPTION_INFO_LIST" MODIFY ("SUBSCRIPTION_NUM" NOT NULL ENABLE);
--------------------------------------------------------
--  Constraints for Table ERP_SUBSCRIPTION_LIST
--------------------------------------------------------

  ALTER TABLE "ERP_SUBSCRIPTION_LIST" ADD CONSTRAINT "PK_ERP_SUBSCRIPTION_LIST" PRIMARY KEY ("SUBSCRIPTION_NUM") ENABLE;
  ALTER TABLE "ERP_SUBSCRIPTION_LIST" MODIFY ("SUBSCRIPTION_DATE" NOT NULL ENABLE);
  ALTER TABLE "ERP_SUBSCRIPTION_LIST" MODIFY ("STATE" NOT NULL ENABLE);
  ALTER TABLE "ERP_SUBSCRIPTION_LIST" MODIFY ("SUBSCRIPTION_AMOUNT" NOT NULL ENABLE);
  ALTER TABLE "ERP_SUBSCRIPTION_LIST" MODIFY ("SUBSCRIPTION_MEAN" NOT NULL ENABLE);
  ALTER TABLE "ERP_SUBSCRIPTION_LIST" MODIFY ("SUBSCRIPTION_FORM" NOT NULL ENABLE);
  ALTER TABLE "ERP_SUBSCRIPTION_LIST" MODIFY ("EMPLOYEE_NUM" NOT NULL ENABLE);
  ALTER TABLE "ERP_SUBSCRIPTION_LIST" MODIFY ("COMPANY_NUM" NOT NULL ENABLE);
  ALTER TABLE "ERP_SUBSCRIPTION_LIST" MODIFY ("SUBSCRIPTION_NUM" NOT NULL ENABLE);
--------------------------------------------------------
--  Constraints for Table ERP_SUBSCRIPTION_NAME
--------------------------------------------------------

  ALTER TABLE "ERP_SUBSCRIPTION_NAME" ADD CONSTRAINT "PK_ERP_SUBSCRIPTION_NAME" PRIMARY KEY ("SUBSCRIPTION_NAME_NUM") ENABLE;
  ALTER TABLE "ERP_SUBSCRIPTION_NAME" MODIFY ("SUBSCRIPTION_NAME" NOT NULL ENABLE);
  ALTER TABLE "ERP_SUBSCRIPTION_NAME" MODIFY ("SUBSCRIPTION_NAME_NUM" NOT NULL ENABLE);
--------------------------------------------------------
--  Constraints for Table ERP_SUBSCRIPTION_OPTION
--------------------------------------------------------

  ALTER TABLE "ERP_SUBSCRIPTION_OPTION" ADD CONSTRAINT "PK_ERP_SUBSCRIPTION_OPTION" PRIMARY KEY ("SUBSCRIPTION_OPTION_NUM") ENABLE;
  ALTER TABLE "ERP_SUBSCRIPTION_OPTION" MODIFY ("SUBSCRIPTION_PERIOD" NOT NULL ENABLE);
  ALTER TABLE "ERP_SUBSCRIPTION_OPTION" MODIFY ("SUBSCRIPTION_DISCOUNT" NOT NULL ENABLE);
  ALTER TABLE "ERP_SUBSCRIPTION_OPTION" MODIFY ("SUBSCRIPTION_OPTION_PRICE" NOT NULL ENABLE);
  ALTER TABLE "ERP_SUBSCRIPTION_OPTION" MODIFY ("SUBSCRIPTION_OPTION" NOT NULL ENABLE);
  ALTER TABLE "ERP_SUBSCRIPTION_OPTION" MODIFY ("SUBSCRIPTION_NAME_NUM" NOT NULL ENABLE);
  ALTER TABLE "ERP_SUBSCRIPTION_OPTION" MODIFY ("SUBSCRIPTION_OPTION_NUM" NOT NULL ENABLE);
--------------------------------------------------------
--  Constraints for Table ERP_SUBSCRIPTION_TAIL
--------------------------------------------------------

  ALTER TABLE "ERP_SUBSCRIPTION_TAIL" ADD CONSTRAINT "PK_ERP_SUBSCRIPTION_TAIL" PRIMARY KEY ("SUBSCRIPTION_TAIL_NUM") ENABLE;
  ALTER TABLE "ERP_SUBSCRIPTION_TAIL" MODIFY ("SUBSCRIPTION_OPTION_NUM" NOT NULL ENABLE);
  ALTER TABLE "ERP_SUBSCRIPTION_TAIL" MODIFY ("SUBSCRIPTION_NUM" NOT NULL ENABLE);
  ALTER TABLE "ERP_SUBSCRIPTION_TAIL" MODIFY ("SUBSCRIPTION_TAIL_NUM" NOT NULL ENABLE);
--------------------------------------------------------
--  Constraints for Table ERP_USER_ACCOUNTS
--------------------------------------------------------

  ALTER TABLE "ERP_USER_ACCOUNTS" ADD CONSTRAINT "PK_ERP_USER_ACCOUNTS" PRIMARY KEY ("ACCOUNT_NUM") ENABLE;
  ALTER TABLE "ERP_USER_ACCOUNTS" MODIFY ("REGISTER_DATE" NOT NULL ENABLE);
  ALTER TABLE "ERP_USER_ACCOUNTS" MODIFY ("AUTHORITY" NOT NULL ENABLE);
  ALTER TABLE "ERP_USER_ACCOUNTS" MODIFY ("EMPLOYEE_PW" NOT NULL ENABLE);
  ALTER TABLE "ERP_USER_ACCOUNTS" MODIFY ("EMPLOYEE_ID" NOT NULL ENABLE);
  ALTER TABLE "ERP_USER_ACCOUNTS" MODIFY ("COMPANY_NUM" NOT NULL ENABLE);
  ALTER TABLE "ERP_USER_ACCOUNTS" MODIFY ("ACCOUNT_NUM" NOT NULL ENABLE);
  ALTER TABLE "ERP_USER_ACCOUNTS" MODIFY ("EMPLOYEE_NUM" NOT NULL ENABLE);
--------------------------------------------------------
--  Constraints for Table GRPWR_BOARD
--------------------------------------------------------

  ALTER TABLE "GRPWR_BOARD" MODIFY ("COMPANY_NUM" NOT NULL ENABLE);
  ALTER TABLE "GRPWR_BOARD" MODIFY ("BOARD_DATE" NOT NULL ENABLE);
  ALTER TABLE "GRPWR_BOARD" MODIFY ("EMPLOYEE_NUM" NOT NULL ENABLE);
  ALTER TABLE "GRPWR_BOARD" MODIFY ("BOARD_CATEGORY" NOT NULL ENABLE);
  ALTER TABLE "GRPWR_BOARD" MODIFY ("BOARD_CONTENT" NOT NULL ENABLE);
  ALTER TABLE "GRPWR_BOARD" MODIFY ("BOARD_TITLE" NOT NULL ENABLE);
  ALTER TABLE "GRPWR_BOARD" MODIFY ("BOARD_ID" NOT NULL ENABLE);
  ALTER TABLE "GRPWR_BOARD" ADD CONSTRAINT "PK_GRPWR_BOARD" PRIMARY KEY ("BOARD_ID") ENABLE;
--------------------------------------------------------
--  Constraints for Table GRPWR_CHAT_MESSAGE
--------------------------------------------------------

  ALTER TABLE "GRPWR_CHAT_MESSAGE" MODIFY ("ROOM_ID" NOT NULL ENABLE);
  ALTER TABLE "GRPWR_CHAT_MESSAGE" MODIFY ("MSG_ID" NOT NULL ENABLE);
  ALTER TABLE "GRPWR_CHAT_MESSAGE" ADD CONSTRAINT "PK_GRPWR_CHAT_MESSAGE" PRIMARY KEY ("MSG_ID") ENABLE;
  ALTER TABLE "GRPWR_CHAT_MESSAGE" MODIFY ("SEND_DATE" NOT NULL ENABLE);
  ALTER TABLE "GRPWR_CHAT_MESSAGE" MODIFY ("EMPLOYEE_NUM" NOT NULL ENABLE);
--------------------------------------------------------
--  Constraints for Table GRPWR_CHAT_ROOM
--------------------------------------------------------

  ALTER TABLE "GRPWR_CHAT_ROOM" ADD CONSTRAINT "UNIQUE_CHAT" UNIQUE ("EMPLOYEE_NUM1", "EMPLOYEE_NUM2") ENABLE;
  ALTER TABLE "GRPWR_CHAT_ROOM" ADD CONSTRAINT "PK_GRPWR_CHAT_ROOM" PRIMARY KEY ("ROOM_ID") ENABLE;
  ALTER TABLE "GRPWR_CHAT_ROOM" MODIFY ("COMPANY_NUM" NOT NULL ENABLE);
  ALTER TABLE "GRPWR_CHAT_ROOM" MODIFY ("CREATED_AT" NOT NULL ENABLE);
  ALTER TABLE "GRPWR_CHAT_ROOM" MODIFY ("EMPLOYEE_NUM2" NOT NULL ENABLE);
  ALTER TABLE "GRPWR_CHAT_ROOM" MODIFY ("EMPLOYEE_NUM1" NOT NULL ENABLE);
  ALTER TABLE "GRPWR_CHAT_ROOM" MODIFY ("ROOM_ID" NOT NULL ENABLE);
--------------------------------------------------------
--  Constraints for Table GRPWR_EVENT
--------------------------------------------------------

  ALTER TABLE "GRPWR_EVENT" MODIFY ("EVENT_END_DATE" NOT NULL ENABLE);
  ALTER TABLE "GRPWR_EVENT" MODIFY ("EVENT_START_DATE" NOT NULL ENABLE);
  ALTER TABLE "GRPWR_EVENT" MODIFY ("EVENT_PERCENTAGE" NOT NULL ENABLE);
  ALTER TABLE "GRPWR_EVENT" MODIFY ("PRODUCT_STANDARD" NOT NULL ENABLE);
  ALTER TABLE "GRPWR_EVENT" MODIFY ("BOARD_ID" NOT NULL ENABLE);
  ALTER TABLE "GRPWR_EVENT" MODIFY ("EVENT_ID" NOT NULL ENABLE);
  ALTER TABLE "GRPWR_EVENT" ADD CONSTRAINT "PK_GRPWR_EVENT" PRIMARY KEY ("EVENT_ID") ENABLE;
--------------------------------------------------------
--  Constraints for Table GRPWR_EX_APPROVAL
--------------------------------------------------------

  ALTER TABLE "GRPWR_EX_APPROVAL" ADD CONSTRAINT "PK_GRPWR_EX_APPROVAL" PRIMARY KEY ("EX_APPROVAL_ID") ENABLE;
  ALTER TABLE "GRPWR_EX_APPROVAL" MODIFY ("COMPANY_NUM" NOT NULL ENABLE);
  ALTER TABLE "GRPWR_EX_APPROVAL" MODIFY ("EX_APPROVAL_REQUEST_CONTENT" NOT NULL ENABLE);
  ALTER TABLE "GRPWR_EX_APPROVAL" MODIFY ("EX_APPROVAL_STATUS" NOT NULL ENABLE);
  ALTER TABLE "GRPWR_EX_APPROVAL" MODIFY ("EX_APPROVAL_REQUEST_DATE" NOT NULL ENABLE);
  ALTER TABLE "GRPWR_EX_APPROVAL" MODIFY ("EMPLOYEE_NUM" NOT NULL ENABLE);
  ALTER TABLE "GRPWR_EX_APPROVAL" MODIFY ("DOCUMENT_ID" NOT NULL ENABLE);
  ALTER TABLE "GRPWR_EX_APPROVAL" MODIFY ("EX_APPROVAL_ID" NOT NULL ENABLE);
--------------------------------------------------------
--  Constraints for Table GRPWR_IN_APPROVAL
--------------------------------------------------------

  ALTER TABLE "GRPWR_IN_APPROVAL" MODIFY ("COMPANY_NUM" NOT NULL ENABLE);
  ALTER TABLE "GRPWR_IN_APPROVAL" MODIFY ("IN_APPROVAL_REQUEST_CONTENT" NOT NULL ENABLE);
  ALTER TABLE "GRPWR_IN_APPROVAL" MODIFY ("IN_APPROVAL_STATUS" NOT NULL ENABLE);
  ALTER TABLE "GRPWR_IN_APPROVAL" MODIFY ("IN_APPROVAL_REQUEST_DATE" NOT NULL ENABLE);
  ALTER TABLE "GRPWR_IN_APPROVAL" MODIFY ("EMPLOYEE_NUM" NOT NULL ENABLE);
  ALTER TABLE "GRPWR_IN_APPROVAL" MODIFY ("DOCUMENT_ID" NOT NULL ENABLE);
  ALTER TABLE "GRPWR_IN_APPROVAL" MODIFY ("IN_APPROVAL_ID" NOT NULL ENABLE);
  ALTER TABLE "GRPWR_IN_APPROVAL" ADD CONSTRAINT "PK_GRPWR_IN_APPROVAL" PRIMARY KEY ("IN_APPROVAL_ID") ENABLE;
--------------------------------------------------------
--  Constraints for Table GRPWR_REPLY
--------------------------------------------------------

  ALTER TABLE "GRPWR_REPLY" MODIFY ("REPLY_DATE" NOT NULL ENABLE);
  ALTER TABLE "GRPWR_REPLY" MODIFY ("REPLY_CONTENT" NOT NULL ENABLE);
  ALTER TABLE "GRPWR_REPLY" MODIFY ("EMPLOYEE_NUM" NOT NULL ENABLE);
  ALTER TABLE "GRPWR_REPLY" MODIFY ("BOARD_ID" NOT NULL ENABLE);
  ALTER TABLE "GRPWR_REPLY" MODIFY ("REPLY_ID" NOT NULL ENABLE);
  ALTER TABLE "GRPWR_REPLY" ADD CONSTRAINT "PK_GRPWR_REPLY" PRIMARY KEY ("REPLY_ID") ENABLE;
--------------------------------------------------------
--  Constraints for Table GRPWR_SCHEDULE
--------------------------------------------------------

  ALTER TABLE "GRPWR_SCHEDULE" MODIFY ("IS_PRIVATE" NOT NULL ENABLE);
  ALTER TABLE "GRPWR_SCHEDULE" MODIFY ("IS_ALLDAY" NOT NULL ENABLE);
  ALTER TABLE "GRPWR_SCHEDULE" MODIFY ("COMPANY_NUM" NOT NULL ENABLE);
  ALTER TABLE "GRPWR_SCHEDULE" MODIFY ("EMPLOYEE_NUM" NOT NULL ENABLE);
  ALTER TABLE "GRPWR_SCHEDULE" MODIFY ("SCHEDULE_END" NOT NULL ENABLE);
  ALTER TABLE "GRPWR_SCHEDULE" MODIFY ("SCHEDULE_START" NOT NULL ENABLE);
  ALTER TABLE "GRPWR_SCHEDULE" MODIFY ("SCHEDULE_CONTENT" NOT NULL ENABLE);
  ALTER TABLE "GRPWR_SCHEDULE" MODIFY ("SCHEDULE_TYPE" NOT NULL ENABLE);
  ALTER TABLE "GRPWR_SCHEDULE" MODIFY ("SCHEDULE_ID" NOT NULL ENABLE);
  ALTER TABLE "GRPWR_SCHEDULE" ADD CONSTRAINT "PK_GRPWR_SCHEDULE" PRIMARY KEY ("SCHEDULE_ID") ENABLE;
--------------------------------------------------------
--  Constraints for Table GRPWR_VENDOR
--------------------------------------------------------

  ALTER TABLE "GRPWR_VENDOR" MODIFY ("COMPANY_NUM" NOT NULL ENABLE);
  ALTER TABLE "GRPWR_VENDOR" MODIFY ("DEPOSITOR" NOT NULL ENABLE);
  ALTER TABLE "GRPWR_VENDOR" MODIFY ("BANK_ACCOUNT" NOT NULL ENABLE);
  ALTER TABLE "GRPWR_VENDOR" MODIFY ("BANK_NAME" NOT NULL ENABLE);
  ALTER TABLE "GRPWR_VENDOR" MODIFY ("MARGIN_RATE" NOT NULL ENABLE);
  ALTER TABLE "GRPWR_VENDOR" MODIFY ("PHONE" NOT NULL ENABLE);
  ALTER TABLE "GRPWR_VENDOR" MODIFY ("BUSINESS_REGISTERATION_NUMBER" NOT NULL ENABLE);
  ALTER TABLE "GRPWR_VENDOR" MODIFY ("EMAIL" NOT NULL ENABLE);
  ALTER TABLE "GRPWR_VENDOR" MODIFY ("BUSINESS_TYPE" NOT NULL ENABLE);
  ALTER TABLE "GRPWR_VENDOR" MODIFY ("OFFICER" NOT NULL ENABLE);
  ALTER TABLE "GRPWR_VENDOR" MODIFY ("ADDRESS" NOT NULL ENABLE);
  ALTER TABLE "GRPWR_VENDOR" MODIFY ("CHIEF_NAME" NOT NULL ENABLE);
  ALTER TABLE "GRPWR_VENDOR" MODIFY ("VENDOR_NAME" NOT NULL ENABLE);
  ALTER TABLE "GRPWR_VENDOR" MODIFY ("VENDOR_ID" NOT NULL ENABLE);
  ALTER TABLE "GRPWR_VENDOR" ADD CONSTRAINT "PK_GRPWR_VENDOR" PRIMARY KEY ("VENDOR_ID") ENABLE;
  ALTER TABLE "GRPWR_VENDOR" MODIFY ("EX_APPROVAL_ID" NOT NULL ENABLE);
--------------------------------------------------------
--  Constraints for Table HR_ANNUAL_LEAVE
--------------------------------------------------------

  ALTER TABLE "HR_ANNUAL_LEAVE" ADD PRIMARY KEY ("LEAVE_NUM") ENABLE;
  ALTER TABLE "HR_ANNUAL_LEAVE" MODIFY ("COMPANY_NUM" NOT NULL ENABLE);
  ALTER TABLE "HR_ANNUAL_LEAVE" MODIFY ("EMPLOYEE_NUM" NOT NULL ENABLE);
  ALTER TABLE "HR_ANNUAL_LEAVE" MODIFY ("REGISTER_DATE" NOT NULL ENABLE);
  ALTER TABLE "HR_ANNUAL_LEAVE" MODIFY ("REMAINING_LEAVE" NOT NULL ENABLE);
  ALTER TABLE "HR_ANNUAL_LEAVE" MODIFY ("USED_LEAVE" NOT NULL ENABLE);
  ALTER TABLE "HR_ANNUAL_LEAVE" MODIFY ("TOTAL_LEAVE" NOT NULL ENABLE);
  ALTER TABLE "HR_ANNUAL_LEAVE" MODIFY ("LEAVE_BENEFIT" NOT NULL ENABLE);
  ALTER TABLE "HR_ANNUAL_LEAVE" MODIFY ("LEAVE_CATEGORY" NOT NULL ENABLE);
  ALTER TABLE "HR_ANNUAL_LEAVE" MODIFY ("YEAR" NOT NULL ENABLE);
  ALTER TABLE "HR_ANNUAL_LEAVE" MODIFY ("LEAVE_NUM" NOT NULL ENABLE);
--------------------------------------------------------
--  Constraints for Table HR_ATTENDANCE_LOG
--------------------------------------------------------

  ALTER TABLE "HR_ATTENDANCE_LOG" ADD PRIMARY KEY ("ATTENDANCE_NUM") ENABLE;
  ALTER TABLE "HR_ATTENDANCE_LOG" MODIFY ("COMPANY_NUM" NOT NULL ENABLE);
  ALTER TABLE "HR_ATTENDANCE_LOG" MODIFY ("EMPLOYEE_NUM" NOT NULL ENABLE);
  ALTER TABLE "HR_ATTENDANCE_LOG" MODIFY ("REGISTER_DATE" NOT NULL ENABLE);
  ALTER TABLE "HR_ATTENDANCE_LOG" MODIFY ("WORK_STATUS" NOT NULL ENABLE);
  ALTER TABLE "HR_ATTENDANCE_LOG" MODIFY ("WORK_DATE" NOT NULL ENABLE);
  ALTER TABLE "HR_ATTENDANCE_LOG" MODIFY ("ATTENDANCE_NUM" NOT NULL ENABLE);
--------------------------------------------------------
--  Constraints for Table HR_BUSINESS_TRIP
--------------------------------------------------------

  ALTER TABLE "HR_BUSINESS_TRIP" ADD PRIMARY KEY ("TRIP_NUM") ENABLE;
  ALTER TABLE "HR_BUSINESS_TRIP" MODIFY ("COMPANY_NUM" NOT NULL ENABLE);
  ALTER TABLE "HR_BUSINESS_TRIP" MODIFY ("EMPLOYEE_NUM" NOT NULL ENABLE);
  ALTER TABLE "HR_BUSINESS_TRIP" MODIFY ("REGISTER_DATE" NOT NULL ENABLE);
  ALTER TABLE "HR_BUSINESS_TRIP" MODIFY ("REQUEST_STATUS" NOT NULL ENABLE);
  ALTER TABLE "HR_BUSINESS_TRIP" MODIFY ("PURPOSE" NOT NULL ENABLE);
  ALTER TABLE "HR_BUSINESS_TRIP" MODIFY ("DESTINATION" NOT NULL ENABLE);
  ALTER TABLE "HR_BUSINESS_TRIP" MODIFY ("DEPARTURE" NOT NULL ENABLE);
  ALTER TABLE "HR_BUSINESS_TRIP" MODIFY ("TRIP_TYPE" NOT NULL ENABLE);
  ALTER TABLE "HR_BUSINESS_TRIP" MODIFY ("TRIP_DATE" NOT NULL ENABLE);
  ALTER TABLE "HR_BUSINESS_TRIP" MODIFY ("TRIP_NUM" NOT NULL ENABLE);
--------------------------------------------------------
--  Constraints for Table HR_DEPARTMENT
--------------------------------------------------------

  ALTER TABLE "HR_DEPARTMENT" ADD PRIMARY KEY ("DEPARTMENT_NUM") ENABLE;
  ALTER TABLE "HR_DEPARTMENT" MODIFY ("COMPANY_NUM" NOT NULL ENABLE);
  ALTER TABLE "HR_DEPARTMENT" MODIFY ("REGISTER_DATE" NOT NULL ENABLE);
  ALTER TABLE "HR_DEPARTMENT" MODIFY ("DEPARTMENT_STATUS" NOT NULL ENABLE);
  ALTER TABLE "HR_DEPARTMENT" MODIFY ("DEPARTMENT_TYPE" NOT NULL ENABLE);
  ALTER TABLE "HR_DEPARTMENT" MODIFY ("DEPARTMENT_NAME" NOT NULL ENABLE);
  ALTER TABLE "HR_DEPARTMENT" MODIFY ("DEPARTMENT_NUM" NOT NULL ENABLE);
--------------------------------------------------------
--  Constraints for Table HR_DOCUMENT_FILE
--------------------------------------------------------

  ALTER TABLE "HR_DOCUMENT_FILE" ADD PRIMARY KEY ("DOCUMENT_FILE_NUM") ENABLE;
  ALTER TABLE "HR_DOCUMENT_FILE" MODIFY ("COMPANY_NUM" NOT NULL ENABLE);
  ALTER TABLE "HR_DOCUMENT_FILE" MODIFY ("REGISTER_DATE" NOT NULL ENABLE);
  ALTER TABLE "HR_DOCUMENT_FILE" MODIFY ("FILE_PATH" NOT NULL ENABLE);
  ALTER TABLE "HR_DOCUMENT_FILE" MODIFY ("DOCUMENT_TYPE" NOT NULL ENABLE);
  ALTER TABLE "HR_DOCUMENT_FILE" MODIFY ("INTERNAL_APPROVAL_ID" NOT NULL ENABLE);
  ALTER TABLE "HR_DOCUMENT_FILE" MODIFY ("DOCUMENT_FILE_NUM" NOT NULL ENABLE);
--------------------------------------------------------
--  Constraints for Table HR_EMPLOYEE
--------------------------------------------------------

  ALTER TABLE "HR_EMPLOYEE" ADD UNIQUE ("EMAIL") ENABLE;
  ALTER TABLE "HR_EMPLOYEE" ADD UNIQUE ("EMPLOYEE_ID") ENABLE;
  ALTER TABLE "HR_EMPLOYEE" ADD PRIMARY KEY ("EMPLOYEE_NUM") ENABLE;
  ALTER TABLE "HR_EMPLOYEE" MODIFY ("DEPARTMENT_NUM" NOT NULL ENABLE);
  ALTER TABLE "HR_EMPLOYEE" MODIFY ("COMPANY_NUM" NOT NULL ENABLE);
  ALTER TABLE "HR_EMPLOYEE" MODIFY ("REGISTER_DATE" NOT NULL ENABLE);
  ALTER TABLE "HR_EMPLOYEE" MODIFY ("EMPLOYMENT_TYPE" NOT NULL ENABLE);
  ALTER TABLE "HR_EMPLOYEE" MODIFY ("STATUS" NOT NULL ENABLE);
  ALTER TABLE "HR_EMPLOYEE" MODIFY ("AUTHORITY" NOT NULL ENABLE);
  ALTER TABLE "HR_EMPLOYEE" MODIFY ("POSITION" NOT NULL ENABLE);
  ALTER TABLE "HR_EMPLOYEE" MODIFY ("HIRE_DATE" NOT NULL ENABLE);
  ALTER TABLE "HR_EMPLOYEE" MODIFY ("EMPLOYEE_NAME" NOT NULL ENABLE);
  ALTER TABLE "HR_EMPLOYEE" MODIFY ("EMPLOYEE_PW" NOT NULL ENABLE);
  ALTER TABLE "HR_EMPLOYEE" MODIFY ("EMPLOYEE_ID" NOT NULL ENABLE);
  ALTER TABLE "HR_EMPLOYEE" MODIFY ("EMPLOYEE_NUM" NOT NULL ENABLE);
--------------------------------------------------------
--  Constraints for Table HR_EMPLOYEE_CONTRACT
--------------------------------------------------------

  ALTER TABLE "HR_EMPLOYEE_CONTRACT" MODIFY ("SALARY_PAYMENT_DATE" NOT NULL ENABLE);
  ALTER TABLE "HR_EMPLOYEE_CONTRACT" ADD CONSTRAINT "CHK_PAYMENT_METHOD" CHECK (PAYMENT_METHOD IN ('계좌이체', '직접지급')) ENABLE;
  ALTER TABLE "HR_EMPLOYEE_CONTRACT" MODIFY ("REGISTER_DATE" NOT NULL ENABLE);
  ALTER TABLE "HR_EMPLOYEE_CONTRACT" MODIFY ("CONTRACT_START_DATE" NOT NULL ENABLE);
  ALTER TABLE "HR_EMPLOYEE_CONTRACT" MODIFY ("CONTRACT_TYPE" NOT NULL ENABLE);
  ALTER TABLE "HR_EMPLOYEE_CONTRACT" MODIFY ("COMPANY_NUM" NOT NULL ENABLE);
  ALTER TABLE "HR_EMPLOYEE_CONTRACT" MODIFY ("EMPLOYEE_NUM" NOT NULL ENABLE);
  ALTER TABLE "HR_EMPLOYEE_CONTRACT" ADD PRIMARY KEY ("CONTRACT_NUM") ENABLE;
  ALTER TABLE "HR_EMPLOYEE_CONTRACT" MODIFY ("ANNUAL_SALARY" NOT NULL ENABLE);
--------------------------------------------------------
--  Constraints for Table HR_EMPLOYEE_HISTORY
--------------------------------------------------------

  ALTER TABLE "HR_EMPLOYEE_HISTORY" ADD PRIMARY KEY ("HISTORY_NUM") ENABLE;
  ALTER TABLE "HR_EMPLOYEE_HISTORY" MODIFY ("REGISTER_DATE" NOT NULL ENABLE);
  ALTER TABLE "HR_EMPLOYEE_HISTORY" MODIFY ("COMPANY_NUM" NOT NULL ENABLE);
  ALTER TABLE "HR_EMPLOYEE_HISTORY" MODIFY ("EMPLOYEE_NUM" NOT NULL ENABLE);
--------------------------------------------------------
--  Constraints for Table HR_REJECTION_LOG
--------------------------------------------------------

  ALTER TABLE "HR_REJECTION_LOG" ADD PRIMARY KEY ("REJECTION_NUM") ENABLE;
  ALTER TABLE "HR_REJECTION_LOG" MODIFY ("COMPANY_NUM" NOT NULL ENABLE);
  ALTER TABLE "HR_REJECTION_LOG" MODIFY ("EMPLOYEE_NUM" NOT NULL ENABLE);
  ALTER TABLE "HR_REJECTION_LOG" MODIFY ("REJECTED_DATE" NOT NULL ENABLE);
  ALTER TABLE "HR_REJECTION_LOG" MODIFY ("REJECTED_REASON" NOT NULL ENABLE);
  ALTER TABLE "HR_REJECTION_LOG" MODIFY ("REJECTED_BY" NOT NULL ENABLE);
  ALTER TABLE "HR_REJECTION_LOG" MODIFY ("INTERNAL_APPROVAL_ID" NOT NULL ENABLE);
  ALTER TABLE "HR_REJECTION_LOG" MODIFY ("REJECTION_NUM" NOT NULL ENABLE);
--------------------------------------------------------
--  Constraints for Table LOGIN
--------------------------------------------------------

  ALTER TABLE "LOGIN" MODIFY ("LOGIN_PASSWORD" NOT NULL ENABLE);
  ALTER TABLE "LOGIN" MODIFY ("LOGIN_EMPLOYEE_ID" NOT NULL ENABLE);
  ALTER TABLE "LOGIN" MODIFY ("EMPLOYEE_NUM" NOT NULL ENABLE);
  ALTER TABLE "LOGIN" MODIFY ("COMPANY_ENG_NAME" NOT NULL ENABLE);
  ALTER TABLE "LOGIN" MODIFY ("LOGIN_ID" NOT NULL ENABLE);
  ALTER TABLE "LOGIN" ADD CONSTRAINT "PK_LOGIN" PRIMARY KEY ("LOGIN_ID") ENABLE;
--------------------------------------------------------
--  Constraints for Table PURCHSE_GOODS
--------------------------------------------------------

  ALTER TABLE "PURCHSE_GOODS" ADD CONSTRAINT "PK_PURCHSE_GOODS" PRIMARY KEY ("GOODS_NUM") ENABLE;
  ALTER TABLE "PURCHSE_GOODS" MODIFY ("VENDOR_ID" NOT NULL ENABLE);
  ALTER TABLE "PURCHSE_GOODS" MODIFY ("EMPLOYEE_NUM" NOT NULL ENABLE);
  ALTER TABLE "PURCHSE_GOODS" MODIFY ("BRAND_ID" NOT NULL ENABLE);
  ALTER TABLE "PURCHSE_GOODS" MODIFY ("CLASSIFICATION_ID" NOT NULL ENABLE);
  ALTER TABLE "PURCHSE_GOODS" MODIFY ("GOODS_STANDARD" NOT NULL ENABLE);
  ALTER TABLE "PURCHSE_GOODS" MODIFY ("GOODS_CODE" NOT NULL ENABLE);
  ALTER TABLE "PURCHSE_GOODS" MODIFY ("GOODS_NAME" NOT NULL ENABLE);
  ALTER TABLE "PURCHSE_GOODS" MODIFY ("GOODS_NUM" NOT NULL ENABLE);
--------------------------------------------------------
--  Constraints for Table PURCHSE_OPTION
--------------------------------------------------------

  ALTER TABLE "PURCHSE_OPTION" MODIFY ("OPTION_BARCODE" NOT NULL ENABLE);
  ALTER TABLE "PURCHSE_OPTION" ADD CONSTRAINT "PK_PURCHSE_OPTION" PRIMARY KEY ("OPTION_NUM") ENABLE;
  ALTER TABLE "PURCHSE_OPTION" MODIFY ("GOODS_NUM" NOT NULL ENABLE);
  ALTER TABLE "PURCHSE_OPTION" MODIFY ("WAREHOUSE_ID" NOT NULL ENABLE);
  ALTER TABLE "PURCHSE_OPTION" MODIFY ("OPTION_NAME" NOT NULL ENABLE);
  ALTER TABLE "PURCHSE_OPTION" MODIFY ("OPTION_CODE" NOT NULL ENABLE);
  ALTER TABLE "PURCHSE_OPTION" MODIFY ("OPTION_NUM" NOT NULL ENABLE);
--------------------------------------------------------
--  Constraints for Table PURCHS_DISUSE_RECORD
--------------------------------------------------------

  ALTER TABLE "PURCHS_DISUSE_RECORD" ADD CONSTRAINT "PK_PURCHS_DISUSE_RECORD" PRIMARY KEY ("DISUSE_RECORD_NUM") ENABLE;
  ALTER TABLE "PURCHS_DISUSE_RECORD" MODIFY ("DISUSE_NUM" NOT NULL ENABLE);
  ALTER TABLE "PURCHS_DISUSE_RECORD" MODIFY ("EMPLOYEE_NUM" NOT NULL ENABLE);
  ALTER TABLE "PURCHS_DISUSE_RECORD" MODIFY ("DISUSE_RECORD_TYPE" NOT NULL ENABLE);
  ALTER TABLE "PURCHS_DISUSE_RECORD" MODIFY ("DISUSE_RECORD_REASON" NOT NULL ENABLE);
  ALTER TABLE "PURCHS_DISUSE_RECORD" MODIFY ("DISUSE_RECORD_NUM" NOT NULL ENABLE);
--------------------------------------------------------
--  Constraints for Table PURCHS_GOODS_DISUSE
--------------------------------------------------------

  ALTER TABLE "PURCHS_GOODS_DISUSE" ADD CONSTRAINT "PK_PURCHS_DISUSE" PRIMARY KEY ("DISUSE_NUM") ENABLE;
  ALTER TABLE "PURCHS_GOODS_DISUSE" MODIFY ("WAREHOUSING_BODY_NUM" NOT NULL ENABLE);
  ALTER TABLE "PURCHS_GOODS_DISUSE" MODIFY ("EMPLOYEE_NUM" NOT NULL ENABLE);
  ALTER TABLE "PURCHS_GOODS_DISUSE" MODIFY ("DISUSE_REASON" NOT NULL ENABLE);
  ALTER TABLE "PURCHS_GOODS_DISUSE" MODIFY ("DISUSE_NUM" NOT NULL ENABLE);
--------------------------------------------------------
--  Constraints for Table PURCHS_ORDER_PLAN_BODY
--------------------------------------------------------

  ALTER TABLE "PURCHS_ORDER_PLAN_BODY" ADD CONSTRAINT "PK_PURCHS_PLAN_BODY" PRIMARY KEY ("ORDER_PLAN_BODY_NUM") ENABLE;
  ALTER TABLE "PURCHS_ORDER_PLAN_BODY" MODIFY ("OPTION_NUM" NOT NULL ENABLE);
  ALTER TABLE "PURCHS_ORDER_PLAN_BODY" MODIFY ("ORDER_PLAN_HEADER_NUM" NOT NULL ENABLE);
  ALTER TABLE "PURCHS_ORDER_PLAN_BODY" MODIFY ("VENDOR_ID" NOT NULL ENABLE);
  ALTER TABLE "PURCHS_ORDER_PLAN_BODY" MODIFY ("ORDER_PLAN_STANDARD" NOT NULL ENABLE);
  ALTER TABLE "PURCHS_ORDER_PLAN_BODY" MODIFY ("ORDER_PLAN_BODY_NUM" NOT NULL ENABLE);
--------------------------------------------------------
--  Constraints for Table PURCHS_ORDER_PLAN_HEADER
--------------------------------------------------------

  ALTER TABLE "PURCHS_ORDER_PLAN_HEADER" ADD CONSTRAINT "PK_PURCHS_PLAN_HEADER" PRIMARY KEY ("ORDER_PLAN_HEADER_NUM") ENABLE;
  ALTER TABLE "PURCHS_ORDER_PLAN_HEADER" MODIFY ("EMPLOYEE_NUM" NOT NULL ENABLE);
  ALTER TABLE "PURCHS_ORDER_PLAN_HEADER" MODIFY ("ORDER_PLAN_DUE_DATE" NOT NULL ENABLE);
  ALTER TABLE "PURCHS_ORDER_PLAN_HEADER" MODIFY ("ORDER_PLAN_TITLE" NOT NULL ENABLE);
  ALTER TABLE "PURCHS_ORDER_PLAN_HEADER" MODIFY ("ORDER_PLAN_HEADER_NUM" NOT NULL ENABLE);
--------------------------------------------------------
--  Constraints for Table PURCHS_PURCHASE_BODY
--------------------------------------------------------

  ALTER TABLE "PURCHS_PURCHASE_BODY" ADD CONSTRAINT "PK_PURCHS_PURCHASE_BODY" PRIMARY KEY ("PURCHASE_BODY_NUM") ENABLE;
  ALTER TABLE "PURCHS_PURCHASE_BODY" MODIFY ("GOODS_STANDARD" NOT NULL ENABLE);
  ALTER TABLE "PURCHS_PURCHASE_BODY" MODIFY ("COMPANY_NUM" NOT NULL ENABLE);
  ALTER TABLE "PURCHS_PURCHASE_BODY" MODIFY ("OPTION_NUM" NOT NULL ENABLE);
  ALTER TABLE "PURCHS_PURCHASE_BODY" MODIFY ("PURCHASE_NUM" NOT NULL ENABLE);
  ALTER TABLE "PURCHS_PURCHASE_BODY" MODIFY ("PURCHASE_BODY_NUM" NOT NULL ENABLE);
--------------------------------------------------------
--  Constraints for Table PURCHS_PURCHASE_HEADER
--------------------------------------------------------

  ALTER TABLE "PURCHS_PURCHASE_HEADER" ADD CONSTRAINT "PK_PURCHS_PURCHASE_HEADER" PRIMARY KEY ("PURCHASE_NUM") ENABLE;
  ALTER TABLE "PURCHS_PURCHASE_HEADER" MODIFY ("COMPANY_NUM" NOT NULL ENABLE);
  ALTER TABLE "PURCHS_PURCHASE_HEADER" MODIFY ("EMPLOYEE_NUM" NOT NULL ENABLE);
  ALTER TABLE "PURCHS_PURCHASE_HEADER" MODIFY ("VENDOR_ID" NOT NULL ENABLE);
  ALTER TABLE "PURCHS_PURCHASE_HEADER" MODIFY ("PURCHASE_DUE_DATE" NOT NULL ENABLE);
  ALTER TABLE "PURCHS_PURCHASE_HEADER" MODIFY ("PURCHASE_DATE" NOT NULL ENABLE);
  ALTER TABLE "PURCHS_PURCHASE_HEADER" MODIFY ("PURCHASE_NUM" NOT NULL ENABLE);
--------------------------------------------------------
--  Constraints for Table PURCHS_PURCHASE_RECORD
--------------------------------------------------------

  ALTER TABLE "PURCHS_PURCHASE_RECORD" ADD CONSTRAINT "PK_PURCHS_PURCHASE_RECORD" PRIMARY KEY ("PURCHASE_RECORD_NUM") ENABLE;
  ALTER TABLE "PURCHS_PURCHASE_RECORD" MODIFY ("PURCHASE_NUM" NOT NULL ENABLE);
  ALTER TABLE "PURCHS_PURCHASE_RECORD" MODIFY ("EMPLOYEE_NUM" NOT NULL ENABLE);
  ALTER TABLE "PURCHS_PURCHASE_RECORD" MODIFY ("PURCHASE_RECORD_TYPE" NOT NULL ENABLE);
  ALTER TABLE "PURCHS_PURCHASE_RECORD" MODIFY ("PURCHASE_RECORDE_REASON" NOT NULL ENABLE);
  ALTER TABLE "PURCHS_PURCHASE_RECORD" MODIFY ("PURCHASE_RECORD_NUM" NOT NULL ENABLE);
--------------------------------------------------------
--  Constraints for Table PURCHS_WAREHOUSING_BODY
--------------------------------------------------------

  ALTER TABLE "PURCHS_WAREHOUSING_BODY" MODIFY ("MANUFACTURE_DATE" NOT NULL ENABLE);
  ALTER TABLE "PURCHS_WAREHOUSING_BODY" MODIFY ("OPTION_NUM" NOT NULL ENABLE);
  ALTER TABLE "PURCHS_WAREHOUSING_BODY" ADD CONSTRAINT "PK_PURCHS_WAREHOUSING_BODY" PRIMARY KEY ("WAREHOUSING_BODY_NUM") ENABLE;
  ALTER TABLE "PURCHS_WAREHOUSING_BODY" MODIFY ("WAREHOUSING_HEADER_NUM" NOT NULL ENABLE);
  ALTER TABLE "PURCHS_WAREHOUSING_BODY" MODIFY ("WAREHOUSE_ID" NOT NULL ENABLE);
  ALTER TABLE "PURCHS_WAREHOUSING_BODY" MODIFY ("GOODS_CONSUMPTION_DATE" NOT NULL ENABLE);
  ALTER TABLE "PURCHS_WAREHOUSING_BODY" MODIFY ("GOODS_LOT_NUM" NOT NULL ENABLE);
  ALTER TABLE "PURCHS_WAREHOUSING_BODY" MODIFY ("WAREHOUSING_BODY_NUM" NOT NULL ENABLE);
--------------------------------------------------------
--  Constraints for Table PURCHS_WAREHOUSING_HEADER
--------------------------------------------------------

  ALTER TABLE "PURCHS_WAREHOUSING_HEADER" ADD CONSTRAINT "PK_PURCHS_WAREHOUSING_HEADER" PRIMARY KEY ("WAREHOUSING_HEADER_NUM") ENABLE;
  ALTER TABLE "PURCHS_WAREHOUSING_HEADER" MODIFY ("WAREHOUSING_CHIT" NOT NULL ENABLE);
  ALTER TABLE "PURCHS_WAREHOUSING_HEADER" MODIFY ("VENDOR_ID" NOT NULL ENABLE);
  ALTER TABLE "PURCHS_WAREHOUSING_HEADER" MODIFY ("EMPLOYEE_NUM" NOT NULL ENABLE);
  ALTER TABLE "PURCHS_WAREHOUSING_HEADER" MODIFY ("WAREHOUSING_HEADER_NUM" NOT NULL ENABLE);
--------------------------------------------------------
--  Constraints for Table STDR_BRAND
--------------------------------------------------------

  ALTER TABLE "STDR_BRAND" ADD CONSTRAINT "PK_STDR_BRAND" PRIMARY KEY ("BRAND_ID") ENABLE;
  ALTER TABLE "STDR_BRAND" MODIFY ("COMPANY_NUM" NOT NULL ENABLE);
  ALTER TABLE "STDR_BRAND" MODIFY ("BRAND_NAME" NOT NULL ENABLE);
  ALTER TABLE "STDR_BRAND" MODIFY ("BRAND_CODE" NOT NULL ENABLE);
  ALTER TABLE "STDR_BRAND" MODIFY ("BRAND_ID" NOT NULL ENABLE);
--------------------------------------------------------
--  Constraints for Table STDR_CLASSIFICATION
--------------------------------------------------------

  ALTER TABLE "STDR_CLASSIFICATION" MODIFY ("COMPANY_NUM" NOT NULL ENABLE);
  ALTER TABLE "STDR_CLASSIFICATION" MODIFY ("DISTRIBUTION_TIME_LIMIT" NOT NULL ENABLE);
  ALTER TABLE "STDR_CLASSIFICATION" MODIFY ("CLASSIFICATION_NAME" NOT NULL ENABLE);
  ALTER TABLE "STDR_CLASSIFICATION" MODIFY ("CLASSIFICATION_CODE" NOT NULL ENABLE);
  ALTER TABLE "STDR_CLASSIFICATION" MODIFY ("CLASSIFICATION_ID" NOT NULL ENABLE);
  ALTER TABLE "STDR_CLASSIFICATION" ADD CONSTRAINT "PK_STDR_CLASSIFICATION" PRIMARY KEY ("CLASSIFICATION_ID") ENABLE;
--------------------------------------------------------
--  Constraints for Table STDR_DEPT
--------------------------------------------------------

  ALTER TABLE "STDR_DEPT" ADD CONSTRAINT "PK_STDR_DEPT" PRIMARY KEY ("DEPT_NO") ENABLE;
  ALTER TABLE "STDR_DEPT" MODIFY ("ADDRESS" NOT NULL ENABLE);
  ALTER TABLE "STDR_DEPT" MODIFY ("BRANCH" NOT NULL ENABLE);
  ALTER TABLE "STDR_DEPT" MODIFY ("DEPT_NAME" NOT NULL ENABLE);
--------------------------------------------------------
--  Constraints for Table STDR_DOCUMENT
--------------------------------------------------------

  ALTER TABLE "STDR_DOCUMENT" MODIFY ("COMPANY_NUM" NOT NULL ENABLE);
  ALTER TABLE "STDR_DOCUMENT" MODIFY ("APPROVAL_TYPE" NOT NULL ENABLE);
  ALTER TABLE "STDR_DOCUMENT" MODIFY ("DEPT_NAME" NOT NULL ENABLE);
  ALTER TABLE "STDR_DOCUMENT" MODIFY ("DOCUMENT_TEMPLATE" NOT NULL ENABLE);
  ALTER TABLE "STDR_DOCUMENT" MODIFY ("DOCUMENT_NAME" NOT NULL ENABLE);
  ALTER TABLE "STDR_DOCUMENT" MODIFY ("DOCUMENT_TYPE" NOT NULL ENABLE);
  ALTER TABLE "STDR_DOCUMENT" MODIFY ("DOCUMENT_ID" NOT NULL ENABLE);
  ALTER TABLE "STDR_DOCUMENT" ADD CONSTRAINT "PK_STDR_DOCUMENT" PRIMARY KEY ("DOCUMENT_ID") ENABLE;
--------------------------------------------------------
--  Constraints for Table STDR_WAREHOUSE
--------------------------------------------------------

  ALTER TABLE "STDR_WAREHOUSE" ADD CONSTRAINT "PK_STDR_WAREHOUSE" PRIMARY KEY ("WAREHOUSE_ID") ENABLE;
  ALTER TABLE "STDR_WAREHOUSE" MODIFY ("COMPANY_NUM" NOT NULL ENABLE);
  ALTER TABLE "STDR_WAREHOUSE" MODIFY ("WAREHOUSE_NAME" NOT NULL ENABLE);
  ALTER TABLE "STDR_WAREHOUSE" MODIFY ("WAREHOUSE_ID" NOT NULL ENABLE);
--------------------------------------------------------
--  Ref Constraints for Table ACCNUT_DEDUCTION_DETAILS
--------------------------------------------------------

  ALTER TABLE "ACCNUT_DEDUCTION_DETAILS" ADD CONSTRAINT "FK_SALARY_DEDUCTION_DETAILS_1" FOREIGN KEY ("SALARY_ACCOUNT_BOOK_CODE")
	  REFERENCES "ACCNUT_SALARY_ACCOUNT_BOOK" ("SALARY_ACCOUNT_BOOK_CODE") ENABLE;
--------------------------------------------------------
--  Ref Constraints for Table ACCNUT_TAX_DETAIL
--------------------------------------------------------

  ALTER TABLE "ACCNUT_TAX_DETAIL" ADD CONSTRAINT "FK_ACCNUT_TAX_TO_TAX_DETAIL_1" FOREIGN KEY ("TAX_NUM")
	  REFERENCES "ACCNUT_TAX_HEADER" ("TAX_NUM") ENABLE;
--------------------------------------------------------
--  Ref Constraints for Table BHF_CLOSING_DETAIL
--------------------------------------------------------

  ALTER TABLE "BHF_CLOSING_DETAIL" ADD CONSTRAINT "FK_CLOSING_TO_CLOSING_DETAIL" FOREIGN KEY ("CLOSING_CODE")
	  REFERENCES "BHF_CLOSING" ("CLOSING_CODE") ENABLE;
--------------------------------------------------------
--  Ref Constraints for Table BHF_ORDER_DETAIL
--------------------------------------------------------

  ALTER TABLE "BHF_ORDER_DETAIL" ADD CONSTRAINT "FK_ORDER_TO_ORDER_DETAIL" FOREIGN KEY ("ORDER_CODE")
	  REFERENCES "BHF_ORDER" ("ORDER_CODE") ENABLE;
--------------------------------------------------------
--  Ref Constraints for Table BHF_RETURNING_DETAIL
--------------------------------------------------------

  ALTER TABLE "BHF_RETURNING_DETAIL" ADD CONSTRAINT "FK_RETURN_TO_RETURN_DETAIL" FOREIGN KEY ("RETURNING_CODE")
	  REFERENCES "BHF_RETURNING" ("RETURNING_CODE") ENABLE;
--------------------------------------------------------
--  Ref Constraints for Table BSN_CS_CHANGE_HISTORY
--------------------------------------------------------

  ALTER TABLE "BSN_CS_CHANGE_HISTORY" ADD CONSTRAINT "FK_BSN_ORDER_CS_CHANGE" FOREIGN KEY ("ORDER_ID")
	  REFERENCES "BSN_ORDER" ("ORDER_ID") ENABLE;
--------------------------------------------------------
--  Ref Constraints for Table BSN_DELIVERY_DETAIL
--------------------------------------------------------

  ALTER TABLE "BSN_DELIVERY_DETAIL" ADD CONSTRAINT "FK_BSN_DLV_TO_DLV_DTL" FOREIGN KEY ("DELIVERY_ID")
	  REFERENCES "BSN_DELIVERY" ("DELIVERY_ID") ENABLE;
--------------------------------------------------------
--  Ref Constraints for Table BSN_DELIVERY_LOT_DETAIL
--------------------------------------------------------

  ALTER TABLE "BSN_DELIVERY_LOT_DETAIL" ADD CONSTRAINT "FK_BSN_DLV_DTL_TO_DLV_LD" FOREIGN KEY ("DELIVERY_DETAIL_ID")
	  REFERENCES "BSN_DELIVERY_DETAIL" ("DELIVERY_DETAIL_ID") ENABLE;
--------------------------------------------------------
--  Ref Constraints for Table BSN_ORDER_DETAIL
--------------------------------------------------------

  ALTER TABLE "BSN_ORDER_DETAIL" ADD CONSTRAINT "FK_BSN_ORDER_DETAIL" FOREIGN KEY ("ORDER_ID")
	  REFERENCES "BSN_ORDER" ("ORDER_ID") ENABLE;
--------------------------------------------------------
--  Ref Constraints for Table CMMN
--------------------------------------------------------

  ALTER TABLE "CMMN" ADD CONSTRAINT "FK_CMMN_TO_CMMN_1" FOREIGN KEY ("UPPER_CMMN_CODE")
	  REFERENCES "CMMN" ("CMMN_CODE") ENABLE;
--------------------------------------------------------
--  Ref Constraints for Table ERP_ANSWER
--------------------------------------------------------

  ALTER TABLE "ERP_ANSWER" ADD CONSTRAINT "FK_ANS_EMP_1" FOREIGN KEY ("EMPLOYEE_NUM")
	  REFERENCES "ERP_EMPLOYEES" ("EMPLOYEE_NUM") ENABLE;
  ALTER TABLE "ERP_ANSWER" ADD CONSTRAINT "FK_ANS_INQ_1" FOREIGN KEY ("INQUIRY_NUM")
	  REFERENCES "ERP_INQUIRY" ("INQUIRY_NUM") ENABLE;
--------------------------------------------------------
--  Ref Constraints for Table ERP_CONTRACT_DOCUMENT
--------------------------------------------------------

  ALTER TABLE "ERP_CONTRACT_DOCUMENT" ADD CONSTRAINT "FK_CONT_COMP_1" FOREIGN KEY ("COMPANY_NUM")
	  REFERENCES "ERP_COMPANY" ("COMPANY_NUM") ENABLE;
--------------------------------------------------------
--  Ref Constraints for Table ERP_CUSTOMER_SERVICE
--------------------------------------------------------

  ALTER TABLE "ERP_CUSTOMER_SERVICE" ADD CONSTRAINT "FK_CUST_COMP_1" FOREIGN KEY ("COMPANY_NUM")
	  REFERENCES "ERP_COMPANY" ("COMPANY_NUM") ENABLE;
  ALTER TABLE "ERP_CUSTOMER_SERVICE" ADD CONSTRAINT "FK_CUST_EMP_1" FOREIGN KEY ("EMPLOYEE_NUM")
	  REFERENCES "ERP_EMPLOYEES" ("EMPLOYEE_NUM") ENABLE;
--------------------------------------------------------
--  Ref Constraints for Table ERP_SUBSCRIPTION_INFO_LIST
--------------------------------------------------------

  ALTER TABLE "ERP_SUBSCRIPTION_INFO_LIST" ADD CONSTRAINT "FK_INFO_COMP_1" FOREIGN KEY ("COMPANY_NUM")
	  REFERENCES "ERP_COMPANY" ("COMPANY_NUM") ENABLE;
  ALTER TABLE "ERP_SUBSCRIPTION_INFO_LIST" ADD CONSTRAINT "FK_INFO_NAME_1" FOREIGN KEY ("SUBSCRIPTION_NAME_NUM")
	  REFERENCES "ERP_SUBSCRIPTION_NAME" ("SUBSCRIPTION_NAME_NUM") ENABLE;
  ALTER TABLE "ERP_SUBSCRIPTION_INFO_LIST" ADD CONSTRAINT "FK_INFO_OPT_1" FOREIGN KEY ("SUBSCRIPTION_OPTION_NUM")
	  REFERENCES "ERP_SUBSCRIPTION_OPTION" ("SUBSCRIPTION_OPTION_NUM") ENABLE;
--------------------------------------------------------
--  Ref Constraints for Table ERP_SUBSCRIPTION_LIST
--------------------------------------------------------

  ALTER TABLE "ERP_SUBSCRIPTION_LIST" ADD CONSTRAINT "FK_SUBSCRIPTION_LIST_10" FOREIGN KEY ("COMPANY_NUM")
	  REFERENCES "ERP_COMPANY" ("COMPANY_NUM") ENABLE;
--------------------------------------------------------
--  Ref Constraints for Table ERP_SUBSCRIPTION_OPTION
--------------------------------------------------------

  ALTER TABLE "ERP_SUBSCRIPTION_OPTION" ADD CONSTRAINT "FK_OPT_NAME_1" FOREIGN KEY ("SUBSCRIPTION_NAME_NUM")
	  REFERENCES "ERP_SUBSCRIPTION_NAME" ("SUBSCRIPTION_NAME_NUM") ENABLE;
--------------------------------------------------------
--  Ref Constraints for Table ERP_SUBSCRIPTION_TAIL
--------------------------------------------------------

  ALTER TABLE "ERP_SUBSCRIPTION_TAIL" ADD CONSTRAINT "FK_SUBSCRIPTION_LIST_11" FOREIGN KEY ("SUBSCRIPTION_OPTION_NUM")
	  REFERENCES "ERP_SUBSCRIPTION_OPTION" ("SUBSCRIPTION_OPTION_NUM") ENABLE;
  ALTER TABLE "ERP_SUBSCRIPTION_TAIL" ADD CONSTRAINT "FK_SUBSCRIPTION_LIST_12" FOREIGN KEY ("SUBSCRIPTION_NUM")
	  REFERENCES "ERP_SUBSCRIPTION_LIST" ("SUBSCRIPTION_NUM") ENABLE;
--------------------------------------------------------
--  Ref Constraints for Table ERP_USER_ACCOUNTS
--------------------------------------------------------

  ALTER TABLE "ERP_USER_ACCOUNTS" ADD CONSTRAINT "FK_ERP_COMP_2" FOREIGN KEY ("COMPANY_NUM")
	  REFERENCES "ERP_COMPANY" ("COMPANY_NUM") ENABLE;
--------------------------------------------------------
--  Ref Constraints for Table GRPWR_CHAT_MESSAGE
--------------------------------------------------------

  ALTER TABLE "GRPWR_CHAT_MESSAGE" ADD CONSTRAINT "FK_CHAT_ROOM_TO_CHAT_MESSAGE" FOREIGN KEY ("ROOM_ID")
	  REFERENCES "GRPWR_CHAT_ROOM" ("ROOM_ID") ENABLE;
--------------------------------------------------------
--  Ref Constraints for Table GRPWR_EVENT
--------------------------------------------------------

  ALTER TABLE "GRPWR_EVENT" ADD CONSTRAINT "FK_BOARD_TO_EVENT" FOREIGN KEY ("BOARD_ID")
	  REFERENCES "GRPWR_BOARD" ("BOARD_ID") ENABLE;
--------------------------------------------------------
--  Ref Constraints for Table GRPWR_EX_APPROVAL
--------------------------------------------------------

  ALTER TABLE "GRPWR_EX_APPROVAL" ADD CONSTRAINT "FK_VENDOR_TO_EX_APPROVAL" FOREIGN KEY ("VENDOR_ID")
	  REFERENCES "GRPWR_VENDOR" ("VENDOR_ID") ENABLE;
--------------------------------------------------------
--  Ref Constraints for Table GRPWR_REPLY
--------------------------------------------------------

  ALTER TABLE "GRPWR_REPLY" ADD CONSTRAINT "FK_BOARD_TO_REPLY" FOREIGN KEY ("BOARD_ID")
	  REFERENCES "GRPWR_BOARD" ("BOARD_ID") ENABLE;
--------------------------------------------------------
--  Ref Constraints for Table HR_ANNUAL_LEAVE
--------------------------------------------------------

  ALTER TABLE "HR_ANNUAL_LEAVE" ADD CONSTRAINT "FK_HR_ANNUAL_LEAVE_EMPLOYEE" FOREIGN KEY ("EMPLOYEE_NUM")
	  REFERENCES "HR_EMPLOYEE" ("EMPLOYEE_NUM") ENABLE;
--------------------------------------------------------
--  Ref Constraints for Table HR_ATTENDANCE_LOG
--------------------------------------------------------

  ALTER TABLE "HR_ATTENDANCE_LOG" ADD CONSTRAINT "FK_HR_ATTENDANCE_EMPLOYEE" FOREIGN KEY ("EMPLOYEE_NUM")
	  REFERENCES "HR_EMPLOYEE" ("EMPLOYEE_NUM") ENABLE;
--------------------------------------------------------
--  Ref Constraints for Table HR_BUSINESS_TRIP
--------------------------------------------------------

  ALTER TABLE "HR_BUSINESS_TRIP" ADD CONSTRAINT "FK_HR_TRIP_EMPLOYEE" FOREIGN KEY ("EMPLOYEE_NUM")
	  REFERENCES "HR_EMPLOYEE" ("EMPLOYEE_NUM") ENABLE;
--------------------------------------------------------
--  Ref Constraints for Table HR_DOCUMENT_FILE
--------------------------------------------------------

  ALTER TABLE "HR_DOCUMENT_FILE" ADD CONSTRAINT "FK_HR_DOCUMENT_FILE" FOREIGN KEY ("INTERNAL_APPROVAL_ID")
	  REFERENCES "HR_REJECTION_LOG" ("REJECTION_NUM") ENABLE;
  ALTER TABLE "HR_DOCUMENT_FILE" ADD CONSTRAINT "FK_HR_DOCUMENT_FILE_EMPLOYEE" FOREIGN KEY ("COMPANY_NUM")
	  REFERENCES "HR_EMPLOYEE" ("EMPLOYEE_NUM") ENABLE;
--------------------------------------------------------
--  Ref Constraints for Table HR_EMPLOYEE
--------------------------------------------------------

  ALTER TABLE "HR_EMPLOYEE" ADD CONSTRAINT "FK_HR_EMPLOYEE_DEPARTMENT" FOREIGN KEY ("DEPARTMENT_NUM")
	  REFERENCES "HR_DEPARTMENT" ("DEPARTMENT_NUM") ENABLE;
--------------------------------------------------------
--  Ref Constraints for Table HR_EMPLOYEE_CONTRACT
--------------------------------------------------------

  ALTER TABLE "HR_EMPLOYEE_CONTRACT" ADD FOREIGN KEY ("EMPLOYEE_NUM")
	  REFERENCES "HR_EMPLOYEE" ("EMPLOYEE_NUM") ENABLE;
  ALTER TABLE "HR_EMPLOYEE_CONTRACT" ADD FOREIGN KEY ("DEPARTMENT_NUM")
	  REFERENCES "HR_DEPARTMENT" ("DEPARTMENT_NUM") ENABLE;
--------------------------------------------------------
--  Ref Constraints for Table HR_EMPLOYEE_HISTORY
--------------------------------------------------------

  ALTER TABLE "HR_EMPLOYEE_HISTORY" ADD CONSTRAINT "FK_HR_HISTORY_EMPLOYEE" FOREIGN KEY ("EMPLOYEE_NUM")
	  REFERENCES "HR_EMPLOYEE" ("EMPLOYEE_NUM") ENABLE;
--------------------------------------------------------
--  Ref Constraints for Table HR_REJECTION_LOG
--------------------------------------------------------

  ALTER TABLE "HR_REJECTION_LOG" ADD CONSTRAINT "FK_HR_REJECTION_EMPLOYEE" FOREIGN KEY ("EMPLOYEE_NUM")
	  REFERENCES "HR_EMPLOYEE" ("EMPLOYEE_NUM") ENABLE;
  ALTER TABLE "HR_REJECTION_LOG" ADD CONSTRAINT "FK_HR_REJECTION_LOG" FOREIGN KEY ("REJECTED_BY")
	  REFERENCES "HR_EMPLOYEE" ("EMPLOYEE_NUM") ENABLE;
--------------------------------------------------------
--  Ref Constraints for Table PURCHSE_OPTION
--------------------------------------------------------

  ALTER TABLE "PURCHSE_OPTION" ADD CONSTRAINT "FK_GOODS_TO_PURCHSE_OPTION" FOREIGN KEY ("GOODS_NUM")
	  REFERENCES "PURCHSE_GOODS" ("GOODS_NUM") ENABLE;
--------------------------------------------------------
--  Ref Constraints for Table PURCHS_DISUSE_RECORD
--------------------------------------------------------

  ALTER TABLE "PURCHS_DISUSE_RECORD" ADD CONSTRAINT "FK_DISUSE_DISUSE_RECORD" FOREIGN KEY ("DISUSE_NUM")
	  REFERENCES "PURCHS_GOODS_DISUSE" ("DISUSE_NUM") ENABLE;
--------------------------------------------------------
--  Ref Constraints for Table PURCHS_GOODS_DISUSE
--------------------------------------------------------

  ALTER TABLE "PURCHS_GOODS_DISUSE" ADD CONSTRAINT "FK_WAREHOUS_BODY_DISUSE" FOREIGN KEY ("WAREHOUSING_BODY_NUM")
	  REFERENCES "PURCHS_WAREHOUSING_BODY" ("WAREHOUSING_BODY_NUM") ENABLE;
--------------------------------------------------------
--  Ref Constraints for Table PURCHS_ORDER_PLAN_BODY
--------------------------------------------------------

  ALTER TABLE "PURCHS_ORDER_PLAN_BODY" ADD CONSTRAINT "FK_OPTION_PLAN_BODY" FOREIGN KEY ("OPTION_NUM")
	  REFERENCES "PURCHSE_OPTION" ("OPTION_NUM") ENABLE;
  ALTER TABLE "PURCHS_ORDER_PLAN_BODY" ADD CONSTRAINT "FK_PLAN_HEADER_PLAN_BODY" FOREIGN KEY ("ORDER_PLAN_HEADER_NUM")
	  REFERENCES "PURCHS_ORDER_PLAN_HEADER" ("ORDER_PLAN_HEADER_NUM") ENABLE;
--------------------------------------------------------
--  Ref Constraints for Table PURCHS_WAREHOUSING_BODY
--------------------------------------------------------

  ALTER TABLE "PURCHS_WAREHOUSING_BODY" ADD CONSTRAINT "FK_WAREHOUS_HEAD_WAREHOUS_BODY" FOREIGN KEY ("WAREHOUSING_HEADER_NUM")
	  REFERENCES "PURCHS_WAREHOUSING_HEADER" ("WAREHOUSING_HEADER_NUM") ENABLE;
